kind,name,package,path,table
entity,Link,org.sakaiproject.plus.api.model,plus/api/src/main/java/org/sakaiproject/plus/api/model/Link.java,PLUS_LINK
entity,Subject,org.sakaiproject.plus.api.model,plus/api/src/main/java/org/sakaiproject/plus/api/model/Subject.java,PLUS_SUBJECT
entity,Context,org.sakaiproject.plus.api.model,plus/api/src/main/java/org/sakaiproject/plus/api/model/Context.java,PLUS_CONTEXT
entity,LineItem,org.sakaiproject.plus.api.model,plus/api/src/main/java/org/sakaiproject/plus/api/model/LineItem.java,PLUS_LINEITEM
entity,ContextLog,org.sakaiproject.plus.api.model,plus/api/src/main/java/org/sakaiproject/plus/api/model/ContextLog.java,PLUS_CONTEXT_LOG
entity,Score,org.sakaiproject.plus.api.model,plus/api/src/main/java/org/sakaiproject/plus/api/model/Score.java,PLUS_SCORE
entity,Tenant,org.sakaiproject.plus.api.model,plus/api/src/main/java/org/sakaiproject/plus/api/model/Tenant.java,PLUS_TENANT
entity,Membership,org.sakaiproject.plus.api.model,plus/api/src/main/java/org/sakaiproject/plus/api/model/Membership.java,PLUS_MEMBERSHIP
entity,TincanapiEvent,org.sakaiproject.event.api,kernel/api/src/main/java/org/sakaiproject/event/api/TincanapiEvent.java,TINCANAPI_EVENT
entity,UserNotification,org.sakaiproject.messaging.api.model,kernel/api/src/main/java/org/sakaiproject/messaging/api/model/UserNotification.java,USER_NOTIFICATIONS
entity,PushSubscription,org.sakaiproject.messaging.api.model,kernel/api/src/main/java/org/sakaiproject/messaging/api/model/PushSubscription.java,PUSH_SUBSCRIPTIONS
entity,TimeSheetEntry,org.sakaiproject.timesheet.api,kernel/api/src/main/java/org/sakaiproject/timesheet/api/TimeSheetEntry.java,TIMESHEET_ENTRY
entity,EmailTemplate,org.sakaiproject.emailtemplateservice.api.model,kernel/api/src/main/java/org/sakaiproject/emailtemplateservice/api/model/EmailTemplate.java,EMAIL_TEMPLATE_ITEM
entity,Lock,org.sakaiproject.content.hbm,kernel/api/src/main/java/org/sakaiproject/content/hbm/Lock.java,content_resource_lock
entity,FileConversionQueueItem,org.sakaiproject.content.api.persistence,kernel/api/src/main/java/org/sakaiproject/content/api/persistence/FileConversionQueueItem.java,FILE_CONVERSION_QUEUE
entity,MessageBundleProperty,org.sakaiproject.messagebundle.api,kernel/api/src/main/java/org/sakaiproject/messagebundle/api/MessageBundleProperty.java,SAKAI_MESSAGE_BUNDLE
entity,UserTask,org.sakaiproject.tasks.api,kernel/api/src/main/java/org/sakaiproject/tasks/api/UserTask.java,USER_TASKS
entity,TaskAssigned,org.sakaiproject.tasks.api,kernel/api/src/main/java/org/sakaiproject/tasks/api/TaskAssigned.java,TASKS_ASSIGNED
entity,Task,org.sakaiproject.tasks.api,kernel/api/src/main/java/org/sakaiproject/tasks/api/Task.java,TASKS
entity,RWikiEntityProvider,uk.ac.cam.caret.sakai.rwiki.tool.entityproviders,rwiki/rwiki-tool/tool/src/java/uk/ac/cam/caret/sakai/rwiki/tool/entityproviders/RWikiEntityProvider.java,
entity,AnnouncementEntityProviderImpl,org.sakaiproject.announcement.entityprovider,announcement/announcement-tool/tool/src/java/org/sakaiproject/announcement/entityprovider/AnnouncementEntityProviderImpl.java,
entity,ContextMapping,org.sakaiproject.scheduler.events.hibernate,jobscheduler/scheduler-events-model/src/java/org/sakaiproject/scheduler/events/hibernate/ContextMapping.java,
entity,TriggerEventHibernateImpl,org.sakaiproject.scheduler.events.hibernate,jobscheduler/scheduler-events-model/src/java/org/sakaiproject/scheduler/events/hibernate/TriggerEventHibernateImpl.java,scheduler_trigger_events
entity,DelayedInvocation,org.sakaiproject.scheduler.events.hibernate,jobscheduler/scheduler-events-model/src/java/org/sakaiproject/scheduler/events/hibernate/DelayedInvocation.java,SCHEDULER_DELAYED_INVOCATION
entity,MicrosoftLog,org.sakaiproject.microsoft.api.model,microsoft-integration/api/src/java/org/sakaiproject/microsoft/api/model/MicrosoftLog.java,mc_log
entity,GroupSynchronization,org.sakaiproject.microsoft.api.model,microsoft-integration/api/src/java/org/sakaiproject/microsoft/api/model/GroupSynchronization.java,mc_group_synchronization
entity,SiteSynchronization,org.sakaiproject.microsoft.api.model,microsoft-integration/api/src/java/org/sakaiproject/microsoft/api/model/SiteSynchronization.java,mc_site_synchronization
entity,MicrosoftConfigItem,org.sakaiproject.microsoft.api.model,microsoft-integration/api/src/java/org/sakaiproject/microsoft/api/model/MicrosoftConfigItem.java,mc_config_item
entity,MicrosoftAccessToken,org.sakaiproject.microsoft.api.model,microsoft-integration/api/src/java/org/sakaiproject/microsoft/api/model/MicrosoftAccessToken.java,mc_access_token
entity,Meeting,org.sakaiproject.meetings.api.model,meetings/api/src/java/org/sakaiproject/meetings/api/model/Meeting.java,meetings
entity,MeetingsProvider,org.sakaiproject.meetings.api.model,meetings/api/src/java/org/sakaiproject/meetings/api/model/MeetingsProvider.java,meeting_providers
entity,MeetingAttendee,org.sakaiproject.meetings.api.model,meetings/api/src/java/org/sakaiproject/meetings/api/model/MeetingAttendee.java,meeting_attendees
entity,MeetingProperty,org.sakaiproject.meetings.api.model,meetings/api/src/java/org/sakaiproject/meetings/api/model/MeetingProperty.java,meeting_properties
entity,CitationEntityProvider,org.sakaiproject.citation.entity,citations/citations-tool/tool/src/java/org/sakaiproject/citation/entity/CitationEntityProvider.java,
entity,Condition,org.sakaiproject.condition.api.model,conditions/api/src/java/org/sakaiproject/condition/api/model/Condition.java,COND_CONDITION
entity,LessonsEntityProvider,org.sakaiproject.lessonbuildertool.tool.entityproviders,lessonbuilder/tool/src/java/org/sakaiproject/lessonbuildertool/tool/entityproviders/LessonsEntityProvider.java,
entity,RosterSiteEntityProvider,org.sakaiproject.roster.tool.entityprovider,roster2/tool/src/java/org/sakaiproject/roster/tool/entityprovider/RosterSiteEntityProvider.java,
entity,RosterPOIEntityProvider,org.sakaiproject.roster.tool.entityprovider,roster2/tool/src/java/org/sakaiproject/roster/tool/entityprovider/RosterPOIEntityProvider.java,
entity,ConversationsTopic,org.sakaiproject.conversations.api.model,conversations/api/src/main/java/org/sakaiproject/conversations/api/model/ConversationsTopic.java,CONV_TOPICS
entity,ConvStatus,org.sakaiproject.conversations.api.model,conversations/api/src/main/java/org/sakaiproject/conversations/api/model/ConvStatus.java,CONV_STATUS
entity,TopicStatus,org.sakaiproject.conversations.api.model,conversations/api/src/main/java/org/sakaiproject/conversations/api/model/TopicStatus.java,CONV_TOPIC_STATUS
entity,Tag,org.sakaiproject.conversations.api.model,conversations/api/src/main/java/org/sakaiproject/conversations/api/model/Tag.java,CONV_TAGS
entity,PostReaction,org.sakaiproject.conversations.api.model,conversations/api/src/main/java/org/sakaiproject/conversations/api/model/PostReaction.java,CONV_POST_REACTIONS
entity,PostStatus,org.sakaiproject.conversations.api.model,conversations/api/src/main/java/org/sakaiproject/conversations/api/model/PostStatus.java,CONV_POST_STATUS
entity,ConversationsComment,org.sakaiproject.conversations.api.model,conversations/api/src/main/java/org/sakaiproject/conversations/api/model/ConversationsComment.java,CONV_COMMENTS
entity,PostReactionTotal,org.sakaiproject.conversations.api.model,conversations/api/src/main/java/org/sakaiproject/conversations/api/model/PostReactionTotal.java,CONV_POST_REACTION_TOTALS
entity,Settings,org.sakaiproject.conversations.api.model,conversations/api/src/main/java/org/sakaiproject/conversations/api/model/Settings.java,CONV_SETTINGS
entity,UserStatistics,org.sakaiproject.conversations.api.model,conversations/api/src/main/java/org/sakaiproject/conversations/api/model/UserStatistics.java,CONV_USER_STATISTICS
entity,TopicReactionTotal,org.sakaiproject.conversations.api.model,conversations/api/src/main/java/org/sakaiproject/conversations/api/model/TopicReactionTotal.java,CONV_TOPIC_REACTION_TOTALS
entity,TopicReaction,org.sakaiproject.conversations.api.model,conversations/api/src/main/java/org/sakaiproject/conversations/api/model/TopicReaction.java,CONV_TOPIC_REACTIONS
entity,ConversationsPost,org.sakaiproject.conversations.api.model,conversations/api/src/main/java/org/sakaiproject/conversations/api/model/ConversationsPost.java,CONV_POSTS
entity,LTIEntityProvider,org.sakaiproject.lti.entityprovider,lti/lti-blis/src/java/org/sakaiproject/lti/entityprovider/LTIEntityProvider.java,
entity,GoogleDriveUser,org.sakaiproject.googledrive.model,cloud-storage/googledrive/api/src/java/org/sakaiproject/googledrive/model/GoogleDriveUser.java,GOOGLEDRIVE_USER
entity,TopicEntityProviderImpl,org.sakaiproject.component.app.messageforums.entity,msgcntr/messageforums-component-impl/src/java/org/sakaiproject/component/app/messageforums/entity/TopicEntityProviderImpl.java,
entity,ForumMessageEntityProviderImpl,org.sakaiproject.component.app.messageforums.entity,msgcntr/messageforums-component-impl/src/java/org/sakaiproject/component/app/messageforums/entity/ForumMessageEntityProviderImpl.java,
entity,ForumsEntityProviderImpl,org.sakaiproject.tool.messageforums.entityproviders,msgcntr/messageforums-app/src/java/org/sakaiproject/tool/messageforums/entityproviders/ForumsEntityProviderImpl.java,
entity,DraftRecipient,org.sakaiproject.api.app.messageforums,msgcntr/messageforums-api/src/java/org/sakaiproject/api/app/messageforums/DraftRecipient.java,MFR_DRAFT_RECIPIENT_T
entity,ShortenedUrlServiceEntityProviderImpl,org.sakaiproject.shortenedurl.entityprovider,shortenedurl/impl/src/java/org/sakaiproject/shortenedurl/entityprovider/ShortenedUrlServiceEntityProviderImpl.java,
entity,Evaluation,org.sakaiproject.rubrics.api.model,rubrics/api/src/main/java/org/sakaiproject/rubrics/api/model/Evaluation.java,rbc_evaluation
entity,ReturnedEvaluation,org.sakaiproject.rubrics.api.model,rubrics/api/src/main/java/org/sakaiproject/rubrics/api/model/ReturnedEvaluation.java,rbc_returned_evaluation
entity,Criterion,org.sakaiproject.rubrics.api.model,rubrics/api/src/main/java/org/sakaiproject/rubrics/api/model/Criterion.java,rbc_criterion
entity,Rubric,org.sakaiproject.rubrics.api.model,rubrics/api/src/main/java/org/sakaiproject/rubrics/api/model/Rubric.java,rbc_rubric
entity,CriterionOutcome,org.sakaiproject.rubrics.api.model,rubrics/api/src/main/java/org/sakaiproject/rubrics/api/model/CriterionOutcome.java,rbc_criterion_outcome
entity,ToolItemRubricAssociation,org.sakaiproject.rubrics.api.model,rubrics/api/src/main/java/org/sakaiproject/rubrics/api/model/ToolItemRubricAssociation.java,rbc_tool_item_rbc_assoc
entity,Rating,org.sakaiproject.rubrics.api.model,rubrics/api/src/main/java/org/sakaiproject/rubrics/api/model/Rating.java,rbc_rating
entity,ReturnedCriterionOutcome,org.sakaiproject.rubrics.api.model,rubrics/api/src/main/java/org/sakaiproject/rubrics/api/model/ReturnedCriterionOutcome.java,rbc_returned_criterion_out
entity,PrivacyRecord,org.sakaiproject.hbm.privacy,common/privacy-hbm/src/java/org/sakaiproject/hbm/privacy/PrivacyRecord.java,SAKAI_PRIVACY_RECORD
entity,MailArchiveEntityProvider,org.sakaiproject.mailarchive.entityprovider,mailarchive/mailarchive-tool/tool/src/java/org/sakaiproject/mailarchive/entityprovider/MailArchiveEntityProvider.java,
entity,SyllabusItem,org.sakaiproject.api.app.syllabus,syllabus/syllabus-api/src/java/org/sakaiproject/api/app/syllabus/SyllabusItem.java,SAKAI_SYLLABUS_ITEM
entity,SyllabusAttachment,org.sakaiproject.api.app.syllabus,syllabus/syllabus-api/src/java/org/sakaiproject/api/app/syllabus/SyllabusAttachment.java,SAKAI_SYLLABUS_ATTACH
entity,SyllabusData,org.sakaiproject.api.app.syllabus,syllabus/syllabus-api/src/java/org/sakaiproject/api/app/syllabus/SyllabusData.java,SAKAI_SYLLABUS_DATA
entity,SyllabusEntityProvider,org.sakaiproject.tool.syllabus.entityproviders,syllabus/syllabus-app/src/java/org/sakaiproject/tool/syllabus/entityproviders/SyllabusEntityProvider.java,
entity,TagAssociation,org.sakaiproject.tags.api,tags/tags-api/api/src/java/org/sakaiproject/tags/api/TagAssociation.java,tagservice_tagassociation
entity,TagServiceAdminEntityProvider,org.sakaiproject.tags.impl.rest,tags/tags-impl/impl/src/java/org/sakaiproject/tags/impl/rest/TagServiceAdminEntityProvider.java,
entity,TagServiceEntityProvider,org.sakaiproject.tags.impl.rest,tags/tags-impl/impl/src/java/org/sakaiproject/tags/impl/rest/TagServiceEntityProvider.java,
entity,PodcastEntityProvider,org.sakaiproject.tool.podcasts.entityproviders,podcasts/podcasts-app/src/java/org/sakaiproject/tool/podcasts/entityproviders/PodcastEntityProvider.java,
entity,FeedbackEntityProvider,org.sakaiproject.feedback.tool.entityproviders,feedback/src/java/org/sakaiproject/feedback/tool/entityproviders/FeedbackEntityProvider.java,
entity,NotificationEntityProvider,org.sakaiproject.entitybroker.providers,entitybroker/tool/src/main/java/org/sakaiproject/entitybroker/providers/NotificationEntityProvider.java,
entity,MembershipEntityProvider,org.sakaiproject.entitybroker.providers,entitybroker/tool/src/main/java/org/sakaiproject/entitybroker/providers/MembershipEntityProvider.java,
entity,SessionEntityProvider,org.sakaiproject.entitybroker.providers,entitybroker/tool/src/main/java/org/sakaiproject/entitybroker/providers/SessionEntityProvider.java,
entity,UserEntityProvider,org.sakaiproject.entitybroker.providers,entitybroker/tool/src/main/java/org/sakaiproject/entitybroker/providers/UserEntityProvider.java,
entity,AcademicSessionEntityProvider,org.sakaiproject.entitybroker.providers,entitybroker/tool/src/main/java/org/sakaiproject/entitybroker/providers/AcademicSessionEntityProvider.java,
entity,SiteEntityProvider,org.sakaiproject.entitybroker.providers,entitybroker/tool/src/main/java/org/sakaiproject/entitybroker/providers/SiteEntityProvider.java,
entity,ServerConfigEntityProvider,org.sakaiproject.entitybroker.providers,entitybroker/tool/src/main/java/org/sakaiproject/entitybroker/providers/ServerConfigEntityProvider.java,
entity,ToolEntityProvider,org.sakaiproject.entitybroker.providers,entitybroker/tool/src/main/java/org/sakaiproject/entitybroker/providers/ToolEntityProvider.java,
entity,IgniteEntityProvider,org.sakaiproject.entitybroker.providers,entitybroker/tool/src/main/java/org/sakaiproject/entitybroker/providers/IgniteEntityProvider.java,
entity,AbstractContainerEntityProvider,org.sakaiproject.entitybroker.providers,entitybroker/tool/src/main/java/org/sakaiproject/entitybroker/providers/AbstractContainerEntityProvider.java,
entity,EntitySession,org.sakaiproject.entitybroker.providers.model,entitybroker/tool/src/main/java/org/sakaiproject/entitybroker/providers/model/EntitySession.java,
entity,EntityUser,org.sakaiproject.entitybroker.providers.model,entitybroker/tool/src/main/java/org/sakaiproject/entitybroker/providers/model/EntityUser.java,
entity,EntitySitePage,org.sakaiproject.entitybroker.providers.model,entitybroker/tool/src/main/java/org/sakaiproject/entitybroker/providers/model/EntitySitePage.java,
entity,EntityServerConfig,org.sakaiproject.entitybroker.providers.model,entitybroker/tool/src/main/java/org/sakaiproject/entitybroker/providers/model/EntityServerConfig.java,
entity,EntitySite,org.sakaiproject.entitybroker.providers.model,entitybroker/tool/src/main/java/org/sakaiproject/entitybroker/providers/model/EntitySite.java,
entity,EntityGroup,org.sakaiproject.entitybroker.providers.model,entitybroker/tool/src/main/java/org/sakaiproject/entitybroker/providers/model/EntityGroup.java,
entity,EntityTool,org.sakaiproject.entitybroker.providers.model,entitybroker/tool/src/main/java/org/sakaiproject/entitybroker/providers/model/EntityTool.java,
entity,EntityMember,org.sakaiproject.entitybroker.providers.model,entitybroker/tool/src/main/java/org/sakaiproject/entitybroker/providers/model/EntityMember.java,
entity,EntityTagApplication,org.sakaiproject.entitybroker.model,entitybroker/api/src/main/java/org/sakaiproject/entitybroker/model/EntityTagApplication.java,ENTITY_TAG_APPLICATIONS
entity,EntityProperty,org.sakaiproject.entitybroker.model,entitybroker/api/src/main/java/org/sakaiproject/entitybroker/model/EntityProperty.java,ENTITY_PROPERTIES
entity,RedirectableEntityProviderMock,org.sakaiproject.entitybroker.mocks,entitybroker/mocks/src/main/java/org/sakaiproject/entitybroker/mocks/RedirectableEntityProviderMock.java,
entity,RedirectDefineableEntityProviderMock,org.sakaiproject.entitybroker.mocks,entitybroker/mocks/src/main/java/org/sakaiproject/entitybroker/mocks/RedirectDefineableEntityProviderMock.java,
entity,RedirectControllableEntityProviderMock,org.sakaiproject.entitybroker.mocks,entitybroker/mocks/src/main/java/org/sakaiproject/entitybroker/mocks/RedirectControllableEntityProviderMock.java,
entity,ActionsEntityProviderMock,org.sakaiproject.entitybroker.mocks,entitybroker/mocks/src/main/java/org/sakaiproject/entitybroker/mocks/ActionsEntityProviderMock.java,
entity,ScormEntityProviderImpl,org.sakaiproject.scorm.entity,scormplayer/scorm-impl/service/src/java/org/sakaiproject/scorm/entity/ScormEntityProviderImpl.java,
entity,UserPrefsEntityProvider,org.sakaiproject.user.tool.entity,user/user-tool-prefs/tool/src/java/org/sakaiproject/user/tool/entity/UserPrefsEntityProvider.java,
entity,CardGameStatItem,org.sakaiproject.cardgame.api.model,card-game/api/src/java/org/sakaiproject/cardgame/api/model/CardGameStatItem.java,CARDGAME_STAT_ITEM
entity,AssignmentEntityProvider,org.sakaiproject.assignment.entityproviders,assignment/tool/src/java/org/sakaiproject/assignment/entityproviders/AssignmentEntityProvider.java,
entity,AssignmentSubmissionSubmitter,org.sakaiproject.assignment.api.model,assignment/api/src/java/org/sakaiproject/assignment/api/model/AssignmentSubmissionSubmitter.java,ASN_SUBMISSION_SUBMITTER
entity,AssignmentSupplementItemWithAttachment,org.sakaiproject.assignment.api.model,assignment/api/src/java/org/sakaiproject/assignment/api/model/AssignmentSupplementItemWithAttachment.java,ASN_SUP_ITEM_T
entity,AssignmentModelAnswerItem,org.sakaiproject.assignment.api.model,assignment/api/src/java/org/sakaiproject/assignment/api/model/AssignmentModelAnswerItem.java,ASN_MA_ITEM_T
entity,PeerAssessmentItem,org.sakaiproject.assignment.api.model,assignment/api/src/java/org/sakaiproject/assignment/api/model/PeerAssessmentItem.java,ASN_PEER_ASSESSMENT_ITEM_T
entity,AssignmentAllPurposeItemAccess,org.sakaiproject.assignment.api.model,assignment/api/src/java/org/sakaiproject/assignment/api/model/AssignmentAllPurposeItemAccess.java,ASN_AP_ITEM_ACCESS_T
entity,PeerAssessmentAttachment,org.sakaiproject.assignment.api.model,assignment/api/src/java/org/sakaiproject/assignment/api/model/PeerAssessmentAttachment.java,ASN_PEER_ASSESSMENT_ATTACH_T
entity,Assignment,org.sakaiproject.assignment.api.model,assignment/api/src/java/org/sakaiproject/assignment/api/model/Assignment.java,ASN_ASSIGNMENT
entity,AssignmentSubmission,org.sakaiproject.assignment.api.model,assignment/api/src/java/org/sakaiproject/assignment/api/model/AssignmentSubmission.java,ASN_SUBMISSION
entity,AssignmentSupplementItemAttachment,org.sakaiproject.assignment.api.model,assignment/api/src/java/org/sakaiproject/assignment/api/model/AssignmentSupplementItemAttachment.java,ASN_SUP_ATTACH_T
entity,AssignmentNoteItem,org.sakaiproject.assignment.api.model,assignment/api/src/java/org/sakaiproject/assignment/api/model/AssignmentNoteItem.java,ASN_NOTE_ITEM_T
entity,AssignmentAllPurposeItem,org.sakaiproject.assignment.api.model,assignment/api/src/java/org/sakaiproject/assignment/api/model/AssignmentAllPurposeItem.java,ASN_AP_ITEM_T
entity,AjaxContentEntityProvider,org.sakaiproject.content.entityproviders,content/content-tool/tool/src/java/org/sakaiproject/content/entityproviders/AjaxContentEntityProvider.java,
entity,ContentEntityProvider,org.sakaiproject.content.entityproviders,content/content-tool/tool/src/java/org/sakaiproject/content/entityproviders/ContentEntityProvider.java,
entity,DropboxEntityProvider,org.sakaiproject.content.entityproviders,content/content-tool/tool/src/java/org/sakaiproject/content/entityproviders/DropboxEntityProvider.java,
entity,PollsEntityProvider,org.sakaiproject.poll.tool.entityproviders,polls/tool/src/main/java/org/sakaiproject/poll/tool/entityproviders/PollsEntityProvider.java,
entity,PollVoteEntityProvider,org.sakaiproject.poll.tool.entityproviders,polls/tool/src/main/java/org/sakaiproject/poll/tool/entityproviders/PollVoteEntityProvider.java,
entity,Poll,org.sakaiproject.poll.api.model,polls/api/src/main/java/org/sakaiproject/poll/api/model/Poll.java,POLL_POLL
entity,Vote,org.sakaiproject.poll.api.model,polls/api/src/main/java/org/sakaiproject/poll/api/model/Vote.java,POLL_VOTE
entity,Option,org.sakaiproject.poll.api.model,polls/api/src/main/java/org/sakaiproject/poll/api/model/Option.java,POLL_OPTION
entity,DelegatedAccessEntityProviderImpl,org.sakaiproject.delegatedaccess.entity,delegatedaccess/impl/src/java/org/sakaiproject/delegatedaccess/entity/DelegatedAccessEntityProviderImpl.java,
entity,ProfileImageEntityProvider,org.sakaiproject.profile2.tool.entityprovider,profile2/tool/src/java/org/sakaiproject/profile2/tool/entityprovider/ProfileImageEntityProvider.java,
entity,ProfileEntityProvider,org.sakaiproject.profile2.tool.entityprovider,profile2/tool/src/java/org/sakaiproject/profile2/tool/entityprovider/ProfileEntityProvider.java,
entity,SocialNetworkingInfo,org.sakaiproject.profile2.api.model,profile2/api/src/main/java/org/sakaiproject/profile2/api/model/SocialNetworkingInfo.java,PROFILE_SOCIAL_INFO_T
entity,ProfileImageUploaded,org.sakaiproject.profile2.api.model,profile2/api/src/main/java/org/sakaiproject/profile2/api/model/ProfileImageUploaded.java,PROFILE_IMAGES_T
entity,ProfileImageOfficial,org.sakaiproject.profile2.api.model,profile2/api/src/main/java/org/sakaiproject/profile2/api/model/ProfileImageOfficial.java,PROFILE_IMAGES_OFFICIAL_T
entity,SignupSite,org.sakaiproject.signup.api.model,signup/api/src/main/java/org/sakaiproject/signup/api/model/SignupSite.java,signup_sites
entity,SignupTimeslot,org.sakaiproject.signup.api.model,signup/api/src/main/java/org/sakaiproject/signup/api/model/SignupTimeslot.java,signup_ts
entity,SignupMeeting,org.sakaiproject.signup.api.model,signup/api/src/main/java/org/sakaiproject/signup/api/model/SignupMeeting.java,signup_meetings
entity,GradebookNgEntityProvider,org.sakaiproject.gradebookng.rest,gradebookng/tool/src/java/org/sakaiproject/gradebookng/rest/GradebookNgEntityProvider.java,
entity,GradePointsMapping,org.sakaiproject.grading.api.model,gradebookng/api/src/main/java/org/sakaiproject/grading/api/model/GradePointsMapping.java,
entity,GradeMapping,org.sakaiproject.grading.api.model,gradebookng/api/src/main/java/org/sakaiproject/grading/api/model/GradeMapping.java,GB_GRADE_MAP_T
entity,GradingEvent,org.sakaiproject.grading.api.model,gradebookng/api/src/main/java/org/sakaiproject/grading/api/model/GradingEvent.java,GB_GRADING_EVENT_T
entity,Spreadsheet,org.sakaiproject.grading.api.model,gradebookng/api/src/main/java/org/sakaiproject/grading/api/model/Spreadsheet.java,GB_SPREADSHEET_T
entity,Gradebook,org.sakaiproject.grading.api.model,gradebookng/api/src/main/java/org/sakaiproject/grading/api/model/Gradebook.java,GB_GRADEBOOK_T
entity,PassNotPassMapping,org.sakaiproject.grading.api.model,gradebookng/api/src/main/java/org/sakaiproject/grading/api/model/PassNotPassMapping.java,
entity,Category,org.sakaiproject.grading.api.model,gradebookng/api/src/main/java/org/sakaiproject/grading/api/model/Category.java,GB_CATEGORY_T
entity,GradingScale,org.sakaiproject.grading.api.model,gradebookng/api/src/main/java/org/sakaiproject/grading/api/model/GradingScale.java,GB_GRADING_SCALE_T
entity,GradebookProperty,org.sakaiproject.grading.api.model,gradebookng/api/src/main/java/org/sakaiproject/grading/api/model/GradebookProperty.java,GB_PROPERTY_T
entity,LetterGradePercentMapping,org.sakaiproject.grading.api.model,gradebookng/api/src/main/java/org/sakaiproject/grading/api/model/LetterGradePercentMapping.java,GB_LETTERGRADE_PERCENT_MAPPING
entity,CourseGrade,org.sakaiproject.grading.api.model,gradebookng/api/src/main/java/org/sakaiproject/grading/api/model/CourseGrade.java,
entity,LetterGradeMapping,org.sakaiproject.grading.api.model,gradebookng/api/src/main/java/org/sakaiproject/grading/api/model/LetterGradeMapping.java,
entity,Comment,org.sakaiproject.grading.api.model,gradebookng/api/src/main/java/org/sakaiproject/grading/api/model/Comment.java,GB_COMMENT_T
entity,Permission,org.sakaiproject.grading.api.model,gradebookng/api/src/main/java/org/sakaiproject/grading/api/model/Permission.java,GB_PERMISSION_T
entity,CourseGradeRecord,org.sakaiproject.grading.api.model,gradebookng/api/src/main/java/org/sakaiproject/grading/api/model/CourseGradeRecord.java,
entity,AssignmentGradeRecord,org.sakaiproject.grading.api.model,gradebookng/api/src/main/java/org/sakaiproject/grading/api/model/AssignmentGradeRecord.java,
entity,GradebookAssignment,org.sakaiproject.grading.api.model,gradebookng/api/src/main/java/org/sakaiproject/grading/api/model/GradebookAssignment.java,
entity,GradableObject,org.sakaiproject.grading.api.model,gradebookng/api/src/main/java/org/sakaiproject/grading/api/model/GradableObject.java,GB_GRADABLE_OBJECT_T
entity,LetterGradePlusMinusMapping,org.sakaiproject.grading.api.model,gradebookng/api/src/main/java/org/sakaiproject/grading/api/model/LetterGradePlusMinusMapping.java,
entity,AbstractGradeRecord,org.sakaiproject.grading.api.model,gradebookng/api/src/main/java/org/sakaiproject/grading/api/model/AbstractGradeRecord.java,GB_GRADE_RECORD_T
entity,WebContentEntityProvider,org.sakaiproject.web.tool.entityproviders,web/web-tool/tool/src/java/org/sakaiproject/web/tool/entityproviders/WebContentEntityProvider.java,
entity,ValidationAccount,org.sakaiproject.accountvalidator.api.model,reset-pass/account-validator-api/src/main/java/org/sakaiproject/accountvalidator/api/model/ValidationAccount.java,VALIDATIONACCOUNT_ITEM
entity,CommonsEntityProvider,org.sakaiproject.commons.tool.entityprovider,commons/tool/src/java/org/sakaiproject/commons/tool/entityprovider/CommonsEntityProvider.java,
entity,ChatChannel,org.sakaiproject.chat2.model,chat/chat-api/api/src/java/org/sakaiproject/chat2/model/ChatChannel.java,CHAT2_CHANNEL
entity,ChatMessage,org.sakaiproject.chat2.model,chat/chat-api/api/src/java/org/sakaiproject/chat2/model/ChatMessage.java,CHAT2_MESSAGE
entity,ChatMessageEntityProvider,org.sakaiproject.chat2.model.impl,chat/chat-impl/impl/src/java/org/sakaiproject/chat2/model/impl/ChatMessageEntityProvider.java,
entity,CalendarEventEntityProvider,org.sakaiproject.calendar.entityproviders,calendar/calendar-tool/tool/src/java/org/sakaiproject/calendar/entityproviders/CalendarEventEntityProvider.java,
entity,RecentSite,org.sakaiproject.portal.api.model,portal/portal-api/api/src/java/org/sakaiproject/portal/api/model/RecentSite.java,RECENT_SITES
entity,PinnedSite,org.sakaiproject.portal.api.model,portal/portal-api/api/src/java/org/sakaiproject/portal/api/model/PinnedSite.java,PINNED_SITES
entity,PortalEntityProvider,org.sakaiproject.portal.entityprovider,portal/portal-impl/impl/src/java/org/sakaiproject/portal/entityprovider/PortalEntityProvider.java,
entity,SiteStatsEntityProvider,org.sakaiproject.sitestats.tool.entityproviders,sitestats/sitestats-tool/src/java/org/sakaiproject/sitestats/tool/entityproviders/SiteStatsEntityProvider.java,
entity,SiteStatsMetricsEntityProvider,org.sakaiproject.sitestats.tool.entityproviders,sitestats/sitestats-tool/src/java/org/sakaiproject/sitestats/tool/entityproviders/SiteStatsMetricsEntityProvider.java,
entity,PASystemAdminEntityProvider,org.sakaiproject.pasystem.impl.rest,pasystem/pasystem-impl/impl/src/java/org/sakaiproject/pasystem/impl/rest/PASystemAdminEntityProvider.java,
entity,PASystemEntityProvider,org.sakaiproject.pasystem.impl.rest,pasystem/pasystem-impl/impl/src/java/org/sakaiproject/pasystem/impl/rest/PASystemEntityProvider.java,
service,WebMvcConfiguration,org.sakaiproject.plus.tool,plus/tool/src/main/java/org/sakaiproject/plus/tool/WebMvcConfiguration.java,
service,PlusService,org.sakaiproject.plus.api,plus/api/src/main/java/org/sakaiproject/plus/api/PlusService.java,
service,PlusServiceImpl,org.sakaiproject.plus.impl,plus/impl/src/main/java/org/sakaiproject/plus/impl/PlusServiceImpl.java,
service,ContentReviewService,org.sakaiproject.contentreview.service,content-review/api/src/main/java/org/sakaiproject/contentreview/service/ContentReviewService.java,
service,ContentReviewQueueService,org.sakaiproject.contentreview.service,content-review/api/src/main/java/org/sakaiproject/contentreview/service/ContentReviewQueueService.java,
service,ContentReviewFederatedServiceImpl,org.sakaiproject.contentreview.service,content-review/impl/service/src/main/java/org/sakaiproject/contentreview/service/ContentReviewFederatedServiceImpl.java,
service,ContentReviewQueueServiceImpl,org.sakaiproject.contentreview.service,content-review/impl/service/src/main/java/org/sakaiproject/contentreview/service/ContentReviewQueueServiceImpl.java,
service,NoOpContentReviewService,org.sakaiproject.contentreview.service,content-review/impl/service/src/main/java/org/sakaiproject/contentreview/service/NoOpContentReviewService.java,
service,BaseContentReviewService,org.sakaiproject.contentreview.service,content-review/impl/service/src/main/java/org/sakaiproject/contentreview/service/BaseContentReviewService.java,
service,CompilatioReviewServiceImpl,org.sakaiproject.contentreview.compilatio,content-review/impl/compilatio/src/main/java/org/sakaiproject/contentreview/compilatio/CompilatioReviewServiceImpl.java,
service,UrkundReviewServiceImpl,org.sakaiproject.contentreview.urkund,content-review/impl/urkund/src/main/java/org/sakaiproject/contentreview/urkund/UrkundReviewServiceImpl.java,
service,TurnitinReviewServiceImpl,org.sakaiproject.contentreview.turnitin,content-review/impl/turnitin/src/main/java/org/sakaiproject/contentreview/turnitin/TurnitinReviewServiceImpl.java,
service,HelpManager,org.sakaiproject.api.app.help,help/help-api/src/java/org/sakaiproject/api/app/help/HelpManager.java,
service,IgniteSpringCacheManager,org.sakaiproject.ignite,kernel/kernel-impl/src/main/java/org/sakaiproject/ignite/IgniteSpringCacheManager.java,
service,RebuildBreakdownServiceImpl,org.sakaiproject.tool.impl,kernel/kernel-impl/src/main/java/org/sakaiproject/tool/impl/RebuildBreakdownServiceImpl.java,
service,BaseDigestService,org.sakaiproject.email.impl,kernel/kernel-impl/src/main/java/org/sakaiproject/email/impl/BaseDigestService.java,
service,DbDigestService,org.sakaiproject.email.impl,kernel/kernel-impl/src/main/java/org/sakaiproject/email/impl/DbDigestService.java,
service,BasicEmailService,org.sakaiproject.email.impl,kernel/kernel-impl/src/main/java/org/sakaiproject/email/impl/BasicEmailService.java,
service,EventQueryServiceImpl,org.sakaiproject.event.impl,kernel/kernel-impl/src/main/java/org/sakaiproject/event/impl/EventQueryServiceImpl.java,
service,BaseLearningResourceStoreService,org.sakaiproject.event.impl,kernel/kernel-impl/src/main/java/org/sakaiproject/event/impl/BaseLearningResourceStoreService.java,
service,BaseEventTrackingService,org.sakaiproject.event.impl,kernel/kernel-impl/src/main/java/org/sakaiproject/event/impl/BaseEventTrackingService.java,
service,DbNotificationService,org.sakaiproject.event.impl,kernel/kernel-impl/src/main/java/org/sakaiproject/event/impl/DbNotificationService.java,
service,BaseNotificationService,org.sakaiproject.event.impl,kernel/kernel-impl/src/main/java/org/sakaiproject/event/impl/BaseNotificationService.java,
service,ActivityServiceImpl,org.sakaiproject.event.impl,kernel/kernel-impl/src/main/java/org/sakaiproject/event/impl/ActivityServiceImpl.java,
service,MicrosoftMessagingServiceImpl,org.sakaiproject.messaging.impl,kernel/kernel-impl/src/main/java/org/sakaiproject/messaging/impl/MicrosoftMessagingServiceImpl.java,
service,UserMessagingServiceImpl,org.sakaiproject.messaging.impl,kernel/kernel-impl/src/main/java/org/sakaiproject/messaging/impl/UserMessagingServiceImpl.java,
service,BaseAuthzGroupService,org.sakaiproject.authz.impl,kernel/kernel-impl/src/main/java/org/sakaiproject/authz/impl/BaseAuthzGroupService.java,
service,DbAuthzGroupService,org.sakaiproject.authz.impl,kernel/kernel-impl/src/main/java/org/sakaiproject/authz/impl/DbAuthzGroupService.java,
service,TimeSheetServiceImpl,org.sakaiproject.timesheet.impl,kernel/kernel-impl/src/main/java/org/sakaiproject/timesheet/impl/TimeSheetServiceImpl.java,
service,Log4jConfigurationManager,org.sakaiproject.log.impl,kernel/kernel-impl/src/main/java/org/sakaiproject/log/impl/Log4jConfigurationManager.java,
service,BasicSqlService,org.sakaiproject.db.impl,kernel/kernel-impl/src/main/java/org/sakaiproject/db/impl/BasicSqlService.java,
service,BaseSiteService,org.sakaiproject.site.impl,kernel/kernel-impl/src/main/java/org/sakaiproject/site/impl/BaseSiteService.java,
service,DbSiteService,org.sakaiproject.site.impl,kernel/kernel-impl/src/main/java/org/sakaiproject/site/impl/DbSiteService.java,
service,BaseConditionService,org.sakaiproject.conditions.impl,kernel/kernel-impl/src/main/java/org/sakaiproject/conditions/impl/BaseConditionService.java,
service,EmailTemplateServiceImpl,org.sakaiproject.emailtemplateservice.impl,kernel/kernel-impl/src/main/java/org/sakaiproject/emailtemplateservice/impl/EmailTemplateServiceImpl.java,
service,UserLocaleServiceImpl,org.sakaiproject.time.impl,kernel/kernel-impl/src/main/java/org/sakaiproject/time/impl/UserLocaleServiceImpl.java,
service,BasicTimeService,org.sakaiproject.time.impl,kernel/kernel-impl/src/main/java/org/sakaiproject/time/impl/BasicTimeService.java,
service,UserTimeServiceImpl,org.sakaiproject.time.impl,kernel/kernel-impl/src/main/java/org/sakaiproject/time/impl/UserTimeServiceImpl.java,
service,BasePreferencesService,org.sakaiproject.user.impl,kernel/kernel-impl/src/main/java/org/sakaiproject/user/impl/BasePreferencesService.java,
service,UserNotificationPreferencesRegistrationServiceImpl,org.sakaiproject.user.impl,kernel/kernel-impl/src/main/java/org/sakaiproject/user/impl/UserNotificationPreferencesRegistrationServiceImpl.java,
service,DbUserService,org.sakaiproject.user.impl,kernel/kernel-impl/src/main/java/org/sakaiproject/user/impl/DbUserService.java,
service,PasswordService,org.sakaiproject.user.impl,kernel/kernel-impl/src/main/java/org/sakaiproject/user/impl/PasswordService.java,
service,BaseUserDirectoryService,org.sakaiproject.user.impl,kernel/kernel-impl/src/main/java/org/sakaiproject/user/impl/BaseUserDirectoryService.java,
service,PrecachingDbUserService,org.sakaiproject.user.impl,kernel/kernel-impl/src/main/java/org/sakaiproject/user/impl/PrecachingDbUserService.java,
service,DbPreferencesService,org.sakaiproject.user.impl,kernel/kernel-impl/src/main/java/org/sakaiproject/user/impl/DbPreferencesService.java,
service,FileConversionServiceImpl,org.sakaiproject.content.impl,kernel/kernel-impl/src/main/java/org/sakaiproject/content/impl/FileConversionServiceImpl.java,
service,ContentFilterServiceImpl,org.sakaiproject.content.impl,kernel/kernel-impl/src/main/java/org/sakaiproject/content/impl/ContentFilterServiceImpl.java,
service,BaseContentService,org.sakaiproject.content.impl,kernel/kernel-impl/src/main/java/org/sakaiproject/content/impl/BaseContentService.java,
service,DbContentService,org.sakaiproject.content.impl,kernel/kernel-impl/src/main/java/org/sakaiproject/content/impl/DbContentService.java,
service,BasicContentPrintService,org.sakaiproject.content.impl,kernel/kernel-impl/src/main/java/org/sakaiproject/content/impl/BasicContentPrintService.java,
service,BasicContentTypeImageService,org.sakaiproject.content.impl,kernel/kernel-impl/src/main/java/org/sakaiproject/content/impl/BasicContentTypeImageService.java,
service,ConversionTimeService,org.sakaiproject.content.impl.serialize.impl.conversion,kernel/kernel-impl/src/main/java/org/sakaiproject/content/impl/serialize/impl/conversion/ConversionTimeService.java,
service,BasicConfigurationService,org.sakaiproject.component.impl,kernel/kernel-impl/src/main/java/org/sakaiproject/component/impl/BasicConfigurationService.java,
service,ToolConfigurationService,org.sakaiproject.component.impl,kernel/kernel-impl/src/main/java/org/sakaiproject/component/impl/ToolConfigurationService.java,
service,CachingMessageBundleServiceImpl,org.sakaiproject.messagebundle.impl,kernel/kernel-impl/src/main/java/org/sakaiproject/messagebundle/impl/CachingMessageBundleServiceImpl.java,
service,MessageBundleServiceImpl,org.sakaiproject.messagebundle.impl,kernel/kernel-impl/src/main/java/org/sakaiproject/messagebundle/impl/MessageBundleServiceImpl.java,
service,StoredConfigService,org.sakaiproject.config.impl,kernel/kernel-impl/src/main/java/org/sakaiproject/config/impl/StoredConfigService.java,
service,SchedulingServiceImpl,org.sakaiproject.scheduling.impl,kernel/kernel-impl/src/main/java/org/sakaiproject/scheduling/impl/SchedulingServiceImpl.java,
service,EncryptionUtilityServiceImpl,org.sakaiproject.util.impl,kernel/kernel-impl/src/main/java/org/sakaiproject/util/impl/EncryptionUtilityServiceImpl.java,
service,LocaleServiceImpl,org.sakaiproject.util.impl,kernel/kernel-impl/src/main/java/org/sakaiproject/util/impl/LocaleServiceImpl.java,
service,HazelcastMemoryService,org.sakaiproject.memory.impl,kernel/kernel-impl/src/main/java/org/sakaiproject/memory/impl/HazelcastMemoryService.java,
service,BaseMemoryService,org.sakaiproject.memory.impl,kernel/kernel-impl/src/main/java/org/sakaiproject/memory/impl/BaseMemoryService.java,
service,EhcacheMemoryService,org.sakaiproject.memory.impl,kernel/kernel-impl/src/main/java/org/sakaiproject/memory/impl/EhcacheMemoryService.java,
service,TaskServiceImpl,org.sakaiproject.tasks.impl,kernel/kernel-impl/src/main/java/org/sakaiproject/tasks/impl/TaskServiceImpl.java,
service,BaseAliasService,org.sakaiproject.alias.impl,kernel/kernel-impl/src/main/java/org/sakaiproject/alias/impl/BaseAliasService.java,
service,DbAliasService,org.sakaiproject.alias.impl,kernel/kernel-impl/src/main/java/org/sakaiproject/alias/impl/DbAliasService.java,
service,SakaiClusterService,org.sakaiproject.cluster.impl,kernel/kernel-impl/src/main/java/org/sakaiproject/cluster/impl/SakaiClusterService.java,
service,SakaiFsServiceImpl,org.sakaiproject.elfinder.impl,kernel/kernel-impl/src/main/java/org/sakaiproject/elfinder/impl/SakaiFsServiceImpl.java,
service,ConcreteDigestService,org.sakaiproject.email.impl.test,kernel/kernel-impl/src/test/java/org/sakaiproject/email/impl/test/ConcreteDigestService.java,
service,TestUserNotificationHandler,org.sakaiproject.messaging.api.testhandler,kernel/kernel-impl/src/test/java/org/sakaiproject/messaging/api/testhandler/TestUserNotificationHandler.java,
service,TestConditionService,org.sakaiproject.conditions.impl,kernel/kernel-impl/src/test/java/org/sakaiproject/conditions/impl/TestConditionService.java,
service,ToyConditionsService,org.sakaiproject.conditions.impl,kernel/kernel-impl/src/test/java/org/sakaiproject/conditions/impl/ToyConditionsService.java,
service,MockTimeService,org.sakaiproject.content.impl.serialize.impl.test,kernel/kernel-impl/src/test/java/org/sakaiproject/content/impl/serialize/impl/test/MockTimeService.java,
service,MockServerConfigurationService,org.sakai.memory.impl.test,kernel/kernel-impl/src/test/java/org/sakai/memory/impl/test/MockServerConfigurationService.java,
service,MockSecurityService,org.sakai.memory.impl.test,kernel/kernel-impl/src/test/java/org/sakai/memory/impl/test/MockSecurityService.java,
service,MockAuthzGroupService,org.sakai.memory.impl.test,kernel/kernel-impl/src/test/java/org/sakai/memory/impl/test/MockAuthzGroupService.java,
service,MockEventTrackingService,org.sakai.memory.impl.test,kernel/kernel-impl/src/test/java/org/sakai/memory/impl/test/MockEventTrackingService.java,
service,SakaiFsService,org.sakaiproject.elfinder,kernel/api/src/main/java/org/sakaiproject/elfinder/SakaiFsService.java,
service,ToolManager,org.sakaiproject.tool.api,kernel/api/src/main/java/org/sakaiproject/tool/api/ToolManager.java,
service,ToolURLManager,org.sakaiproject.tool.api,kernel/api/src/main/java/org/sakaiproject/tool/api/ToolURLManager.java,
service,RebuildBreakdownService,org.sakaiproject.tool.api,kernel/api/src/main/java/org/sakaiproject/tool/api/RebuildBreakdownService.java,
service,ActiveToolManager,org.sakaiproject.tool.api,kernel/api/src/main/java/org/sakaiproject/tool/api/ActiveToolManager.java,
service,SessionManager,org.sakaiproject.tool.api,kernel/api/src/main/java/org/sakaiproject/tool/api/SessionManager.java,
service,ToolManager,org.sakaiproject.tool.cover,kernel/api/src/main/java/org/sakaiproject/tool/cover/ToolManager.java,
service,ActiveToolManager,org.sakaiproject.tool.cover,kernel/api/src/main/java/org/sakaiproject/tool/cover/ActiveToolManager.java,
service,SessionManager,org.sakaiproject.tool.cover,kernel/api/src/main/java/org/sakaiproject/tool/cover/SessionManager.java,
service,ThreadLocalManager,org.sakaiproject.thread_local.api,kernel/api/src/main/java/org/sakaiproject/thread_local/api/ThreadLocalManager.java,
service,ThreadLocalManager,org.sakaiproject.thread_local.cover,kernel/api/src/main/java/org/sakaiproject/thread_local/cover/ThreadLocalManager.java,
service,DigestService,org.sakaiproject.email.api,kernel/api/src/main/java/org/sakaiproject/email/api/DigestService.java,
service,EmailService,org.sakaiproject.email.api,kernel/api/src/main/java/org/sakaiproject/email/api/EmailService.java,
service,DigestService,org.sakaiproject.email.cover,kernel/api/src/main/java/org/sakaiproject/email/cover/DigestService.java,
service,EmailService,org.sakaiproject.email.cover,kernel/api/src/main/java/org/sakaiproject/email/cover/EmailService.java,
service,UsageSessionService,org.sakaiproject.event.api,kernel/api/src/main/java/org/sakaiproject/event/api/UsageSessionService.java,
service,EventQueryService,org.sakaiproject.event.api,kernel/api/src/main/java/org/sakaiproject/event/api/EventQueryService.java,
service,NotificationService,org.sakaiproject.event.api,kernel/api/src/main/java/org/sakaiproject/event/api/NotificationService.java,
service,ActivityService,org.sakaiproject.event.api,kernel/api/src/main/java/org/sakaiproject/event/api/ActivityService.java,
service,EventTrackingService,org.sakaiproject.event.api,kernel/api/src/main/java/org/sakaiproject/event/api/EventTrackingService.java,
service,UsageSessionService,org.sakaiproject.event.cover,kernel/api/src/main/java/org/sakaiproject/event/cover/UsageSessionService.java,
service,NotificationService,org.sakaiproject.event.cover,kernel/api/src/main/java/org/sakaiproject/event/cover/NotificationService.java,
service,EventTrackingService,org.sakaiproject.event.cover,kernel/api/src/main/java/org/sakaiproject/event/cover/EventTrackingService.java,
service,MicrosoftMessagingService,org.sakaiproject.messaging.api,kernel/api/src/main/java/org/sakaiproject/messaging/api/MicrosoftMessagingService.java,
service,UserMessagingService,org.sakaiproject.messaging.api,kernel/api/src/main/java/org/sakaiproject/messaging/api/UserMessagingService.java,
service,SecurityService,org.sakaiproject.authz.api,kernel/api/src/main/java/org/sakaiproject/authz/api/SecurityService.java,
service,AuthzGroupService,org.sakaiproject.authz.api,kernel/api/src/main/java/org/sakaiproject/authz/api/AuthzGroupService.java,
service,FunctionManager,org.sakaiproject.authz.api,kernel/api/src/main/java/org/sakaiproject/authz/api/FunctionManager.java,
service,SecurityService,org.sakaiproject.authz.cover,kernel/api/src/main/java/org/sakaiproject/authz/cover/SecurityService.java,
service,FunctionManager,org.sakaiproject.authz.cover,kernel/api/src/main/java/org/sakaiproject/authz/cover/FunctionManager.java,
service,IdManager,org.sakaiproject.id.api,kernel/api/src/main/java/org/sakaiproject/id/api/IdManager.java,
service,IdManager,org.sakaiproject.id.cover,kernel/api/src/main/java/org/sakaiproject/id/cover/IdManager.java,
service,TimeSheetService,org.sakaiproject.timesheet.api,kernel/api/src/main/java/org/sakaiproject/timesheet/api/TimeSheetService.java,
service,LogConfigurationManager,org.sakaiproject.log.api,kernel/api/src/main/java/org/sakaiproject/log/api/LogConfigurationManager.java,
service,SqlService,org.sakaiproject.db.api,kernel/api/src/main/java/org/sakaiproject/db/api/SqlService.java,
service,SqlService,org.sakaiproject.db.cover,kernel/api/src/main/java/org/sakaiproject/db/cover/SqlService.java,
service,SiteService,org.sakaiproject.site.cover,kernel/api/src/main/java/org/sakaiproject/site/cover/SiteService.java,
service,ConditionService,org.sakaiproject.conditions.api,kernel/api/src/main/java/org/sakaiproject/conditions/api/ConditionService.java,
service,EmailTemplateService,org.sakaiproject.emailtemplateservice.api,kernel/api/src/main/java/org/sakaiproject/emailtemplateservice/api/EmailTemplateService.java,
service,SakaiPersistenceUnitManager,org.sakaiproject.springframework.orm.hibernate,kernel/api/src/main/java/org/sakaiproject/springframework/orm/hibernate/SakaiPersistenceUnitManager.java,
service,UserTimeService,org.sakaiproject.time.api,kernel/api/src/main/java/org/sakaiproject/time/api/UserTimeService.java,
service,TimeService,org.sakaiproject.time.api,kernel/api/src/main/java/org/sakaiproject/time/api/TimeService.java,
service,TimeService,org.sakaiproject.time.cover,kernel/api/src/main/java/org/sakaiproject/time/cover/TimeService.java,
service,ContextualUserDisplayService,org.sakaiproject.user.api,kernel/api/src/main/java/org/sakaiproject/user/api/ContextualUserDisplayService.java,
service,AuthenticationManager,org.sakaiproject.user.api,kernel/api/src/main/java/org/sakaiproject/user/api/AuthenticationManager.java,
service,UserDirectoryService,org.sakaiproject.user.api,kernel/api/src/main/java/org/sakaiproject/user/api/UserDirectoryService.java,
service,UserNotificationPreferencesRegistrationService,org.sakaiproject.user.api,kernel/api/src/main/java/org/sakaiproject/user/api/UserNotificationPreferencesRegistrationService.java,
service,PreferencesService,org.sakaiproject.user.api,kernel/api/src/main/java/org/sakaiproject/user/api/PreferencesService.java,
service,AuthenticationManager,org.sakaiproject.user.cover,kernel/api/src/main/java/org/sakaiproject/user/cover/AuthenticationManager.java,
service,UserDirectoryService,org.sakaiproject.user.cover,kernel/api/src/main/java/org/sakaiproject/user/cover/UserDirectoryService.java,
service,PreferencesService,org.sakaiproject.user.cover,kernel/api/src/main/java/org/sakaiproject/user/cover/PreferencesService.java,
service,LockManager,org.sakaiproject.content.api,kernel/api/src/main/java/org/sakaiproject/content/api/LockManager.java,
service,ContentTypeImageService,org.sakaiproject.content.api,kernel/api/src/main/java/org/sakaiproject/content/api/ContentTypeImageService.java,
service,ContentPrintService,org.sakaiproject.content.api,kernel/api/src/main/java/org/sakaiproject/content/api/ContentPrintService.java,
service,FileConversionService,org.sakaiproject.content.api,kernel/api/src/main/java/org/sakaiproject/content/api/FileConversionService.java,
service,ContentHostingService,org.sakaiproject.content.api,kernel/api/src/main/java/org/sakaiproject/content/api/ContentHostingService.java,
service,ContentFilterService,org.sakaiproject.content.api,kernel/api/src/main/java/org/sakaiproject/content/api/ContentFilterService.java,
service,ContentTypeImageService,org.sakaiproject.content.cover,kernel/api/src/main/java/org/sakaiproject/content/cover/ContentTypeImageService.java,
service,ContentHostingService,org.sakaiproject.content.cover,kernel/api/src/main/java/org/sakaiproject/content/cover/ContentHostingService.java,
service,MessageBundleService,org.sakaiproject.messagebundle.api,kernel/api/src/main/java/org/sakaiproject/messagebundle/api/MessageBundleService.java,
service,WebappResourceManager,org.sakaiproject.webapp.api,kernel/api/src/main/java/org/sakaiproject/webapp/api/WebappResourceManager.java,
service,EntityManager,org.sakaiproject.entity.api,kernel/api/src/main/java/org/sakaiproject/entity/api/EntityManager.java,
service,EntityManager,org.sakaiproject.entity.cover,kernel/api/src/main/java/org/sakaiproject/entity/cover/EntityManager.java,
service,SchedulingService,org.sakaiproject.scheduling.api,kernel/api/src/main/java/org/sakaiproject/scheduling/api/SchedulingService.java,
service,EncryptionUtilityService,org.sakaiproject.util.api,kernel/api/src/main/java/org/sakaiproject/util/api/EncryptionUtilityService.java,
service,LocaleService,org.sakaiproject.util.api,kernel/api/src/main/java/org/sakaiproject/util/api/LocaleService.java,
service,MemoryService,org.sakaiproject.memory.mock,kernel/api/src/main/java/org/sakaiproject/memory/mock/MemoryService.java,
service,MemoryService,org.sakaiproject.memory.api,kernel/api/src/main/java/org/sakaiproject/memory/api/MemoryService.java,
service,TaskService,org.sakaiproject.tasks.api,kernel/api/src/main/java/org/sakaiproject/tasks/api/TaskService.java,
service,AliasService,org.sakaiproject.alias.api,kernel/api/src/main/java/org/sakaiproject/alias/api/AliasService.java,
service,ClusterService,org.sakaiproject.cluster.api,kernel/api/src/main/java/org/sakaiproject/cluster/api/ClusterService.java,
service,ClusterService,org.sakaiproject.cluster.cover,kernel/api/src/main/java/org/sakaiproject/cluster/cover/ClusterService.java,
service,ComponentManager,org.sakaiproject.component.api,kernel/component-manager/src/main/java/org/sakaiproject/component/api/ComponentManager.java,
service,ServerConfigurationService,org.sakaiproject.component.api,kernel/component-manager/src/main/java/org/sakaiproject/component/api/ServerConfigurationService.java,
service,ComponentManager,org.sakaiproject.component.cover,kernel/component-manager/src/main/java/org/sakaiproject/component/cover/ComponentManager.java,
service,ServerConfigurationService,org.sakaiproject.component.cover,kernel/component-manager/src/main/java/org/sakaiproject/component/cover/ServerConfigurationService.java,
service,ThymeleafConfig,org.sakaiproject.mailsender.tool.config,mailsender/tool/src/java/org/sakaiproject/mailsender/tool/config/ThymeleafConfig.java,
service,TaggingManager,org.sakaiproject.taggable.api,taggable/taggable-api/api/src/java/org/sakaiproject/taggable/api/TaggingManager.java,
service,LinkManager,org.sakaiproject.taggable.api,taggable/taggable-api/api/src/java/org/sakaiproject/taggable/api/LinkManager.java,
service,LoginService,org.sakaiproject.login.api,login/login-api/api/src/java/org/sakaiproject/login/api/LoginService.java,
service,LoginService,org.sakaiproject.login.cover,login/login-api/api/src/java/org/sakaiproject/login/cover/LoginService.java,
service,ThymeleafConfig,org.sakaiproject.bulk.membership,admin-bulk-user-membership/tool/src/main/java/org/sakaiproject/bulk/membership/ThymeleafConfig.java,
service,BulkUserMembershipToolService,org.sakaiproject.bulk.membership.service,admin-bulk-user-membership/tool/src/main/java/org/sakaiproject/bulk/membership/service/BulkUserMembershipToolService.java,
service,MessageServiceImpl,uk.ac.cam.caret.sakai.rwiki.component.message,rwiki/rwiki-impl/impl/src/java/uk/ac/cam/caret/sakai/rwiki/component/message/MessageServiceImpl.java,
service,PreferenceServiceImpl,uk.ac.cam.caret.sakai.rwiki.component.message,rwiki/rwiki-impl/impl/src/java/uk/ac/cam/caret/sakai/rwiki/component/message/PreferenceServiceImpl.java,
service,TriggerServiceImpl,uk.ac.cam.caret.sakai.rwiki.component.message,rwiki/rwiki-impl/impl/src/java/uk/ac/cam/caret/sakai/rwiki/component/message/TriggerServiceImpl.java,
service,RWikiSecurityServiceImpl,uk.ac.cam.caret.sakai.rwiki.component.service.impl,rwiki/rwiki-impl/impl/src/java/uk/ac/cam/caret/sakai/rwiki/component/service/impl/RWikiSecurityServiceImpl.java,
service,RWikiObjectServiceImpl,uk.ac.cam.caret.sakai.rwiki.component.service.impl,rwiki/rwiki-impl/impl/src/java/uk/ac/cam/caret/sakai/rwiki/component/service/impl/RWikiObjectServiceImpl.java,
service,RenderServiceImpl,uk.ac.cam.caret.sakai.rwiki.component.service.impl,rwiki/rwiki-impl/impl/src/java/uk/ac/cam/caret/sakai/rwiki/component/service/impl/RenderServiceImpl.java,
service,ArchiveParserTokenManager,org.apache.commons.jrcs.rcs,rwiki/rwiki-util/jrcs/src/completejava/org/apache/commons/jrcs/rcs/ArchiveParserTokenManager.java,
service,EngineManager,org.radeox,rwiki/rwiki-util/radeox/src/java/org/radeox/EngineManager.java,
service,Service,org.radeox.util,rwiki/rwiki-util/radeox/src/java/org/radeox/util/Service.java,
service,RWikiObjectService,uk.ac.cam.caret.sakai.rwiki.service.api,rwiki/rwiki-api/api/src/java/uk/ac/cam/caret/sakai/rwiki/service/api/RWikiObjectService.java,
service,RWikiSecurityService,uk.ac.cam.caret.sakai.rwiki.service.api,rwiki/rwiki-api/api/src/java/uk/ac/cam/caret/sakai/rwiki/service/api/RWikiSecurityService.java,
service,RenderService,uk.ac.cam.caret.sakai.rwiki.service.api,rwiki/rwiki-api/api/src/java/uk/ac/cam/caret/sakai/rwiki/service/api/RenderService.java,
service,TriggerService,uk.ac.cam.caret.sakai.rwiki.service.message.api,rwiki/rwiki-api/api/src/java/uk/ac/cam/caret/sakai/rwiki/service/message/api/TriggerService.java,
service,MessageService,uk.ac.cam.caret.sakai.rwiki.service.message.api,rwiki/rwiki-api/api/src/java/uk/ac/cam/caret/sakai/rwiki/service/message/api/MessageService.java,
service,PreferenceService,uk.ac.cam.caret.sakai.rwiki.service.message.api,rwiki/rwiki-api/api/src/java/uk/ac/cam/caret/sakai/rwiki/service/message/api/PreferenceService.java,
service,CommandService,uk.ac.cam.caret.sakai.rwiki.tool.api,rwiki/rwiki-tool/tool/src/java/uk/ac/cam/caret/sakai/rwiki/tool/api/CommandService.java,
service,ToolRenderService,uk.ac.cam.caret.sakai.rwiki.tool.api,rwiki/rwiki-tool/tool/src/java/uk/ac/cam/caret/sakai/rwiki/tool/api/ToolRenderService.java,
service,PopulateService,uk.ac.cam.caret.sakai.rwiki.tool.api,rwiki/rwiki-tool/tool/src/java/uk/ac/cam/caret/sakai/rwiki/tool/api/PopulateService.java,
service,CommandServiceImpl,uk.ac.cam.caret.sakai.rwiki.tool.service.impl,rwiki/rwiki-tool/tool/src/java/uk/ac/cam/caret/sakai/rwiki/tool/service/impl/CommandServiceImpl.java,
service,ToolRenderServiceImpl,uk.ac.cam.caret.sakai.rwiki.tool.service.impl,rwiki/rwiki-tool/tool/src/java/uk/ac/cam/caret/sakai/rwiki/tool/service/impl/ToolRenderServiceImpl.java,
service,PopulateServiceImpl,uk.ac.cam.caret.sakai.rwiki.tool.service.impl,rwiki/rwiki-tool/tool/src/java/uk/ac/cam/caret/sakai/rwiki/tool/service/impl/PopulateServiceImpl.java,
service,AnnouncementService,org.sakaiproject.announcement.api,announcement/announcement-api/api/src/java/org/sakaiproject/announcement/api/AnnouncementService.java,
service,AnnouncementService,org.sakaiproject.announcement.cover,announcement/announcement-api/api/src/java/org/sakaiproject/announcement/cover/AnnouncementService.java,
service,BaseAnnouncementService,org.sakaiproject.announcement.impl,announcement/announcement-impl/impl/src/java/org/sakaiproject/announcement/impl/BaseAnnouncementService.java,
service,DbAnnouncementService,org.sakaiproject.announcement.impl,announcement/announcement-impl/impl/src/java/org/sakaiproject/announcement/impl/DbAnnouncementService.java,
service,ScheduledInvocationManager,org.sakaiproject.api.app.scheduler,jobscheduler/scheduler-api/src/java/org/sakaiproject/api/app/scheduler/ScheduledInvocationManager.java,
service,SchedulerManager,org.sakaiproject.api.app.scheduler,jobscheduler/scheduler-api/src/java/org/sakaiproject/api/app/scheduler/SchedulerManager.java,
service,TriggerEventManager,org.sakaiproject.api.app.scheduler.events,jobscheduler/scheduler-api/src/java/org/sakaiproject/api/app/scheduler/events/TriggerEventManager.java,
service,ExternalCalendaringService,org.sakaiproject.calendaring.api,external-calendaring-service/api/src/java/org/sakaiproject/calendaring/api/ExternalCalendaringService.java,
service,ExternalCalendaringServiceImpl,org.sakaiproject.calendaring.api,external-calendaring-service/impl/src/java/org/sakaiproject/calendaring/api/ExternalCalendaringServiceImpl.java,
service,MicrosoftLoggingService,org.sakaiproject.microsoft.api,microsoft-integration/api/src/java/org/sakaiproject/microsoft/api/MicrosoftLoggingService.java,
service,MicrosoftAuthorizationService,org.sakaiproject.microsoft.api,microsoft-integration/api/src/java/org/sakaiproject/microsoft/api/MicrosoftAuthorizationService.java,
service,MicrosoftSynchronizationService,org.sakaiproject.microsoft.api,microsoft-integration/api/src/java/org/sakaiproject/microsoft/api/MicrosoftSynchronizationService.java,
service,MicrosoftCommonService,org.sakaiproject.microsoft.api,microsoft-integration/api/src/java/org/sakaiproject/microsoft/api/MicrosoftCommonService.java,
service,MicrosoftConfigurationService,org.sakaiproject.microsoft.api,microsoft-integration/api/src/java/org/sakaiproject/microsoft/api/MicrosoftConfigurationService.java,
service,ThymeleafConfig,org.sakaiproject.microsoft,microsoft-integration/admin-tool/src/main/java/org/sakaiproject/microsoft/ThymeleafConfig.java,
service,ThymeleafConfig,org.sakaiproject.microsoft.collaborativedocuments,microsoft-integration/collaborative-documents/src/main/java/org/sakaiproject/microsoft/collaborativedocuments/ThymeleafConfig.java,
service,ThymeleafConfig,org.sakaiproject.microsoft.mediagallery,microsoft-integration/media-gallery-tool/src/main/java/org/sakaiproject/microsoft/mediagallery/ThymeleafConfig.java,
service,MicrosoftSynchronizationServiceImpl,org.sakaiproject.microsoft.impl,microsoft-integration/impl/src/main/java/org/sakaiproject/microsoft/impl/MicrosoftSynchronizationServiceImpl.java,
service,MicrosoftConfigurationServiceImpl,org.sakaiproject.microsoft.impl,microsoft-integration/impl/src/main/java/org/sakaiproject/microsoft/impl/MicrosoftConfigurationServiceImpl.java,
service,MicrosoftLoggingServiceImpl,org.sakaiproject.microsoft.impl,microsoft-integration/impl/src/main/java/org/sakaiproject/microsoft/impl/MicrosoftLoggingServiceImpl.java,
service,MicrosoftCommonServiceImpl,org.sakaiproject.microsoft.impl,microsoft-integration/impl/src/main/java/org/sakaiproject/microsoft/impl/MicrosoftCommonServiceImpl.java,
service,MicrosoftAuthorizationServiceImpl,org.sakaiproject.microsoft.impl,microsoft-integration/impl/src/main/java/org/sakaiproject/microsoft/impl/MicrosoftAuthorizationServiceImpl.java,
service,ThymeleafConfig,org.sakaiproject.microsoft.authorization,microsoft-integration/authorization-tool/src/main/java/org/sakaiproject/microsoft/authorization/ThymeleafConfig.java,
service,WebMvcConfiguration,org.sakaiproject.webapi,webapi/src/main/java/org/sakaiproject/webapi/WebMvcConfiguration.java,
service,ThymeleafConfig,org.sakaiproject.meetings,meetings/tool/src/main/java/org/sakaiproject/meetings/ThymeleafConfig.java,
service,MeetingService,org.sakaiproject.meetings.api,meetings/api/src/java/org/sakaiproject/meetings/api/MeetingService.java,
service,MeetingServiceImpl,org.sakaiproject.meetings.impl,meetings/impl/src/main/java/org/sakaiproject/meetings/impl/MeetingServiceImpl.java,
service,BaseConfigurationService,org.sakaiproject.citation.impl,citations/citations-impl/impl/src/java/org/sakaiproject/citation/impl/BaseConfigurationService.java,
service,BasicCitationService,org.sakaiproject.citation.impl,citations/citations-impl/impl/src/java/org/sakaiproject/citation/impl/BasicCitationService.java,
service,DbCitationService,org.sakaiproject.citation.impl,citations/citations-impl/impl/src/java/org/sakaiproject/citation/impl/DbCitationService.java,
service,BaseCitationService,org.sakaiproject.citation.impl,citations/citations-impl/impl/src/java/org/sakaiproject/citation/impl/BaseCitationService.java,
service,BaseSearchManager,org.sakaiproject.citation.impl,citations/citations-impl/impl/src/java/org/sakaiproject/citation/impl/BaseSearchManager.java,
service,OpenURLServiceImpl,org.sakaiproject.citation.impl.openurl,citations/citations-impl/impl/src/java/org/sakaiproject/citation/impl/openurl/OpenURLServiceImpl.java,
service,MockCitationServiceImpl,org.sakaiproject.citation.impl,citations/citations-impl/impl/src/test/org/sakaiproject/citation/impl/MockCitationServiceImpl.java,
service,SearchManager,org.sakaiproject.citation.api,citations/citations-api/api/src/java/org/sakaiproject/citation/api/SearchManager.java,
service,ConfigurationService,org.sakaiproject.citation.api,citations/citations-api/api/src/java/org/sakaiproject/citation/api/ConfigurationService.java,
service,CitationService,org.sakaiproject.citation.api,citations/citations-api/api/src/java/org/sakaiproject/citation/api/CitationService.java,
service,SearchManager,org.sakaiproject.citation.cover,citations/citations-api/api/src/java/org/sakaiproject/citation/cover/SearchManager.java,
service,ConfigurationService,org.sakaiproject.citation.cover,citations/citations-api/api/src/java/org/sakaiproject/citation/cover/ConfigurationService.java,
service,CitationService,org.sakaiproject.citation.cover,citations/citations-api/api/src/java/org/sakaiproject/citation/cover/CitationService.java,
service,ThymeleafConfig,org.sakaiproject.mbm,site/sakai-message-bundle-manager-tool/src/main/java/org/sakaiproject/mbm/ThymeleafConfig.java,
service,SitePermsService,org.sakaiproject.adminsiteperms.service,site/admin-perms-tool/src/main/java/org/sakaiproject/adminsiteperms/service/SitePermsService.java,
service,ConditionService,org.sakaiproject.condition.api,conditions/api/src/java/org/sakaiproject/condition/api/ConditionService.java,
service,ConditionServiceImpl,org.sakaiproject.condition.impl,conditions/impl/src/java/org/sakaiproject/condition/impl/ConditionServiceImpl.java,
service,LessonBuilderAccessService,org.sakaiproject.lessonbuildertool.service,lessonbuilder/tool/src/java/org/sakaiproject/lessonbuildertool/service/LessonBuilderAccessService.java,
service,GroupPermissionsService,org.sakaiproject.lessonbuildertool.service,lessonbuilder/tool/src/java/org/sakaiproject/lessonbuildertool/service/GroupPermissionsService.java,
service,SimplePageToolService,org.sakaiproject.lessonbuildertool.service,lessonbuilder/components/src/java/org/sakaiproject/lessonbuildertool/service/SimplePageToolService.java,
service,ThymeleafConfig,org.sakaiproject.emailtemplateservice.config,emailtemplateservice/tool/src/main/java/org/sakaiproject/emailtemplateservice/config/ThymeleafConfig.java,
service,ConversationsWebMvcConfiguration,org.sakaiproject.conversations.tool,conversations/tool/src/main/java/org/sakaiproject/conversations/tool/ConversationsWebMvcConfiguration.java,
service,ConversationsService,org.sakaiproject.conversations.api,conversations/api/src/main/java/org/sakaiproject/conversations/api/ConversationsService.java,
service,ConversationsServiceImpl,org.sakaiproject.conversations.impl,conversations/impl/src/main/java/org/sakaiproject/conversations/impl/ConversationsServiceImpl.java,
service,LTIExportService,org.sakaiproject.lti.api,lti/lti-api/src/java/org/sakaiproject/lti/api/LTIExportService.java,
service,LTIService,org.sakaiproject.lti.api,lti/lti-api/src/java/org/sakaiproject/lti/api/LTIService.java,
service,PNPService,org.tsugi.lti13.objects,lti/tsugi-util/src/java/org/tsugi/lti13/objects/PNPService.java,
service,GroupService,org.tsugi.lti13.objects,lti/tsugi-util/src/java/org/tsugi/lti13/objects/GroupService.java,
service,LocalEventTrackingService,org.sakaiproject.lti,lti/lti-common/src/java/org/sakaiproject/lti/LocalEventTrackingService.java,
service,DBLTIService,org.sakaiproject.lti.impl,lti/lti-impl/src/java/org/sakaiproject/lti/impl/DBLTIService.java,
service,LTIExportServiceImpl,org.sakaiproject.lti.impl,lti/lti-impl/src/java/org/sakaiproject/lti/impl/LTIExportServiceImpl.java,
service,LTISecurityServiceImpl,org.sakaiproject.lti.impl,lti/lti-impl/src/java/org/sakaiproject/lti/impl/LTISecurityServiceImpl.java,
service,BaseLTIService,org.sakaiproject.lti.impl,lti/lti-impl/src/java/org/sakaiproject/lti/impl/BaseLTIService.java,
service,ThymeleafConfig,org.sakaiproject.googledrive,cloud-storage/googledrive/tool/src/main/java/org/sakaiproject/googledrive/ThymeleafConfig.java,
service,GoogleDriveService,org.sakaiproject.googledrive.service,cloud-storage/googledrive/api/src/java/org/sakaiproject/googledrive/service/GoogleDriveService.java,
service,GoogleDriveServiceImpl,org.sakaiproject.googledrive.service,cloud-storage/googledrive/impl/src/java/org/sakaiproject/googledrive/service/GoogleDriveServiceImpl.java,
service,DiscussionForumServiceImpl,org.sakaiproject.component.app.messageforums,msgcntr/messageforums-component-impl/src/java/org/sakaiproject/component/app/messageforums/DiscussionForumServiceImpl.java,
service,PrivateMessageSchedulerServiceImpl,org.sakaiproject.component.app.messageforums.scheduler,msgcntr/messageforums-component-impl/src/java/org/sakaiproject/component/app/messageforums/scheduler/PrivateMessageSchedulerServiceImpl.java,
service,ForumsEmailService,org.sakaiproject.tool.messageforums,msgcntr/messageforums-app/src/java/org/sakaiproject/tool/messageforums/ForumsEmailService.java,
service,MessageForumsTypeManager,org.sakaiproject.api.app.messageforums,msgcntr/messageforums-api/src/java/org/sakaiproject/api/app/messageforums/MessageForumsTypeManager.java,
service,MessageForumsMessageManager,org.sakaiproject.api.app.messageforums,msgcntr/messageforums-api/src/java/org/sakaiproject/api/app/messageforums/MessageForumsMessageManager.java,
service,AnonymousManager,org.sakaiproject.api.app.messageforums,msgcntr/messageforums-api/src/java/org/sakaiproject/api/app/messageforums/AnonymousManager.java,
service,DiscussionForumService,org.sakaiproject.api.app.messageforums,msgcntr/messageforums-api/src/java/org/sakaiproject/api/app/messageforums/DiscussionForumService.java,
service,EmailNotificationManager,org.sakaiproject.api.app.messageforums,msgcntr/messageforums-api/src/java/org/sakaiproject/api/app/messageforums/EmailNotificationManager.java,
service,SynopticMsgcntrManager,org.sakaiproject.api.app.messageforums,msgcntr/messageforums-api/src/java/org/sakaiproject/api/app/messageforums/SynopticMsgcntrManager.java,
service,PermissionManager,org.sakaiproject.api.app.messageforums,msgcntr/messageforums-api/src/java/org/sakaiproject/api/app/messageforums/PermissionManager.java,
service,DefaultPermissionsManager,org.sakaiproject.api.app.messageforums,msgcntr/messageforums-api/src/java/org/sakaiproject/api/app/messageforums/DefaultPermissionsManager.java,
service,PermissionLevelManager,org.sakaiproject.api.app.messageforums,msgcntr/messageforums-api/src/java/org/sakaiproject/api/app/messageforums/PermissionLevelManager.java,
service,AreaManager,org.sakaiproject.api.app.messageforums,msgcntr/messageforums-api/src/java/org/sakaiproject/api/app/messageforums/AreaManager.java,
service,RankManager,org.sakaiproject.api.app.messageforums,msgcntr/messageforums-api/src/java/org/sakaiproject/api/app/messageforums/RankManager.java,
service,MessageForumsUserManager,org.sakaiproject.api.app.messageforums,msgcntr/messageforums-api/src/java/org/sakaiproject/api/app/messageforums/MessageForumsUserManager.java,
service,MembershipManager,org.sakaiproject.api.app.messageforums,msgcntr/messageforums-api/src/java/org/sakaiproject/api/app/messageforums/MembershipManager.java,
service,MessageForumsForumManager,org.sakaiproject.api.app.messageforums,msgcntr/messageforums-api/src/java/org/sakaiproject/api/app/messageforums/MessageForumsForumManager.java,
service,PrivateMessageManager,org.sakaiproject.api.app.messageforums.ui,msgcntr/messageforums-api/src/java/org/sakaiproject/api/app/messageforums/ui/PrivateMessageManager.java,
service,UIPermissionsManager,org.sakaiproject.api.app.messageforums.ui,msgcntr/messageforums-api/src/java/org/sakaiproject/api/app/messageforums/ui/UIPermissionsManager.java,
service,DiscussionForumManager,org.sakaiproject.api.app.messageforums.ui,msgcntr/messageforums-api/src/java/org/sakaiproject/api/app/messageforums/ui/DiscussionForumManager.java,
service,PrivateMessageSchedulerService,org.sakaiproject.api.app.messageforums.scheduler,msgcntr/messageforums-api/src/java/org/sakaiproject/api/app/messageforums/scheduler/PrivateMessageSchedulerService.java,
service,ShortenedUrlService,org.sakaiproject.shortenedurl.api,shortenedurl/api/src/java/org/sakaiproject/shortenedurl/api/ShortenedUrlService.java,
service,NoOpUrlService,org.sakaiproject.shortenedurl.impl,shortenedurl/impl/src/java/org/sakaiproject/shortenedurl/impl/NoOpUrlService.java,
service,RandomisedUrlService,org.sakaiproject.shortenedurl.impl,shortenedurl/impl/src/java/org/sakaiproject/shortenedurl/impl/RandomisedUrlService.java,
service,BitlyUrlService,org.sakaiproject.shortenedurl.impl,shortenedurl/impl/src/java/org/sakaiproject/shortenedurl/impl/BitlyUrlService.java,
service,BaseShortenedUrlService,org.sakaiproject.shortenedurl.impl,shortenedurl/impl/src/java/org/sakaiproject/shortenedurl/impl/BaseShortenedUrlService.java,
service,BasePresenceService,org.sakaiproject.presence.impl,presence/presence-impl/impl/src/java/org/sakaiproject/presence/impl/BasePresenceService.java,
service,ClusterPresenceService,org.sakaiproject.presence.impl,presence/presence-impl/impl/src/java/org/sakaiproject/presence/impl/ClusterPresenceService.java,
service,PresenceService,org.sakaiproject.presence.api,presence/presence-api/api/src/java/org/sakaiproject/presence/api/PresenceService.java,
service,PresenceService,org.sakaiproject.presence.cover,presence/presence-api/api/src/java/org/sakaiproject/presence/cover/PresenceService.java,
service,WebMvcConfiguration,org.sakaiproject.rubrics.tool,rubrics/tool/src/main/java/org/sakaiproject/rubrics/tool/WebMvcConfiguration.java,
service,RubricsService,org.sakaiproject.rubrics.api,rubrics/api/src/main/java/org/sakaiproject/rubrics/api/RubricsService.java,
service,RubricsServiceImpl,org.sakaiproject.rubrics.impl,rubrics/impl/src/main/java/org/sakaiproject/rubrics/impl/RubricsServiceImpl.java,
service,SakaiPersonPhotoService,org.sakaiproject.component.common.edu.person,common/common-composite-component/src/java/org/sakaiproject/component/common/edu/person/SakaiPersonPhotoService.java,
service,FileSystemPhotoService,org.sakaiproject.component.common.edu.person,common/common-composite-component/src/java/org/sakaiproject/component/common/edu/person/FileSystemPhotoService.java,
service,TypeManager,org.sakaiproject.api.common.type,common/common-api/src/java/org/sakaiproject/api/common/type/TypeManager.java,
service,SakaiPersonManager,org.sakaiproject.api.common.edu.person,common/common-api/src/java/org/sakaiproject/api/common/edu/person/SakaiPersonManager.java,
service,PhotoService,org.sakaiproject.api.common.edu.person,common/common-api/src/java/org/sakaiproject/api/common/edu/person/PhotoService.java,
service,BasePhotoService,org.sakaiproject.api.common.edu.person,common/common-api/src/java/org/sakaiproject/api/common/edu/person/BasePhotoService.java,
service,BasicImportService,org.sakaiproject.importer.impl,common/import-impl/src/java/org/sakaiproject/importer/impl/BasicImportService.java,
service,PrivacyManager,org.sakaiproject.api.privacy,common/privacy-api/src/java/org/sakaiproject/api/privacy/PrivacyManager.java,
service,ImportMetadataServiceImpl,org.sakaiproject.archive.impl,common/archive-impl/impl2/src/java/org/sakaiproject/archive/impl/ImportMetadataServiceImpl.java,
service,ArchiveService,org.sakaiproject.archive.api,common/archive-api/src/main/java/org/sakaiproject/archive/api/ArchiveService.java,
service,ImportMetadataService,org.sakaiproject.archive.api,common/archive-api/src/main/java/org/sakaiproject/archive/api/ImportMetadataService.java,
service,ArchiveService,org.sakaiproject.archive.cover,common/archive-api/src/main/java/org/sakaiproject/archive/cover/ArchiveService.java,
service,ImportMetadataService,org.sakaiproject.archive.cover,common/archive-api/src/main/java/org/sakaiproject/archive/cover/ImportMetadataService.java,
service,ImportService,org.sakaiproject.importer.api,common/archive-api/src/main/java/org/sakaiproject/importer/api/ImportService.java,
service,ImportService,org.sakaiproject.importer.cover,common/archive-api/src/main/java/org/sakaiproject/importer/cover/ImportService.java,
service,WebMvcConfiguration,org.sakaiproject.dashboard.tool,dashboard/tool/src/main/java/org/sakaiproject/dashboard/tool/WebMvcConfiguration.java,
service,MailArchiveService,org.sakaiproject.mailarchive.api,mailarchive/mailarchive-api/api/src/java/org/sakaiproject/mailarchive/api/MailArchiveService.java,
service,MailArchiveService,org.sakaiproject.mailarchive.cover,mailarchive/mailarchive-api/api/src/java/org/sakaiproject/mailarchive/cover/MailArchiveService.java,
service,BaseMailArchiveService,org.sakaiproject.mailarchive.impl,mailarchive/mailarchive-impl/impl/src/java/org/sakaiproject/mailarchive/impl/BaseMailArchiveService.java,
service,DbMailArchiveService,org.sakaiproject.mailarchive.impl,mailarchive/mailarchive-impl/impl/src/java/org/sakaiproject/mailarchive/impl/DbMailArchiveService.java,
service,SyllabusManager,org.sakaiproject.api.app.syllabus,syllabus/syllabus-api/src/java/org/sakaiproject/api/app/syllabus/SyllabusManager.java,
service,SyllabusService,org.sakaiproject.api.app.syllabus,syllabus/syllabus-api/src/java/org/sakaiproject/api/app/syllabus/SyllabusService.java,
service,SyllabusServiceImpl,org.sakaiproject.component.app.syllabus,syllabus/syllabus-impl/src/java/org/sakaiproject/component/app/syllabus/SyllabusServiceImpl.java,
service,ElasticSearchService,org.sakaiproject.search.elasticsearch,search/elasticsearch/impl/src/java/org/sakaiproject/search/elasticsearch/ElasticSearchService.java,
service,SearchService,org.sakaiproject.search.api,search/search-api/api/src/java/org/sakaiproject/search/api/SearchService.java,
service,RDFSearchService,org.sakaiproject.search.api.rdf,search/search-api/api/src/java/org/sakaiproject/search/api/rdf/RDFSearchService.java,
service,TagService,org.sakaiproject.tags.api,tags/tags-api/api/src/java/org/sakaiproject/tags/api/TagService.java,
service,TagServiceImpl,org.sakaiproject.tags.impl,tags/tags-impl/impl/src/java/org/sakaiproject/tags/impl/TagServiceImpl.java,
service,PodcastPermissionsServiceImpl,org.sakaiproject.component.app.podcasts,podcasts/podcasts-impl/src/java/org/sakaiproject/component/app/podcasts/PodcastPermissionsServiceImpl.java,
service,BasicPodfeedService,org.sakaiproject.component.app.podcasts,podcasts/podcasts-impl/src/java/org/sakaiproject/component/app/podcasts/BasicPodfeedService.java,
service,PodcastServiceImpl,org.sakaiproject.component.app.podcasts,podcasts/podcasts-impl/src/java/org/sakaiproject/component/app/podcasts/PodcastServiceImpl.java,
service,PodcastEmailService,org.sakaiproject.api.app.podcasts,podcasts/podcasts-api/src/java/org/sakaiproject/api/app/podcasts/PodcastEmailService.java,
service,PodcastService,org.sakaiproject.api.app.podcasts,podcasts/podcasts-api/src/java/org/sakaiproject/api/app/podcasts/PodcastService.java,
service,PodcastPermissionsService,org.sakaiproject.api.app.podcasts,podcasts/podcasts-api/src/java/org/sakaiproject/api/app/podcasts/PodcastPermissionsService.java,
service,PodfeedService,org.sakaiproject.api.app.podcasts,podcasts/podcasts-api/src/java/org/sakaiproject/api/app/podcasts/PodfeedService.java,
service,EntityRedirectsManager,org.sakaiproject.entitybroker.rest,entitybroker/tool/src/main/java/org/sakaiproject/entitybroker/rest/EntityRedirectsManager.java,
service,EntityDescriptionManager,org.sakaiproject.entitybroker.rest,entitybroker/tool/src/main/java/org/sakaiproject/entitybroker/rest/EntityDescriptionManager.java,
service,EntityEncodingManager,org.sakaiproject.entitybroker.rest,entitybroker/tool/src/main/java/org/sakaiproject/entitybroker/rest/EntityEncodingManager.java,
service,EntityActionsManager,org.sakaiproject.entitybroker.rest,entitybroker/tool/src/main/java/org/sakaiproject/entitybroker/rest/EntityActionsManager.java,
service,EntityBrokerManager,org.sakaiproject.entitybroker,entitybroker/api/src/main/java/org/sakaiproject/entitybroker/EntityBrokerManager.java,
service,DeveloperHelperService,org.sakaiproject.entitybroker,entitybroker/api/src/main/java/org/sakaiproject/entitybroker/DeveloperHelperService.java,
service,EntityViewAccessProviderManager,org.sakaiproject.entitybroker.access,entitybroker/api/src/main/java/org/sakaiproject/entitybroker/access/EntityViewAccessProviderManager.java,
service,EntityPropertiesService,org.sakaiproject.entitybroker.providers,entitybroker/api/src/main/java/org/sakaiproject/entitybroker/providers/EntityPropertiesService.java,
service,EntityProviderManager,org.sakaiproject.entitybroker.entityprovider,entitybroker/api/src/main/java/org/sakaiproject/entitybroker/entityprovider/EntityProviderManager.java,
service,TagSearchService,org.sakaiproject.entitybroker.entityprovider.extension,entitybroker/api/src/main/java/org/sakaiproject/entitybroker/entityprovider/extension/TagSearchService.java,
service,AbstractDeveloperHelperService,org.sakaiproject.entitybroker.util.devhelper,entitybroker/utils/src/main/java/org/sakaiproject/entitybroker/util/devhelper/AbstractDeveloperHelperService.java,
service,AbstractEntityPropertiesService,org.sakaiproject.entitybroker.util.core,entitybroker/utils/src/main/java/org/sakaiproject/entitybroker/util/core/AbstractEntityPropertiesService.java,
service,EasyX509TrustManager,org.sakaiproject.entitybroker.util.http,entitybroker/utils/src/main/java/org/sakaiproject/entitybroker/util/http/EasyX509TrustManager.java,
service,EntityTaggingService,org.sakaiproject.entitybroker.impl,entitybroker/impl/src/main/java/org/sakaiproject/entitybroker/impl/EntityTaggingService.java,
service,EntityMetaPropertiesService,org.sakaiproject.entitybroker.impl,entitybroker/impl/src/main/java/org/sakaiproject/entitybroker/impl/EntityMetaPropertiesService.java,
service,DeveloperHelperServiceImpl,org.sakaiproject.entitybroker.impl.devhelper,entitybroker/impl/src/main/java/org/sakaiproject/entitybroker/impl/devhelper/DeveloperHelperServiceImpl.java,
service,IDataManager,org.adl.datamodels,scormplayer/scorm-api/src/java/org/adl/datamodels/IDataManager.java,
service,SCODataManager,org.adl.datamodels,scormplayer/scorm-api/src/java/org/adl/datamodels/SCODataManager.java,
service,IErrorManager,org.adl.api.ecmascript,scormplayer/scorm-api/src/java/org/adl/api/ecmascript/IErrorManager.java,
service,ScormResourceService,org.sakaiproject.scorm.service.api,scormplayer/scorm-api/src/java/org/sakaiproject/scorm/service/api/ScormResourceService.java,
service,ScormLaunchService,org.sakaiproject.scorm.service.api,scormplayer/scorm-api/src/java/org/sakaiproject/scorm/service/api/ScormLaunchService.java,
service,ScormResultService,org.sakaiproject.scorm.service.api,scormplayer/scorm-api/src/java/org/sakaiproject/scorm/service/api/ScormResultService.java,
service,ScormContentService,org.sakaiproject.scorm.service.api,scormplayer/scorm-api/src/java/org/sakaiproject/scorm/service/api/ScormContentService.java,
service,ScormSequencingService,org.sakaiproject.scorm.service.api,scormplayer/scorm-api/src/java/org/sakaiproject/scorm/service/api/ScormSequencingService.java,
service,ScormApplicationService,org.sakaiproject.scorm.service.api,scormplayer/scorm-api/src/java/org/sakaiproject/scorm/service/api/ScormApplicationService.java,
service,ScormSequencingServiceImpl,org.sakaiproject.scorm.service.impl,scormplayer/scorm-impl/service/src/java/org/sakaiproject/scorm/service/impl/ScormSequencingServiceImpl.java,
service,AbstractResourceService,org.sakaiproject.scorm.service.impl,scormplayer/scorm-impl/service/src/java/org/sakaiproject/scorm/service/impl/AbstractResourceService.java,
service,ScormContentServiceImpl,org.sakaiproject.scorm.service.impl,scormplayer/scorm-impl/service/src/java/org/sakaiproject/scorm/service/impl/ScormContentServiceImpl.java,
service,ScormApplicationServiceImpl,org.sakaiproject.scorm.service.impl,scormplayer/scorm-impl/service/src/java/org/sakaiproject/scorm/service/impl/ScormApplicationServiceImpl.java,
service,ScormLaunchServiceImpl,org.sakaiproject.scorm.service.impl,scormplayer/scorm-impl/service/src/java/org/sakaiproject/scorm/service/impl/ScormLaunchServiceImpl.java,
service,ScormResultServiceImpl,org.sakaiproject.scorm.service.impl,scormplayer/scorm-impl/service/src/java/org/sakaiproject/scorm/service/impl/ScormResultServiceImpl.java,
service,StandaloneResourceService,org.sakaiproject.scorm.service.standalone.impl,scormplayer/scorm-impl/service/src/java/org/sakaiproject/scorm/service/standalone/impl/StandaloneResourceService.java,
service,SakaiResourceService,org.sakaiproject.scorm.service.sakai.impl,scormplayer/scorm-impl/service/src/java/org/sakaiproject/scorm/service/sakai/impl/SakaiResourceService.java,
service,CHHResourceService,org.sakaiproject.scorm.service.sakai.impl,scormplayer/scorm-impl/service/src/java/org/sakaiproject/scorm/service/sakai/impl/CHHResourceService.java,
service,SakaiStatefulService,org.sakaiproject.scorm.service.sakai.impl,scormplayer/scorm-impl/service/src/java/org/sakaiproject/scorm/service/sakai/impl/SakaiStatefulService.java,
service,MockServerConfigurationService,org.sakaiproject.scorm.service.sakai.impl.mocks,scormplayer/scorm-impl/service/src/java/org/sakaiproject/scorm/service/sakai/impl/mocks/MockServerConfigurationService.java,
service,MockSecurityService,org.sakaiproject.scorm.service.sakai.impl.mocks,scormplayer/scorm-impl/service/src/java/org/sakaiproject/scorm/service/sakai/impl/mocks/MockSecurityService.java,
service,MockSakaiFsService,org.sakaiproject.scorm.service.sakai.impl.mocks,scormplayer/scorm-impl/service/src/java/org/sakaiproject/scorm/service/sakai/impl/mocks/MockSakaiFsService.java,
service,MockSiteService,org.sakaiproject.scorm.service.sakai.impl.mocks,scormplayer/scorm-impl/service/src/java/org/sakaiproject/scorm/service/sakai/impl/mocks/MockSiteService.java,
service,MockContentHostingService,org.sakaiproject.scorm.service.sakai.impl.mocks,scormplayer/scorm-impl/service/src/java/org/sakaiproject/scorm/service/sakai/impl/mocks/MockContentHostingService.java,
service,APIErrorManager,org.adl.api.ecmascript,scormplayer/scorm-impl/adl/src/java/org/adl/api/ecmascript/APIErrorManager.java,
service,GradebookManager,org.sakaiproject.api.app.postem.data,postem/postem-api/src/java/org/sakaiproject/api/app/postem/data/GradebookManager.java,
service,ThymeleafConfig,org.sakaiproject.postem.config,postem/postem-app/src/main/java/org/sakaiproject/postem/config/ThymeleafConfig.java,
service,PostemSakaiService,org.sakaiproject.postem.service,postem/postem-app/src/main/java/org/sakaiproject/postem/service/PostemSakaiService.java,
service,CardGameService,org.sakaiproject.cardgame.api,card-game/api/src/java/org/sakaiproject/cardgame/api/CardGameService.java,
service,CardGameServiceImpl,org.sakaiproject.cardgame.impl,card-game/impl/src/java/org/sakaiproject/cardgame/impl/CardGameServiceImpl.java,
service,MessageService,org.sakaiproject.message.api,message/message-api/api/src/java/org/sakaiproject/message/api/MessageService.java,
service,AssignmentPeerAssessmentService,org.sakaiproject.assignment.api,assignment/api/src/java/org/sakaiproject/assignment/api/AssignmentPeerAssessmentService.java,
service,AssignmentService,org.sakaiproject.assignment.api,assignment/api/src/java/org/sakaiproject/assignment/api/AssignmentService.java,
service,AssignmentDueReminderService,org.sakaiproject.assignment.api.reminder,assignment/api/src/java/org/sakaiproject/assignment/api/reminder/AssignmentDueReminderService.java,
service,AssignmentSupplementItemService,org.sakaiproject.assignment.api.model,assignment/api/src/java/org/sakaiproject/assignment/api/model/AssignmentSupplementItemService.java,
service,AssignmentConversionService,org.sakaiproject.assignment.api.conversion,assignment/api/src/java/org/sakaiproject/assignment/api/conversion/AssignmentConversionService.java,
service,AssignmentSupplementItemServiceImpl,org.sakaiproject.assignment.impl,assignment/impl/src/java/org/sakaiproject/assignment/impl/AssignmentSupplementItemServiceImpl.java,
service,AssignmentServiceImpl,org.sakaiproject.assignment.impl,assignment/impl/src/java/org/sakaiproject/assignment/impl/AssignmentServiceImpl.java,
service,AssignmentPeerAssessmentServiceImpl,org.sakaiproject.assignment.impl,assignment/impl/src/java/org/sakaiproject/assignment/impl/AssignmentPeerAssessmentServiceImpl.java,
service,AssignmentDueReminderServiceImpl,org.sakaiproject.assignment.impl.reminder,assignment/impl/src/java/org/sakaiproject/assignment/impl/reminder/AssignmentDueReminderServiceImpl.java,
service,AssignmentConversionServiceImpl,org.sakaiproject.assignment.impl.conversion,assignment/impl/src/java/org/sakaiproject/assignment/impl/conversion/AssignmentConversionServiceImpl.java,
service,CopyrightManager,,content/content-copyright/api/src/java/org/sakaiproject/content/copyright/api/CopyrightManager.java,
service,CopyrightManager,org.sakaiproject.content.copyright,content/content-copyright/impl/src/java/org/sakaiproject/content/copyright/CopyrightManager.java,
service,MetadataService,org.sakaiproject.content.metadata.logic,content/content-metadata/api/src/java/org/sakaiproject/content/metadata/logic/MetadataService.java,
service,ContentMetadataService,org.sakaiproject.content.metadata.cover,content/content-metadata/api/src/java/org/sakaiproject/content/metadata/cover/ContentMetadataService.java,
service,PollsLocaleService,org.sakaiproject.poll.tool.mvc,polls/tool/src/main/java/org/sakaiproject/poll/tool/mvc/PollsLocaleService.java,
service,PollsWebMvcConfig,org.sakaiproject.poll.tool.config,polls/tool/src/main/java/org/sakaiproject/poll/tool/config/PollsWebMvcConfig.java,
service,PollsService,org.sakaiproject.poll.api.service,polls/api/src/main/java/org/sakaiproject/poll/api/service/PollsService.java,
service,PollsServiceImpl,org.sakaiproject.poll.impl.service,polls/impl/src/main/java/org/sakaiproject/poll/impl/service/PollsServiceImpl.java,
service,ProfileService,org.sakaiproject.profile2.api,profile2/api/src/main/java/org/sakaiproject/profile2/api/ProfileService.java,
service,ProfileServiceImpl,org.sakaiproject.profile2.impl,profile2/impl/src/main/java/org/sakaiproject/profile2/impl/ProfileServiceImpl.java,
service,EVPIManager,org.sakaiproject.rsf.entitybroker,rsf/sakai-rsf-core/src/java/org/sakaiproject/rsf/entitybroker/EVPIManager.java,
service,EVVPIManager,org.sakaiproject.rsf.entitybroker,rsf/sakai-rsf-core/src/java/org/sakaiproject/rsf/entitybroker/EVVPIManager.java,
service,SignupRESTfulSessionManager,org.sakaiproject.signup.tool.entityproviders,signup/tool/src/main/java/org/sakaiproject/signup/tool/entityproviders/SignupRESTfulSessionManager.java,
service,SignupMeetingService,org.sakaiproject.signup.api,signup/api/src/main/java/org/sakaiproject/signup/api/SignupMeetingService.java,
service,SignupMeetingServiceImpl,org.sakaiproject.signup.impl,signup/impl/src/main/java/org/sakaiproject/signup/impl/SignupMeetingServiceImpl.java,
service,CourseManager,org.sakaiproject.component.section.cover,edu-services/sections-service/sections-api/src/java/org/sakaiproject/component/section/cover/CourseManager.java,
service,CourseManager,org.sakaiproject.section.api,edu-services/sections-service/sections-api/src/java/org/sakaiproject/section/api/CourseManager.java,
service,SectionManager,org.sakaiproject.section.api,edu-services/sections-service/sections-api/src/java/org/sakaiproject/section/api/SectionManager.java,
service,ScoringService,org.sakaiproject.scoringservice.api,edu-services/scoring-service/api/src/java/org/sakaiproject/scoringservice/api/ScoringService.java,
service,ScoringServiceImpl,org.sakaiproject.scoringservice.impl,edu-services/scoring-service/impl/src/java/org/sakaiproject/scoringservice/impl/ScoringServiceImpl.java,
service,CourseSiteRemovalServiceImpl,org.sakaiproject.coursemanagement.impl,edu-services/cm-service/cm-impl/hibernate-impl/impl/src/java/org/sakaiproject/coursemanagement/impl/CourseSiteRemovalServiceImpl.java,
service,CourseSitePublishServiceImpl,org.sakaiproject.coursemanagement.impl,edu-services/cm-service/cm-impl/hibernate-impl/impl/src/java/org/sakaiproject/coursemanagement/impl/CourseSitePublishServiceImpl.java,
service,CourseManagementService,org.sakaiproject.coursemanagement.api,edu-services/cm-service/cm-api/api/src/java/org/sakaiproject/coursemanagement/api/CourseManagementService.java,
service,CourseSiteRemovalService,org.sakaiproject.coursemanagement.api,edu-services/cm-service/cm-api/api/src/java/org/sakaiproject/coursemanagement/api/CourseSiteRemovalService.java,
service,CourseSitePublishService,org.sakaiproject.coursemanagement.api,edu-services/cm-service/cm-api/api/src/java/org/sakaiproject/coursemanagement/api/CourseSitePublishService.java,
service,GradebookNgBusinessService,org.sakaiproject.gradebookng.business,gradebookng/tool/src/java/org/sakaiproject/gradebookng/business/GradebookNgBusinessService.java,
service,TestGradebookNgBusinessService,org.sakaiproject.gradebookng.business,gradebookng/tool/src/test/org/sakaiproject/gradebookng/business/TestGradebookNgBusinessService.java,
service,GradingPermissionService,org.sakaiproject.grading.api,gradebookng/api/src/main/java/org/sakaiproject/grading/api/GradingPermissionService.java,
service,GradingPersistenceManager,org.sakaiproject.grading.api,gradebookng/api/src/main/java/org/sakaiproject/grading/api/GradingPersistenceManager.java,
service,GradingService,org.sakaiproject.grading.api,gradebookng/api/src/main/java/org/sakaiproject/grading/api/GradingService.java,
service,GradingPermissionServiceImpl,org.sakaiproject.grading.impl,gradebookng/impl/src/main/java/org/sakaiproject/grading/impl/GradingPermissionServiceImpl.java,
service,GradingServiceImpl,org.sakaiproject.grading.impl,gradebookng/impl/src/main/java/org/sakaiproject/grading/impl/GradingServiceImpl.java,
service,WebService,org.sakaiproject.web.api,web/web-api/api/src/java/org/sakaiproject/web/api/WebService.java,
service,WebServiceImpl,org.sakaiproject.web.impl,web/web-impl/impl/src/java/org/sakaiproject/web/impl/WebServiceImpl.java,
service,AccountValidationServiceImpl,org.sakaiproject.accountvalidator.impl.service,reset-pass/account-validator-impl/src/main/java/org/sakaiproject/accountvalidator/impl/service/AccountValidationServiceImpl.java,
service,ThymeleafConfig,org.sakaiproject.accountvalidator.tool.config,reset-pass/account-validator-tool/src/main/java/org/sakaiproject/accountvalidator/tool/config/ThymeleafConfig.java,
service,ThymeleafConfig,org.sakaiproject.resetpass.config,reset-pass/reset-pass/src/main/java/org/sakaiproject/resetpass/config/ThymeleafConfig.java,
service,AccountValidationService,org.sakaiproject.accountvalidator.api.service,reset-pass/account-validator-api/src/main/java/org/sakaiproject/accountvalidator/api/service/AccountValidationService.java,
service,UserAuditService,org.sakaiproject.userauditservice.api,userauditservice/api/src/java/org/sakaiproject/userauditservice/api/UserAuditService.java,
service,UserAuditServiceImpl,org.sakaiproject.userauditservice.impl,userauditservice/impl/src/java/org/sakaiproject/userauditservice/impl/UserAuditServiceImpl.java,
service,CommonsSecurityManager,org.sakaiproject.commons.api,commons/api/src/java/org/sakaiproject/commons/api/CommonsSecurityManager.java,
service,PersistenceManager,org.sakaiproject.commons.api,commons/api/src/java/org/sakaiproject/commons/api/PersistenceManager.java,
service,CommonsManager,org.sakaiproject.commons.api,commons/api/src/java/org/sakaiproject/commons/api/CommonsManager.java,
service,ChatManager,org.sakaiproject.chat2.model,chat/chat-api/api/src/java/org/sakaiproject/chat2/model/ChatManager.java,
service,PublishingSiteScheduleServiceImpl,org.sakaiproject.sitemanage.impl,site-manage/site-manage-impl/impl/src/java/org/sakaiproject/sitemanage/impl/PublishingSiteScheduleServiceImpl.java,
service,SiteManageServiceImpl,org.sakaiproject.sitemanage.impl,site-manage/site-manage-impl/impl/src/java/org/sakaiproject/sitemanage/impl/SiteManageServiceImpl.java,
service,SiteSetupQuestionServiceImpl,org.sakaiproject.sitemanage.impl,site-manage/site-manage-impl/impl/src/java/org/sakaiproject/sitemanage/impl/SiteSetupQuestionServiceImpl.java,
service,UnpublishingSiteScheduleServiceImpl,org.sakaiproject.sitemanage.impl,site-manage/site-manage-impl/impl/src/java/org/sakaiproject/sitemanage/impl/UnpublishingSiteScheduleServiceImpl.java,
service,JoinableSetReminderScheduleServiceImpl,org.sakaiproject.sitemanage.impl,site-manage/site-manage-impl/impl/src/java/org/sakaiproject/sitemanage/impl/JoinableSetReminderScheduleServiceImpl.java,
service,GroupManagerThymeleafConfig,org.sakaiproject.groupmanager.config,site-manage/site-group-manager/src/main/java/org/sakaiproject/groupmanager/config/GroupManagerThymeleafConfig.java,
service,SakaiService,org.sakaiproject.groupmanager.service,site-manage/site-group-manager/src/main/java/org/sakaiproject/groupmanager/service/SakaiService.java,
service,ThymeleafConfig,org.sakaiproject.datemanager,site-manage/datemanager/tool/src/main/java/org/sakaiproject/datemanager/ThymeleafConfig.java,
service,MvcConfig,org.sakaiproject.datemanager,site-manage/datemanager/tool/src/main/java/org/sakaiproject/datemanager/MvcConfig.java,
service,DateManagerService,org.sakaiproject.datemanager.api,site-manage/datemanager/api/src/java/org/sakaiproject/datemanager/api/DateManagerService.java,
service,DateManagerServiceImpl,org.sakaiproject.datemanager.impl,site-manage/datemanager/impl/src/main/java/org/sakaiproject/datemanager/impl/DateManagerServiceImpl.java,
service,PublishingSiteScheduleService,org.sakaiproject.sitemanage.api,site-manage/site-manage-api/api/src/java/org/sakaiproject/sitemanage/api/PublishingSiteScheduleService.java,
service,JoinableSetReminderScheduleService,org.sakaiproject.sitemanage.api,site-manage/site-manage-api/api/src/java/org/sakaiproject/sitemanage/api/JoinableSetReminderScheduleService.java,
service,UnpublishingSiteScheduleService,org.sakaiproject.sitemanage.api,site-manage/site-manage-api/api/src/java/org/sakaiproject/sitemanage/api/UnpublishingSiteScheduleService.java,
service,SiteManageService,org.sakaiproject.sitemanage.api,site-manage/site-manage-api/api/src/java/org/sakaiproject/sitemanage/api/SiteManageService.java,
service,SiteSetupQuestionService,org.sakaiproject.sitemanage.api.model,site-manage/site-manage-api/api/src/java/org/sakaiproject/sitemanage/api/model/SiteSetupQuestionService.java,
service,HierarchyService,org.sakaiproject.hierarchy,hierarchy/api/src/java/org/sakaiproject/hierarchy/HierarchyService.java,
service,HierarchyServiceImpl,org.sakaiproject.hierarchy.impl,hierarchy/impl/src/java/org/sakaiproject/hierarchy/impl/HierarchyServiceImpl.java,
service,QTIService,org.sakaiproject.tool.assessment.services.qti,samigo/samigo-qti/src/java/org/sakaiproject/tool/assessment/services/qti/QTIService.java,
service,SamigoToolWebService,org.sakaiproject.tool.assessment.ws,samigo/samigo-app/src/java/org/sakaiproject/tool/assessment/ws/SamigoToolWebService.java,
service,QTIServiceImpl,org.sakaiproject.tool.assessment.shared.impl.qti,samigo/samigo-app/src/java/org/sakaiproject/tool/assessment/shared/impl/qti/QTIServiceImpl.java,
service,ImportService,org.sakaiproject.tool.assessment.contentpackaging,samigo/samigo-cp/src/java/org/sakaiproject/tool/assessment/contentpackaging/ImportService.java,
service,SamigoAvailableNotificationServiceImpl,org.sakaiproject.samigo.impl,samigo/samigo-impl/src/java/org/sakaiproject/samigo/impl/SamigoAvailableNotificationServiceImpl.java,
service,SamLiteService,org.sakaiproject.tool.assessment.samlite.api,samigo/samigo-api/src/java/org/sakaiproject/tool/assessment/samlite/api/SamLiteService.java,
service,SamigoAvailableNotificationService,org.sakaiproject.samigo.api,samigo/samigo-api/src/java/org/sakaiproject/samigo/api/SamigoAvailableNotificationService.java,
service,ExtendedTimeDeliveryService,org.sakaiproject.tool.assessment.util,samigo/samigo-services/src/java/org/sakaiproject/tool/assessment/util/ExtendedTimeDeliveryService.java,
service,QuestionPoolService,org.sakaiproject.tool.assessment.services,samigo/samigo-services/src/java/org/sakaiproject/tool/assessment/services/QuestionPoolService.java,
service,PublishedItemService,org.sakaiproject.tool.assessment.services,samigo/samigo-services/src/java/org/sakaiproject/tool/assessment/services/PublishedItemService.java,
service,SectionService,org.sakaiproject.tool.assessment.services,samigo/samigo-services/src/java/org/sakaiproject/tool/assessment/services/SectionService.java,
service,GradingService,org.sakaiproject.tool.assessment.services,samigo/samigo-services/src/java/org/sakaiproject/tool/assessment/services/GradingService.java,
service,PersistenceService,org.sakaiproject.tool.assessment.services,samigo/samigo-services/src/java/org/sakaiproject/tool/assessment/services/PersistenceService.java,
service,ItemService,org.sakaiproject.tool.assessment.services,samigo/samigo-services/src/java/org/sakaiproject/tool/assessment/services/ItemService.java,
service,MediaService,org.sakaiproject.tool.assessment.services.shared,samigo/samigo-services/src/java/org/sakaiproject/tool/assessment/services/shared/MediaService.java,
service,TypeService,org.sakaiproject.tool.assessment.services.shared,samigo/samigo-services/src/java/org/sakaiproject/tool/assessment/services/shared/TypeService.java,
service,EventLogService,org.sakaiproject.tool.assessment.services.assessment,samigo/samigo-services/src/java/org/sakaiproject/tool/assessment/services/assessment/EventLogService.java,
service,StatisticsService,org.sakaiproject.tool.assessment.services.assessment,samigo/samigo-services/src/java/org/sakaiproject/tool/assessment/services/assessment/StatisticsService.java,
service,PublishedAssessmentService,org.sakaiproject.tool.assessment.services.assessment,samigo/samigo-services/src/java/org/sakaiproject/tool/assessment/services/assessment/PublishedAssessmentService.java,
service,AssessmentService,org.sakaiproject.tool.assessment.services.assessment,samigo/samigo-services/src/java/org/sakaiproject/tool/assessment/services/assessment/AssessmentService.java,
service,GradingServiceImpl,org.sakaiproject.tool.assessment.shared.impl.grading,samigo/samigo-services/src/java/org/sakaiproject/tool/assessment/shared/impl/grading/GradingServiceImpl.java,
service,GradebookServiceImpl,org.sakaiproject.tool.assessment.shared.impl.grading,samigo/samigo-services/src/java/org/sakaiproject/tool/assessment/shared/impl/grading/GradebookServiceImpl.java,
service,GradingSectionAwareServiceImpl,org.sakaiproject.tool.assessment.shared.impl.grading,samigo/samigo-services/src/java/org/sakaiproject/tool/assessment/shared/impl/grading/GradingSectionAwareServiceImpl.java,
service,ItemServiceImpl,org.sakaiproject.tool.assessment.shared.impl.assessment,samigo/samigo-services/src/java/org/sakaiproject/tool/assessment/shared/impl/assessment/ItemServiceImpl.java,
service,PublishedAssessmentServiceImpl,org.sakaiproject.tool.assessment.shared.impl.assessment,samigo/samigo-services/src/java/org/sakaiproject/tool/assessment/shared/impl/assessment/PublishedAssessmentServiceImpl.java,
service,AssessmentServiceImpl,org.sakaiproject.tool.assessment.shared.impl.assessment,samigo/samigo-services/src/java/org/sakaiproject/tool/assessment/shared/impl/assessment/AssessmentServiceImpl.java,
service,SecureDeliveryServiceImpl,org.sakaiproject.tool.assessment.shared.impl.assessment,samigo/samigo-services/src/java/org/sakaiproject/tool/assessment/shared/impl/assessment/SecureDeliveryServiceImpl.java,
service,SectionServiceImpl,org.sakaiproject.tool.assessment.shared.impl.assessment,samigo/samigo-services/src/java/org/sakaiproject/tool/assessment/shared/impl/assessment/SectionServiceImpl.java,
service,QuestionPoolServiceImpl,org.sakaiproject.tool.assessment.shared.impl.questionpool,samigo/samigo-services/src/java/org/sakaiproject/tool/assessment/shared/impl/questionpool/QuestionPoolServiceImpl.java,
service,TypeServiceImpl,org.sakaiproject.tool.assessment.shared.impl.common,samigo/samigo-services/src/java/org/sakaiproject/tool/assessment/shared/impl/common/TypeServiceImpl.java,
service,MediaServiceImpl,org.sakaiproject.tool.assessment.shared.impl.common,samigo/samigo-services/src/java/org/sakaiproject/tool/assessment/shared/impl/common/MediaServiceImpl.java,
service,SamLiteServiceImpl,org.sakaiproject.tool.assessment.samlite.impl,samigo/samlite-impl/src/java/org/sakaiproject/tool/assessment/samlite/impl/SamLiteServiceImpl.java,
service,OAuthHttpService,org.sakaiproject.oauth.service,oauth/api/src/java/org/sakaiproject/oauth/service/OAuthHttpService.java,
service,OAuthAdminService,org.sakaiproject.oauth.service,oauth/api/src/java/org/sakaiproject/oauth/service/OAuthAdminService.java,
service,OAuthService,org.sakaiproject.oauth.service,oauth/api/src/java/org/sakaiproject/oauth/service/OAuthService.java,
service,OAuthHttpServiceImpl,org.sakaiproject.oauth.service,oauth/impl/src/java/org/sakaiproject/oauth/service/OAuthHttpServiceImpl.java,
service,OAuthServiceImpl,org.sakaiproject.oauth.service,oauth/impl/src/java/org/sakaiproject/oauth/service/OAuthServiceImpl.java,
service,OAuthAdminServiceImpl,org.sakaiproject.oauth.service,oauth/impl/src/java/org/sakaiproject/oauth/service/OAuthAdminServiceImpl.java,
service,AbstractWebService,org.sakaiproject.webservices,webservices/cxf/src/java/org/sakaiproject/webservices/AbstractWebService.java,
service,MockingAbstractWebService,org.sakaiproject.webservices,webservices/cxf/src/test/java/org/sakaiproject/webservices/MockingAbstractWebService.java,
service,CalendarService,org.sakaiproject.calendar.api,calendar/calendar-api/api/src/java/org/sakaiproject/calendar/api/CalendarService.java,
service,CalendarImporterService,org.sakaiproject.calendar.api,calendar/calendar-api/api/src/java/org/sakaiproject/calendar/api/CalendarImporterService.java,
service,ExternalCalendarSubscriptionService,org.sakaiproject.calendar.api,calendar/calendar-api/api/src/java/org/sakaiproject/calendar/api/ExternalCalendarSubscriptionService.java,
service,CalendarService,org.sakaiproject.calendar.cover,calendar/calendar-api/api/src/java/org/sakaiproject/calendar/cover/CalendarService.java,
service,CalendarImporterService,org.sakaiproject.calendar.cover,calendar/calendar-api/api/src/java/org/sakaiproject/calendar/cover/CalendarImporterService.java,
service,BaseExternalCalendarSubscriptionService,org.sakaiproject.calendar.impl,calendar/calendar-impl/impl/src/java/org/sakaiproject/calendar/impl/BaseExternalCalendarSubscriptionService.java,
service,BaseCalendarService,org.sakaiproject.calendar.impl,calendar/calendar-impl/impl/src/java/org/sakaiproject/calendar/impl/BaseCalendarService.java,
service,PDFExportService,org.sakaiproject.calendar.impl,calendar/calendar-impl/impl/src/java/org/sakaiproject/calendar/impl/PDFExportService.java,
service,DbCalendarService,org.sakaiproject.calendar.impl,calendar/calendar-impl/impl/src/java/org/sakaiproject/calendar/impl/DbCalendarService.java,
service,SiteNeighbourhoodServiceImpl,org.sakaiproject.portal.service,portal/portal-service-impl/impl/src/java/org/sakaiproject/portal/service/SiteNeighbourhoodServiceImpl.java,
service,PortalServiceImpl,org.sakaiproject.portal.service,portal/portal-service-impl/impl/src/java/org/sakaiproject/portal/service/PortalServiceImpl.java,
service,SiteNeighbourhoodService,org.sakaiproject.portal.api,portal/portal-api/api/src/java/org/sakaiproject/portal/api/SiteNeighbourhoodService.java,
service,PortalService,org.sakaiproject.portal.api,portal/portal-api/api/src/java/org/sakaiproject/portal/api/PortalService.java,
service,PortalService,org.sakaiproject.portal.api.cover,portal/portal-api/api/src/java/org/sakaiproject/portal/api/cover/PortalService.java,
service,ToolRenderService,org.sakaiproject.portal.render.api,portal/portal-render-api/api/src/java/org/sakaiproject/portal/render/api/ToolRenderService.java,
service,ToolRenderService,org.sakaiproject.portal.render.cover,portal/portal-render-api/api/src/java/org/sakaiproject/portal/render/cover/ToolRenderService.java,
service,IFrameToolRenderService,org.sakaiproject.portal.render.iframe,portal/portal-render-impl/impl/src/java/org/sakaiproject/portal/render/iframe/IFrameToolRenderService.java,
service,CompatibilityToolRenderService,org.sakaiproject.portal.render.compat,portal/portal-render-impl/impl/src/java/org/sakaiproject/portal/render/compat/CompatibilityToolRenderService.java,
service,FragmentToolRenderService,org.sakaiproject.portal.render.fragment,portal/portal-render-impl/impl/src/java/org/sakaiproject/portal/render/fragment/FragmentToolRenderService.java,
service,PortletToolRenderService,org.sakaiproject.portal.render.portlet,portal/portal-render-impl/impl/src/java/org/sakaiproject/portal/render/portlet/PortletToolRenderService.java,
service,SakaiPortalCallbackService,org.sakaiproject.portal.render.portlet.services,portal/portal-render-impl/impl/src/java/org/sakaiproject/portal/render/portlet/services/SakaiPortalCallbackService.java,
service,ChartServiceImpl,org.sakaiproject.sitestats.impl.chart,sitestats/sitestats-impl/src/java/org/sakaiproject/sitestats/impl/chart/ChartServiceImpl.java,
service,EventRegistryServiceImpl,org.sakaiproject.sitestats.impl.event,sitestats/sitestats-impl/src/java/org/sakaiproject/sitestats/impl/event/EventRegistryServiceImpl.java,
service,FakeEntityManager,org.sakaiproject.sitestats.test.mocks,sitestats/sitestats-impl/src/test/org/sakaiproject/sitestats/test/mocks/FakeEntityManager.java,
service,ServerWideReportManager,org.sakaiproject.sitestats.api,sitestats/sitestats-api/src/java/org/sakaiproject/sitestats/api/ServerWideReportManager.java,
service,StatsUpdateManager,org.sakaiproject.sitestats.api,sitestats/sitestats-api/src/java/org/sakaiproject/sitestats/api/StatsUpdateManager.java,
service,StatsManager,org.sakaiproject.sitestats.api,sitestats/sitestats-api/src/java/org/sakaiproject/sitestats/api/StatsManager.java,
service,ChartService,org.sakaiproject.sitestats.api.chart,sitestats/sitestats-api/src/java/org/sakaiproject/sitestats/api/chart/ChartService.java,
service,ReportManager,org.sakaiproject.sitestats.api.report,sitestats/sitestats-api/src/java/org/sakaiproject/sitestats/api/report/ReportManager.java,
service,EventRegistryService,org.sakaiproject.sitestats.api.event,sitestats/sitestats-api/src/java/org/sakaiproject/sitestats/api/event/EventRegistryService.java,
service,DetailedEventsManager,org.sakaiproject.sitestats.api.event.detailed,sitestats/sitestats-api/src/java/org/sakaiproject/sitestats/api/event/detailed/DetailedEventsManager.java,
rest,MainController,org.sakaiproject.plus.tool,plus/tool/src/main/java/org/sakaiproject/plus/tool/MainController.java,
rest,MainController,org.sakaiproject.contentreview.tool,content-review/tool/src/main/java/org/sakaiproject/contentreview/tool/MainController.java,
rest,MainController,org.sakaiproject.mailsender.tool.controller,mailsender/tool/src/java/org/sakaiproject/mailsender/tool/controller/MainController.java,
rest,MainController,org.sakaiproject.microsoft.controller,microsoft-integration/admin-tool/src/main/java/org/sakaiproject/microsoft/controller/MainController.java,
rest,GroupSynchronizationController,org.sakaiproject.microsoft.controller,microsoft-integration/admin-tool/src/main/java/org/sakaiproject/microsoft/controller/GroupSynchronizationController.java,
rest,MainController,org.sakaiproject.microsoft.collaborativedocuments.controller,microsoft-integration/collaborative-documents/src/main/java/org/sakaiproject/microsoft/collaborativedocuments/controller/MainController.java,
rest,MainController,org.sakaiproject.microsoft.mediagallery.controller,microsoft-integration/media-gallery-tool/src/main/java/org/sakaiproject/microsoft/mediagallery/controller/MainController.java,
rest,MainController,org.sakaiproject.microsoft.authorization.controller,microsoft-integration/authorization-tool/src/main/java/org/sakaiproject/microsoft/authorization/controller/MainController.java,
rest,SecureDeliveryController,org.sakaiproject.webapi.controllers,webapi/src/main/java/org/sakaiproject/webapi/controllers/SecureDeliveryController.java,
rest,ProfileController,org.sakaiproject.webapi.controllers,webapi/src/main/java/org/sakaiproject/webapi/controllers/ProfileController.java,
rest,EntityController,org.sakaiproject.webapi.controllers,webapi/src/main/java/org/sakaiproject/webapi/controllers/EntityController.java,
rest,NotificationsController,org.sakaiproject.webapi.controllers,webapi/src/main/java/org/sakaiproject/webapi/controllers/NotificationsController.java,
rest,RubricsRestController,org.sakaiproject.webapi.controllers,webapi/src/main/java/org/sakaiproject/webapi/controllers/RubricsRestController.java,
rest,CalendarController,org.sakaiproject.webapi.controllers,webapi/src/main/java/org/sakaiproject/webapi/controllers/CalendarController.java,
rest,CardGameController,org.sakaiproject.webapi.controllers,webapi/src/main/java/org/sakaiproject/webapi/controllers/CardGameController.java,
rest,DashboardController,org.sakaiproject.webapi.controllers,webapi/src/main/java/org/sakaiproject/webapi/controllers/DashboardController.java,
rest,ConversationsController,org.sakaiproject.webapi.controllers,webapi/src/main/java/org/sakaiproject/webapi/controllers/ConversationsController.java,
rest,SitesController,org.sakaiproject.webapi.controllers,webapi/src/main/java/org/sakaiproject/webapi/controllers/SitesController.java,
rest,SiteEntityController,org.sakaiproject.webapi.controllers,webapi/src/main/java/org/sakaiproject/webapi/controllers/SiteEntityController.java,
rest,SamigoController,org.sakaiproject.webapi.controllers,webapi/src/main/java/org/sakaiproject/webapi/controllers/SamigoController.java,
rest,ConditionController,org.sakaiproject.webapi.controllers,webapi/src/main/java/org/sakaiproject/webapi/controllers/ConditionController.java,
rest,GradesController,org.sakaiproject.webapi.controllers,webapi/src/main/java/org/sakaiproject/webapi/controllers/GradesController.java,
rest,TagsController,org.sakaiproject.webapi.controllers,webapi/src/main/java/org/sakaiproject/webapi/controllers/TagsController.java,
rest,SearchController,org.sakaiproject.webapi.controllers,webapi/src/main/java/org/sakaiproject/webapi/controllers/SearchController.java,
rest,ForumsController,org.sakaiproject.webapi.controllers,webapi/src/main/java/org/sakaiproject/webapi/controllers/ForumsController.java,
rest,LessonsController,org.sakaiproject.webapi.controllers,webapi/src/main/java/org/sakaiproject/webapi/controllers/LessonsController.java,
rest,TasksController,org.sakaiproject.webapi.controllers,webapi/src/main/java/org/sakaiproject/webapi/controllers/TasksController.java,
rest,AnnouncementsController,org.sakaiproject.webapi.controllers,webapi/src/main/java/org/sakaiproject/webapi/controllers/AnnouncementsController.java,
rest,ScormController,org.sakaiproject.webapi.controllers,webapi/src/main/java/org/sakaiproject/webapi/controllers/ScormController.java,
rest,EventsController,org.sakaiproject.webapi.controllers,webapi/src/main/java/org/sakaiproject/webapi/controllers/EventsController.java,
rest,PermissionsController,org.sakaiproject.webapi.controllers,webapi/src/main/java/org/sakaiproject/webapi/controllers/PermissionsController.java,
rest,LoginController,org.sakaiproject.webapi.controllers,webapi/src/main/java/org/sakaiproject/webapi/controllers/LoginController.java,
rest,UserController,org.sakaiproject.webapi.controllers,webapi/src/main/java/org/sakaiproject/webapi/controllers/UserController.java,
rest,GlobalExceptionHandler,org.sakaiproject.webapi.exception,webapi/src/main/java/org/sakaiproject/webapi/exception/GlobalExceptionHandler.java,
rest,MeetingsController,org.sakaiproject.meetings.controller,meetings/tool/src/main/java/org/sakaiproject/meetings/controller/MeetingsController.java,
rest,MainController,org.sakaiproject.mbm.tool,site/sakai-message-bundle-manager-tool/src/main/java/org/sakaiproject/mbm/tool/MainController.java,
rest,MainController,org.sakaiproject.emailtemplateservice.controller,emailtemplateservice/tool/src/main/java/org/sakaiproject/emailtemplateservice/controller/MainController.java,
rest,ConversationsController,org.sakaiproject.conversations.tool,conversations/tool/src/main/java/org/sakaiproject/conversations/tool/ConversationsController.java,
rest,MainController,org.sakaiproject.googledrive.tool,cloud-storage/googledrive/tool/src/main/java/org/sakaiproject/googledrive/tool/MainController.java,
rest,DirectController,org.sakaiproject.entitybroker.controller,entitybroker/tool/src/main/java/org/sakaiproject/entitybroker/controller/DirectController.java,
rest,HeadingsController,org.sakaiproject.postem.controller,postem/postem-app/src/main/java/org/sakaiproject/postem/controller/HeadingsController.java,
rest,ColumnsController,org.sakaiproject.postem.controller,postem/postem-app/src/main/java/org/sakaiproject/postem/controller/ColumnsController.java,
rest,ResultsController,org.sakaiproject.poll.tool.mvc,polls/tool/src/main/java/org/sakaiproject/poll/tool/mvc/ResultsController.java,
rest,OptionController,org.sakaiproject.poll.tool.mvc,polls/tool/src/main/java/org/sakaiproject/poll/tool/mvc/OptionController.java,
rest,PollEditorController,org.sakaiproject.poll.tool.mvc,polls/tool/src/main/java/org/sakaiproject/poll/tool/mvc/PollEditorController.java,
rest,VoteController,org.sakaiproject.poll.tool.mvc,polls/tool/src/main/java/org/sakaiproject/poll/tool/mvc/VoteController.java,
rest,PermissionsController,org.sakaiproject.poll.tool.mvc,polls/tool/src/main/java/org/sakaiproject/poll/tool/mvc/PermissionsController.java,
rest,PollController,org.sakaiproject.poll.tool.mvc,polls/tool/src/main/java/org/sakaiproject/poll/tool/mvc/PollController.java,
rest,MainController,org.sakaiproject.accountvalidator.tool.controller,reset-pass/account-validator-tool/src/main/java/org/sakaiproject/accountvalidator/tool/controller/MainController.java,
rest,MainController,org.sakaiproject.resetpass.controller,reset-pass/reset-pass/src/main/java/org/sakaiproject/resetpass/controller/MainController.java,
rest,MainController,org.sakaiproject.groupmanager.controller,site-manage/site-group-manager/src/main/java/org/sakaiproject/groupmanager/controller/MainController.java,
rest,AutoGroupsController,org.sakaiproject.groupmanager.controller,site-manage/site-group-manager/src/main/java/org/sakaiproject/groupmanager/controller/AutoGroupsController.java,
rest,JoinableSetController,org.sakaiproject.groupmanager.controller,site-manage/site-group-manager/src/main/java/org/sakaiproject/groupmanager/controller/JoinableSetController.java,
rest,ImportController,org.sakaiproject.groupmanager.controller,site-manage/site-group-manager/src/main/java/org/sakaiproject/groupmanager/controller/ImportController.java,
rest,GroupController,org.sakaiproject.groupmanager.controller,site-manage/site-group-manager/src/main/java/org/sakaiproject/groupmanager/controller/GroupController.java,
rest,MainController,org.sakaiproject.datemanager.tool,site-manage/datemanager/tool/src/main/java/org/sakaiproject/datemanager/tool/MainController.java,
rest,ContentHosting,org.sakaiproject.webservices,webservices/cxf/src/java/org/sakaiproject/webservices/ContentHosting.java,
rest,Activity,org.sakaiproject.webservices,webservices/cxf/src/java/org/sakaiproject/webservices/Activity.java,
rest,LessonBuilder,org.sakaiproject.webservices,webservices/cxf/src/java/org/sakaiproject/webservices/LessonBuilder.java,
rest,SakaiJob,org.sakaiproject.webservices,webservices/cxf/src/java/org/sakaiproject/webservices/SakaiJob.java,
rest,ShortenedUrl,org.sakaiproject.webservices,webservices/cxf/src/java/org/sakaiproject/webservices/ShortenedUrl.java,
rest,SakaiScript,org.sakaiproject.webservices,webservices/cxf/src/java/org/sakaiproject/webservices/SakaiScript.java,
rest,SakaiReport,org.sakaiproject.webservices,webservices/cxf/src/java/org/sakaiproject/webservices/SakaiReport.java,
rest,SakaiLogin,org.sakaiproject.webservices,webservices/cxf/src/java/org/sakaiproject/webservices/SakaiLogin.java,
rest,SakaiI18n,org.sakaiproject.webservices,webservices/cxf/src/java/org/sakaiproject/webservices/SakaiI18n.java,
rest,TestsAndQuizzes,org.sakaiproject.webservices,webservices/cxf/src/java/org/sakaiproject/webservices/TestsAndQuizzes.java,
rest,MessageForums,org.sakaiproject.webservices,webservices/cxf/src/java/org/sakaiproject/webservices/MessageForums.java,
rest,SakaiGradebook,org.sakaiproject.webservices,webservices/cxf/src/java/org/sakaiproject/webservices/SakaiGradebook.java,
rest,SakaiPortalLogin,org.sakaiproject.webservices,webservices/cxf/src/java/org/sakaiproject/webservices/SakaiPortalLogin.java,
rest,Assignments,org.sakaiproject.webservices,webservices/cxf/src/java/org/sakaiproject/webservices/Assignments.java,
rest,SakaiConfiguration,org.sakaiproject.webservices,webservices/cxf/src/java/org/sakaiproject/webservices/SakaiConfiguration.java,
rest,HostFilter,org.sakaiproject.rest,webservices/cxf/src/java/org/sakaiproject/rest/HostFilter.java,
rest,SakaiLoginLoginTest,org.sakaiproject.webservices,webservices/cxf/src/test/java/org/sakaiproject/webservices/SakaiLoginLoginTest.java,
rest,MethodGenerator,org.sakaiproject.webservices,webservices/cxf/src/test/java/org/sakaiproject/webservices/MethodGenerator.java,
