type,domain,name,path,line,extra
controller,用户、身份与沟通,MessagesController,app/controllers/messages_controller.rb,23,
controller,其他,HistoryController,app/controllers/history_controller.rb,85,
controller,作业、提交与评分,AssignmentOverridesController,app/controllers/assignment_overrides_controller.rb,113,
controller,测验与题库,AssessmentQuestionBanksController,app/controllers/assessment_question_banks_controller.rb,227,
controller,讨论、公告与协作,EportfolioCategoriesController,app/controllers/eportfolio_categories_controller.rb,20,
controller,作业、提交与评分,GradebookSettingsController,app/controllers/gradebook_settings_controller.rb,21,
controller,分析、审计与运维,JobsController,app/controllers/jobs_controller.rb,20,
controller,其他,BlackoutDatesController,app/controllers/blackout_dates_controller.rb,62,
controller,作业、提交与评分,PeerReviewsApiController,app/controllers/peer_reviews_api_controller.rb,76,
controller,其他,ApplicationController,app/controllers/application_controller.rb,24,
controller,其他,TokensController,app/controllers/tokens_controller.rb,41,
controller,学习成果与能力,OutcomesController,app/controllers/outcomes_controller.rb,21,
controller,账户与租户管理,AccountCalendarsApiController,app/controllers/account_calendars_api_controller.rb,104,
controller,作业、提交与评分,AssignmentsController,app/controllers/assignments_controller.rb,22,
controller,作业、提交与评分,AnonymousProvisionalGradesController,app/controllers/anonymous_provisional_grades_controller.rb,24,
controller,其他,ReleaseNotesController,app/controllers/release_notes_controller.rb,20,
controller,账户与租户管理,RoleOverridesController,app/controllers/role_overrides_controller.rb,173,
controller,作业、提交与评分,AssignmentGroupsController,app/controllers/assignment_groups_controller.rb,96,
controller,作业、提交与评分,GradebookCsvsController,app/controllers/gradebook_csvs_controller.rb,21,
controller,其他,FavoritesController,app/controllers/favorites_controller.rb,46,
controller,SIS、导入导出与报表,EpubExportsController,app/controllers/epub_exports_controller.rb,95,
controller,作业、提交与评分,GradeChangeAuditApiController,app/controllers/grade_change_audit_api_controller.rb,125,
controller,课程、班级与选课,SelfEnrollmentsController,app/controllers/self_enrollments_controller.rb,21,
controller,作业、提交与评分,SubmissionsBaseController,app/controllers/submissions_base_controller.rb,21,
controller,课程、班级与选课,CourseNicknamesController,app/controllers/course_nicknames_controller.rb,54,
controller,内容、文件与模块,PlannerOverridesController,app/controllers/planner_overrides_controller.rb,90,
controller,其他,ExternalFeedsController,app/controllers/external_feeds_controller.rb,72,
controller,学习成果与能力,OutcomeResultsController,app/controllers/outcome_results_controller.rb,189,
controller,课程、班级与选课,GradingPeriodSetsController,app/controllers/grading_period_sets_controller.rb,46,
controller,课程、班级与选课,TabsController,app/controllers/tabs_controller.rb,61,
controller,内容、文件与模块,ContextModulesController,app/controllers/context_modules_controller.rb,21,
controller,分析、审计与运维,AuthenticationAuditApiController,app/controllers/authentication_audit_api_controller.rb,72,
controller,其他,GradingStandardsApiController,app/controllers/grading_standards_api_controller.rb,90,
controller,账户与租户管理,PseudonymsController,app/controllers/pseudonyms_controller.rb,23,
controller,分析、审计与运维,JobsV2Controller,app/controllers/jobs_v2_controller.rb,20,
controller,用户、身份与沟通,LmgbUserDetailsController,app/controllers/lmgb_user_details_controller.rb,21,
controller,内容、文件与模块,SyllabusApiController,app/controllers/syllabus_api_controller.rb,20,
controller,作业、提交与评分,SubmissionCommentsApiController,app/controllers/submission_comments_api_controller.rb,24,
controller,其他,ScopesApiController,app/controllers/scopes_api_controller.rb,63,
controller,搜索、AI 与无障碍,AccessibilityIssuesController,app/controllers/accessibility_issues_controller.rb,20,
controller,内容、文件与模块,FilePreviewsController,app/controllers/file_previews_controller.rb,20,
controller,SIS、导入导出与报表,AccountReportsController,app/controllers/account_reports_controller.rb,199,
controller,用户、身份与沟通,CommMessagesApiController,app/controllers/comm_messages_api_controller.rb,101,
controller,SIS、导入导出与报表,MigrationIssuesController,app/controllers/migration_issues_controller.rb,95,
controller,GraphQL API,GraphQLController,app/controllers/graphql_controller.rb,21,
controller,账户与租户管理,TermsApiController,app/controllers/terms_api_controller.rb,95,
controller,其他,BlockEditorsController,app/controllers/block_editors_controller.rb,21,
controller,其他,ContentSharesController,app/controllers/content_shares_controller.rb,90,
controller,账户与租户管理,CspSettingsController,app/controllers/csp_settings_controller.rb,27,
controller,内容、文件与模块,WikiPagesController,app/controllers/wiki_pages_controller.rb,20,
controller,其他,TranslationController,app/controllers/translation_controller.rb,19,
controller,内容、文件与模块,CalendarsController,app/controllers/calendars_controller.rb,21,
controller,账户与租户管理,TermsController,app/controllers/terms_controller.rb,22,
controller,搜索、AI 与无障碍,AccessibilityController,app/controllers/accessibility_controller.rb,20,
controller,讨论、公告与协作,EportfoliosApiController,app/controllers/eportfolios_api_controller.rb,120,
controller,学习成果与能力,OutcomeProficiencyApiController,app/controllers/outcome_proficiency_api_controller.rb,66,
controller,其他,LegalInformationController,app/controllers/legal_information_controller.rb,21,
controller,账户与租户管理,BrandConfigsApiController,app/controllers/brand_configs_api_controller.rb,21,
controller,内容、文件与模块,ContentExportsApiController,app/controllers/content_exports_api_controller.rb,82,
controller,作业、提交与评分,ProvisionalGradesBaseController,app/controllers/provisional_grades_base_controller.rb,21,
controller,作业、提交与评分,AssignmentExtensionsController,app/controllers/assignment_extensions_controller.rb,51,
controller,其他,PluginsController,app/controllers/plugins_controller.rb,21,
controller,内容、文件与模块,ContextModulesApiController,app/controllers/context_modules_api_controller.rb,126,
controller,课程、班级与选课,SectionsController,app/controllers/sections_controller.rb,95,
controller,其他,JwtsController,app/controllers/jwts_controller.rb,38,
controller,账户与租户管理,AccountNotificationsController,app/controllers/account_notifications_controller.rb,83,
controller,作业、提交与评分,ProvisionalGradesController,app/controllers/provisional_grades_controller.rb,72,
controller,其他,UsageRightsController,app/controllers/usage_rights_controller.rb,84,
controller,作业、提交与评分,CustomGradebookColumnDataApiController,app/controllers/custom_gradebook_column_data_api_controller.rb,40,
controller,讨论、公告与协作,EportfolioEntriesController,app/controllers/eportfolio_entries_controller.rb,21,
controller,其他,GradingStandardsController,app/controllers/grading_standards_controller.rb,21,
controller,讨论、公告与协作,CollaborationsController,app/controllers/collaborations_controller.rb,126,
controller,SIS、导入导出与报表,WebZipExportsController,app/controllers/web_zip_exports_controller.rb,94,
controller,用户、身份与沟通,ConversationsController,app/controllers/conversations_controller.rb,153,
controller,测验与题库,ItemBanksController,app/controllers/item_banks_controller.rb,21,
controller,讨论、公告与协作,AnnouncementsController,app/controllers/announcements_controller.rb,21,
controller,账户与租户管理,AuthenticationProvidersController,app/controllers/authentication_providers_controller.rb,233,
controller,搜索、AI 与无障碍,CareerExperienceController,app/controllers/career_experience_controller.rb,43,
controller,用户、身份与沟通,DiscussionTopicUsersController,app/controllers/discussion_topic_users_controller.rb,19,
controller,作业、提交与评分,ModerationSetController,app/controllers/moderation_set_controller.rb,27,
controller,内容、文件与模块,ContextModuleItemsApiController,app/controllers/context_module_items_api_controller.rb,243,
controller,其他,CustomDataController,app/controllers/custom_data_controller.rb,23,
controller,内容、文件与模块,ContentExportsController,app/controllers/content_exports_controller.rb,21,
controller,课程、班级与选课,CoursesController,app/controllers/courses_controller.rb,350,
controller,SIS、导入导出与报表,SisApiController,app/controllers/sis_api_controller.rb,306,
controller,LTI、外部工具与集成,ExternalToolsController,app/controllers/external_tools_controller.rb,607,
controller,内容、文件与模块,PageViewsController,app/controllers/page_views_controller.rb,272,
controller,作业、提交与评分,RubricAssessmentsController,app/controllers/rubric_assessments_controller.rb,25,
controller,其他,BlockEditorTemplatesApiController,app/controllers/block_editor_templates_api_controller.rb,79,
controller,作业、提交与评分,GradebookUploadsController,app/controllers/gradebook_uploads_controller.rb,21,
controller,作业、提交与评分,ModuleAssignmentOverridesController,app/controllers/module_assignment_overrides_controller.rb,74,
controller,搜索、AI 与无障碍,ImmersiveReaderController,app/controllers/immersive_reader_controller.rb,23,
controller,讨论、公告与协作,AnnouncementsApiController,app/controllers/announcements_api_controller.rb,26,
controller,课程、班级与选课,CourseTagConversionController,app/controllers/course_tag_conversion_controller.rb,20,
controller,课程、班级与选课,CourseReportsController,app/controllers/course_reports_controller.rb,84,
controller,作业、提交与评分,RubricAssessmentImportsController,app/controllers/rubric_assessment_imports_controller.rb,25,
controller,作业、提交与评分,LatePolicyController,app/controllers/late_policy_controller.rb,101,
controller,账户与租户管理,AdminsController,app/controllers/admins_controller.rb,49,
controller,内容、文件与模块,WikiPagesApiController,app/controllers/wiki_pages_api_controller.rb,174,
controller,分析、审计与运维,RateLimitingSettingsController,app/controllers/rate_limiting_settings_controller.rb,25,
controller,课程、班级与选课,CoursePacesController,app/controllers/course_paces_controller.rb,287,
controller,搜索、AI 与无障碍,SmartSearchController,app/controllers/smart_search_controller.rb,63,
controller,内容、文件与模块,CalendarEventsController,app/controllers/calendar_events_controller.rb,21,
controller,账户与租户管理,DeveloperKeysController,app/controllers/developer_keys_controller.rb,193,
controller,账户与租户管理,LoginController,app/controllers/login_controller.rb,21,
controller,其他,ContextController,app/controllers/context_controller.rb,21,
controller,讨论、公告与协作,GroupsController,app/controllers/groups_controller.rb,150,
controller,作业、提交与评分,AssignmentsApiController,app/controllers/assignments_api_controller.rb,774,
controller,用户、身份与沟通,ObserverAlertThresholdsApiController,app/controllers/observer_alert_thresholds_api_controller.rb,21,
controller,用户、身份与沟通,AiConversationsController,app/controllers/ai_conversations_controller.rb,23,
controller,账户与租户管理,SubAccountsController,app/controllers/sub_accounts_controller.rb,23,
controller,用户、身份与沟通,UsersController,app/controllers/users_controller.rb,82,
controller,作业、提交与评分,GradebooksController,app/controllers/gradebooks_controller.rb,21,
controller,其他,ExternalContentController,app/controllers/external_content_controller.rb,24,
controller,讨论、公告与协作,DiscussionTopicsApiController,app/controllers/discussion_topics_api_controller.rb,24,
controller,内容、文件与模块,FoldersController,app/controllers/folders_controller.rb,112,
controller,分析、审计与运维,AnalyticsHubController,app/controllers/analytics_hub_controller.rb,20,
controller,作业、提交与评分,AssignmentGroupsApiController,app/controllers/assignment_groups_api_controller.rb,22,
controller,作业、提交与评分,RubricsApiController,app/controllers/rubrics_api_controller.rb,261,
controller,课程、班级与选课,AccessibilityCourseStatisticsController,app/controllers/accessibility_course_statistics_controller.rb,83,
controller,作业、提交与评分,AnonymousSubmissionsController,app/controllers/anonymous_submissions_controller.rb,21,
controller,搜索、AI 与无障碍,SearchController,app/controllers/search_controller.rb,23,
controller,讨论、公告与协作,ConferencesController,app/controllers/conferences_controller.rb,155,
controller,分析、审计与运维,DocviewerAuditEventsController,app/controllers/docviewer_audit_events_controller.rb,21,
controller,作业、提交与评分,RubricsController,app/controllers/rubrics_controller.rb,22,
controller,用户、身份与沟通,NotificationPreferencesController,app/controllers/notification_preferences_controller.rb,60,
controller,测验与题库,QuestionBanksController,app/controllers/question_banks_controller.rb,21,
controller,账户与租户管理,OAuthProxyController,app/controllers/oauth_proxy_controller.rb,21,
controller,LTI、外部工具与集成,LtiApiController,app/controllers/lti_api_controller.rb,25,
controller,其他,LearnPlatformController,app/controllers/learn_platform_controller.rb,21,
controller,讨论、公告与协作,EportfoliosController,app/controllers/eportfolios_controller.rb,21,
controller,账户与租户管理,BrandConfigsController,app/controllers/brand_configs_controller.rb,20,
controller,账户与租户管理,DeveloperKeyAccountBindingsController,app/controllers/developer_key_account_bindings_controller.rb,57,
controller,其他,SecurityController,app/controllers/security_controller.rb,33,
controller,作业、提交与评分,SubmissionsApiController,app/controllers/submissions_api_controller.rb,213,
controller,其他,LearningObjectDatesController,app/controllers/learning_object_dates_controller.rb,116,
controller,搜索、AI 与无障碍,AiExperiencesController,app/controllers/ai_experiences_controller.rb,73,
controller,其他,InfoController,app/controllers/info_controller.rb,21,
controller,SIS、导入导出与报表,SisImportErrorsApiController,app/controllers/sis_import_errors_api_controller.rb,57,
controller,其他,MediaTracksController,app/controllers/media_tracks_controller.rb,41,
controller,搜索、AI 与无障碍,CareerController,app/controllers/career_controller.rb,21,
controller,分析、审计与运维,ErrorsController,app/controllers/errors_controller.rb,66,
controller,讨论、公告与协作,OutcomeGroupsController,app/controllers/outcome_groups_controller.rb,21,
controller,分析、审计与运维,AuditorApiController,app/controllers/auditor_api_controller.rb,21,
controller,讨论、公告与协作,DiscussionEntriesController,app/controllers/discussion_entries_controller.rb,22,
controller,其他,ProgressController,app/controllers/progress_controller.rb,100,
controller,用户、身份与沟通,ObserverAlertsApiController,app/controllers/observer_alerts_api_controller.rb,21,
controller,其他,AppCenterController,app/controllers/app_center_controller.rb,21,
controller,账户与租户管理,OAuth2ProviderController,app/controllers/oauth2_provider_controller.rb,21,
controller,其他,PermissionsHelpController,app/controllers/permissions_help_controller.rb,47,
controller,其他,InstAccessTokensController,app/controllers/inst_access_tokens_controller.rb,39,
controller,作业、提交与评分,SubmissionCommentsController,app/controllers/submission_comments_controller.rb,21,
controller,作业、提交与评分,CustomGradebookColumnsApiController,app/controllers/custom_gradebook_columns_api_controller.rb,64,
controller,用户、身份与沟通,CommunicationChannelsController,app/controllers/communication_channels_controller.rb,89,
controller,内容、文件与模块,ContentMigrationsController,app/controllers/content_migrations_controller.rb,126,
controller,讨论、公告与协作,AppointmentGroupsController,app/controllers/appointment_groups_controller.rb,213,
controller,讨论、公告与协作,GroupMembershipsController,app/controllers/group_memberships_controller.rb,75,
controller,其他,AlertsController,app/controllers/alerts_controller.rb,21,
controller,其他,GradingSchemesJsonController,app/controllers/grading_schemes_json_controller.rb,21,
controller,学习成果与能力,OutcomeImportsApiController,app/controllers/outcome_imports_api_controller.rb,106,
controller,内容、文件与模块,CalendarEventsApiController,app/controllers/calendar_events_api_controller.rb,319,
controller,课程、班级与选课,EnrollmentsApiController,app/controllers/enrollments_api_controller.rb,327,
controller,其他,MicrofrontendsReleaseTagOverrideController,app/controllers/microfrontends_release_tag_override_controller.rb,21,
controller,作业、提交与评分,LearningMasteryGradebookSettingsApiController,app/controllers/learning_mastery_gradebook_settings_api_controller.rb,21,
controller,SIS、导入导出与报表,ContentImportsController,app/controllers/content_imports_controller.rb,22,
controller,其他,OneTimePasswordsController,app/controllers/one_time_passwords_controller.rb,21,
controller,内容、文件与模块,PlannerNotesController,app/controllers/planner_notes_controller.rb,91,
controller,用户、身份与沟通,ObserverPairingCodesApiController,app/controllers/observer_pairing_codes_api_controller.rb,52,
controller,内容、文件与模块,PlannerController,app/controllers/planner_controller.rb,25,
controller,SIS、导入导出与报表,DisablePostToSisApiController,app/controllers/disable_post_to_sis_api_controller.rb,24,
controller,其他,ServicesApiController,app/controllers/services_api_controller.rb,22,
controller,测验与题库,NewQuizzesController,app/controllers/new_quizzes_controller.rb,26,
controller,用户、身份与沟通,UserListsController,app/controllers/user_lists_controller.rb,21,
controller,其他,HorizonController,app/controllers/horizon_controller.rb,20,
controller,其他,EquationImagesController,app/controllers/equation_images_controller.rb,20,
controller,内容、文件与模块,DiscoveryPagesApiController,app/controllers/discovery_pages_api_controller.rb,69,
controller,账户与租户管理,AccountsController,app/controllers/accounts_controller.rb,303,
controller,学习成果与能力,OutcomesAcademicBenchmarkImportApiController,app/controllers/outcomes_academic_benchmark_import_api_controller.rb,21,
controller,其他,MediaObjectsController,app/controllers/media_objects_controller.rb,73,
controller,内容、文件与模块,FilesController,app/controllers/files_controller.rb,128,
controller,用户、身份与沟通,ProfileController,app/controllers/profile_controller.rb,156,
controller,作业、提交与评分,GradebookHistoryApiController,app/controllers/gradebook_history_api_controller.rb,209,
controller,作业、提交与评分,RubricAssociationsController,app/controllers/rubric_associations_controller.rb,24,
controller,账户与租户管理,SharedBrandConfigsController,app/controllers/shared_brand_configs_controller.rb,62,
controller,学习成果与能力,OutcomesApiController,app/controllers/outcomes_api_controller.rb,165,
controller,用户、身份与沟通,UserObserveesController,app/controllers/user_observees_controller.rb,24,
controller,作业、提交与评分,WhatIfGradesApiController,app/controllers/what_if_grades_api_controller.rb,138,
controller,SIS、导入导出与报表,SisImportsApiController,app/controllers/sis_imports_api_controller.rb,373,
controller,课程、班级与选课,TemporaryEnrollmentPairingsApiController,app/controllers/temporary_enrollment_pairings_api_controller.rb,41,
controller,其他,AdaChatPopupController,app/controllers/ada_chat_popup_controller.rb,24,
controller,账户与租户管理,AccountGradingSettingsController,app/controllers/account_grading_settings_controller.rb,24,
controller,讨论、公告与协作,OutcomeGroupsApiController,app/controllers/outcome_groups_api_controller.rb,141,
controller,作业、提交与评分,GradebookFiltersApiController,app/controllers/gradebook_filters_api_controller.rb,21,
controller,讨论、公告与协作,DiscussionTopicsController,app/controllers/discussion_topics_controller.rb,271,
controller,内容、文件与模块,PageCommentsController,app/controllers/page_comments_controller.rb,21,
controller,测验与题库,AssessmentQuestionsController,app/controllers/assessment_questions_controller.rb,21,
controller,其他,CanvadocSessionsController,app/controllers/canvadoc_sessions_controller.rb,21,
controller,作业、提交与评分,SubmissionsController,app/controllers/submissions_controller.rb,91,
controller,讨论、公告与协作,GroupCategoriesController,app/controllers/group_categories_controller.rb,99,
controller,课程、班级与选课,CourseAuditApiController,app/controllers/course_audit_api_controller.rb,172,
controller,分析、审计与运维,FeatureFlagsController,app/controllers/feature_flags_controller.rb,136,
controller,课程、班级与选课,GradingPeriodsController,app/controllers/grading_periods_controller.rb,70,
controller,其他,RulesController,app/controllers/conditional_release/rules_controller.rb,21,
controller,分析、审计与运维,StatsController,app/controllers/conditional_release/stats_controller.rb,21,
controller,测验与题库,QuizzesNext::QuizzesApiController,app/controllers/quizzes_next/quizzes_api_controller.rb,20,
controller,LTI、外部工具与集成,Test::MockLtiController,app/controllers/test/mock_lti_controller.rb,23,
controller,其他,PollChoicesController,app/controllers/polling/poll_choices_controller.rb,57,
controller,其他,PollsController,app/controllers/polling/polls_controller.rb,63,
controller,作业、提交与评分,PollSubmissionsController,app/controllers/polling/poll_submissions_controller.rb,53,
controller,其他,PollSessionsController,app/controllers/polling/poll_sessions_controller.rb,77,
controller,用户、身份与沟通,UserExperiencesController,app/controllers/canvas_career/user_experiences_controller.rb,21,
controller,其他,ResultsController,app/controllers/live_assessments/results_controller.rb,75,
controller,其他,AssessmentsController,app/controllers/live_assessments/assessments_controller.rb,48,
controller,LTI、外部工具与集成,AssetProcessorController,app/controllers/support_helpers/asset_processor_controller.rb,21,
controller,LTI、外部工具与集成,TurnitinController,app/controllers/support_helpers/turnitin_controller.rb,21,
controller,作业、提交与评分,SubmissionLifecycleManageController,app/controllers/support_helpers/submission_lifecycle_manage_controller.rb,21,
controller,LTI、外部工具与集成,PlagiarismPlatformController,app/controllers/support_helpers/plagiarism_platform_controller.rb,21,
controller,讨论、公告与协作,MicrosoftSync::GroupsController,app/controllers/microsoft_sync/groups_controller.rb,97,
controller,其他,Bookmarks::BookmarksController,app/controllers/bookmarks/bookmarks_controller.rb,49,
controller,LTI、外部工具与集成,ToolProxyController,app/controllers/lti/tool_proxy_controller.rb,21,
controller,LTI、外部工具与集成,Lti::ResourceLinksController,app/controllers/lti/resource_links_controller.rb,150,
controller,LTI、外部工具与集成,PlatformStorageController,app/controllers/lti/platform_storage_controller.rb,42,
controller,LTI、外部工具与集成,AssetProcessorController,app/controllers/lti/asset_processor_controller.rb,21,
controller,LTI、外部工具与集成,ToolDefaultIconController,app/controllers/lti/tool_default_icon_controller.rb,21,
controller,LTI、外部工具与集成,Lti::TokenController,app/controllers/lti/token_controller.rb,21,
controller,LTI、外部工具与集成,ContextControlsController,app/controllers/lti/context_controls_controller.rb,125,
controller,LTI、外部工具与集成,AssetProcessorLaunchController,app/controllers/lti/asset_processor_launch_controller.rb,21,
controller,LTI、外部工具与集成,PublicJwkController,app/controllers/lti/public_jwk_controller.rb,22,
controller,LTI、外部工具与集成,AssetProcessorTiiMigrationsApiController,app/controllers/lti/asset_processor_tii_migrations_api_controller.rb,22,
controller,LTI、外部工具与集成,PlagiarismAssignmentsApiController,app/controllers/lti/plagiarism_assignments_api_controller.rb,64,
controller,LTI、外部工具与集成,Lti::ToolConfigurationsApiController,app/controllers/lti/tool_configurations_api_controller.rb,41,
controller,账户与租户管理,AccountLookupController,app/controllers/lti/account_lookup_controller.rb,66,
controller,LTI、外部工具与集成,LtiAppsController,app/controllers/lti/lti_apps_controller.rb,93,
controller,用户、身份与沟通,UsersApiController,app/controllers/lti/users_api_controller.rb,23,
controller,LTI、外部工具与集成,SubscriptionsApiController,app/controllers/lti/subscriptions_api_controller.rb,46,
controller,LTI、外部工具与集成,DeploymentsController,app/controllers/lti/deployments_controller.rb,84,
controller,LTI、外部工具与集成,AccountExternalToolsController,app/controllers/lti/account_external_tools_controller.rb,29,
controller,作业、提交与评分,SubmissionsApiController,app/controllers/lti/submissions_api_controller.rb,140,
controller,LTI、外部工具与集成,EulaLaunchController,app/controllers/lti/eula_launch_controller.rb,21,
controller,用户、身份与沟通,MessageController,app/controllers/lti/message_controller.rb,26,
controller,LTI、外部工具与集成,OriginalityReportsApiController,app/controllers/lti/originality_reports_api_controller.rb,113,
controller,LTI、外部工具与集成,DataServicesController,app/controllers/lti/data_services_controller.rb,65,
controller,LTI、外部工具与集成,MembershipServiceController,app/controllers/lti/membership_service_controller.rb,23,
controller,LTI、外部工具与集成,FeatureFlagsController,app/controllers/lti/feature_flags_controller.rb,44,
controller,LTI、外部工具与集成,Lti::RegistrationsController,app/controllers/lti/registrations_controller.rb,1112,
controller,课程、班级与选课,MasterCourses::MasterTemplatesController,app/controllers/master_courses/master_templates_controller.rb,242,
controller,作业、提交与评分,DownloadsController,app/controllers/submissions/downloads_controller.rb,22,
controller,作业、提交与评分,DownloadsBaseController,app/controllers/submissions/downloads_base_controller.rb,22,
controller,作业、提交与评分,PreviewsBaseController,app/controllers/submissions/previews_base_controller.rb,22,
controller,作业、提交与评分,AnonymousPreviewsController,app/controllers/submissions/anonymous_previews_controller.rb,22,
controller,作业、提交与评分,PreviewsController,app/controllers/submissions/previews_controller.rb,22,
controller,作业、提交与评分,AnonymousDownloadsController,app/controllers/submissions/anonymous_downloads_controller.rb,22,
controller,课程、班级与选课,CourseScanController,app/controllers/accessibility/course_scan_controller.rb,21,
controller,搜索、AI 与无障碍,ResourceScanController,app/controllers/accessibility/resource_scan_controller.rb,21,
controller,搜索、AI 与无障碍,GenerateController,app/controllers/accessibility/generate_controller.rb,21,
controller,搜索、AI 与无障碍,PreviewController,app/controllers/accessibility/preview_controller.rb,21,
controller,搜索、AI 与无障碍,IssueSummaryController,app/controllers/accessibility/issue_summary_controller.rb,25,
controller,搜索、AI 与无障碍,IssuesController,app/controllers/accessibility/issues_controller.rb,25,
controller,测验与题库,Quizzes::QuizSubmissionsController,app/controllers/quizzes/quiz_submissions_controller.rb,21,
controller,测验与题库,QuizSubmissionUsersController,app/controllers/quizzes/quiz_submission_users_controller.rb,85,
controller,测验与题库,Quizzes::QuizSubmissionQuestionsController,app/controllers/quizzes/quiz_submission_questions_controller.rb,53,
controller,测验与题库,Quizzes::QuizSubmissionEventsController,app/controllers/quizzes/quiz_submission_events_controller.rb,21,
controller,测验与题库,Quizzes::QuizAssignmentOverridesController,app/controllers/quizzes/quiz_assignment_overrides_controller.rb,96,
controller,测验与题库,Quizzes::QuizSubmissionFilesController,app/controllers/quizzes/quiz_submission_files_controller.rb,22,
controller,测验与题库,Quizzes::OutstandingQuizSubmissionsController,app/controllers/quizzes/outstanding_quiz_submissions_controller.rb,24,
controller,测验与题库,Quizzes::CourseQuizExtensionsController,app/controllers/quizzes/course_quiz_extensions_controller.rb,61,
controller,测验与题库,Quizzes::QuizReportsController,app/controllers/quizzes/quiz_reports_controller.rb,100,
controller,测验与题库,Quizzes::QuizExtensionsController,app/controllers/quizzes/quiz_extensions_controller.rb,67,
controller,测验与题库,Quizzes::QuizStatisticsController,app/controllers/quizzes/quiz_statistics_controller.rb,238,
controller,测验与题库,Quizzes::QuizSubmissionEventsApiController,app/controllers/quizzes/quiz_submission_events_api_controller.rb,44,
controller,测验与题库,Quizzes::QuizzesApiController,app/controllers/quizzes/quizzes_api_controller.rb,289,
controller,测验与题库,Quizzes::QuizIpFiltersController,app/controllers/quizzes/quiz_ip_filters_controller.rb,48,
controller,测验与题库,Quizzes::QuizzesController,app/controllers/quizzes/quizzes_controller.rb,21,
controller,测验与题库,Quizzes::QuizQuestionsController,app/controllers/quizzes/quiz_questions_controller.rb,198,
controller,测验与题库,Quizzes::QuizGroupsController,app/controllers/quizzes/quiz_groups_controller.rb,74,
controller,测验与题库,Quizzes::QuizSubmissionsApiController,app/controllers/quizzes/quiz_submissions_api_controller.rb,143,
controller,账户与租户管理,Login::OAuth2Controller,app/controllers/login/oauth2_controller.rb,21,
controller,账户与租户管理,Login::OAuthBaseController,app/controllers/login/oauth_base_controller.rb,21,
controller,账户与租户管理,Login::OtpController,app/controllers/login/otp_controller.rb,24,
controller,账户与租户管理,Login::SamlIdpDiscoveryController,app/controllers/login/saml_idp_discovery_controller.rb,21,
controller,账户与租户管理,Login::CasController,app/controllers/login/cas_controller.rb,23,
controller,账户与租户管理,Login::OpenidConnectController,app/controllers/login/openid_connect_controller.rb,21,
controller,账户与租户管理,Login::ExternalAuthObserversController,app/controllers/login/external_auth_observers_controller.rb,20,
controller,账户与租户管理,Login::CanvasController,app/controllers/login/canvas_controller.rb,21,
controller,账户与租户管理,Login::OAuthController,app/controllers/login/oauth_controller.rb,21,
controller,账户与租户管理,Login::SamlController,app/controllers/login/saml_controller.rb,21,
controller,账户与租户管理,CleverController,app/controllers/login/clever_controller.rb,22,
controller,课程、班级与选课,CoursePacing::StudentEnrollmentPacesApiController,app/controllers/course_pacing/student_enrollment_paces_api_controller.rb,20,
controller,课程、班级与选课,CoursePacing::PacesApiController,app/controllers/course_pacing/paces_api_controller.rb,20,
controller,课程、班级与选课,CoursePacing::BulkStudentEnrollmentPacesApiController,app/controllers/course_pacing/bulk_student_enrollment_paces_api_controller.rb,20,
controller,课程、班级与选课,CoursePacing::PaceContextsApiController,app/controllers/course_pacing/pace_contexts_api_controller.rb,20,
controller,课程、班级与选课,CoursePacing::SectionPacesApiController,app/controllers/course_pacing/section_paces_api_controller.rb,20,
controller,LTI、外部工具与集成,ToolProxyController,app/controllers/lti/ims/tool_proxy_controller.rb,23,
controller,LTI、外部工具与集成,AssetProcessorController,app/controllers/lti/ims/asset_processor_controller.rb,26,
controller,LTI、外部工具与集成,AuthorizationController,app/controllers/lti/ims/authorization_controller.rb,60,
controller,LTI、外部工具与集成,LineItemsController,app/controllers/lti/ims/line_items_controller.rb,74,
controller,LTI、外部工具与集成,ResultsController,app/controllers/lti/ims/results_controller.rb,62,
controller,LTI、外部工具与集成,NoticeHandlersController,app/controllers/lti/ims/notice_handlers_controller.rb,86,
controller,LTI、外部工具与集成,DeepLinkingController,app/controllers/lti/ims/deep_linking_controller.rb,22,
controller,LTI、外部工具与集成,AuthenticationController,app/controllers/lti/ims/authentication_controller.rb,26,
controller,账户与租户管理,NamesAndRolesController,app/controllers/lti/ims/names_and_roles_controller.rb,264,
controller,LTI、外部工具与集成,AssetProcessorEulaController,app/controllers/lti/ims/asset_processor_eula_controller.rb,26,
controller,用户、身份与沟通,ToolConsumerProfileController,app/controllers/lti/ims/tool_consumer_profile_controller.rb,23,
controller,LTI、外部工具与集成,ProgressController,app/controllers/lti/ims/progress_controller.rb,100,
controller,LTI、外部工具与集成,DynamicRegistrationController,app/controllers/lti/ims/dynamic_registration_controller.rb,26,
controller,LTI、外部工具与集成,ScoresController,app/controllers/lti/ims/scores_controller.rb,71,
controller,LTI、外部工具与集成,ToolSettingController,app/controllers/lti/ims/tool_setting_controller.rb,25,
action,用户、身份与沟通,MessagesController#require_read_messages,app/controllers/messages_controller.rb,26,
action,用户、身份与沟通,MessagesController#index,app/controllers/messages_controller.rb,30,
action,用户、身份与沟通,MessagesController#show,app/controllers/messages_controller.rb,36,
action,用户、身份与沟通,MessagesController#create,app/controllers/messages_controller.rb,43,
action,用户、身份与沟通,MessagesController#html_message,app/controllers/messages_controller.rb,56,
action,其他,HistoryController#index,app/controllers/history_controller.rb,95,
action,其他,HistoryController#include_page_view?,app/controllers/history_controller.rb,130,
action,作业、提交与评分,AssignmentOverridesController#index,app/controllers/assignment_overrides_controller.rb,130,
action,作业、提交与评分,AssignmentOverridesController#show,app/controllers/assignment_overrides_controller.rb,140,
action,作业、提交与评分,AssignmentOverridesController#group_alias,app/controllers/assignment_overrides_controller.rb,148,
action,作业、提交与评分,AssignmentOverridesController#section_alias,app/controllers/assignment_overrides_controller.rb,163,
action,作业、提交与评分,AssignmentOverridesController#create,app/controllers/assignment_overrides_controller.rb,235,
action,作业、提交与评分,AssignmentOverridesController#update,app/controllers/assignment_overrides_controller.rb,293,
action,作业、提交与评分,AssignmentOverridesController#destroy,app/controllers/assignment_overrides_controller.rb,316,
action,作业、提交与评分,AssignmentOverridesController#batch_retrieve,app/controllers/assignment_overrides_controller.rb,341,
action,作业、提交与评分,AssignmentOverridesController#batch_create,app/controllers/assignment_overrides_controller.rb,403,
action,作业、提交与评分,AssignmentOverridesController#batch_update,app/controllers/assignment_overrides_controller.rb,439,
action,作业、提交与评分,AssignmentOverridesController#require_group,app/controllers/assignment_overrides_controller.rb,445,
action,作业、提交与评分,AssignmentOverridesController#require_section,app/controllers/assignment_overrides_controller.rb,450,
action,作业、提交与评分,AssignmentOverridesController#require_course,app/controllers/assignment_overrides_controller.rb,455,
action,作业、提交与评分,AssignmentOverridesController#require_assignment,app/controllers/assignment_overrides_controller.rb,463,
action,作业、提交与评分,AssignmentOverridesController#require_assignment_edit,app/controllers/assignment_overrides_controller.rb,467,
action,作业、提交与评分,AssignmentOverridesController#require_all_assignments_edit,app/controllers/assignment_overrides_controller.rb,471,
action,作业、提交与评分,AssignmentOverridesController#require_override,app/controllers/assignment_overrides_controller.rb,475,
action,作业、提交与评分,AssignmentOverridesController#bad_request,app/controllers/assignment_overrides_controller.rb,480,
action,作业、提交与评分,AssignmentOverridesController#batch_edit,app/controllers/assignment_overrides_controller.rb,484,
action,测验与题库,AssessmentQuestionBanksController#index,app/controllers/assessment_question_banks_controller.rb,252,
action,测验与题库,AssessmentQuestionBanksController#show,app/controllers/assessment_question_banks_controller.rb,273,
action,测验与题库,AssessmentQuestionBanksController#questions,app/controllers/assessment_question_banks_controller.rb,294,
action,测验与题库,AssessmentQuestionBanksController#parse_includes,app/controllers/assessment_question_banks_controller.rb,317,
action,测验与题库,AssessmentQuestionBanksController#require_context,app/controllers/assessment_question_banks_controller.rb,321,
action,测验与题库,AssessmentQuestionBanksController#require_bank,app/controllers/assessment_question_banks_controller.rb,341,
action,讨论、公告与协作,EportfolioCategoriesController#index,app/controllers/eportfolio_categories_controller.rb,26,
action,讨论、公告与协作,EportfolioCategoriesController#create,app/controllers/eportfolio_categories_controller.rb,36,
action,讨论、公告与协作,EportfolioCategoriesController#update,app/controllers/eportfolio_categories_controller.rb,51,
action,讨论、公告与协作,EportfolioCategoriesController#show,app/controllers/eportfolio_categories_controller.rb,65,
action,讨论、公告与协作,EportfolioCategoriesController#destroy,app/controllers/eportfolio_categories_controller.rb,104,
action,讨论、公告与协作,EportfolioCategoriesController#pages,app/controllers/eportfolio_categories_controller.rb,117,
action,讨论、公告与协作,EportfolioCategoriesController#eportfolio_category_params,app/controllers/eportfolio_categories_controller.rb,138,
action,讨论、公告与协作,EportfolioCategoriesController#get_eportfolio,app/controllers/eportfolio_categories_controller.rb,142,
action,作业、提交与评分,GradebookSettingsController#update,app/controllers/gradebook_settings_controller.rb,25,
action,作业、提交与评分,GradebookSettingsController#gradebook_settings_params,app/controllers/gradebook_settings_controller.rb,37,
action,作业、提交与评分,GradebookSettingsController#valid_colors,app/controllers/gradebook_settings_controller.rb,81,
action,作业、提交与评分,GradebookSettingsController#nilify_strings,app/controllers/gradebook_settings_controller.rb,85,
action,作业、提交与评分,GradebookSettingsController#authorize,app/controllers/gradebook_settings_controller.rb,100,
action,作业、提交与评分,GradebookSettingsController#updated_settings,app/controllers/gradebook_settings_controller.rb,104,
action,作业、提交与评分,GradebookSettingsController#deep_merge_gradebook_settings,app/controllers/gradebook_settings_controller.rb,113,
action,分析、审计与运维,JobsController#require_manage_jobs,app/controllers/jobs_controller.rb,27,
action,分析、审计与运维,JobsController#require_view_jobs,app/controllers/jobs_controller.rb,31,
action,分析、审计与运维,JobsController#index,app/controllers/jobs_controller.rb,35,
action,分析、审计与运维,JobsController#show,app/controllers/jobs_controller.rb,61,
action,分析、审计与运维,JobsController#batch_update,app/controllers/jobs_controller.rb,70,
action,分析、审计与运维,JobsController#jobs,app/controllers/jobs_controller.rb,88,
action,分析、审计与运维,JobsController#set_navigation,app/controllers/jobs_controller.rb,112,
action,其他,BlackoutDatesController#index,app/controllers/blackout_dates_controller.rb,71,
action,其他,BlackoutDatesController#show,app/controllers/blackout_dates_controller.rb,83,
action,其他,BlackoutDatesController#new,app/controllers/blackout_dates_controller.rb,94,
action,其他,BlackoutDatesController#create,app/controllers/blackout_dates_controller.rb,113,
action,其他,BlackoutDatesController#update,app/controllers/blackout_dates_controller.rb,136,
action,其他,BlackoutDatesController#destroy,app/controllers/blackout_dates_controller.rb,151,
action,其他,BlackoutDatesController#bulk_update,app/controllers/blackout_dates_controller.rb,169,
action,其他,BlackoutDatesController#load_blackout_date,app/controllers/blackout_dates_controller.rb,196,
action,其他,BlackoutDatesController#blackout_date_params,app/controllers/blackout_dates_controller.rb,200,
action,作业、提交与评分,PeerReviewsApiController#index,app/controllers/peer_reviews_api_controller.rb,89,
action,作业、提交与评分,PeerReviewsApiController#create,app/controllers/peer_reviews_api_controller.rb,111,
action,作业、提交与评分,PeerReviewsApiController#destroy,app/controllers/peer_reviews_api_controller.rb,130,
action,作业、提交与评分,PeerReviewsApiController#allocate,app/controllers/peer_reviews_api_controller.rb,149,
action,作业、提交与评分,PeerReviewsApiController#require_assignment,app/controllers/peer_reviews_api_controller.rb,179,
action,作业、提交与评分,PeerReviewsApiController#peer_review_assets,app/controllers/peer_reviews_api_controller.rb,184,
action,其他,ApplicationController#instance_id,app/controllers/application_controller.rb,101,
action,其他,ApplicationController#region,app/controllers/application_controller.rb,105,
action,其他,ApplicationController#test_cluster_name,app/controllers/application_controller.rb,109,
action,其他,ApplicationController#test_cluster?,app/controllers/application_controller.rb,113,
action,其他,ApplicationController#google_drive_timeout,app/controllers/application_controller.rb,117,
action,其他,ApplicationController#batch_jobs_in_actions,app/controllers/application_controller.rb,123,
action,其他,ApplicationController#flamegraph_requested_and_permitted?,app/controllers/application_controller.rb,131,
action,其他,ApplicationController#enable_n_plus_one_detection?,app/controllers/application_controller.rb,139,
action,其他,ApplicationController#n_plus_one_detection,app/controllers/application_controller.rb,150,
action,其他,ApplicationController#generate_flamegraph,app/controllers/application_controller.rb,168,
action,其他,ApplicationController#supported_timezones,app/controllers/application_controller.rb,177,
action,其他,ApplicationController#clear_js_env,app/controllers/application_controller.rb,190,
action,其他,ApplicationController#page_has_instui_topnav,app/controllers/application_controller.rb,194,
action,其他,ApplicationController#set_normalized_route,app/controllers/application_controller.rb,202,
action,其他,ApplicationController#set_sentry_trace,app/controllers/application_controller.rb,212,
action,其他,ApplicationController#js_env,app/controllers/application_controller.rb,239,
action,其他,ApplicationController#show_career_switch?,app/controllers/application_controller.rb,499,
action,其他,ApplicationController#group_information,app/controllers/application_controller.rb,507,
action,其他,ApplicationController#cached_js_env_account_features,app/controllers/application_controller.rb,626,
action,其他,ApplicationController#js_env_root_account_settings,app/controllers/application_controller.rb,650,
action,其他,ApplicationController#cached_js_env_root_account_settings,app/controllers/application_controller.rb,666,
action,其他,ApplicationController#add_to_js_env,app/controllers/application_controller.rb,683,
action,其他,ApplicationController#render_js_env,app/controllers/application_controller.rb,693,
action,其他,ApplicationController#effective_account_attribute,app/controllers/application_controller.rb,700,
action,其他,ApplicationController#rce_js_env_base,app/controllers/application_controller.rb,713,
action,其他,ApplicationController#rce_js_env,app/controllers/application_controller.rb,722,
action,其他,ApplicationController#conditional_release_js_env,app/controllers/application_controller.rb,734,
action,其他,ApplicationController#set_student_context_cards_js_env,app/controllers/application_controller.rb,752,
action,其他,ApplicationController#external_tools_display_hashes,app/controllers/application_controller.rb,759,
action,其他,ApplicationController#external_tool_display_hash,app/controllers/application_controller.rb,781,
action,其他,ApplicationController#add_lti_tool_scopes_to_js_env,app/controllers/application_controller.rb,827,
action,其他,ApplicationController#k12?,app/controllers/application_controller.rb,839,
action,其他,ApplicationController#grading_periods?,app/controllers/application_controller.rb,844,
action,其他,ApplicationController#setup_master_course_restrictions,app/controllers/application_controller.rb,849,
action,其他,ApplicationController#set_master_course_js_env_data,app/controllers/application_controller.rb,862,
action,其他,ApplicationController#load_blueprint_courses_ui,app/controllers/application_controller.rb,877,
action,其他,ApplicationController#load_content_notices,app/controllers/application_controller.rb,920,
action,其他,ApplicationController#editing_restricted?,app/controllers/application_controller.rb,943,
action,其他,ApplicationController#tool_dimensions,app/controllers/application_controller.rb,950,
action,其他,ApplicationController#reject!,app/controllers/application_controller.rb,978,
action,其他,ApplicationController#logged_in_user,app/controllers/application_controller.rb,988,
action,其他,ApplicationController#not_fake_student_user,app/controllers/application_controller.rb,993,
action,其他,ApplicationController#rescue_action_dispatch_exception,app/controllers/application_controller.rb,997,
action,其他,ApplicationController#named_context_url,app/controllers/application_controller.rb,1003,
action,其他,ApplicationController#self,app/controllers/application_controller.rb,1020,
action,其他,ApplicationController#use_new_math_equation_handling?,app/controllers/application_controller.rb,1029,
action,其他,ApplicationController#user_url,app/controllers/application_controller.rb,1035,
action,其他,ApplicationController#increment_request_cost,app/controllers/application_controller.rb,1049,
action,其他,ApplicationController#assign_localizer,app/controllers/application_controller.rb,1054,
action,其他,ApplicationController#set_locale,app/controllers/application_controller.rb,1075,
action,其他,ApplicationController#set_timezone,app/controllers/application_controller.rb,1086,
action,其他,ApplicationController#enable_request_cache,app/controllers/application_controller.rb,1091,
action,其他,ApplicationController#batch_statsd,app/controllers/application_controller.rb,1095,
action,其他,ApplicationController#compute_http_cost,app/controllers/application_controller.rb,1099,
action,其他,ApplicationController#clear_idle_connections,app/controllers/application_controller.rb,1109,
action,其他,ApplicationController#annotate_apm,app/controllers/application_controller.rb,1113,
action,其他,ApplicationController#annotate_sentry,app/controllers/application_controller.rb,1122,
action,其他,ApplicationController#store_session_locale,app/controllers/application_controller.rb,1128,
action,其他,ApplicationController#store_session_timezone,app/controllers/application_controller.rb,1135,
action,其他,ApplicationController#init_body_classes,app/controllers/application_controller.rb,1141,
action,其他,ApplicationController#set_user_id_header,app/controllers/application_controller.rb,1145,
action,其他,ApplicationController#append_to_header,app/controllers/application_controller.rb,1150,
action,其他,ApplicationController#fix_xhr_requests,app/controllers/application_controller.rb,1157,
action,其他,ApplicationController#set_time_zone,app/controllers/application_controller.rb,1162,
action,其他,ApplicationController#load_account,app/controllers/application_controller.rb,1179,
action,其他,ApplicationController#respect_account_privacy,app/controllers/application_controller.rb,1185,
action,其他,ApplicationController#csp_frame_ancestors,app/controllers/application_controller.rb,1194,
action,其他,ApplicationController#set_pre_response_headers,app/controllers/application_controller.rb,1203,
action,其他,ApplicationController#set_response_headers,app/controllers/application_controller.rb,1209,
action,其他,ApplicationController#files_domain?,app/controllers/application_controller.rb,1222,
action,其他,ApplicationController#check_pending_otp,app/controllers/application_controller.rb,1226,
action,其他,ApplicationController#tab_enabled?,app/controllers/application_controller.rb,1243,
action,其他,ApplicationController#render_tab_disabled,app/controllers/application_controller.rb,1257,
action,其他,ApplicationController#tab_disabled_message,app/controllers/application_controller.rb,1270,
action,其他,ApplicationController#require_password_session,app/controllers/application_controller.rb,1283,
action,其他,ApplicationController#run_login_hooks,app/controllers/application_controller.rb,1293,
action,其他,ApplicationController#authorized_action,app/controllers/application_controller.rb,1304,
action,其他,ApplicationController#fix_ms_office_redirects,app/controllers/application_controller.rb,1320,
action,其他,ApplicationController#render_error_with_details,app/controllers/application_controller.rb,1334,
action,其他,ApplicationController#render_unauthorized_action,app/controllers/application_controller.rb,1345,
action,其他,ApplicationController#verified_user_check,app/controllers/application_controller.rb,1381,
action,其他,ApplicationController#render_unverified_error,app/controllers/application_controller.rb,1400,
action,其他,ApplicationController#require_context,app/controllers/application_controller.rb,1421,
action,其他,ApplicationController#require_context_and_read_access,app/controllers/application_controller.rb,1436,
action,其他,ApplicationController#require_account_context,app/controllers/application_controller.rb,1442,
action,其他,ApplicationController#require_course_context,app/controllers/application_controller.rb,1446,
action,其他,ApplicationController#require_context_type,app/controllers/application_controller.rb,1450,
action,其他,ApplicationController#get_context,app/controllers/application_controller.rb,1465,
action,其他,ApplicationController#get_all_pertinent_contexts,app/controllers/application_controller.rb,1555,
action,其他,ApplicationController#check_for_readonly_enrollment_state,app/controllers/application_controller.rb,1646,
action,其他,ApplicationController#set_badge_counts_for,app/controllers/application_controller.rb,1668,
action,其他,ApplicationController#badge_counts_for,app/controllers/application_controller.rb,1677,
action,其他,ApplicationController#content_participation_count,app/controllers/application_controller.rb,1688,
action,其他,ApplicationController#get_upcoming_assignments,app/controllers/application_controller.rb,1694,
action,其他,ApplicationController#log_course,app/controllers/application_controller.rb,1716,
action,其他,ApplicationController#get_quota,app/controllers/application_controller.rb,1721,
action,其他,ApplicationController#quota_exceeded,app/controllers/application_controller.rb,1728,
action,其他,ApplicationController#get_feed_context,app/controllers/application_controller.rb,1762,
action,其他,ApplicationController#find_user_from_uuid,app/controllers/application_controller.rb,1824,
action,其他,ApplicationController#discard_flash_if_xhr,app/controllers/application_controller.rb,1829,
action,其他,ApplicationController#cancel_cache_buster,app/controllers/application_controller.rb,1835,
action,其他,ApplicationController#cache_buster,app/controllers/application_controller.rb,1839,
action,其他,ApplicationController#initiate_session_from_token,app/controllers/application_controller.rb,1848,
action,其他,ApplicationController#remove_query_params,app/controllers/application_controller.rb,1903,
action,其他,ApplicationController#set_no_cache_headers,app/controllers/application_controller.rb,1913,
action,其他,ApplicationController#manage_robots_meta,app/controllers/application_controller.rb,1918,
action,其他,ApplicationController#set_page_view,app/controllers/application_controller.rb,1922,
action,其他,ApplicationController#require_reacceptance_of_terms,app/controllers/application_controller.rb,1932,
action,其他,ApplicationController#clear_policy_cache,app/controllers/application_controller.rb,1939,
action,其他,ApplicationController#generate_page_view,app/controllers/application_controller.rb,1943,
action,其他,ApplicationController#disable_page_views,app/controllers/application_controller.rb,1950,
action,其他,ApplicationController#update_enrollment_last_activity_at,app/controllers/application_controller.rb,1955,
action,其他,ApplicationController#log_asset_access,app/controllers/application_controller.rb,1970,
action,其他,ApplicationController#log_api_asset_access,app/controllers/application_controller.rb,2017,
action,其他,ApplicationController#log_page_view,app/controllers/application_controller.rb,2024,
action,其他,ApplicationController#add_interaction_seconds,app/controllers/application_controller.rb,2042,
action,其他,ApplicationController#log_participation,app/controllers/application_controller.rb,2065,
action,其他,ApplicationController#log_gets,app/controllers/application_controller.rb,2086,
action,其他,ApplicationController#finalize_page_view,app/controllers/application_controller.rb,2093,
action,其他,ApplicationController#rescue_expected_error_type,app/controllers/application_controller.rb,2124,
action,其他,ApplicationController#rescue_exception,app/controllers/application_controller.rb,2129,
action,其他,ApplicationController#interpret_status,app/controllers/application_controller.rb,2141,
action,其他,ApplicationController#response_code_for_rescue,app/controllers/application_controller.rb,2147,
action,其他,ApplicationController#render_optional_error_file,app/controllers/application_controller.rb,2151,
action,其他,ApplicationController#rescue_action_in_public,app/controllers/application_controller.rb,2161,
action,其他,ApplicationController#render_xhr_exception,app/controllers/application_controller.rb,2201,
action,其他,ApplicationController#render_rescue_action,app/controllers/application_controller.rb,2211,
action,其他,ApplicationController#rescue_action_in_api,app/controllers/application_controller.rb,2249,
action,其他,ApplicationController#api_error_json,app/controllers/application_controller.rb,2260,
action,其他,ApplicationController#rescue_action_locally,app/controllers/application_controller.rb,2296,
action,其他,ApplicationController#claim_session_course,app/controllers/application_controller.rb,2309,
action,其他,ApplicationController#api_request?,app/controllers/application_controller.rb,2326,
action,其他,ApplicationController#verified_file_request?,app/controllers/application_controller.rb,2330,
action,其他,ApplicationController#get_wiki_page,app/controllers/application_controller.rb,2336,
action,其他,ApplicationController#content_tag_redirect,app/controllers/application_controller.rb,2360,
action,其他,ApplicationController#set_return_url,app/controllers/application_controller.rb,2557,
action,其他,ApplicationController#lti_launch_params,app/controllers/application_controller.rb,2591,
action,其他,ApplicationController#external_tool_redirect_display_type,app/controllers/application_controller.rb,2596,
action,其他,ApplicationController#render_external_tool_prepend_template?,app/controllers/application_controller.rb,2607,
action,其他,ApplicationController#render_external_tool_append_template?,app/controllers/application_controller.rb,2614,
action,其他,ApplicationController#calendar_url_for,app/controllers/application_controller.rb,2623,
action,其他,ApplicationController#files_url_for,app/controllers/application_controller.rb,2635,
action,其他,ApplicationController#conversations_path,app/controllers/application_controller.rb,2657,
action,其他,ApplicationController#safe_domain_file_url,app/controllers/application_controller.rb,2672,
action,其他,ApplicationController#feature_enabled?,app/controllers/application_controller.rb,2728,
action,其他,ApplicationController#service_enabled?,app/controllers/application_controller.rb,2755,
action,其他,ApplicationController#feature_and_service_enabled?,app/controllers/application_controller.rb,2760,
action,其他,ApplicationController#random_lti_tool_form_id,app/controllers/application_controller.rb,2765,
action,其他,ApplicationController#temporary_user_code,app/controllers/application_controller.rb,2770,
action,其他,ApplicationController#require_account_management,app/controllers/application_controller.rb,2778,
action,其他,ApplicationController#require_root_account_management,app/controllers/application_controller.rb,2788,
action,其他,ApplicationController#require_site_admin_with_permission,app/controllers/application_controller.rb,2792,
action,其他,ApplicationController#require_context_with_permission,app/controllers/application_controller.rb,2796,
action,其他,ApplicationController#require_registered_user,app/controllers/application_controller.rb,2813,
action,其他,ApplicationController#check_incomplete_registration,app/controllers/application_controller.rb,2825,
action,其他,ApplicationController#incomplete_registration?,app/controllers/application_controller.rb,2831,
action,其他,ApplicationController#page_views_enabled?,app/controllers/application_controller.rb,2836,
action,其他,ApplicationController#verified_file_download_url,app/controllers/application_controller.rb,2841,
action,其他,ApplicationController#user_content,app/controllers/application_controller.rb,2852,
action,其他,ApplicationController#find_bank,app/controllers/application_controller.rb,2890,
action,其他,ApplicationController#in_app?,app/controllers/application_controller.rb,2911,
action,其他,ApplicationController#params_are_integers?,app/controllers/application_controller.rb,2915,
action,其他,ApplicationController#destroy_session,app/controllers/application_controller.rb,2924,
action,其他,ApplicationController#logout_current_user,app/controllers/application_controller.rb,2930,
action,其他,ApplicationController#set_layout_options,app/controllers/application_controller.rb,2936,
action,其他,ApplicationController#in_mobile_webview?,app/controllers/application_controller.rb,2942,
action,其他,ApplicationController#stringify_json_ids?,app/controllers/application_controller.rb,2946,
action,其他,ApplicationController#json_cast,app/controllers/application_controller.rb,2950,
action,其他,ApplicationController#render,app/controllers/application_controller.rb,2955,
action,其他,ApplicationController#redirect_to,app/controllers/application_controller.rb,2977,
action,其他,ApplicationController#css_bundles,app/controllers/application_controller.rb,2982,
action,其他,ApplicationController#css_bundle,app/controllers/application_controller.rb,2987,
action,其他,ApplicationController#js_bundles,app/controllers/application_controller.rb,2996,
action,其他,ApplicationController#js_bundle,app/controllers/application_controller.rb,3020,
action,其他,ApplicationController#deferred_js_bundle,app/controllers/application_controller.rb,3038,
action,其他,ApplicationController#add_body_class,app/controllers/application_controller.rb,3047,
action,其他,ApplicationController#body_classes,app/controllers/application_controller.rb,3055,
action,其他,ApplicationController#set_active_tab,app/controllers/application_controller.rb,3060,
action,其他,ApplicationController#get_active_tab,app/controllers/application_controller.rb,3067,
action,其他,ApplicationController#get_course_from_section,app/controllers/application_controller.rb,3072,
action,其他,ApplicationController#reject_student_view_student,app/controllers/application_controller.rb,3079,
action,其他,ApplicationController#check_limited_access_for_students,app/controllers/application_controller.rb,3086,
action,其他,ApplicationController#check_restricted_file_access_for_students,app/controllers/application_controller.rb,3101,
action,其他,ApplicationController#check_restricted_file_access_and_return?,app/controllers/application_controller.rb,3111,
action,其他,ApplicationController#context_account_for_student,app/controllers/application_controller.rb,3116,
action,其他,ApplicationController#context_account,app/controllers/application_controller.rb,3120,
action,其他,ApplicationController#resolve_context_account,app/controllers/application_controller.rb,3124,
action,其他,ApplicationController#set_site_admin_context,app/controllers/application_controller.rb,3148,
action,其他,ApplicationController#flash_notices,app/controllers/application_controller.rb,3153,
action,其他,ApplicationController#unsupported_browser,app/controllers/application_controller.rb,3184,
action,其他,ApplicationController#browser_supported?,app/controllers/application_controller.rb,3188,
action,其他,ApplicationController#native_app?,app/controllers/application_controller.rb,3197,
action,其他,ApplicationController#mobile_device?,app/controllers/application_controller.rb,3203,
action,其他,ApplicationController#in_lti_mobile_webview?,app/controllers/application_controller.rb,3218,
action,其他,ApplicationController#ms_office?,app/controllers/application_controller.rb,3225,
action,其他,ApplicationController#profile_data,app/controllers/application_controller.rb,3230,
action,其他,ApplicationController#common_contexts,app/controllers/application_controller.rb,3259,
action,其他,ApplicationController#not_found,app/controllers/application_controller.rb,3280,
action,其他,ApplicationController#set_js_rights,app/controllers/application_controller.rb,3284,
action,其他,ApplicationController#set_js_wiki_data,app/controllers/application_controller.rb,3299,
action,其他,ApplicationController#set_js_assignment_data,app/controllers/application_controller.rb,3331,
action,其他,ApplicationController#set_js_module_data,app/controllers/application_controller.rb,3404,
action,其他,ApplicationController#google_drive_connection,app/controllers/application_controller.rb,3423,
action,其他,ApplicationController#user_has_google_drive,app/controllers/application_controller.rb,3442,
action,其他,ApplicationController#setup_live_events_context,app/controllers/application_controller.rb,3452,
action,其他,ApplicationController#prefetch_xhr,app/controllers/application_controller.rb,3506,
action,其他,ApplicationController#preload_translation_file,app/controllers/application_controller.rb,3510,
action,其他,ApplicationController#manage_live_events_context,app/controllers/application_controller.rb,3525,
action,其他,ApplicationController#can_stream_template?,app/controllers/application_controller.rb,3532,
action,其他,ApplicationController#recaptcha_enabled?,app/controllers/application_controller.rb,3546,
action,其他,ApplicationController#peer_reviews_for_a2_enabled?,app/controllers/application_controller.rb,3550,
action,其他,ApplicationController#show_learning_agent_button?,app/controllers/application_controller.rb,3579,
action,其他,ApplicationController#load_learning_agent_env,app/controllers/application_controller.rb,3587,
action,其他,ApplicationController#show_student_view_button?,app/controllers/application_controller.rb,3592,
action,其他,ApplicationController#new_quizzes_navigation_updates?,app/controllers/application_controller.rb,3602,
action,其他,ApplicationController#new_quizzes_lti_tool?,app/controllers/application_controller.rb,3606,
action,其他,ApplicationController#new_quizzes_native_experience_enabled?,app/controllers/application_controller.rb,3610,
action,其他,ApplicationController#show_blueprint_button?,app/controllers/application_controller.rb,3616,
action,其他,ApplicationController#show_immersive_reader?,app/controllers/application_controller.rb,3621,
action,其他,ApplicationController#should_show_migration_limitation_message,app/controllers/application_controller.rb,3634,
action,其他,ApplicationController#k5_disabled?,app/controllers/application_controller.rb,3641,
action,其他,ApplicationController#k5_user?,app/controllers/application_controller.rb,3645,
action,其他,ApplicationController#widget_dashboard_eligible?,app/controllers/application_controller.rb,3650,
action,其他,ApplicationController#use_classic_font?,app/controllers/application_controller.rb,3656,
action,其他,ApplicationController#react_discussions_post_enabled_for_preferences_use?,app/controllers/application_controller.rb,3662,
action,其他,ApplicationController#captcha_site_key,app/controllers/application_controller.rb,3668,
action,其他,ApplicationController#require_feature_enabled,app/controllers/application_controller.rb,3673,
action,其他,ApplicationController#safe_send_file,app/controllers/application_controller.rb,3678,
action,其他,ApplicationController#inject_ai_feedback_link,app/controllers/application_controller.rb,3688,
action,其他,ApplicationController#recursively_transform_errors,app/controllers/application_controller.rb,3694,
action,其他,ApplicationController#study_assist_enabled_tools,app/controllers/application_controller.rb,3707,
action,其他,TokensController#user_generated_tokens,app/controllers/tokens_controller.rb,62,
action,其他,TokensController#show,app/controllers/tokens_controller.rb,87,
action,其他,TokensController#create,app/controllers/tokens_controller.rb,108,
action,其他,TokensController#update,app/controllers/tokens_controller.rb,156,
action,其他,TokensController#destroy,app/controllers/tokens_controller.rb,188,
action,其他,TokensController#activate,app/controllers/tokens_controller.rb,201,
action,其他,TokensController#find_token,app/controllers/tokens_controller.rb,211,
action,其他,TokensController#access_token_params,app/controllers/tokens_controller.rb,219,
action,其他,TokensController#render_error,app/controllers/tokens_controller.rb,226,
action,学习成果与能力,OutcomesController#index,app/controllers/outcomes_controller.rb,37,
action,学习成果与能力,OutcomesController#show,app/controllers/outcomes_controller.rb,78,
action,学习成果与能力,OutcomesController#details,app/controllers/outcomes_controller.rb,109,
action,学习成果与能力,OutcomesController#outcome_results,app/controllers/outcomes_controller.rb,120,
action,学习成果与能力,OutcomesController#user_outcome_results,app/controllers/outcomes_controller.rb,136,
action,学习成果与能力,OutcomesController#list,app/controllers/outcomes_controller.rb,166,
action,学习成果与能力,OutcomesController#add_outcome,app/controllers/outcomes_controller.rb,179,
action,学习成果与能力,OutcomesController#align,app/controllers/outcomes_controller.rb,198,
action,学习成果与能力,OutcomesController#alignment_redirect,app/controllers/outcomes_controller.rb,208,
action,学习成果与能力,OutcomesController#remove_alignment,app/controllers/outcomes_controller.rb,216,
action,学习成果与能力,OutcomesController#outcome_result,app/controllers/outcomes_controller.rb,224,
action,学习成果与能力,OutcomesController#create,app/controllers/outcomes_controller.rb,273,
action,学习成果与能力,OutcomesController#update,app/controllers/outcomes_controller.rb,297,
action,学习成果与能力,OutcomesController#destroy,app/controllers/outcomes_controller.rb,316,
action,学习成果与能力,OutcomesController#learning_outcome_params,app/controllers/outcomes_controller.rb,342,
action,学习成果与能力,OutcomesController#proficiency_roles_js_env,app/controllers/outcomes_controller.rb,350,
action,账户与租户管理,AccountCalendarsApiController#index,app/controllers/account_calendars_api_controller.rb,121,
action,账户与租户管理,AccountCalendarsApiController#show,app/controllers/account_calendars_api_controller.rb,145,
action,账户与租户管理,AccountCalendarsApiController#update,app/controllers/account_calendars_api_controller.rb,176,
action,账户与租户管理,AccountCalendarsApiController#bulk_update,app/controllers/account_calendars_api_controller.rb,212,
action,账户与租户管理,AccountCalendarsApiController#all_calendars,app/controllers/account_calendars_api_controller.rb,263,
action,账户与租户管理,AccountCalendarsApiController#visible_calendars_count,app/controllers/account_calendars_api_controller.rb,300,
action,作业、提交与评分,AssignmentsController#index,app/controllers/assignments_controller.rb,57,
action,作业、提交与评分,AssignmentsController#render_a2_student_view?,app/controllers/assignments_controller.rb,123,
action,作业、提交与评分,AssignmentsController#render_a2_peer_review_student_view?,app/controllers/assignments_controller.rb,128,
action,作业、提交与评分,AssignmentsController#user_assigned_as_student?,app/controllers/assignments_controller.rb,136,
action,作业、提交与评分,AssignmentsController#a2_active_student_and_enrollment,app/controllers/assignments_controller.rb,146,
action,作业、提交与评分,AssignmentsController#render_a2_student_view,app/controllers/assignments_controller.rb,161,
action,作业、提交与评分,AssignmentsController#render_a2_peer_review_student_view,app/controllers/assignments_controller.rb,267,
action,作业、提交与评分,AssignmentsController#tool_launch,app/controllers/assignments_controller.rb,297,
action,作业、提交与评分,AssignmentsController#show,app/controllers/assignments_controller.rb,310,
action,作业、提交与评分,AssignmentsController#show_moderate,app/controllers/assignments_controller.rb,588,
action,作业、提交与评分,AssignmentsController#downloadable_submissions?,app/controllers/assignments_controller.rb,607,
action,作业、提交与评分,AssignmentsController#rubric,app/controllers/assignments_controller.rb,620,
action,作业、提交与评分,AssignmentsController#rubric_data,app/controllers/assignments_controller.rb,629,
action,作业、提交与评分,AssignmentsController#assign_peer_reviews,app/controllers/assignments_controller.rb,651,
action,作业、提交与评分,AssignmentsController#assign_peer_review,app/controllers/assignments_controller.rb,665,
action,作业、提交与评分,AssignmentsController#remind_peer_review,app/controllers/assignments_controller.rb,678,
action,作业、提交与评分,AssignmentsController#delete_peer_review,app/controllers/assignments_controller.rb,693,
action,作业、提交与评分,AssignmentsController#filter_by_assigned_assessment,app/controllers/assignments_controller.rb,708,
action,作业、提交与评分,AssignmentsController#filter_by_all,app/controllers/assignments_controller.rb,730,
action,作业、提交与评分,AssignmentsController#filter_by_assessor,app/controllers/assignments_controller.rb,736,
action,作业、提交与评分,AssignmentsController#filter_by_selected_option,app/controllers/assignments_controller.rb,740,
action,作业、提交与评分,AssignmentsController#peer_reviews,app/controllers/assignments_controller.rb,751,
action,作业、提交与评分,AssignmentsController#syllabus,app/controllers/assignments_controller.rb,800,
action,作业、提交与评分,AssignmentsController#toggle_mute,app/controllers/assignments_controller.rb,841,
action,作业、提交与评分,AssignmentsController#create,app/controllers/assignments_controller.rb,861,
action,作业、提交与评分,AssignmentsController#new,app/controllers/assignments_controller.rb,900,
action,作业、提交与评分,AssignmentsController#edit,app/controllers/assignments_controller.rb,915,
action,作业、提交与评分,AssignmentsController#set_cancel_to_url,app/controllers/assignments_controller.rb,1100,
action,作业、提交与评分,AssignmentsController#generate_cancel_to_urls,app/controllers/assignments_controller.rb,1108,
action,作业、提交与评分,AssignmentsController#destroy,app/controllers/assignments_controller.rb,1128,
action,作业、提交与评分,AssignmentsController#publish_quizzes,app/controllers/assignments_controller.rb,1145,
action,作业、提交与评分,AssignmentsController#unpublish_quizzes,app/controllers/assignments_controller.rb,1163,
action,作业、提交与评分,AssignmentsController#set_default_tool_env!,app/controllers/assignments_controller.rb,1182,
action,作业、提交与评分,AssignmentsController#show_moderate_env,app/controllers/assignments_controller.rb,1192,
action,作业、提交与评分,AssignmentsController#tool_eula_url,app/controllers/assignments_controller.rb,1231,
action,作业、提交与评分,AssignmentsController#strong_assignment_params,app/controllers/assignments_controller.rb,1235,
action,作业、提交与评分,AssignmentsController#get_assignment_group,app/controllers/assignments_controller.rb,1280,
action,作业、提交与评分,AssignmentsController#normalize_title_param,app/controllers/assignments_controller.rb,1288,
action,作业、提交与评分,AssignmentsController#index_edit_params,app/controllers/assignments_controller.rb,1292,
action,作业、提交与评分,AssignmentsController#pledge_text,app/controllers/assignments_controller.rb,1296,
action,作业、提交与评分,AssignmentsController#plagiarism_comments,app/controllers/assignments_controller.rb,1304,
action,作业、提交与评分,AssignmentsController#quiz_lti_tool_enabled?,app/controllers/assignments_controller.rb,1312,
action,作业、提交与评分,AssignmentsController#filter_speed_grader_by_student_group?,app/controllers/assignments_controller.rb,1326,
action,作业、提交与评分,AssignmentsController#add_crumb_on_new_quizzes,app/controllers/assignments_controller.rb,1333,
action,作业、提交与评分,AssignmentsController#setup_active_tab,app/controllers/assignments_controller.rb,1347,
action,作业、提交与评分,AssignmentsController#on_quizzes_page?,app/controllers/assignments_controller.rb,1356,
action,作业、提交与评分,AssignmentsController#set_section_list_js_env,app/controllers/assignments_controller.rb,1361,
action,作业、提交与评分,AssignmentsController#asset_processor_eula_js_env,app/controllers/assignments_controller.rb,1376,
action,作业、提交与评分,AssignmentsController#redirect_peer_review_sub_assignment,app/controllers/assignments_controller.rb,1383,
action,作业、提交与评分,AnonymousProvisionalGradesController#status,app/controllers/anonymous_provisional_grades_controller.rb,40,
action,其他,ReleaseNotesController#require_manage_release_notes,app/controllers/release_notes_controller.rb,24,
action,其他,ReleaseNotesController#index,app/controllers/release_notes_controller.rb,28,
action,其他,ReleaseNotesController#create,app/controllers/release_notes_controller.rb,33,
action,其他,ReleaseNotesController#update,app/controllers/release_notes_controller.rb,37,
action,其他,ReleaseNotesController#upsert,app/controllers/release_notes_controller.rb,41,
action,其他,ReleaseNotesController#destroy,app/controllers/release_notes_controller.rb,53,
action,其他,ReleaseNotesController#publish,app/controllers/release_notes_controller.rb,60,
action,其他,ReleaseNotesController#unpublish,app/controllers/release_notes_controller.rb,66,
action,其他,ReleaseNotesController#latest,app/controllers/release_notes_controller.rb,72,
action,其他,ReleaseNotesController#unread_count,app/controllers/release_notes_controller.rb,93,
action,其他,ReleaseNotesController#manage,app/controllers/release_notes_controller.rb,99,
action,其他,ReleaseNotesController#release_notes_for_user,app/controllers/release_notes_controller.rb,114,
action,其他,ReleaseNotesController#last_seen_release_note,app/controllers/release_notes_controller.rb,135,
action,其他,ReleaseNotesController#release_note_lang,app/controllers/release_notes_controller.rb,140,
action,其他,ReleaseNotesController#release_note_env,app/controllers/release_notes_controller.rb,144,
action,其他,ReleaseNotesController#upsert_params,app/controllers/release_notes_controller.rb,148,
action,其他,ReleaseNotesController#allowed_langs,app/controllers/release_notes_controller.rb,152,
action,其他,ReleaseNotesController#allowed_envs,app/controllers/release_notes_controller.rb,156,
action,其他,ReleaseNotesController#latest_limit,app/controllers/release_notes_controller.rb,160,
action,其他,ReleaseNotesController#include_langs?,app/controllers/release_notes_controller.rb,164,
action,账户与租户管理,RoleOverridesController#api_index,app/controllers/role_overrides_controller.rb,199,
action,账户与租户管理,RoleOverridesController#index,app/controllers/role_overrides_controller.rb,218,
action,账户与租户管理,RoleOverridesController#show,app/controllers/role_overrides_controller.rb,270,
action,账户与租户管理,RoleOverridesController#add_role,app/controllers/role_overrides_controller.rb,347,
action,账户与租户管理,RoleOverridesController#remove_role,app/controllers/role_overrides_controller.rb,409,
action,账户与租户管理,RoleOverridesController#activate_role,app/controllers/role_overrides_controller.rb,436,
action,账户与租户管理,RoleOverridesController#create,app/controllers/role_overrides_controller.rb,451,
action,账户与租户管理,RoleOverridesController#update,app/controllers/role_overrides_controller.rb,520,
action,账户与租户管理,RoleOverridesController#manageable_permissions,app/controllers/role_overrides_controller.rb,557,
action,账户与租户管理,RoleOverridesController#check_account_permission,app/controllers/role_overrides_controller.rb,589,
action,账户与租户管理,RoleOverridesController#require_role,app/controllers/role_overrides_controller.rb,607,
action,账户与租户管理,RoleOverridesController#set_permissions_for,app/controllers/role_overrides_controller.rb,636,
action,账户与租户管理,RoleOverridesController#course_permissions,app/controllers/role_overrides_controller.rb,708,
action,账户与租户管理,RoleOverridesController#account_permissions,app/controllers/role_overrides_controller.rb,773,
action,作业、提交与评分,AssignmentGroupsController#index,app/controllers/assignment_groups_controller.rb,138,
action,作业、提交与评分,AssignmentGroupsController#reorder,app/controllers/assignment_groups_controller.rb,166,
action,作业、提交与评分,AssignmentGroupsController#reorder_assignments,app/controllers/assignment_groups_controller.rb,175,
action,作业、提交与评分,AssignmentGroupsController#show,app/controllers/assignment_groups_controller.rb,214,
action,作业、提交与评分,AssignmentGroupsController#create,app/controllers/assignment_groups_controller.rb,229,
action,作业、提交与评分,AssignmentGroupsController#update,app/controllers/assignment_groups_controller.rb,249,
action,作业、提交与评分,AssignmentGroupsController#destroy,app/controllers/assignment_groups_controller.rb,270,
action,作业、提交与评分,AssignmentGroupsController#valid_integration_data?,app/controllers/assignment_groups_controller.rb,301,
action,作业、提交与评分,AssignmentGroupsController#assignment_group_params,app/controllers/assignment_groups_controller.rb,306,
action,作业、提交与评分,AssignmentGroupsController#include_params,app/controllers/assignment_groups_controller.rb,320,
action,作业、提交与评分,AssignmentGroupsController#assignment_includes,app/controllers/assignment_groups_controller.rb,324,
action,作业、提交与评分,AssignmentGroupsController#assignment_excludes,app/controllers/assignment_groups_controller.rb,333,
action,作业、提交与评分,AssignmentGroupsController#filter_by_grading_period?,app/controllers/assignment_groups_controller.rb,337,
action,作业、提交与评分,AssignmentGroupsController#all_grading_periods_selected?,app/controllers/assignment_groups_controller.rb,341,
action,作业、提交与评分,AssignmentGroupsController#include_overrides?,app/controllers/assignment_groups_controller.rb,345,
action,作业、提交与评分,AssignmentGroupsController#assignment_visibilities,app/controllers/assignment_groups_controller.rb,351,
action,作业、提交与评分,AssignmentGroupsController#index_groups_json,app/controllers/assignment_groups_controller.rb,361,
action,作业、提交与评分,AssignmentGroupsController#include_visibility?,app/controllers/assignment_groups_controller.rb,431,
action,作业、提交与评分,AssignmentGroupsController#override_dates?,app/controllers/assignment_groups_controller.rb,435,
action,作业、提交与评分,AssignmentGroupsController#user_content_attachments,app/controllers/assignment_groups_controller.rb,439,
action,作业、提交与评分,AssignmentGroupsController#visible_assignments,app/controllers/assignment_groups_controller.rb,447,
action,作业、提交与评分,AssignmentGroupsController#filter_assignments_by_grading_period,app/controllers/assignment_groups_controller.rb,501,
action,作业、提交与评分,AssignmentGroupsController#can_reorder_assignments?,app/controllers/assignment_groups_controller.rb,513,
action,作业、提交与评分,GradebookCsvsController#create,app/controllers/gradebook_csvs_controller.rb,23,
action,其他,FavoritesController#list_favorite_courses,app/controllers/favorites_controller.rb,69,
action,其他,FavoritesController#list_favorite_groups,app/controllers/favorites_controller.rb,115,
action,其他,FavoritesController#add_favorite_course,app/controllers/favorites_controller.rb,146,
action,其他,FavoritesController#add_favorite_groups,app/controllers/favorites_controller.rb,173,
action,其他,FavoritesController#remove_favorite_course,app/controllers/favorites_controller.rb,197,
action,其他,FavoritesController#remove_favorite_groups,app/controllers/favorites_controller.rb,227,
action,其他,FavoritesController#reset_course_favorites,app/controllers/favorites_controller.rb,251,
action,其他,FavoritesController#reset_groups_favorites,app/controllers/favorites_controller.rb,265,
action,其他,FavoritesController#check_defaults,app/controllers/favorites_controller.rb,274,
action,其他,FavoritesController#touch_user,app/controllers/favorites_controller.rb,289,
action,SIS、导入导出与报表,EpubExportsController#check_feature_enabled,app/controllers/epub_exports_controller.rb,101,
action,SIS、导入导出与报表,EpubExportsController#index,app/controllers/epub_exports_controller.rb,120,
action,SIS、导入导出与报表,EpubExportsController#create,app/controllers/epub_exports_controller.rb,146,
action,SIS、导入导出与报表,EpubExportsController#show,app/controllers/epub_exports_controller.rb,167,
action,作业、提交与评分,GradeChangeAuditApiController#for_assignment,app/controllers/grade_change_audit_api_controller.rb,140,
action,作业、提交与评分,GradeChangeAuditApiController#for_course,app/controllers/grade_change_audit_api_controller.rb,163,
action,作业、提交与评分,GradeChangeAuditApiController#for_student,app/controllers/grade_change_audit_api_controller.rb,183,
action,作业、提交与评分,GradeChangeAuditApiController#for_grader,app/controllers/grade_change_audit_api_controller.rb,207,
action,作业、提交与评分,GradeChangeAuditApiController#query,app/controllers/grade_change_audit_api_controller.rb,246,
action,作业、提交与评分,GradeChangeAuditApiController#for_course_and_other_parameters,app/controllers/grade_change_audit_api_controller.rb,287,
action,作业、提交与评分,GradeChangeAuditApiController#admin_authorized?,app/controllers/grade_change_audit_api_controller.rb,325,
action,作业、提交与评分,GradeChangeAuditApiController#course_authorized?,app/controllers/grade_change_audit_api_controller.rb,329,
action,作业、提交与评分,GradeChangeAuditApiController#render_events,app/controllers/grade_change_audit_api_controller.rb,333,
action,作业、提交与评分,GradeChangeAuditApiController#remove_anonymous_events,app/controllers/grade_change_audit_api_controller.rb,355,
action,作业、提交与评分,GradeChangeAuditApiController#anonymize_events,app/controllers/grade_change_audit_api_controller.rb,364,
action,作业、提交与评分,GradeChangeAuditApiController#anonymous_and_muted,app/controllers/grade_change_audit_api_controller.rb,374,
action,作业、提交与评分,GradeChangeAuditApiController#events_visible_to_current_user,app/controllers/grade_change_audit_api_controller.rb,386,
action,作业、提交与评分,GradeChangeAuditApiController#current_grade_for_event,app/controllers/grade_change_audit_api_controller.rb,393,
action,作业、提交与评分,GradeChangeAuditApiController#current_grades,app/controllers/grade_change_audit_api_controller.rb,398,
action,作业、提交与评分,GradeChangeAuditApiController#apply_current_override_grades!,app/controllers/grade_change_audit_api_controller.rb,404,
action,作业、提交与评分,GradeChangeAuditApiController#current_override_scores_query,app/controllers/grade_change_audit_api_controller.rb,426,
action,作业、提交与评分,GradeChangeAuditApiController#include_override_grades?,app/controllers/grade_change_audit_api_controller.rb,461,
action,课程、班级与选课,SelfEnrollmentsController#new,app/controllers/self_enrollments_controller.rb,27,
action,课程、班级与选课,SelfEnrollmentsController#infer_signup_info,app/controllers/self_enrollments_controller.rb,50,
action,作业、提交与评分,SubmissionsBaseController#show,app/controllers/submissions_base_controller.rb,30,
action,作业、提交与评分,SubmissionsBaseController#update,app/controllers/submissions_base_controller.rb,105,
action,作业、提交与评分,SubmissionsBaseController#redo_submission,app/controllers/submissions_base_controller.rb,219,
action,作业、提交与评分,SubmissionsBaseController#turnitin_report,app/controllers/submissions_base_controller.rb,236,
action,作业、提交与评分,SubmissionsBaseController#resubmit_to_turnitin,app/controllers/submissions_base_controller.rb,240,
action,作业、提交与评分,SubmissionsBaseController#vericite_report,app/controllers/submissions_base_controller.rb,244,
action,作业、提交与评分,SubmissionsBaseController#resubmit_to_vericite,app/controllers/submissions_base_controller.rb,248,
action,作业、提交与评分,SubmissionsBaseController#originality_report,app/controllers/submissions_base_controller.rb,252,
action,作业、提交与评分,SubmissionsBaseController#update_student_entered_score,app/controllers/submissions_base_controller.rb,258,
action,作业、提交与评分,SubmissionsBaseController#outcome_proficiency,app/controllers/submissions_base_controller.rb,266,
action,作业、提交与评分,SubmissionsBaseController#legacy_plagiarism_report,app/controllers/submissions_base_controller.rb,272,
action,作业、提交与评分,SubmissionsBaseController#plagiarism_report,app/controllers/submissions_base_controller.rb,298,
action,作业、提交与评分,SubmissionsBaseController#resubmit_to_plagiarism,app/controllers/submissions_base_controller.rb,330,
action,作业、提交与评分,SubmissionsBaseController#default_plagiarism_redirect_url,app/controllers/submissions_base_controller.rb,355,
action,课程、班级与选课,CourseNicknamesController#index,app/controllers/course_nicknames_controller.rb,67,
action,课程、班级与选课,CourseNicknamesController#show,app/controllers/course_nicknames_controller.rb,92,
action,课程、班级与选课,CourseNicknamesController#update,app/controllers/course_nicknames_controller.rb,116,
action,课程、班级与选课,CourseNicknamesController#delete,app/controllers/course_nicknames_controller.rb,142,
action,课程、班级与选课,CourseNicknamesController#clear,app/controllers/course_nicknames_controller.rb,167,
action,课程、班级与选课,CourseNicknamesController#course_nickname_json,app/controllers/course_nicknames_controller.rb,178,
action,内容、文件与模块,PlannerOverridesController#index,app/controllers/planner_overrides_controller.rb,98,
action,内容、文件与模块,PlannerOverridesController#show,app/controllers/planner_overrides_controller.rb,108,
action,内容、文件与模块,PlannerOverridesController#update,app/controllers/planner_overrides_controller.rb,124,
action,内容、文件与模块,PlannerOverridesController#create,app/controllers/planner_overrides_controller.rb,156,
action,内容、文件与模块,PlannerOverridesController#destroy,app/controllers/planner_overrides_controller.rb,189,
action,其他,ExternalFeedsController#index,app/controllers/external_feeds_controller.rb,86,
action,其他,ExternalFeedsController#create,app/controllers/external_feeds_controller.rb,115,
action,其他,ExternalFeedsController#destroy,app/controllers/external_feeds_controller.rb,135,
action,学习成果与能力,OutcomeResultsController#index,app/controllers/outcome_results_controller.rb,237,
action,学习成果与能力,OutcomeResultsController#outcome_order,app/controllers/outcome_results_controller.rb,258,
action,学习成果与能力,OutcomeResultsController#rollups,app/controllers/outcome_results_controller.rb,359,
action,学习成果与能力,OutcomeResultsController#contributing_scores,app/controllers/outcome_results_controller.rb,431,
action,学习成果与能力,OutcomeResultsController#mastery_distribution,app/controllers/outcome_results_controller.rb,539,
action,学习成果与能力,OutcomeResultsController#enqueue_outcome_rollup_calculation,app/controllers/outcome_results_controller.rb,619,
action,学习成果与能力,OutcomeResultsController#find_new_quiz_assignments,app/controllers/outcome_results_controller.rb,651,
action,学习成果与能力,OutcomeResultsController#fetch_and_handle_os_results_for_all_users,app/controllers/outcome_results_controller.rb,666,
action,学习成果与能力,OutcomeResultsController#fetch_and_convert_os_results,app/controllers/outcome_results_controller.rb,679,
action,学习成果与能力,OutcomeResultsController#find_canvas_os_results,app/controllers/outcome_results_controller.rb,700,
action,学习成果与能力,OutcomeResultsController#generate_cache_results_key,app/controllers/outcome_results_controller.rb,724,
action,学习成果与能力,OutcomeResultsController#needs_canvas_os_results?,app/controllers/outcome_results_controller.rb,746,
action,学习成果与能力,OutcomeResultsController#includes_alignments?,app/controllers/outcome_results_controller.rb,750,
action,学习成果与能力,OutcomeResultsController#user_rollups,app/controllers/outcome_results_controller.rb,755,
action,学习成果与能力,OutcomeResultsController#filter_enrollment_status,app/controllers/outcome_results_controller.rb,806,
action,学习成果与能力,OutcomeResultsController#remove_users_without_results,app/controllers/outcome_results_controller.rb,841,
action,学习成果与能力,OutcomeResultsController#remove_outcomes_without_results,app/controllers/outcome_results_controller.rb,849,
action,学习成果与能力,OutcomeResultsController#current_user_enrollments,app/controllers/outcome_results_controller.rb,857,
action,学习成果与能力,OutcomeResultsController#student_lmgb_view?,app/controllers/outcome_results_controller.rb,861,
action,学习成果与能力,OutcomeResultsController#observer_lmgb_view?,app/controllers/outcome_results_controller.rb,866,
action,学习成果与能力,OutcomeResultsController#handle_inst_statsd_outcomes_page_views,app/controllers/outcome_results_controller.rb,875,
action,学习成果与能力,OutcomeResultsController#user_rollups_json,app/controllers/outcome_results_controller.rb,881,
action,学习成果与能力,OutcomeResultsController#user_rollups_sorted_by_score_json,app/controllers/outcome_results_controller.rb,894,
action,学习成果与能力,OutcomeResultsController#user_rollups_sorted_by_alignment_score_json,app/controllers/outcome_results_controller.rb,917,
action,学习成果与能力,OutcomeResultsController#aggregate_rollups_json,app/controllers/outcome_results_controller.rb,975,
action,学习成果与能力,OutcomeResultsController#linked_include_collections,app/controllers/outcome_results_controller.rb,996,
action,学习成果与能力,OutcomeResultsController#include_courses,app/controllers/outcome_results_controller.rb,1005,
action,学习成果与能力,OutcomeResultsController#include_outcomes,app/controllers/outcome_results_controller.rb,1009,
action,学习成果与能力,OutcomeResultsController#include_outcome_groups,app/controllers/outcome_results_controller.rb,1015,
action,学习成果与能力,OutcomeResultsController#include_outcome_links,app/controllers/outcome_results_controller.rb,1019,
action,学习成果与能力,OutcomeResultsController#include_outcome_paths,app/controllers/outcome_results_controller.rb,1023,
action,学习成果与能力,OutcomeResultsController#include_users,app/controllers/outcome_results_controller.rb,1028,
action,学习成果与能力,OutcomeResultsController#include_alignments,app/controllers/outcome_results_controller.rb,1032,
action,学习成果与能力,OutcomeResultsController#include_outcomes_alignments,app/controllers/outcome_results_controller.rb,1041,
action,学习成果与能力,OutcomeResultsController#include_assignments,app/controllers/outcome_results_controller.rb,1046,
action,学习成果与能力,OutcomeResultsController#require_outcome_context,app/controllers/outcome_results_controller.rb,1052,
action,学习成果与能力,OutcomeResultsController#verify_aggregate_parameter,app/controllers/outcome_results_controller.rb,1063,
action,学习成果与能力,OutcomeResultsController#verify_aggregate_stat_parameter,app/controllers/outcome_results_controller.rb,1069,
action,学习成果与能力,OutcomeResultsController#verify_sort_parameters,app/controllers/outcome_results_controller.rb,1075,
action,学习成果与能力,OutcomeResultsController#verify_include_parameter,app/controllers/outcome_results_controller.rb,1096,
action,学习成果与能力,OutcomeResultsController#include_method_name,app/controllers/outcome_results_controller.rb,1112,
action,学习成果与能力,OutcomeResultsController#require_outcomes,app/controllers/outcome_results_controller.rb,1116,
action,学习成果与能力,OutcomeResultsController#apply_outcome_arrangement,app/controllers/outcome_results_controller.rb,1171,
action,学习成果与能力,OutcomeResultsController#build_outcome_paths,app/controllers/outcome_results_controller.rb,1187,
action,学习成果与能力,OutcomeResultsController#outcome_group_prefix,app/controllers/outcome_results_controller.rb,1194,
action,学习成果与能力,OutcomeResultsController#require_users,app/controllers/outcome_results_controller.rb,1202,
action,学习成果与能力,OutcomeResultsController#users_for_outcome_context,app/controllers/outcome_results_controller.rb,1220,
action,学习成果与能力,OutcomeResultsController#apply_sort_order,app/controllers/outcome_results_controller.rb,1232,
action,课程、班级与选课,GradingPeriodSetsController#index,app/controllers/grading_period_sets_controller.rb,60,
action,课程、班级与选课,GradingPeriodSetsController#create,app/controllers/grading_period_sets_controller.rb,94,
action,课程、班级与选课,GradingPeriodSetsController#update,app/controllers/grading_period_sets_controller.rb,134,
action,课程、班级与选课,GradingPeriodSetsController#destroy,app/controllers/grading_period_sets_controller.rb,157,
action,课程、班级与选课,GradingPeriodSetsController#enrollment_terms,app/controllers/grading_period_sets_controller.rb,166,
action,课程、班级与选课,GradingPeriodSetsController#grading_period_set,app/controllers/grading_period_sets_controller.rb,172,
action,课程、班级与选课,GradingPeriodSetsController#set_params,app/controllers/grading_period_sets_controller.rb,178,
action,课程、班级与选课,GradingPeriodSetsController#check_read_rights,app/controllers/grading_period_sets_controller.rb,182,
action,课程、班级与选课,GradingPeriodSetsController#check_manage_rights,app/controllers/grading_period_sets_controller.rb,186,
action,课程、班级与选课,GradingPeriodSetsController#serialize_json_api,app/controllers/grading_period_sets_controller.rb,192,
action,课程、班级与选课,TabsController#index,app/controllers/tabs_controller.rb,116,
action,课程、班级与选课,TabsController#update,app/controllers/tabs_controller.rb,144,
action,内容、文件与模块,ContextModulesController#load_module_file_details,app/controllers/context_modules_controller.rb,44,
action,内容、文件与模块,ContextModulesController#modules_cache_key,app/controllers/context_modules_controller.rb,57,
action,内容、文件与模块,ContextModulesController#load_modules,app/controllers/context_modules_controller.rb,78,
action,内容、文件与模块,ContextModulesController#load_permissions,app/controllers/context_modules_controller.rb,180,
action,内容、文件与模块,ContextModulesController#load_menu_tools,app/controllers/context_modules_controller.rb,190,
action,内容、文件与模块,ContextModulesController#load_module_show_setting,app/controllers/context_modules_controller.rb,218,
action,内容、文件与模块,ContextModulesController#module_tool_definitions,app/controllers/context_modules_controller.rb,239,
action,内容、文件与模块,ContextModulesController#combined_active_quizzes,app/controllers/context_modules_controller.rb,252,
action,内容、文件与模块,ContextModulesController#index,app/controllers/context_modules_controller.rb,272,
action,内容、文件与模块,ContextModulesController#choose_mastery_path,app/controllers/context_modules_controller.rb,395,
action,内容、文件与模块,ContextModulesController#items_html,app/controllers/context_modules_controller.rb,448,
action,内容、文件与模块,ContextModulesController#bulk_items_html,app/controllers/context_modules_controller.rb,469,
action,内容、文件与模块,ContextModulesController#module_html,app/controllers/context_modules_controller.rb,532,
action,内容、文件与模块,ContextModulesController#item_redirect,app/controllers/context_modules_controller.rb,550,
action,内容、文件与模块,ContextModulesController#item_redirect_mastery_paths,app/controllers/context_modules_controller.rb,563,
action,内容、文件与模块,ContextModulesController#module_redirect,app/controllers/context_modules_controller.rb,594,
action,内容、文件与模块,ContextModulesController#reevaluate_modules_if_locked,app/controllers/context_modules_controller.rb,617,
action,内容、文件与模块,ContextModulesController#create,app/controllers/context_modules_controller.rb,627,
action,内容、文件与模块,ContextModulesController#reorder,app/controllers/context_modules_controller.rb,644,
action,内容、文件与模块,ContextModulesController#content_tag_assignment_data,app/controllers/context_modules_controller.rb,676,
action,内容、文件与模块,ContextModulesController#content_tag_estimated_duration_data,app/controllers/context_modules_controller.rb,787,
action,内容、文件与模块,ContextModulesController#content_tag_master_course_data,app/controllers/context_modules_controller.rb,809,
action,内容、文件与模块,ContextModulesController#prerequisites_needing_finishing_for,app/controllers/context_modules_controller.rb,844,
action,内容、文件与模块,ContextModulesController#content_tag_prerequisites_needing_finishing,app/controllers/context_modules_controller.rb,869,
action,内容、文件与模块,ContextModulesController#collapse,app/controllers/context_modules_controller.rb,924,
action,内容、文件与模块,ContextModulesController#toggle_collapse,app/controllers/context_modules_controller.rb,935,
action,内容、文件与模块,ContextModulesController#toggle_collapse_all,app/controllers/context_modules_controller.rb,967,
action,内容、文件与模块,ContextModulesController#show,app/controllers/context_modules_controller.rb,978,
action,内容、文件与模块,ContextModulesController#reorder_items,app/controllers/context_modules_controller.rb,988,
action,内容、文件与模块,ContextModulesController#item_details,app/controllers/context_modules_controller.rb,1013,
action,内容、文件与模块,ContextModulesController#add_item,app/controllers/context_modules_controller.rb,1058,
action,内容、文件与模块,ContextModulesController#remove_item,app/controllers/context_modules_controller.rb,1096,
action,内容、文件与模块,ContextModulesController#create_estimated_duration,app/controllers/context_modules_controller.rb,1105,
action,内容、文件与模块,ContextModulesController#get_estimated_duration,app/controllers/context_modules_controller.rb,1137,
action,内容、文件与模块,ContextModulesController#update_item,app/controllers/context_modules_controller.rb,1143,
action,内容、文件与模块,ContextModulesController#progressions,app/controllers/context_modules_controller.rb,1176,
action,内容、文件与模块,ContextModulesController#update,app/controllers/context_modules_controller.rb,1215,
action,内容、文件与模块,ContextModulesController#destroy,app/controllers/context_modules_controller.rb,1234,
action,内容、文件与模块,ContextModulesController#preload_assignments_quizzes_and_peer_reviews,app/controllers/context_modules_controller.rb,1247,
action,内容、文件与模块,ContextModulesController#should_preload_override_data?,app/controllers/context_modules_controller.rb,1295,
action,内容、文件与模块,ContextModulesController#preload_has_too_many_overrides,app/controllers/context_modules_controller.rb,1306,
action,内容、文件与模块,ContextModulesController#context_module_params,app/controllers/context_modules_controller.rb,1318,
action,内容、文件与模块,ContextModulesController#update_module_link_default_tab,app/controllers/context_modules_controller.rb,1328,
action,内容、文件与模块,ContextModulesController#launch_dimensions,app/controllers/context_modules_controller.rb,1339,
action,分析、审计与运维,AuthenticationAuditApiController#for_login,app/controllers/authentication_audit_api_controller.rb,86,
action,分析、审计与运维,AuthenticationAuditApiController#for_account,app/controllers/authentication_audit_api_controller.rb,107,
action,分析、审计与运维,AuthenticationAuditApiController#for_user,app/controllers/authentication_audit_api_controller.rb,128,
action,分析、审计与运维,AuthenticationAuditApiController#account_visible,app/controllers/authentication_audit_api_controller.rb,156,
action,分析、审计与运维,AuthenticationAuditApiController#render_events,app/controllers/authentication_audit_api_controller.rb,160,
action,其他,GradingStandardsApiController#create,app/controllers/grading_standards_api_controller.rb,166,
action,其他,GradingStandardsApiController#context_index,app/controllers/grading_standards_api_controller.rb,189,
action,其他,GradingStandardsApiController#context_show,app/controllers/grading_standards_api_controller.rb,207,
action,其他,GradingStandardsApiController#update,app/controllers/grading_standards_api_controller.rb,277,
action,其他,GradingStandardsApiController#destroy,app/controllers/grading_standards_api_controller.rb,314,
action,其他,GradingStandardsApiController#build_grading_scheme,app/controllers/grading_standards_api_controller.rb,329,
action,账户与租户管理,PseudonymsController#index,app/controllers/pseudonyms_controller.rb,61,
action,账户与租户管理,PseudonymsController#user_scope,app/controllers/pseudonyms_controller.rb,82,
action,账户与租户管理,PseudonymsController#account_scope,app/controllers/pseudonyms_controller.rb,86,
action,账户与租户管理,PseudonymsController#forgot_password,app/controllers/pseudonyms_controller.rb,99,
action,账户与租户管理,PseudonymsController#confirm_change_password,app/controllers/pseudonyms_controller.rb,172,
action,账户与租户管理,PseudonymsController#change_password,app/controllers/pseudonyms_controller.rb,206,
action,账户与租户管理,PseudonymsController#show,app/controllers/pseudonyms_controller.rb,242,
action,账户与租户管理,PseudonymsController#new,app/controllers/pseudonyms_controller.rb,247,
action,账户与租户管理,PseudonymsController#create,app/controllers/pseudonyms_controller.rb,334,
action,账户与租户管理,PseudonymsController#edit,app/controllers/pseudonyms_controller.rb,370,
action,账户与租户管理,PseudonymsController#get_user,app/controllers/pseudonyms_controller.rb,375,
action,账户与租户管理,PseudonymsController#update,app/controllers/pseudonyms_controller.rb,455,
action,账户与租户管理,PseudonymsController#destroy,app/controllers/pseudonyms_controller.rb,509,
action,账户与租户管理,PseudonymsController#context_is_root_account?,app/controllers/pseudonyms_controller.rb,533,
action,账户与租户管理,PseudonymsController#find_authentication_provider,app/controllers/pseudonyms_controller.rb,542,
action,账户与租户管理,PseudonymsController#update_pseudonym_from_params,app/controllers/pseudonyms_controller.rb,550,
action,账户与租户管理,PseudonymsController#authorized_if_requested_change?,app/controllers/pseudonyms_controller.rb,643,
action,账户与租户管理,PseudonymsController#can_modify_field,app/controllers/pseudonyms_controller.rb,655,
action,账户与租户管理,PseudonymsController#allow_self_password_change?,app/controllers/pseudonyms_controller.rb,659,
action,分析、审计与运维,JobsV2Controller#require_view_jobs,app/controllers/jobs_v2_controller.rb,35,
action,分析、审计与运维,JobsV2Controller#require_manage_jobs,app/controllers/jobs_v2_controller.rb,39,
action,分析、审计与运维,JobsV2Controller#redirect,app/controllers/jobs_v2_controller.rb,43,
action,分析、审计与运维,JobsV2Controller#index,app/controllers/jobs_v2_controller.rb,47,
action,分析、审计与运维,JobsV2Controller#job_stats,app/controllers/jobs_v2_controller.rb,72,
action,分析、审计与运维,JobsV2Controller#grouped_info,app/controllers/jobs_v2_controller.rb,117,
action,分析、审计与运维,JobsV2Controller#list,app/controllers/jobs_v2_controller.rb,177,
action,分析、审计与运维,JobsV2Controller#search,app/controllers/jobs_v2_controller.rb,213,
action,分析、审计与运维,JobsV2Controller#lookup,app/controllers/jobs_v2_controller.rb,243,
action,分析、审计与运维,JobsV2Controller#manage,app/controllers/jobs_v2_controller.rb,268,
action,分析、审计与运维,JobsV2Controller#requeue,app/controllers/jobs_v2_controller.rb,297,
action,分析、审计与运维,JobsV2Controller#unstuck,app/controllers/jobs_v2_controller.rb,323,
action,分析、审计与运维,JobsV2Controller#clusters,app/controllers/jobs_v2_controller.rb,373,
action,分析、审计与运维,JobsV2Controller#stuck_strands,app/controllers/jobs_v2_controller.rb,410,
action,分析、审计与运维,JobsV2Controller#stuck_singletons,app/controllers/jobs_v2_controller.rb,432,
action,分析、审计与运维,JobsV2Controller#throttle_check,app/controllers/jobs_v2_controller.rb,456,
action,分析、审计与运维,JobsV2Controller#throttle,app/controllers/jobs_v2_controller.rb,487,
action,分析、审计与运维,JobsV2Controller#require_bucket,app/controllers/jobs_v2_controller.rb,504,
action,分析、审计与运维,JobsV2Controller#require_group,app/controllers/jobs_v2_controller.rb,509,
action,分析、审计与运维,JobsV2Controller#activate_job_shard,app/controllers/jobs_v2_controller.rb,514,
action,分析、审计与运维,JobsV2Controller#queued_scope,app/controllers/jobs_v2_controller.rb,527,
action,分析、审计与运维,JobsV2Controller#jobs_scope,app/controllers/jobs_v2_controller.rb,531,
action,分析、审计与运维,JobsV2Controller#throttle_scope,app/controllers/jobs_v2_controller.rb,564,
action,分析、审计与运维,JobsV2Controller#grouped_info_json,app/controllers/jobs_v2_controller.rb,572,
action,分析、审计与运维,JobsV2Controller#job_json,app/controllers/jobs_v2_controller.rb,582,
action,分析、审计与运维,JobsV2Controller#infer_bucket,app/controllers/jobs_v2_controller.rb,594,
action,分析、审计与运维,JobsV2Controller#grouped_order_clause,app/controllers/jobs_v2_controller.rb,606,
action,分析、审计与运维,JobsV2Controller#grouped_info_select,app/controllers/jobs_v2_controller.rb,624,
action,分析、审计与运维,JobsV2Controller#grouped_info_data,app/controllers/jobs_v2_controller.rb,633,
action,分析、审计与运维,JobsV2Controller#list_info_data,app/controllers/jobs_v2_controller.rb,642,
action,分析、审计与运维,JobsV2Controller#list_order_clause,app/controllers/jobs_v2_controller.rb,651,
action,分析、审计与运维,JobsV2Controller#set_date_range,app/controllers/jobs_v2_controller.rb,668,
action,分析、审计与运维,JobsV2Controller#set_navigation,app/controllers/jobs_v2_controller.rb,673,
action,分析、审计与运维,JobsV2Controller#get_group_statuses,app/controllers/jobs_v2_controller.rb,684,
action,分析、审计与运维,JobsV2Controller#filtered_dj_shards,app/controllers/jobs_v2_controller.rb,703,
action,分析、审计与运维,JobsV2Controller#run_unstucker!,app/controllers/jobs_v2_controller.rb,718,
action,用户、身份与沟通,LmgbUserDetailsController#show,app/controllers/lmgb_user_details_controller.rb,59,
action,用户、身份与沟通,LmgbUserDetailsController#require_outcome_context,app/controllers/lmgb_user_details_controller.rb,88,
action,用户、身份与沟通,LmgbUserDetailsController#users_for_outcome_context,app/controllers/lmgb_user_details_controller.rb,102,
action,内容、文件与模块,SyllabusApiController#accessibility_scan,app/controllers/syllabus_api_controller.rb,31,
action,内容、文件与模块,SyllabusApiController#accessibility_queue_scan,app/controllers/syllabus_api_controller.rb,49,
action,内容、文件与模块,SyllabusApiController#require_course_context,app/controllers/syllabus_api_controller.rb,64,
action,作业、提交与评分,SubmissionCommentsApiController#update,app/controllers/submission_comments_api_controller.rb,38,
action,作业、提交与评分,SubmissionCommentsApiController#submission_comment_params,app/controllers/submission_comments_api_controller.rb,51,
action,作业、提交与评分,SubmissionCommentsApiController#destroy,app/controllers/submission_comments_api_controller.rb,64,
action,作业、提交与评分,SubmissionCommentsApiController#create_file,app/controllers/submission_comments_api_controller.rb,92,
action,作业、提交与评分,SubmissionCommentsApiController#annotation_notification,app/controllers/submission_comments_api_controller.rb,122,
action,作业、提交与评分,SubmissionCommentsApiController#author_is_instructor?,app/controllers/submission_comments_api_controller.rb,177,
action,作业、提交与评分,SubmissionCommentsApiController#broadcast_data,app/controllers/submission_comments_api_controller.rb,181,
action,作业、提交与评分,SubmissionCommentsApiController#broadcast_annotation_notification,app/controllers/submission_comments_api_controller.rb,186,
action,其他,ScopesApiController#index,app/controllers/scopes_api_controller.rb,72,
action,搜索、AI 与无障碍,AccessibilityIssuesController#update,app/controllers/accessibility_issues_controller.rb,25,
action,搜索、AI 与无障碍,AccessibilityIssuesController#check_authorized_action,app/controllers/accessibility_issues_controller.rb,46,
action,搜索、AI 与无障碍,AccessibilityIssuesController#set_issue,app/controllers/accessibility_issues_controller.rb,52,
action,搜索、AI 与无障碍,AccessibilityIssuesController#validate_update_params,app/controllers/accessibility_issues_controller.rb,56,
action,搜索、AI 与无障碍,AccessibilityIssuesController#content_fix_required?,app/controllers/accessibility_issues_controller.rb,74,
action,搜索、AI 与无障碍,AccessibilityIssuesController#apply_fix_and_render_error_if_failed?,app/controllers/accessibility_issues_controller.rb,78,
action,内容、文件与模块,FilePreviewsController#token_auth_allowed?,app/controllers/file_previews_controller.rb,26,
action,内容、文件与模块,FilePreviewsController#show,app/controllers/file_previews_controller.rb,32,
action,SIS、导入导出与报表,AccountReportsController#self,app/controllers/account_reports_controller.rb,206,
action,SIS、导入导出与报表,AccountReportsController#available_reports,app/controllers/account_reports_controller.rb,257,
action,SIS、导入导出与报表,AccountReportsController#create,app/controllers/account_reports_controller.rb,329,
action,SIS、导入导出与报表,AccountReportsController#valid_enrollment_term_id?,app/controllers/account_reports_controller.rb,357,
action,SIS、导入导出与报表,AccountReportsController#type_scope,app/controllers/account_reports_controller.rb,361,
action,SIS、导入导出与报表,AccountReportsController#index,app/controllers/account_reports_controller.rb,374,
action,SIS、导入导出与报表,AccountReportsController#show,app/controllers/account_reports_controller.rb,393,
action,SIS、导入导出与报表,AccountReportsController#destroy,app/controllers/account_reports_controller.rb,411,
action,SIS、导入导出与报表,AccountReportsController#abort,app/controllers/account_reports_controller.rb,434,
action,SIS、导入导出与报表,AccountReportsController#add_description_partials,app/controllers/account_reports_controller.rb,448,
action,用户、身份与沟通,CommMessagesApiController#index,app/controllers/comm_messages_api_controller.rb,120,
action,SIS、导入导出与报表,MigrationIssuesController#index,app/controllers/migration_issues_controller.rb,111,
action,SIS、导入导出与报表,MigrationIssuesController#show,app/controllers/migration_issues_controller.rb,128,
action,SIS、导入导出与报表,MigrationIssuesController#update,app/controllers/migration_issues_controller.rb,148,
action,SIS、导入导出与报表,MigrationIssuesController#require_content_migration,app/controllers/migration_issues_controller.rb,167,
action,GraphQL API,GraphQLController#graphql_operation_name,app/controllers/graphql_controller.rb,28,
action,GraphQL API,GraphQLController#execute,app/controllers/graphql_controller.rb,32,
action,GraphQL API,GraphQLController#graphiql,app/controllers/graphql_controller.rb,56,
action,GraphQL API,GraphQLController#get_context,app/controllers/graphql_controller.rb,61,
action,GraphQL API,GraphQLController#execute_on,app/controllers/graphql_controller.rb,78,
action,GraphQL API,GraphQLController#require_auth?,app/controllers/graphql_controller.rb,105,
action,GraphQL API,GraphQLController#anonymous_call?,app/controllers/graphql_controller.rb,116,
action,GraphQL API,GraphQLController#persisted_query,app/controllers/graphql_controller.rb,120,
action,GraphQL API,GraphQLController#sdl_query?,app/controllers/graphql_controller.rb,124,
action,GraphQL API,GraphQLController#prep_page_view_for_submit,app/controllers/graphql_controller.rb,133,
action,GraphQL API,GraphQLController#prep_page_view_for_create_discussion_entry,app/controllers/graphql_controller.rb,140,
action,GraphQL API,GraphQLController#subject,app/controllers/graphql_controller.rb,147,
action,GraphQL API,GraphQLController#safe_to_json,app/controllers/graphql_controller.rb,158,
action,GraphQL API,GraphQLController#log_exceed_complexity_error,app/controllers/graphql_controller.rb,164,
action,GraphQL API,GraphQLController#operation_name,app/controllers/graphql_controller.rb,170,
action,账户与租户管理,TermsApiController#index,app/controllers/terms_api_controller.rb,155,
action,账户与租户管理,TermsApiController#show,app/controllers/terms_api_controller.rb,221,
action,账户与租户管理,TermsApiController#require_root_account,app/controllers/terms_api_controller.rb,228,
action,账户与租户管理,TermsApiController#require_account_access,app/controllers/terms_api_controller.rb,235,
action,其他,BlockEditorsController#show,app/controllers/block_editors_controller.rb,24,
action,其他,BlockEditorsController#load_block_editor,app/controllers/block_editors_controller.rb,46,
action,其他,ContentSharesController#get_user_param,app/controllers/content_shares_controller.rb,98,
action,其他,ContentSharesController#require_current_user,app/controllers/content_shares_controller.rb,102,
action,其他,ContentSharesController#create,app/controllers/content_shares_controller.rb,128,
action,其他,ContentSharesController#index,app/controllers/content_shares_controller.rb,183,
action,其他,ContentSharesController#unread_count,app/controllers/content_shares_controller.rb,205,
action,其他,ContentSharesController#show,app/controllers/content_shares_controller.rb,220,
action,其他,ContentSharesController#destroy,app/controllers/content_shares_controller.rb,234,
action,其他,ContentSharesController#add_users,app/controllers/content_shares_controller.rb,251,
action,其他,ContentSharesController#update,app/controllers/content_shares_controller.rb,271,
action,其他,ContentSharesController#get_receivers,app/controllers/content_shares_controller.rb,283,
action,其他,ContentSharesController#create_receiver_shares,app/controllers/content_shares_controller.rb,295,
action,账户与租户管理,CspSettingsController#get_csp_settings,app/controllers/csp_settings_controller.rb,49,
action,账户与租户管理,CspSettingsController#set_csp_setting,app/controllers/csp_settings_controller.rb,69,
action,账户与租户管理,CspSettingsController#set_csp_lock,app/controllers/csp_settings_controller.rb,103,
action,账户与租户管理,CspSettingsController#add_domain,app/controllers/csp_settings_controller.rb,122,
action,账户与租户管理,CspSettingsController#add_multiple_domains,app/controllers/csp_settings_controller.rb,136,
action,账户与租户管理,CspSettingsController#remove_domain,app/controllers/csp_settings_controller.rb,166,
action,账户与租户管理,CspSettingsController#require_read_permissions,app/controllers/csp_settings_controller.rb,173,
action,账户与租户管理,CspSettingsController#require_permissions,app/controllers/csp_settings_controller.rb,177,
action,账户与租户管理,CspSettingsController#get_domain,app/controllers/csp_settings_controller.rb,182,
action,账户与租户管理,CspSettingsController#csp_settings_json,app/controllers/csp_settings_controller.rb,191,
action,账户与租户管理,CspSettingsController#set_sentry_context,app/controllers/csp_settings_controller.rb,213,
action,内容、文件与模块,WikiPagesController#js_rights,app/controllers/wiki_pages_controller.rb,50,
action,内容、文件与模块,WikiPagesController#set_pandapub_read_token,app/controllers/wiki_pages_controller.rb,54,
action,内容、文件与模块,WikiPagesController#set_front_page,app/controllers/wiki_pages_controller.rb,66,
action,内容、文件与模块,WikiPagesController#front_page,app/controllers/wiki_pages_controller.rb,71,
action,内容、文件与模块,WikiPagesController#index,app/controllers/wiki_pages_controller.rb,85,
action,内容、文件与模块,WikiPagesController#show,app/controllers/wiki_pages_controller.rb,97,
action,内容、文件与模块,WikiPagesController#new,app/controllers/wiki_pages_controller.rb,157,
action,内容、文件与模块,WikiPagesController#edit,app/controllers/wiki_pages_controller.rb,168,
action,内容、文件与模块,WikiPagesController#revisions,app/controllers/wiki_pages_controller.rb,185,
action,内容、文件与模块,WikiPagesController#show_redirect,app/controllers/wiki_pages_controller.rb,199,
action,内容、文件与模块,WikiPagesController#revisions_redirect,app/controllers/wiki_pages_controller.rb,206,
action,内容、文件与模块,WikiPagesController#determine_editor_feature,app/controllers/wiki_pages_controller.rb,212,
action,内容、文件与模块,WikiPagesController#wiki_pages_js_env,app/controllers/wiki_pages_controller.rb,222,
action,内容、文件与模块,WikiPagesController#set_block_content_editor_ai_alt_text_js_env,app/controllers/wiki_pages_controller.rb,264,
action,内容、文件与模块,WikiPagesController#ai_alt_text_generation_url_for_context,app/controllers/wiki_pages_controller.rb,274,
action,其他,TranslationController#translate,app/controllers/translation_controller.rb,29,
action,其他,TranslationController#translate_paragraph,app/controllers/translation_controller.rb,47,
action,其他,TranslationController#translation_feedback,app/controllers/translation_controller.rb,64,
action,其他,TranslationController#handle_translation_error,app/controllers/translation_controller.rb,115,
action,其他,TranslationController#required_params,app/controllers/translation_controller.rb,146,
action,其他,TranslationController#user_can_read?,app/controllers/translation_controller.rb,150,
action,其他,TranslationController#require_inbox_translation,app/controllers/translation_controller.rb,154,
action,内容、文件与模块,CalendarsController#show,app/controllers/calendars_controller.rb,29,
action,账户与租户管理,TermsController#permitted_enrollment_term_attributes,app/controllers/terms_controller.rb,26,
action,账户与租户管理,TermsController#create,app/controllers/terms_controller.rb,58,
action,账户与租户管理,TermsController#update,app/controllers/terms_controller.rb,95,
action,账户与租户管理,TermsController#destroy,app/controllers/terms_controller.rb,106,
action,账户与租户管理,TermsController#save_and_render_response,app/controllers/terms_controller.rb,123,
action,账户与租户管理,TermsController#validate_dates,app/controllers/terms_controller.rb,159,
action,账户与租户管理,TermsController#handle_sis_id_param,app/controllers/terms_controller.rb,173,
action,账户与租户管理,TermsController#serialized_term,app/controllers/terms_controller.rb,186,
action,搜索、AI 与无障碍,AccessibilityController#index,app/controllers/accessibility_controller.rb,24,
action,搜索、AI 与无障碍,AccessibilityController#check_authorized_action,app/controllers/accessibility_controller.rb,37,
action,讨论、公告与协作,EportfoliosApiController#index,app/controllers/eportfolios_api_controller.rb,135,
action,讨论、公告与协作,EportfoliosApiController#show,app/controllers/eportfolios_api_controller.rb,154,
action,讨论、公告与协作,EportfoliosApiController#delete,app/controllers/eportfolios_api_controller.rb,166,
action,讨论、公告与协作,EportfoliosApiController#pages,app/controllers/eportfolios_api_controller.rb,182,
action,讨论、公告与协作,EportfoliosApiController#moderate,app/controllers/eportfolios_api_controller.rb,204,
action,讨论、公告与协作,EportfoliosApiController#moderate_all,app/controllers/eportfolios_api_controller.rb,224,
action,讨论、公告与协作,EportfoliosApiController#restore,app/controllers/eportfolios_api_controller.rb,243,
action,学习成果与能力,OutcomeProficiencyApiController#create,app/controllers/outcome_proficiency_api_controller.rb,117,
action,学习成果与能力,OutcomeProficiencyApiController#show,app/controllers/outcome_proficiency_api_controller.rb,136,
action,学习成果与能力,OutcomeProficiencyApiController#update_ratings,app/controllers/outcome_proficiency_api_controller.rb,147,
action,学习成果与能力,OutcomeProficiencyApiController#proficiency_params,app/controllers/outcome_proficiency_api_controller.rb,155,
action,其他,LegalInformationController#terms_of_use,app/controllers/legal_information_controller.rb,24,
action,其他,LegalInformationController#privacy_policy,app/controllers/legal_information_controller.rb,28,
action,账户与租户管理,BrandConfigsApiController#show,app/controllers/brand_configs_api_controller.rb,35,
action,账户与租户管理,BrandConfigsApiController#show_context,app/controllers/brand_configs_api_controller.rb,51,
action,内容、文件与模块,ContentExportsApiController#index,app/controllers/content_exports_api_controller.rb,97,
action,内容、文件与模块,ContentExportsApiController#show,app/controllers/content_exports_api_controller.rb,112,
action,内容、文件与模块,ContentExportsApiController#create,app/controllers/content_exports_api_controller.rb,152,
action,内容、文件与模块,ContentExportsApiController#fail,app/controllers/content_exports_api_controller.rb,170,
action,内容、文件与模块,ContentExportsApiController#content_list,app/controllers/content_exports_api_controller.rb,178,
action,内容、文件与模块,ContentExportsApiController#update,app/controllers/content_exports_api_controller.rb,193,
action,内容、文件与模块,ContentExportsApiController#update_params,app/controllers/content_exports_api_controller.rb,207,
action,内容、文件与模块,ContentExportsApiController#export_fail_with_error,app/controllers/content_exports_api_controller.rb,211,
action,作业、提交与评分,ProvisionalGradesBaseController#status,app/controllers/provisional_grades_base_controller.rb,27,
action,作业、提交与评分,ProvisionalGradesBaseController#load_assignment,app/controllers/provisional_grades_base_controller.rb,82,
action,作业、提交与评分,ProvisionalGradesBaseController#submission_updated?,app/controllers/provisional_grades_base_controller.rb,87,
action,作业、提交与评分,AssignmentExtensionsController#create,app/controllers/assignment_extensions_controller.rb,84,
action,作业、提交与评分,AssignmentExtensionsController#require_assignment,app/controllers/assignment_extensions_controller.rb,126,
action,其他,PluginsController#index,app/controllers/plugins_controller.rb,26,
action,其他,PluginsController#show,app/controllers/plugins_controller.rb,30,
action,其他,PluginsController#update,app/controllers/plugins_controller.rb,50,
action,其他,PluginsController#find_plugin_setting,app/controllers/plugins_controller.rb,85,
action,其他,PluginsController#clear_encrypted_plugin_settings,app/controllers/plugins_controller.rb,95,
action,其他,PluginsController#require_setting_site_admin,app/controllers/plugins_controller.rb,103,
action,其他,PluginsController#set_navigation,app/controllers/plugins_controller.rb,107,
action,内容、文件与模块,ContextModulesApiController#index,app/controllers/context_modules_api_controller.rb,163,
action,内容、文件与模块,ContextModulesApiController#show,app/controllers/context_modules_api_controller.rb,222,
action,内容、文件与模块,ContextModulesApiController#duplicate,app/controllers/context_modules_api_controller.rb,236,
action,内容、文件与模块,ContextModulesApiController#batch_update,app/controllers/context_modules_api_controller.rb,290,
action,内容、文件与模块,ContextModulesApiController#create,app/controllers/context_modules_api_controller.rb,357,
action,内容、文件与模块,ContextModulesApiController#update,app/controllers/context_modules_api_controller.rb,421,
action,内容、文件与模块,ContextModulesApiController#destroy,app/controllers/context_modules_api_controller.rb,487,
action,内容、文件与模块,ContextModulesApiController#relock,app/controllers/context_modules_api_controller.rb,510,
action,内容、文件与模块,ContextModulesApiController#set_position,app/controllers/context_modules_api_controller.rb,518,
action,内容、文件与模块,ContextModulesApiController#find_student,app/controllers/context_modules_api_controller.rb,535,
action,内容、文件与模块,ContextModulesApiController#publish_failure_reason,app/controllers/context_modules_api_controller.rb,549,
action,课程、班级与选课,SectionsController#index,app/controllers/sections_controller.rb,122,
action,课程、班级与选课,SectionsController#create,app/controllers/sections_controller.rb,167,
action,课程、班级与选课,SectionsController#user_count,app/controllers/sections_controller.rb,198,
action,课程、班级与选课,SectionsController#require_section,app/controllers/sections_controller.rb,230,
action,课程、班级与选课,SectionsController#crosslist_check,app/controllers/sections_controller.rb,243,
action,课程、班级与选课,SectionsController#crosslist,app/controllers/sections_controller.rb,268,
action,课程、班级与选课,SectionsController#uncrosslist,app/controllers/sections_controller.rb,295,
action,课程、班级与选课,SectionsController#update,app/controllers/sections_controller.rb,338,
action,课程、班级与选课,SectionsController#show,app/controllers/sections_controller.rb,384,
action,课程、班级与选课,SectionsController#destroy,app/controllers/sections_controller.rb,407,
action,课程、班级与选课,SectionsController#users,app/controllers/sections_controller.rb,448,
action,课程、班级与选课,SectionsController#course_section_params,app/controllers/sections_controller.rb,477,
action,其他,JwtsController#create,app/controllers/jwts_controller.rb,75,
action,其他,JwtsController#refresh,app/controllers/jwts_controller.rb,112,
action,其他,JwtsController#workflows_require_context?,app/controllers/jwts_controller.rb,145,
action,其他,JwtsController#workflows,app/controllers/jwts_controller.rb,149,
action,其他,JwtsController#require_authorized_context,app/controllers/jwts_controller.rb,153,
action,其他,JwtsController#decrypted_jwt,app/controllers/jwts_controller.rb,177,
action,其他,JwtsController#refresh_for_another_user?,app/controllers/jwts_controller.rb,181,
action,其他,JwtsController#user_can_refresh?,app/controllers/jwts_controller.rb,185,
action,其他,JwtsController#render_error,app/controllers/jwts_controller.rb,189,
action,其他,JwtsController#render_unauthorized,app/controllers/jwts_controller.rb,193,
action,其他,JwtsController#render_invalid_refresh,app/controllers/jwts_controller.rb,200,
action,其他,JwtsController#render_not_allowed_audience,app/controllers/jwts_controller.rb,207,
action,其他,JwtsController#encrypt?,app/controllers/jwts_controller.rb,217,
action,其他,JwtsController#symmetric?,app/controllers/jwts_controller.rb,223,
action,其他,JwtsController#audience_requested?,app/controllers/jwts_controller.rb,227,
action,其他,JwtsController#require_access_token,app/controllers/jwts_controller.rb,231,
action,其他,JwtsController#validate_requested_audience,app/controllers/jwts_controller.rb,235,
action,其他,JwtsController#requested_audience,app/controllers/jwts_controller.rb,239,
action,其他,JwtsController#valid_audience?,app/controllers/jwts_controller.rb,243,
action,其他,JwtsController#configured_audiences,app/controllers/jwts_controller.rb,248,
action,账户与租户管理,AccountNotificationsController#user_index,app/controllers/account_notifications_controller.rb,111,
action,账户与租户管理,AccountNotificationsController#user_index_deprecated,app/controllers/account_notifications_controller.rb,142,
action,账户与租户管理,AccountNotificationsController#render_past_global_announcements,app/controllers/account_notifications_controller.rb,146,
action,账户与租户管理,AccountNotificationsController#html_to_string,app/controllers/account_notifications_controller.rb,158,
action,账户与租户管理,AccountNotificationsController#html_string_from_announcements,app/controllers/account_notifications_controller.rb,170,
action,账户与租户管理,AccountNotificationsController#show,app/controllers/account_notifications_controller.rb,183,
action,账户与租户管理,AccountNotificationsController#show_deprecated,app/controllers/account_notifications_controller.rb,193,
action,账户与租户管理,AccountNotificationsController#create,app/controllers/account_notifications_controller.rb,238,
action,账户与租户管理,AccountNotificationsController#update,app/controllers/account_notifications_controller.rb,321,
action,账户与租户管理,AccountNotificationsController#user_close_notification,app/controllers/account_notifications_controller.rb,376,
action,账户与租户管理,AccountNotificationsController#destroy,app/controllers/account_notifications_controller.rb,390,
action,账户与租户管理,AccountNotificationsController#user_close_notification_deprecated,app/controllers/account_notifications_controller.rb,403,
action,账户与租户管理,AccountNotificationsController#destroy_notification,app/controllers/account_notifications_controller.rb,409,
action,账户与租户管理,AccountNotificationsController#close_notification,app/controllers/account_notifications_controller.rb,413,
action,账户与租户管理,AccountNotificationsController#check_user_param,app/controllers/account_notifications_controller.rb,417,
action,账户与租户管理,AccountNotificationsController#require_account_admin,app/controllers/account_notifications_controller.rb,421,
action,账户与租户管理,AccountNotificationsController#roles_to_add,app/controllers/account_notifications_controller.rb,426,
action,账户与租户管理,AccountNotificationsController#account_notification_params,app/controllers/account_notifications_controller.rb,442,
action,作业、提交与评分,ProvisionalGradesController#bulk_select,app/controllers/provisional_grades_controller.rb,87,
action,作业、提交与评分,ProvisionalGradesController#status,app/controllers/provisional_grades_controller.rb,165,
action,作业、提交与评分,ProvisionalGradesController#select,app/controllers/provisional_grades_controller.rb,182,
action,作业、提交与评分,ProvisionalGradesController#publish,app/controllers/provisional_grades_controller.rb,223,
action,其他,UsageRightsController#set_usage_rights,app/controllers/usage_rights_controller.rb,112,
action,其他,UsageRightsController#remove_usage_rights,app/controllers/usage_rights_controller.rb,135,
action,其他,UsageRightsController#licenses,app/controllers/usage_rights_controller.rb,147,
action,其他,UsageRightsController#enumerate_contents,app/controllers/usage_rights_controller.rb,159,
action,其他,UsageRightsController#assign_usage_rights,app/controllers/usage_rights_controller.rb,165,
action,作业、提交与评分,CustomGradebookColumnDataApiController#index,app/controllers/custom_gradebook_column_data_api_controller.rb,56,
action,作业、提交与评分,CustomGradebookColumnDataApiController#update,app/controllers/custom_gradebook_column_data_api_controller.rb,81,
action,作业、提交与评分,CustomGradebookColumnDataApiController#bulk_update,app/controllers/custom_gradebook_column_data_api_controller.rb,132,
action,作业、提交与评分,CustomGradebookColumnDataApiController#allowed_users,app/controllers/custom_gradebook_column_data_api_controller.rb,151,
action,作业、提交与评分,CustomGradebookColumnDataApiController#allowed_user_ids,app/controllers/custom_gradebook_column_data_api_controller.rb,156,
action,讨论、公告与协作,EportfolioEntriesController#create,app/controllers/eportfolio_entries_controller.rb,31,
action,讨论、公告与协作,EportfolioEntriesController#show,app/controllers/eportfolio_entries_controller.rb,54,
action,讨论、公告与协作,EportfolioEntriesController#update,app/controllers/eportfolio_entries_controller.rb,85,
action,讨论、公告与协作,EportfolioEntriesController#destroy,app/controllers/eportfolio_entries_controller.rb,106,
action,讨论、公告与协作,EportfolioEntriesController#attachment,app/controllers/eportfolio_entries_controller.rb,119,
action,讨论、公告与协作,EportfolioEntriesController#submission,app/controllers/eportfolio_entries_controller.rb,138,
action,讨论、公告与协作,EportfolioEntriesController#eportfolio_entry_params,app/controllers/eportfolio_entries_controller.rb,156,
action,讨论、公告与协作,EportfolioEntriesController#get_eportfolio,app/controllers/eportfolio_entries_controller.rb,160,
action,其他,GradingStandardsController#index,app/controllers/grading_standards_controller.rb,29,
action,其他,GradingStandardsController#create,app/controllers/grading_standards_controller.rb,63,
action,其他,GradingStandardsController#update,app/controllers/grading_standards_controller.rb,80,
action,其他,GradingStandardsController#destroy,app/controllers/grading_standards_controller.rb,94,
action,其他,GradingStandardsController#default_data,app/controllers/grading_standards_controller.rb,109,
action,其他,GradingStandardsController#standard_as_json,app/controllers/grading_standards_controller.rb,113,
action,其他,GradingStandardsController#grading_standard_params,app/controllers/grading_standards_controller.rb,117,
action,讨论、公告与协作,CollaborationsController#index,app/controllers/collaborations_controller.rb,141,
action,讨论、公告与协作,CollaborationsController#api_index,app/controllers/collaborations_controller.rb,181,
action,讨论、公告与协作,CollaborationsController#show,app/controllers/collaborations_controller.rb,217,
action,讨论、公告与协作,CollaborationsController#lti_index,app/controllers/collaborations_controller.rb,260,
action,讨论、公告与协作,CollaborationsController#create,app/controllers/collaborations_controller.rb,287,
action,讨论、公告与协作,CollaborationsController#update,app/controllers/collaborations_controller.rb,328,
action,讨论、公告与协作,CollaborationsController#destroy,app/controllers/collaborations_controller.rb,375,
action,讨论、公告与协作,CollaborationsController#members,app/controllers/collaborations_controller.rb,402,
action,讨论、公告与协作,CollaborationsController#potential_collaborators,app/controllers/collaborations_controller.rb,425,
action,讨论、公告与协作,CollaborationsController#require_collaboration_and_context,app/controllers/collaborations_controller.rb,437,
action,讨论、公告与协作,CollaborationsController#require_collaborations_configured,app/controllers/collaborations_controller.rb,446,
action,讨论、公告与协作,CollaborationsController#collaboration_from_content_item,app/controllers/collaborations_controller.rb,454,
action,讨论、公告与协作,CollaborationsController#external_tool_launch_url,app/controllers/collaborations_controller.rb,488,
action,讨论、公告与协作,CollaborationsController#content_item_visibility,app/controllers/collaborations_controller.rb,497,
action,SIS、导入导出与报表,WebZipExportsController#check_feature_enabled,app/controllers/web_zip_exports_controller.rb,101,
action,SIS、导入导出与报表,WebZipExportsController#index,app/controllers/web_zip_exports_controller.rb,119,
action,SIS、导入导出与报表,WebZipExportsController#show,app/controllers/web_zip_exports_controller.rb,140,
action,用户、身份与沟通,ConversationsController#index,app/controllers/conversations_controller.rb,274,
action,用户、身份与沟通,ConversationsController#create,app/controllers/conversations_controller.rb,405,
action,用户、身份与沟通,ConversationsController#batches,app/controllers/conversations_controller.rb,557,
action,用户、身份与沟通,ConversationsController#show,app/controllers/conversations_controller.rb,661,
action,用户、身份与沟通,ConversationsController#update,app/controllers/conversations_controller.rb,735,
action,用户、身份与沟通,ConversationsController#mark_all_as_read,app/controllers/conversations_controller.rb,751,
action,用户、身份与沟通,ConversationsController#destroy,app/controllers/conversations_controller.rb,775,
action,用户、身份与沟通,ConversationsController#delete_for_all,app/controllers/conversations_controller.rb,785,
action,用户、身份与沟通,ConversationsController#deleted_index,app/controllers/conversations_controller.rb,794,
action,用户、身份与沟通,ConversationsController#restore_message,app/controllers/conversations_controller.rb,819,
action,用户、身份与沟通,ConversationsController#add_recipients,app/controllers/conversations_controller.rb,891,
action,用户、身份与沟通,ConversationsController#add_message,app/controllers/conversations_controller.rb,969,
action,用户、身份与沟通,ConversationsController#remove_messages,app/controllers/conversations_controller.rb,1023,
action,用户、身份与沟通,ConversationsController#batch_update,app/controllers/conversations_controller.rb,1052,
action,用户、身份与沟通,ConversationsController#find_recipients,app/controllers/conversations_controller.rb,1074,
action,用户、身份与沟通,ConversationsController#unread_count,app/controllers/conversations_controller.rb,1081,
action,用户、身份与沟通,ConversationsController#public_feed,app/controllers/conversations_controller.rb,1087,
action,用户、身份与沟通,ConversationsController#feed_context_content,app/controllers/conversations_controller.rb,1116,
action,用户、身份与沟通,ConversationsController#render_error,app/controllers/conversations_controller.rb,1149,
action,用户、身份与沟通,ConversationsController#infer_scope,app/controllers/conversations_controller.rb,1157,
action,用户、身份与沟通,ConversationsController#infer_visibility,app/controllers/conversations_controller.rb,1181,
action,用户、身份与沟通,ConversationsController#get_conversation,app/controllers/conversations_controller.rb,1196,
action,用户、身份与沟通,ConversationsController#include_private_conversation_enrollments,app/controllers/conversations_controller.rb,1210,
action,用户、身份与沟通,ConversationsController#include_participant_uuid?,app/controllers/conversations_controller.rb,1218,
action,用户、身份与沟通,ConversationsController#auto_mark_as_read?,app/controllers/conversations_controller.rb,1223,
action,测验与题库,ItemBanksController#show,app/controllers/item_banks_controller.rb,28,
action,测验与题库,ItemBanksController#ams_integration_enabled?,app/controllers/item_banks_controller.rb,43,
action,讨论、公告与协作,AnnouncementsController#announcements_locked?,app/controllers/announcements_controller.rb,36,
action,讨论、公告与协作,AnnouncementsController#load_announcements,app/controllers/announcements_controller.rb,42,
action,讨论、公告与协作,AnnouncementsController#index,app/controllers/announcements_controller.rb,64,
action,讨论、公告与协作,AnnouncementsController#show,app/controllers/announcements_controller.rb,105,
action,讨论、公告与协作,AnnouncementsController#public_feed,app/controllers/announcements_controller.rb,109,
action,账户与租户管理,AuthenticationProvidersController#index,app/controllers/authentication_providers_controller.rb,251,
action,账户与租户管理,AuthenticationProvidersController#show,app/controllers/authentication_providers_controller.rb,278,
action,账户与租户管理,AuthenticationProvidersController#create,app/controllers/authentication_providers_controller.rb,682,
action,账户与租户管理,AuthenticationProvidersController#update,app/controllers/authentication_providers_controller.rb,758,
action,账户与租户管理,AuthenticationProvidersController#destroy,app/controllers/authentication_providers_controller.rb,807,
action,账户与租户管理,AuthenticationProvidersController#restore,app/controllers/authentication_providers_controller.rb,836,
action,账户与租户管理,AuthenticationProvidersController#sso_settings_json,app/controllers/authentication_providers_controller.rb,846,
action,账户与租户管理,AuthenticationProvidersController#show_sso_settings,app/controllers/authentication_providers_controller.rb,874,
action,账户与租户管理,AuthenticationProvidersController#update_sso_settings,app/controllers/authentication_providers_controller.rb,899,
action,账户与租户管理,AuthenticationProvidersController#test_ldap_connection,app/controllers/authentication_providers_controller.rb,938,
action,账户与租户管理,AuthenticationProvidersController#test_ldap_bind,app/controllers/authentication_providers_controller.rb,950,
action,账户与租户管理,AuthenticationProvidersController#test_ldap_search,app/controllers/authentication_providers_controller.rb,962,
action,账户与租户管理,AuthenticationProvidersController#test_ldap_login,app/controllers/authentication_providers_controller.rb,975,
action,账户与租户管理,AuthenticationProvidersController#destroy_all,app/controllers/authentication_providers_controller.rb,1011,
action,账户与租户管理,AuthenticationProvidersController#refresh_saml_metadata,app/controllers/authentication_providers_controller.rb,1026,
action,账户与租户管理,AuthenticationProvidersController#start_debugging,app/controllers/authentication_providers_controller.rb,1063,
action,账户与租户管理,AuthenticationProvidersController#debug_data,app/controllers/authentication_providers_controller.rb,1072,
action,账户与租户管理,AuthenticationProvidersController#stop_debugging,app/controllers/authentication_providers_controller.rb,1096,
action,账户与租户管理,AuthenticationProvidersController#filter_data,app/controllers/authentication_providers_controller.rb,1104,
action,账户与租户管理,AuthenticationProvidersController#update_deprecated_account_settings_data,app/controllers/authentication_providers_controller.rb,1141,
action,账户与租户管理,AuthenticationProvidersController#update_account_settings_from_hash,app/controllers/authentication_providers_controller.rb,1147,
action,账户与租户管理,AuthenticationProvidersController#deselect_parent_registration,app/controllers/authentication_providers_controller.rb,1156,
action,账户与租户管理,AuthenticationProvidersController#ldap_providers,app/controllers/authentication_providers_controller.rb,1164,
action,账户与租户管理,AuthenticationProvidersController#load_aac,app/controllers/authentication_providers_controller.rb,1168,
action,搜索、AI 与无障碍,CareerExperienceController#enabled,app/controllers/career_experience_controller.rb,57,
action,搜索、AI 与无障碍,CareerExperienceController#experience_summary,app/controllers/career_experience_controller.rb,72,
action,搜索、AI 与无障碍,CareerExperienceController#switch_experience,app/controllers/career_experience_controller.rb,94,
action,搜索、AI 与无障碍,CareerExperienceController#switch_role,app/controllers/career_experience_controller.rb,122,
action,用户、身份与沟通,DiscussionTopicUsersController#search,app/controllers/discussion_topic_users_controller.rb,42,
action,用户、身份与沟通,DiscussionTopicUsersController#require_topic_and_read_access,app/controllers/discussion_topic_users_controller.rb,52,
action,用户、身份与沟通,DiscussionTopicUsersController#messageable_user_pagination_url,app/controllers/discussion_topic_users_controller.rb,57,
action,作业、提交与评分,ModerationSetController#index,app/controllers/moderation_set_controller.rb,37,
action,作业、提交与评分,ModerationSetController#create,app/controllers/moderation_set_controller.rb,58,
action,作业、提交与评分,ModerationSetController#incremental_create,app/controllers/moderation_set_controller.rb,75,
action,作业、提交与评分,ModerationSetController#visible_students,app/controllers/moderation_set_controller.rb,86,
action,作业、提交与评分,ModerationSetController#load_assignment,app/controllers/moderation_set_controller.rb,90,
action,内容、文件与模块,ContextModuleItemsApiController#index,app/controllers/context_module_items_api_controller.rb,273,
action,内容、文件与模块,ContextModuleItemsApiController#show,app/controllers/context_module_items_api_controller.rb,317,
action,内容、文件与模块,ContextModuleItemsApiController#redirect,app/controllers/context_module_items_api_controller.rb,333,
action,内容、文件与模块,ContextModuleItemsApiController#create,app/controllers/context_module_items_api_controller.rb,412,
action,内容、文件与模块,ContextModuleItemsApiController#update,app/controllers/context_module_items_api_controller.rb,529,
action,内容、文件与模块,ContextModuleItemsApiController#select_mastery_path,app/controllers/context_module_items_api_controller.rb,606,
action,内容、文件与模块,ContextModuleItemsApiController#destroy,app/controllers/context_module_items_api_controller.rb,648,
action,内容、文件与模块,ContextModuleItemsApiController#mark_as_done,app/controllers/context_module_items_api_controller.rb,668,
action,内容、文件与模块,ContextModuleItemsApiController#mark_as_not_done,app/controllers/context_module_items_api_controller.rb,677,
action,内容、文件与模块,ContextModuleItemsApiController#get_module_item,app/controllers/context_module_items_api_controller.rb,689,
action,内容、文件与模块,ContextModuleItemsApiController#item_sequence,app/controllers/context_module_items_api_controller.rb,715,
action,内容、文件与模块,ContextModuleItemsApiController#mark_item_read,app/controllers/context_module_items_api_controller.rb,742,
action,内容、文件与模块,ContextModuleItemsApiController#duplicate,app/controllers/context_module_items_api_controller.rb,766,
action,内容、文件与模块,ContextModuleItemsApiController#set_position,app/controllers/context_module_items_api_controller.rb,803,
action,内容、文件与模块,ContextModuleItemsApiController#set_completion_requirement,app/controllers/context_module_items_api_controller.rb,822,
action,内容、文件与模块,ContextModuleItemsApiController#find_student,app/controllers/context_module_items_api_controller.rb,843,
action,其他,CustomDataController#set_data,app/controllers/custom_data_controller.rb,202,
action,其他,CustomDataController#get_data,app/controllers/custom_data_controller.rb,259,
action,其他,CustomDataController#delete_data,app/controllers/custom_data_controller.rb,390,
action,其他,CustomDataController#require_namespace,app/controllers/custom_data_controller.rb,411,
action,其他,CustomDataController#get_scope,app/controllers/custom_data_controller.rb,416,
action,其他,CustomDataController#require_custom_data,app/controllers/custom_data_controller.rb,420,
action,内容、文件与模块,ContentExportsController#require_permission,app/controllers/content_exports_controller.rb,28,
action,内容、文件与模块,ContentExportsController#index,app/controllers/content_exports_controller.rb,33,
action,内容、文件与模块,ContentExportsController#show,app/controllers/content_exports_controller.rb,40,
action,内容、文件与模块,ContentExportsController#create,app/controllers/content_exports_controller.rb,48,
action,内容、文件与模块,ContentExportsController#destroy,app/controllers/content_exports_controller.rb,82,
action,内容、文件与模块,ContentExportsController#xml_schema,app/controllers/content_exports_controller.rb,91,
action,内容、文件与模块,ContentExportsController#render_export,app/controllers/content_exports_controller.rb,102,
action,课程、班级与选课,CoursesController#index,app/controllers/courses_controller.rb,530,
action,课程、班级与选课,CoursesController#load_enrollments_for_index,app/controllers/courses_controller.rb,570,
action,课程、班级与选课,CoursesController#sort_enrollments,app/controllers/courses_controller.rb,616,
action,课程、班级与选课,CoursesController#enrollments_for_index,app/controllers/courses_controller.rb,658,
action,课程、班级与选课,CoursesController#show_favorites_col_for_index?,app/controllers/courses_controller.rb,663,
action,课程、班级与选课,CoursesController#user_index,app/controllers/courses_controller.rb,771,
action,课程、班级与选课,CoursesController#user_progress,app/controllers/courses_controller.rb,784,
action,课程、班级与选课,CoursesController#create,app/controllers/courses_controller.rb,921,
action,课程、班级与选课,CoursesController#create_file,app/controllers/courses_controller.rb,1096,
action,课程、班级与选课,CoursesController#unconclude,app/controllers/courses_controller.rb,1103,
action,课程、班级与选课,CoursesController#students,app/controllers/courses_controller.rb,1123,
action,课程、班级与选课,CoursesController#users,app/controllers/courses_controller.rb,1199,
action,课程、班级与选课,CoursesController#recent_students,app/controllers/courses_controller.rb,1331,
action,课程、班级与选课,CoursesController#user,app/controllers/courses_controller.rb,1349,
action,课程、班级与选课,CoursesController#content_share_users,app/controllers/courses_controller.rb,1378,
action,课程、班级与选课,CoursesController#admin_scope,app/controllers/courses_controller.rb,1398,
action,课程、班级与选课,CoursesController#teacher_scope,app/controllers/courses_controller.rb,1405,
action,课程、班级与选课,CoursesController#name_scope,app/controllers/courses_controller.rb,1412,
action,课程、班级与选课,CoursesController#email_scope,app/controllers/courses_controller.rb,1416,
action,课程、班级与选课,CoursesController#preview_html,app/controllers/courses_controller.rb,1439,
action,课程、班级与选课,CoursesController#activity_stream,app/controllers/courses_controller.rb,1453,
action,课程、班级与选课,CoursesController#activity_stream_summary,app/controllers/courses_controller.rb,1465,
action,课程、班级与选课,CoursesController#todo_items,app/controllers/courses_controller.rb,1478,
action,课程、班级与选课,CoursesController#destroy,app/controllers/courses_controller.rb,1541,
action,课程、班级与选课,CoursesController#statistics,app/controllers/courses_controller.rb,1578,
action,课程、班级与选课,CoursesController#api_settings,app/controllers/courses_controller.rb,1623,
action,课程、班级与选课,CoursesController#settings,app/controllers/courses_controller.rb,1630,
action,课程、班级与选课,CoursesController#update_user_engine_choice,app/controllers/courses_controller.rb,1761,
action,课程、班级与选课,CoursesController#new_quizzes_selection_update,app/controllers/courses_controller.rb,1771,
action,课程、班级与选课,CoursesController#update_settings,app/controllers/courses_controller.rb,1869,
action,课程、班级与选课,CoursesController#student_view_student,app/controllers/courses_controller.rb,1946,
action,课程、班级与选课,CoursesController#observer_pairing_codes_csv,app/controllers/courses_controller.rb,1953,
action,课程、班级与选课,CoursesController#update_nav,app/controllers/courses_controller.rb,1980,
action,课程、班级与选课,CoursesController#re_send_invitations,app/controllers/courses_controller.rb,1998,
action,课程、班级与选课,CoursesController#enrollment_invitation,app/controllers/courses_controller.rb,2012,
action,课程、班级与选课,CoursesController#accept_enrollment,app/controllers/courses_controller.rb,2040,
action,课程、班级与选课,CoursesController#reject_enrollment,app/controllers/courses_controller.rb,2081,
action,课程、班级与选课,CoursesController#claim_course,app/controllers/courses_controller.rb,2096,
action,课程、班级与选课,CoursesController#check_enrollment,app/controllers/courses_controller.rb,2114,
action,课程、班级与选课,CoursesController#fetch_enrollment,app/controllers/courses_controller.rb,2171,
action,课程、班级与选课,CoursesController#locks,app/controllers/courses_controller.rb,2199,
action,课程、班级与选课,CoursesController#self_unenrollment,app/controllers/courses_controller.rb,2232,
action,课程、班级与选课,CoursesController#self_enrollment,app/controllers/courses_controller.rb,2243,
action,课程、班级与选课,CoursesController#check_pending_teacher,app/controllers/courses_controller.rb,2254,
action,课程、班级与选课,CoursesController#check_unknown_user,app/controllers/courses_controller.rb,2271,
action,课程、班级与选课,CoursesController#check_for_xlist,app/controllers/courses_controller.rb,2276,
action,课程、班级与选课,CoursesController#show,app/controllers/courses_controller.rb,2327,
action,课程、班级与选课,CoursesController#render_course_notification_settings,app/controllers/courses_controller.rb,2766,
action,课程、班级与选课,CoursesController#confirm_action,app/controllers/courses_controller.rb,2779,
action,课程、班级与选课,CoursesController#conclude_user,app/controllers/courses_controller.rb,2784,
action,课程、班级与选课,CoursesController#unconclude_user,app/controllers/courses_controller.rb,2800,
action,课程、班级与选课,CoursesController#limit_user,app/controllers/courses_controller.rb,2818,
action,课程、班级与选课,CoursesController#unenroll_user,app/controllers/courses_controller.rb,2834,
action,课程、班级与选课,CoursesController#enroll_users,app/controllers/courses_controller.rb,2848,
action,课程、班级与选课,CoursesController#link_enrollment,app/controllers/courses_controller.rb,2919,
action,课程、班级与选课,CoursesController#move_enrollment,app/controllers/courses_controller.rb,2932,
action,课程、班级与选课,CoursesController#copy,app/controllers/courses_controller.rb,2964,
action,课程、班级与选课,CoursesController#copy_course,app/controllers/courses_controller.rb,2991,
action,课程、班级与选课,CoursesController#update,app/controllers/courses_controller.rb,3308,
action,课程、班级与选课,CoursesController#update_image,app/controllers/courses_controller.rb,3659,
action,课程、班级与选课,CoursesController#render_update_failure,app/controllers/courses_controller.rb,3690,
action,课程、班级与选课,CoursesController#non_event?,app/controllers/courses_controller.rb,3701,
action,课程、班级与选课,CoursesController#process_course_event,app/controllers/courses_controller.rb,3716,
action,课程、班级与选课,CoursesController#render_update_success,app/controllers/courses_controller.rb,3762,
action,课程、班级与选课,CoursesController#batch_update,app/controllers/courses_controller.rb,3803,
action,课程、班级与选课,CoursesController#public_feed,app/controllers/courses_controller.rb,3827,
action,课程、班级与选课,CoursesController#publish_to_sis,app/controllers/courses_controller.rb,3847,
action,课程、班级与选课,CoursesController#sis_publish_status,app/controllers/courses_controller.rb,3851,
action,课程、班级与选课,CoursesController#reset_content,app/controllers/courses_controller.rb,3877,
action,课程、班级与选课,CoursesController#effective_due_dates,app/controllers/courses_controller.rb,3924,
action,课程、班级与选课,CoursesController#permissions,app/controllers/courses_controller.rb,3960,
action,课程、班级与选课,CoursesController#bulk_user_progress,app/controllers/courses_controller.rb,4006,
action,课程、班级与选课,CoursesController#student_view,app/controllers/courses_controller.rb,4033,
action,课程、班级与选课,CoursesController#leave_student_view,app/controllers/courses_controller.rb,4040,
action,课程、班级与选课,CoursesController#reset_test_student,app/controllers/courses_controller.rb,4047,
action,课程、班级与选课,CoursesController#enter_student_view,app/controllers/courses_controller.rb,4077,
action,课程、班级与选课,CoursesController#permission_for_event,app/controllers/courses_controller.rb,4092,
action,课程、班级与选课,CoursesController#changed_settings,app/controllers/courses_controller.rb,4106,
action,课程、班级与选课,CoursesController#ping,app/controllers/courses_controller.rb,4137,
action,课程、班级与选课,CoursesController#link_validation,app/controllers/courses_controller.rb,4141,
action,课程、班级与选课,CoursesController#dismiss_migration_limitation_msg,app/controllers/courses_controller.rb,4161,
action,课程、班级与选课,CoursesController#youtube_migration,app/controllers/courses_controller.rb,4172,
action,课程、班级与选课,CoursesController#youtube_migration_scan,app/controllers/courses_controller.rb,4187,
action,课程、班级与选课,CoursesController#start_youtube_migration_scan,app/controllers/courses_controller.rb,4230,
action,课程、班级与选课,CoursesController#start_youtube_migration_convert,app/controllers/courses_controller.rb,4244,
action,课程、班级与选课,CoursesController#youtube_migration_conversion_status,app/controllers/courses_controller.rb,4264,
action,课程、班级与选课,CoursesController#update_youtube_migration_scan,app/controllers/courses_controller.rb,4296,
action,课程、班级与选课,CoursesController#start_link_validation,app/controllers/courses_controller.rb,4326,
action,课程、班级与选课,CoursesController#link_validator,app/controllers/courses_controller.rb,4334,
action,课程、班级与选课,CoursesController#retrieve_observed_enrollments,app/controllers/courses_controller.rb,4339,
action,课程、班级与选课,CoursesController#courses_for_user,app/controllers/courses_controller.rb,4347,
action,课程、班级与选课,CoursesController#require_user_or_observer,app/controllers/courses_controller.rb,4519,
action,课程、班级与选课,CoursesController#visibility_configuration,app/controllers/courses_controller.rb,4529,
action,课程、班级与选课,CoursesController#can_change_group_weighting_scheme?,app/controllers/courses_controller.rb,4543,
action,课程、班级与选课,CoursesController#offline_web_exports,app/controllers/courses_controller.rb,4550,
action,课程、班级与选课,CoursesController#start_offline_web_export,app/controllers/courses_controller.rb,4564,
action,课程、班级与选课,CoursesController#visible_self_enrollment_option,app/controllers/courses_controller.rb,4574,
action,课程、班级与选课,CoursesController#accessibility_issues_count,app/controllers/courses_controller.rb,4586,
action,课程、班级与选课,CoursesController#restore_version,app/controllers/courses_controller.rb,4604,
action,课程、班级与选课,CoursesController#should_return_mcc_specific_error?,app/controllers/courses_controller.rb,4624,
action,课程、班级与选课,CoursesController#validate_assignment_ids,app/controllers/courses_controller.rb,4639,
action,课程、班级与选课,CoursesController#observee_selected?,app/controllers/courses_controller.rb,4643,
action,课程、班级与选课,CoursesController#update_grade_passback_setting,app/controllers/courses_controller.rb,4647,
action,课程、班级与选课,CoursesController#active_group_memberships,app/controllers/courses_controller.rb,4655,
action,课程、班级与选课,CoursesController#effective_due_dates_params,app/controllers/courses_controller.rb,4659,
action,课程、班级与选课,CoursesController#course_params,app/controllers/courses_controller.rb,4663,
action,课程、班级与选课,CoursesController#update_youtube_migration_scan_params,app/controllers/courses_controller.rb,4739,
action,课程、班级与选课,CoursesController#disable_conditional_release,app/controllers/courses_controller.rb,4746,
action,课程、班级与选课,CoursesController#reset_progress_with_service,app/controllers/courses_controller.rb,4752,
action,SIS、导入导出与报表,SisApiController#sis_assignments,app/controllers/sis_api_controller.rb,356,
action,SIS、导入导出与报表,SisApiController#context,app/controllers/sis_api_controller.rb,364,
action,SIS、导入导出与报表,SisApiController#published_course_ids,app/controllers/sis_api_controller.rb,375,
action,SIS、导入导出与报表,SisApiController#include_student_overrides?,app/controllers/sis_api_controller.rb,403,
action,SIS、导入导出与报表,SisApiController#published_assignments,app/controllers/sis_api_controller.rb,407,
action,SIS、导入导出与报表,SisApiController#paginated_assignments,app/controllers/sis_api_controller.rb,423,
action,SIS、导入导出与报表,SisApiController#sis_grade_export_enabled?,app/controllers/sis_api_controller.rb,431,
action,SIS、导入导出与报表,SisApiController#require_view_all_grades,app/controllers/sis_api_controller.rb,435,
action,SIS、导入导出与报表,SisApiController#require_grade_export,app/controllers/sis_api_controller.rb,439,
action,SIS、导入导出与报表,SisApiController#require_published_course,app/controllers/sis_api_controller.rb,443,
action,LTI、外部工具与集成,ExternalToolsController#index,app/controllers/external_tools_controller.rb,661,
action,LTI、外部工具与集成,ExternalToolsController#finished,app/controllers/external_tools_controller.rb,690,
action,LTI、外部工具与集成,ExternalToolsController#retrieve,app/controllers/external_tools_controller.rb,696,
action,LTI、外部工具与集成,ExternalToolsController#find_tool_and_url,app/controllers/external_tools_controller.rb,756,
action,LTI、外部工具与集成,ExternalToolsController#invalid_settings_error,app/controllers/external_tools_controller.rb,786,
action,LTI、外部工具与集成,ExternalToolsController#generate_sessionless_launch,app/controllers/external_tools_controller.rb,859,
action,LTI、外部工具与集成,ExternalToolsController#sessionless_launch,app/controllers/external_tools_controller.rb,883,
action,LTI、外部工具与集成,ExternalToolsController#show,app/controllers/external_tools_controller.rb,938,
action,LTI、外部工具与集成,ExternalToolsController#migration_info,app/controllers/external_tools_controller.rb,994,
action,LTI、外部工具与集成,ExternalToolsController#tool_return_success_url,app/controllers/external_tools_controller.rb,1017,
action,LTI、外部工具与集成,ExternalToolsController#tool_return_cancel_url,app/controllers/external_tools_controller.rb,1038,
action,LTI、外部工具与集成,ExternalToolsController#resource_selection,app/controllers/external_tools_controller.rb,1049,
action,LTI、外部工具与集成,ExternalToolsController#find_tool,app/controllers/external_tools_controller.rb,1083,
action,LTI、外部工具与集成,ExternalToolsController#lti_launch,app/controllers/external_tools_controller.rb,1099,
action,LTI、外部工具与集成,ExternalToolsController#resource_link_lookup_uuid,app/controllers/external_tools_controller.rb,1149,
action,LTI、外部工具与集成,ExternalToolsController#resource_link_id,app/controllers/external_tools_controller.rb,1154,
action,LTI、外部工具与集成,ExternalToolsController#lookup_resource_link,app/controllers/external_tools_controller.rb,1162,
action,LTI、外部工具与集成,ExternalToolsController#assignment_from_assignment_id,app/controllers/external_tools_controller.rb,1194,
action,LTI、外部工具与集成,ExternalToolsController#basic_lti_launch_request,app/controllers/external_tools_controller.rb,1211,
action,LTI、外部工具与集成,ExternalToolsController#generate_lti_launch_params,app/controllers/external_tools_controller.rb,1294,
action,LTI、外部工具与集成,ExternalToolsController#content_item_selection,app/controllers/external_tools_controller.rb,1334,
action,LTI、外部工具与集成,ExternalToolsController#content_item_selection_request,app/controllers/external_tools_controller.rb,1378,
action,LTI、外部工具与集成,ExternalToolsController#create,app/controllers/external_tools_controller.rb,1538,
action,LTI、外部工具与集成,ExternalToolsController#create_tool_with_verification,app/controllers/external_tools_controller.rb,1590,
action,LTI、外部工具与集成,ExternalToolsController#update,app/controllers/external_tools_controller.rb,1638,
action,LTI、外部工具与集成,ExternalToolsController#destroy,app/controllers/external_tools_controller.rb,1673,
action,LTI、外部工具与集成,ExternalToolsController#jwt_token,app/controllers/external_tools_controller.rb,1678,
action,LTI、外部工具与集成,ExternalToolsController#mark_rce_favorite,app/controllers/external_tools_controller.rb,1703,
action,LTI、外部工具与集成,ExternalToolsController#unmark_rce_favorite,app/controllers/external_tools_controller.rb,1741,
action,LTI、外部工具与集成,ExternalToolsController#add_top_nav_favorite,app/controllers/external_tools_controller.rb,1760,
action,LTI、外部工具与集成,ExternalToolsController#remove_top_nav_favorite,app/controllers/external_tools_controller.rb,1793,
action,LTI、外部工具与集成,ExternalToolsController#all_visible_nav_tools,app/controllers/external_tools_controller.rb,1834,
action,LTI、外部工具与集成,ExternalToolsController#visible_course_nav_tools,app/controllers/external_tools_controller.rb,1854,
action,LTI、外部工具与集成,ExternalToolsController#external_tools_json_for_courses,app/controllers/external_tools_controller.rb,1865,
action,LTI、外部工具与集成,ExternalToolsController#parse_context_codes,app/controllers/external_tools_controller.rb,1881,
action,LTI、外部工具与集成,ExternalToolsController#generate_module_item_sessionless_launch,app/controllers/external_tools_controller.rb,1897,
action,LTI、外部工具与集成,ExternalToolsController#generate_assignment_sessionless_launch,app/controllers/external_tools_controller.rb,1918,
action,LTI、外部工具与集成,ExternalToolsController#generate_common_sessionless_launch,app/controllers/external_tools_controller.rb,1949,
action,LTI、外部工具与集成,ExternalToolsController#session_token_if_authorized,app/controllers/external_tools_controller.rb,2078,
action,LTI、外部工具与集成,ExternalToolsController#set_tool_attributes,app/controllers/external_tools_controller.rb,2084,
action,LTI、外部工具与集成,ExternalToolsController#require_access_to_context,app/controllers/external_tools_controller.rb,2116,
action,LTI、外部工具与集成,ExternalToolsController#variable_expander,app/controllers/external_tools_controller.rb,2124,
action,LTI、外部工具与集成,ExternalToolsController#require_tool_create_rights,app/controllers/external_tools_controller.rb,2135,
action,LTI、外部工具与集成,ExternalToolsController#developer_key,app/controllers/external_tools_controller.rb,2139,
action,LTI、外部工具与集成,ExternalToolsController#delete_tool,app/controllers/external_tools_controller.rb,2143,
action,LTI、外部工具与集成,ExternalToolsController#placement_from_params,app/controllers/external_tools_controller.rb,2160,
action,LTI、外部工具与集成,ExternalToolsController#whitelisted_query_params,app/controllers/external_tools_controller.rb,2164,
action,LTI、外部工具与集成,ExternalToolsController#item_banks_launch?,app/controllers/external_tools_controller.rb,2170,
action,LTI、外部工具与集成,ExternalToolsController#new_quizzes_native_experience_sessionless_enabled?,app/controllers/external_tools_controller.rb,2181,
action,内容、文件与模块,PageViewsController#index,app/controllers/page_views_controller.rb,307,
action,内容、文件与模块,PageViewsController#update,app/controllers/page_views_controller.rb,387,
action,内容、文件与模块,PageViewsController#query,app/controllers/page_views_controller.rb,436,
action,内容、文件与模块,PageViewsController#poll_query,app/controllers/page_views_controller.rb,524,
action,内容、文件与模块,PageViewsController#query_results,app/controllers/page_views_controller.rb,590,
action,内容、文件与模块,PageViewsController#batch_query,app/controllers/page_views_controller.rb,668,
action,内容、文件与模块,PageViewsController#poll_batch_query,app/controllers/page_views_controller.rb,770,
action,内容、文件与模块,PageViewsController#batch_query_results,app/controllers/page_views_controller.rb,830,
action,内容、文件与模块,PageViewsController#pv5_config,app/controllers/page_views_controller.rb,861,
action,内容、文件与模块,PageViewsController#pv5_enqueue_service,app/controllers/page_views_controller.rb,866,
action,内容、文件与模块,PageViewsController#pv5_poll_service,app/controllers/page_views_controller.rb,870,
action,内容、文件与模块,PageViewsController#pv5_fetch_result_service,app/controllers/page_views_controller.rb,874,
action,内容、文件与模块,PageViewsController#pv5_enqueue_batch_service,app/controllers/page_views_controller.rb,878,
action,内容、文件与模块,PageViewsController#pv5_poll_batch_service,app/controllers/page_views_controller.rb,882,
action,内容、文件与模块,PageViewsController#pv5_fetch_batch_result_service,app/controllers/page_views_controller.rb,886,
action,内容、文件与模块,PageViewsController#validate_query_id!,app/controllers/page_views_controller.rb,890,
action,内容、文件与模块,PageViewsController#uuid?,app/controllers/page_views_controller.rb,895,
action,内容、文件与模块,PageViewsController#require_pv5_configured!,app/controllers/page_views_controller.rb,899,
action,作业、提交与评分,RubricAssessmentsController#create,app/controllers/rubric_assessments_controller.rb,58,
action,作业、提交与评分,RubricAssessmentsController#remind,app/controllers/rubric_assessments_controller.rb,62,
action,作业、提交与评分,RubricAssessmentsController#update,app/controllers/rubric_assessments_controller.rb,103,
action,作业、提交与评分,RubricAssessmentsController#destroy,app/controllers/rubric_assessments_controller.rb,199,
action,作业、提交与评分,RubricAssessmentsController#export,app/controllers/rubric_assessments_controller.rb,212,
action,作业、提交与评分,RubricAssessmentsController#resolve_user_id,app/controllers/rubric_assessments_controller.rb,237,
action,作业、提交与评分,RubricAssessmentsController#mark_provisional_grade_as_final?,app/controllers/rubric_assessments_controller.rb,249,
action,作业、提交与评分,RubricAssessmentsController#ensure_adjudication_possible,app/controllers/rubric_assessments_controller.rb,253,
action,其他,BlockEditorTemplatesApiController#index,app/controllers/block_editor_templates_api_controller.rb,108,
action,其他,BlockEditorTemplatesApiController#create,app/controllers/block_editor_templates_api_controller.rb,149,
action,其他,BlockEditorTemplatesApiController#update,app/controllers/block_editor_templates_api_controller.rb,167,
action,其他,BlockEditorTemplatesApiController#publish,app/controllers/block_editor_templates_api_controller.rb,177,
action,其他,BlockEditorTemplatesApiController#destroy,app/controllers/block_editor_templates_api_controller.rb,191,
action,其他,BlockEditorTemplatesApiController#can_edit,app/controllers/block_editor_templates_api_controller.rb,205,
action,其他,BlockEditorTemplatesApiController#template_editor?,app/controllers/block_editor_templates_api_controller.rb,211,
action,其他,BlockEditorTemplatesApiController#global_template_editor?,app/controllers/block_editor_templates_api_controller.rb,218,
action,其他,BlockEditorTemplatesApiController#get_update_params,app/controllers/block_editor_templates_api_controller.rb,226,
action,作业、提交与评分,GradebookUploadsController#index,app/controllers/gradebook_uploads_controller.rb,27,
action,作业、提交与评分,GradebookUploadsController#new,app/controllers/gradebook_uploads_controller.rb,34,
action,作业、提交与评分,GradebookUploadsController#show,app/controllers/gradebook_uploads_controller.rb,51,
action,作业、提交与评分,GradebookUploadsController#create,app/controllers/gradebook_uploads_controller.rb,64,
action,作业、提交与评分,GradebookUploadsController#data,app/controllers/gradebook_uploads_controller.rb,77,
action,作业、提交与评分,GradebookUploadsController#gradebook_env,app/controllers/gradebook_uploads_controller.rb,89,
action,作业、提交与评分,GradebookUploadsController#gradebook_upload,app/controllers/gradebook_uploads_controller.rb,104,
action,作业、提交与评分,GradebookUploadsController#gradebook_upload_params,app/controllers/gradebook_uploads_controller.rb,111,
action,作业、提交与评分,ModuleAssignmentOverridesController#index,app/controllers/module_assignment_overrides_controller.rb,91,
action,作业、提交与评分,ModuleAssignmentOverridesController#bulk_update,app/controllers/module_assignment_overrides_controller.rb,134,
action,作业、提交与评分,ModuleAssignmentOverridesController#convert_tag_overrides_to_adhoc_overrides,app/controllers/module_assignment_overrides_controller.rb,166,
action,作业、提交与评分,ModuleAssignmentOverridesController#check_authorized_action,app/controllers/module_assignment_overrides_controller.rb,181,
action,作业、提交与评分,ModuleAssignmentOverridesController#require_context_module,app/controllers/module_assignment_overrides_controller.rb,185,
action,作业、提交与评分,ModuleAssignmentOverridesController#bulk_update_overrides,app/controllers/module_assignment_overrides_controller.rb,189,
action,作业、提交与评分,ModuleAssignmentOverridesController#delete_existing_overrides,app/controllers/module_assignment_overrides_controller.rb,202,
action,作业、提交与评分,ModuleAssignmentOverridesController#update_existing_overrides,app/controllers/module_assignment_overrides_controller.rb,207,
action,作业、提交与评分,ModuleAssignmentOverridesController#create_new_overrides,app/controllers/module_assignment_overrides_controller.rb,243,
action,作业、提交与评分,ModuleAssignmentOverridesController#find_group,app/controllers/module_assignment_overrides_controller.rb,269,
action,搜索、AI 与无障碍,ImmersiveReaderController#authenticate,app/controllers/immersive_reader_controller.rb,28,
action,搜索、AI 与无障碍,ImmersiveReaderController#increment_error_count,app/controllers/immersive_reader_controller.rb,55,
action,搜索、AI 与无障碍,ImmersiveReaderController#ir_config,app/controllers/immersive_reader_controller.rb,62,
action,搜索、AI 与无障碍,ImmersiveReaderController#require_config,app/controllers/immersive_reader_controller.rb,66,
action,搜索、AI 与无障碍,ImmersiveReaderController#service_url,app/controllers/immersive_reader_controller.rb,70,
action,搜索、AI 与无障碍,ImmersiveReaderController#headers,app/controllers/immersive_reader_controller.rb,74,
action,搜索、AI 与无障碍,ImmersiveReaderController#form,app/controllers/immersive_reader_controller.rb,78,
action,讨论、公告与协作,AnnouncementsApiController#index,app/controllers/announcements_api_controller.rb,95,
action,讨论、公告与协作,AnnouncementsApiController#accessibility_scan,app/controllers/announcements_api_controller.rb,157,
action,讨论、公告与协作,AnnouncementsApiController#accessibility_queue_scan,app/controllers/announcements_api_controller.rb,165,
action,讨论、公告与协作,AnnouncementsApiController#require_context_and_announcement,app/controllers/announcements_api_controller.rb,175,
action,讨论、公告与协作,AnnouncementsApiController#parse_context_codes,app/controllers/announcements_api_controller.rb,180,
action,讨论、公告与协作,AnnouncementsApiController#get_dates,app/controllers/announcements_api_controller.rb,196,
action,课程、班级与选课,CourseTagConversionController#convert_tag_overrides_to_adhoc_overrides,app/controllers/course_tag_conversion_controller.rb,26,
action,课程、班级与选课,CourseTagConversionController#conversion_job_status,app/controllers/course_tag_conversion_controller.rb,42,
action,课程、班级与选课,CourseTagConversionController#active_conversion_job,app/controllers/course_tag_conversion_controller.rb,53,
action,课程、班级与选课,CourseTagConversionController#check_authorized_action,app/controllers/course_tag_conversion_controller.rb,57,
action,课程、班级与选课,CourseReportsController#show,app/controllers/course_reports_controller.rb,98,
action,课程、班级与选课,CourseReportsController#create,app/controllers/course_reports_controller.rb,123,
action,课程、班级与选课,CourseReportsController#last,app/controllers/course_reports_controller.rb,150,
action,课程、班级与选课,CourseReportsController#available_reports,app/controllers/course_reports_controller.rb,158,
action,作业、提交与评分,RubricAssessmentImportsController#show,app/controllers/rubric_assessment_imports_controller.rb,27,
action,作业、提交与评分,RubricAssessmentImportsController#create,app/controllers/rubric_assessment_imports_controller.rb,37,
action,作业、提交与评分,RubricAssessmentImportsController#ensure_adjudication_possible,app/controllers/rubric_assessment_imports_controller.rb,79,
action,作业、提交与评分,LatePolicyController#show,app/controllers/late_policy_controller.rb,116,
action,作业、提交与评分,LatePolicyController#create,app/controllers/late_policy_controller.rb,154,
action,作业、提交与评分,LatePolicyController#update,app/controllers/late_policy_controller.rb,193,
action,作业、提交与评分,LatePolicyController#require_manage_grades_for_course,app/controllers/late_policy_controller.rb,207,
action,作业、提交与评分,LatePolicyController#require_view_or_manage_grades_for_course,app/controllers/late_policy_controller.rb,211,
action,作业、提交与评分,LatePolicyController#course,app/controllers/late_policy_controller.rb,215,
action,作业、提交与评分,LatePolicyController#late_policy_params,app/controllers/late_policy_controller.rb,219,
action,作业、提交与评分,LatePolicyController#serialize,app/controllers/late_policy_controller.rb,231,
action,作业、提交与评分,LatePolicyController#record_already_exists,app/controllers/late_policy_controller.rb,235,
action,账户与租户管理,AdminsController#index,app/controllers/admins_controller.rb,69,
action,账户与租户管理,AdminsController#create,app/controllers/admins_controller.rb,121,
action,账户与租户管理,AdminsController#destroy,app/controllers/admins_controller.rb,160,
action,账户与租户管理,AdminsController#self_roles,app/controllers/admins_controller.rb,178,
action,账户与租户管理,AdminsController#require_role,app/controllers/admins_controller.rb,189,
action,内容、文件与模块,WikiPagesApiController#show_front_page,app/controllers/wiki_pages_api_controller.rb,208,
action,内容、文件与模块,WikiPagesApiController#duplicate,app/controllers/wiki_pages_api_controller.rb,221,
action,内容、文件与模块,WikiPagesApiController#update_front_page,app/controllers/wiki_pages_api_controller.rb,266,
action,内容、文件与模块,WikiPagesApiController#index,app/controllers/wiki_pages_api_controller.rb,296,
action,内容、文件与模块,WikiPagesApiController#create,app/controllers/wiki_pages_api_controller.rb,414,
action,内容、文件与模块,WikiPagesApiController#show,app/controllers/wiki_pages_api_controller.rb,451,
action,内容、文件与模块,WikiPagesApiController#update,app/controllers/wiki_pages_api_controller.rb,505,
action,内容、文件与模块,WikiPagesApiController#destroy,app/controllers/wiki_pages_api_controller.rb,548,
action,内容、文件与模块,WikiPagesApiController#revisions,app/controllers/wiki_pages_api_controller.rb,572,
action,内容、文件与模块,WikiPagesApiController#show_revision,app/controllers/wiki_pages_api_controller.rb,598,
action,内容、文件与模块,WikiPagesApiController#revert,app/controllers/wiki_pages_api_controller.rb,659,
action,内容、文件与模块,WikiPagesApiController#check_title_availability,app/controllers/wiki_pages_api_controller.rb,680,
action,内容、文件与模块,WikiPagesApiController#ai_generate_alt_text,app/controllers/wiki_pages_api_controller.rb,694,
action,内容、文件与模块,WikiPagesApiController#accessibility_scan,app/controllers/wiki_pages_api_controller.rb,728,
action,内容、文件与模块,WikiPagesApiController#accessibility_queue_scan,app/controllers/wiki_pages_api_controller.rb,736,
action,内容、文件与模块,WikiPagesApiController#ai_alt_text_feature_enabled?,app/controllers/wiki_pages_api_controller.rb,746,
action,内容、文件与模块,WikiPagesApiController#is_front_page_action?,app/controllers/wiki_pages_api_controller.rb,750,
action,内容、文件与模块,WikiPagesApiController#get_wiki_page,app/controllers/wiki_pages_api_controller.rb,754,
action,内容、文件与模块,WikiPagesApiController#require_wiki_page,app/controllers/wiki_pages_api_controller.rb,778,
action,内容、文件与模块,WikiPagesApiController#was_front_page,app/controllers/wiki_pages_api_controller.rb,788,
action,内容、文件与模块,WikiPagesApiController#get_update_params,app/controllers/wiki_pages_api_controller.rb,793,
action,内容、文件与模块,WikiPagesApiController#assignment_params,app/controllers/wiki_pages_api_controller.rb,891,
action,内容、文件与模块,WikiPagesApiController#assign_todo_date,app/controllers/wiki_pages_api_controller.rb,895,
action,内容、文件与模块,WikiPagesApiController#process_front_page,app/controllers/wiki_pages_api_controller.rb,908,
action,内容、文件与模块,WikiPagesApiController#ai_alt_text_params_valid?,app/controllers/wiki_pages_api_controller.rb,931,
action,内容、文件与模块,WikiPagesApiController#rescue_unparsable_content,app/controllers/wiki_pages_api_controller.rb,937,
action,内容、文件与模块,WikiPagesApiController#rescue_content_service_error,app/controllers/wiki_pages_api_controller.rb,943,
action,内容、文件与模块,WikiPagesApiController#create_external_content_ref,app/controllers/wiki_pages_api_controller.rb,951,
action,内容、文件与模块,WikiPagesApiController#update_external_content_ref,app/controllers/wiki_pages_api_controller.rb,957,
action,内容、文件与模块,WikiPagesApiController#extract_block_editor_data,app/controllers/wiki_pages_api_controller.rb,963,
action,分析、审计与运维,RateLimitingSettingsController#index,app/controllers/rate_limiting_settings_controller.rb,36,
action,分析、审计与运维,RateLimitingSettingsController#show,app/controllers/rate_limiting_settings_controller.rb,92,
action,分析、审计与运维,RateLimitingSettingsController#create,app/controllers/rate_limiting_settings_controller.rb,101,
action,分析、审计与运维,RateLimitingSettingsController#update,app/controllers/rate_limiting_settings_controller.rb,128,
action,分析、审计与运维,RateLimitingSettingsController#destroy,app/controllers/rate_limiting_settings_controller.rb,150,
action,分析、审计与运维,RateLimitingSettingsController#set_navigation,app/controllers/rate_limiting_settings_controller.rb,160,
action,分析、审计与运维,RateLimitingSettingsController#check_rate_limiting_permission,app/controllers/rate_limiting_settings_controller.rb,167,
action,分析、审计与运维,RateLimitingSettingsController#set_oauth_client_config,app/controllers/rate_limiting_settings_controller.rb,177,
action,分析、审计与运维,RateLimitingSettingsController#oauth_client_config_params,app/controllers/rate_limiting_settings_controller.rb,185,
action,分析、审计与运维,RateLimitingSettingsController#serialize_oauth_client_config,app/controllers/rate_limiting_settings_controller.rb,189,
action,分析、审计与运维,RateLimitingSettingsController#masked_identifier,app/controllers/rate_limiting_settings_controller.rb,205,
action,分析、审计与运维,RateLimitingSettingsController#calculate_throttle_maximum_if_needed,app/controllers/rate_limiting_settings_controller.rb,215,
action,课程、班级与选课,CoursePacesController#index,app/controllers/course_paces_controller.rb,301,
action,课程、班级与选课,CoursePacesController#paces_publishing,app/controllers/course_paces_controller.rb,347,
action,课程、班级与选课,CoursePacesController#context_for,app/controllers/course_paces_controller.rb,373,
action,课程、班级与选课,CoursePacesController#api_show,app/controllers/course_paces_controller.rb,397,
action,课程、班级与选课,CoursePacesController#new,app/controllers/course_paces_controller.rb,407,
action,课程、班级与选课,CoursePacesController#publish,app/controllers/course_paces_controller.rb,443,
action,课程、班级与选课,CoursePacesController#create,app/controllers/course_paces_controller.rb,496,
action,课程、班级与选课,CoursePacesController#bulk_create_enrollment_paces,app/controllers/course_paces_controller.rb,520,
action,课程、班级与选课,CoursePacesController#update,app/controllers/course_paces_controller.rb,560,
action,课程、班级与选课,CoursePacesController#compress_dates,app/controllers/course_paces_controller.rb,589,
action,课程、班级与选课,CoursePacesController#destroy,app/controllers/course_paces_controller.rb,639,
action,课程、班级与选课,CoursePacesController#latest_progress,app/controllers/course_paces_controller.rb,654,
action,课程、班级与选课,CoursePacesController#load_and_run_progress,app/controllers/course_paces_controller.rb,659,
action,课程、班级与选课,CoursePacesController#enrollments_json,app/controllers/course_paces_controller.rb,677,
action,课程、班级与选课,CoursePacesController#sections_json,app/controllers/course_paces_controller.rb,694,
action,课程、班级与选课,CoursePacesController#require_feature_flag,app/controllers/course_paces_controller.rb,707,
action,课程、班级与选课,CoursePacesController#load_course_pace,app/controllers/course_paces_controller.rb,711,
action,课程、班级与选课,CoursePacesController#load_context,app/controllers/course_paces_controller.rb,715,
action,课程、班级与选课,CoursePacesController#load_course,app/controllers/course_paces_controller.rb,725,
action,课程、班级与选课,CoursePacesController#load_blackout_dates,app/controllers/course_paces_controller.rb,729,
action,课程、班级与选课,CoursePacesController#load_calendar_event_blackout_dates,app/controllers/course_paces_controller.rb,733,
action,课程、班级与选课,CoursePacesController#update_params,app/controllers/course_paces_controller.rb,739,
action,课程、班级与选课,CoursePacesController#create_params,app/controllers/course_paces_controller.rb,759,
action,课程、班级与选课,CoursePacesController#bulk_create_params,app/controllers/course_paces_controller.rb,780,
action,课程、班级与选课,CoursePacesController#set_context_ids_in,app/controllers/course_paces_controller.rb,797,
action,课程、班级与选课,CoursePacesController#publish_course_pace,app/controllers/course_paces_controller.rb,809,
action,课程、班级与选课,CoursePacesController#log_course_paces_publishing,app/controllers/course_paces_controller.rb,813,
action,搜索、AI 与无障碍,SmartSearchController#search,app/controllers/smart_search_controller.rb,87,
action,搜索、AI 与无障碍,SmartSearchController#log,app/controllers/smart_search_controller.rb,113,
action,搜索、AI 与无障碍,SmartSearchController#show,app/controllers/smart_search_controller.rb,125,
action,搜索、AI 与无障碍,SmartSearchController#index_status,app/controllers/smart_search_controller.rb,135,
action,搜索、AI 与无障碍,SmartSearchController#filter_for_current_user,app/controllers/smart_search_controller.rb,142,
action,内容、文件与模块,CalendarEventsController#show,app/controllers/calendar_events_controller.rb,29,
action,内容、文件与模块,CalendarEventsController#new,app/controllers/calendar_events_controller.rb,51,
action,内容、文件与模块,CalendarEventsController#create,app/controllers/calendar_events_controller.rb,59,
action,内容、文件与模块,CalendarEventsController#edit,app/controllers/calendar_events_controller.rb,77,
action,内容、文件与模块,CalendarEventsController#update,app/controllers/calendar_events_controller.rb,88,
action,内容、文件与模块,CalendarEventsController#destroy,app/controllers/calendar_events_controller.rb,110,
action,内容、文件与模块,CalendarEventsController#feature_context,app/controllers/calendar_events_controller.rb,124,
action,内容、文件与模块,CalendarEventsController#calendar_event_params,app/controllers/calendar_events_controller.rb,135,
action,内容、文件与模块,CalendarEventsController#permit_params,app/controllers/calendar_events_controller.rb,142,
action,账户与租户管理,DeveloperKeysController#index,app/controllers/developer_keys_controller.rb,213,
action,账户与租户管理,DeveloperKeysController#create,app/controllers/developer_keys_controller.rb,274,
action,账户与租户管理,DeveloperKeysController#update,app/controllers/developer_keys_controller.rb,316,
action,账户与租户管理,DeveloperKeysController#destroy,app/controllers/developer_keys_controller.rb,338,
action,账户与租户管理,DeveloperKeysController#lookup_utids,app/controllers/developer_keys_controller.rb,366,
action,账户与租户管理,DeveloperKeysController#set_navigation,app/controllers/developer_keys_controller.rb,379,
action,账户与租户管理,DeveloperKeysController#index_scope,app/controllers/developer_keys_controller.rb,386,
action,账户与租户管理,DeveloperKeysController#set_key,app/controllers/developer_keys_controller.rb,425,
action,账户与租户管理,DeveloperKeysController#account_context,app/controllers/developer_keys_controller.rb,432,
action,账户与租户管理,DeveloperKeysController#context_is_domain_root_account?,app/controllers/developer_keys_controller.rb,444,
action,账户与租户管理,DeveloperKeysController#require_manage_developer_keys,app/controllers/developer_keys_controller.rb,448,
action,账户与租户管理,DeveloperKeysController#read_only_mode?,app/controllers/developer_keys_controller.rb,455,
action,账户与租户管理,DeveloperKeysController#require_modify_site_admin_developer_keys,app/controllers/developer_keys_controller.rb,461,
action,账户与租户管理,DeveloperKeysController#require_root_account,app/controllers/developer_keys_controller.rb,479,
action,账户与租户管理,DeveloperKeysController#developer_key_params,app/controllers/developer_keys_controller.rb,483,
action,账户与租户管理,DeveloperKeysController#report_error,app/controllers/developer_keys_controller.rb,504,
action,账户与租户管理,LoginController#new,app/controllers/login_controller.rb,30,
action,账户与租户管理,LoginController#destroy,app/controllers/login_controller.rb,84,
action,账户与租户管理,LoginController#logout_landing,app/controllers/login_controller.rb,92,
action,账户与租户管理,LoginController#session_token,app/controllers/login_controller.rb,103,
action,账户与租户管理,LoginController#clear_file_session,app/controllers/login_controller.rb,141,
action,账户与租户管理,LoginController#redirect_to_discovery_url,app/controllers/login_controller.rb,151,
action,账户与租户管理,LoginController#redirect_to_specific_provider,app/controllers/login_controller.rb,168,
action,账户与租户管理,LoginController#inferred_auth_type,app/controllers/login_controller.rb,176,
action,账户与租户管理,LoginController#auth_type,app/controllers/login_controller.rb,180,
action,其他,ContextController#object_snippet,app/controllers/context_controller.rb,44,
action,其他,ContextController#inbox,app/controllers/context_controller.rb,67,
action,其他,ContextController#roster,app/controllers/context_controller.rb,71,
action,其他,ContextController#prior_users,app/controllers/context_controller.rb,176,
action,其他,ContextController#roster_user_services,app/controllers/context_controller.rb,194,
action,其他,ContextController#roster_user_usage,app/controllers/context_controller.rb,218,
action,其他,ContextController#roster_user,app/controllers/context_controller.rb,248,
action,其他,ContextController#undelete_index,app/controllers/context_controller.rb,371,
action,其他,ContextController#undelete_item,app/controllers/context_controller.rb,414,
action,其他,ContextController#get_active_granular_enrollment_permissions,app/controllers/context_controller.rb,450,
action,讨论、公告与协作,GroupsController#context_group_members,app/controllers/groups_controller.rb,177,
action,讨论、公告与协作,GroupsController#unassigned_members,app/controllers/groups_controller.rb,184,
action,讨论、公告与协作,GroupsController#index,app/controllers/groups_controller.rb,241,
action,讨论、公告与协作,GroupsController#context_index,app/controllers/groups_controller.rb,297,
action,讨论、公告与协作,GroupsController#bulk_user_tags,app/controllers/groups_controller.rb,483,
action,讨论、公告与协作,GroupsController#show,app/controllers/groups_controller.rb,526,
action,讨论、公告与协作,GroupsController#new,app/controllers/groups_controller.rb,596,
action,讨论、公告与协作,GroupsController#create,app/controllers/groups_controller.rb,634,
action,讨论、公告与协作,GroupsController#update,app/controllers/groups_controller.rb,765,
action,讨论、公告与协作,GroupsController#destroy,app/controllers/groups_controller.rb,851,
action,讨论、公告与协作,GroupsController#invite,app/controllers/groups_controller.rb,884,
action,讨论、公告与协作,GroupsController#accept_invitation,app/controllers/groups_controller.rb,898,
action,讨论、公告与协作,GroupsController#add_user,app/controllers/groups_controller.rb,921,
action,讨论、公告与协作,GroupsController#remove_user,app/controllers/groups_controller.rb,936,
action,讨论、公告与协作,GroupsController#users,app/controllers/groups_controller.rb,967,
action,讨论、公告与协作,GroupsController#public_feed,app/controllers/groups_controller.rb,1009,
action,讨论、公告与协作,GroupsController#create_file,app/controllers/groups_controller.rb,1043,
action,讨论、公告与协作,GroupsController#preview_html,app/controllers/groups_controller.rb,1083,
action,讨论、公告与协作,GroupsController#activity_stream,app/controllers/groups_controller.rb,1097,
action,讨论、公告与协作,GroupsController#activity_stream_summary,app/controllers/groups_controller.rb,1112,
action,讨论、公告与协作,GroupsController#permissions,app/controllers/groups_controller.rb,1139,
action,讨论、公告与协作,GroupsController#find_group,app/controllers/groups_controller.rb,1149,
action,作业、提交与评分,AssignmentsApiController#index,app/controllers/assignments_api_controller.rb,815,
action,作业、提交与评分,AssignmentsApiController#user_index,app/controllers/assignments_api_controller.rb,825,
action,作业、提交与评分,AssignmentsApiController#duplicate,app/controllers/assignments_api_controller.rb,855,
action,作业、提交与评分,AssignmentsApiController#retry_alignment_clone,app/controllers/assignments_api_controller.rb,964,
action,作业、提交与评分,AssignmentsApiController#get_assignments,app/controllers/assignments_api_controller.rb,999,
action,作业、提交与评分,AssignmentsApiController#student_group_members,app/controllers/assignments_api_controller.rb,1167,
action,作业、提交与评分,AssignmentsApiController#show,app/controllers/assignments_api_controller.rb,1193,
action,作业、提交与评分,AssignmentsApiController#create,app/controllers/assignments_api_controller.rb,1449,
action,作业、提交与评分,AssignmentsApiController#update,app/controllers/assignments_api_controller.rb,1697,
action,作业、提交与评分,AssignmentsApiController#bulk_update,app/controllers/assignments_api_controller.rb,1757,
action,作业、提交与评分,AssignmentsApiController#accessibility_scan,app/controllers/assignments_api_controller.rb,1779,
action,作业、提交与评分,AssignmentsApiController#accessibility_queue_scan,app/controllers/assignments_api_controller.rb,1788,
action,作业、提交与评分,AssignmentsApiController#assignment_json_opts,app/controllers/assignments_api_controller.rb,1799,
action,作业、提交与评分,AssignmentsApiController#render_create_or_update_result,app/controllers/assignments_api_controller.rb,1807,
action,作业、提交与评分,AssignmentsApiController#invalid_bucket_error,app/controllers/assignments_api_controller.rb,1819,
action,作业、提交与评分,AssignmentsApiController#require_user_visibility,app/controllers/assignments_api_controller.rb,1825,
action,作业、提交与评分,AssignmentsApiController#needs_grading_permission?,app/controllers/assignments_api_controller.rb,1836,
action,作业、提交与评分,AssignmentsApiController#old_assignment_for_duplicate,app/controllers/assignments_api_controller.rb,1851,
action,作业、提交与评分,AssignmentsApiController#target_assignment_for_duplicate,app/controllers/assignments_api_controller.rb,1865,
action,作业、提交与评分,AssignmentsApiController#target_course_for_duplicate,app/controllers/assignments_api_controller.rb,1876,
action,作业、提交与评分,AssignmentsApiController#failure_retry?,app/controllers/assignments_api_controller.rb,1883,
action,作业、提交与评分,AssignmentsApiController#course_copy_retry?,app/controllers/assignments_api_controller.rb,1887,
action,作业、提交与评分,AssignmentsApiController#use_quiz_json?,app/controllers/assignments_api_controller.rb,1891,
action,作业、提交与评分,AssignmentsApiController#set_assignment_asset_map,app/controllers/assignments_api_controller.rb,1895,
action,作业、提交与评分,AssignmentsApiController#track_update_metrics,app/controllers/assignments_api_controller.rb,1901,
action,作业、提交与评分,AssignmentsApiController#track_create_metrics,app/controllers/assignments_api_controller.rb,1907,
action,用户、身份与沟通,ObserverAlertThresholdsApiController#index,app/controllers/observer_alert_thresholds_api_controller.rb,24,
action,用户、身份与沟通,ObserverAlertThresholdsApiController#show,app/controllers/observer_alert_thresholds_api_controller.rb,36,
action,用户、身份与沟通,ObserverAlertThresholdsApiController#create,app/controllers/observer_alert_thresholds_api_controller.rb,43,
action,用户、身份与沟通,ObserverAlertThresholdsApiController#update,app/controllers/observer_alert_thresholds_api_controller.rb,67,
action,用户、身份与沟通,ObserverAlertThresholdsApiController#destroy,app/controllers/observer_alert_thresholds_api_controller.rb,75,
action,用户、身份与沟通,ObserverAlertThresholdsApiController#create_params,app/controllers/observer_alert_thresholds_api_controller.rb,83,
action,用户、身份与沟通,AiConversationsController#index,app/controllers/ai_conversations_controller.rb,36,
action,用户、身份与沟通,AiConversationsController#show,app/controllers/ai_conversations_controller.rb,67,
action,用户、身份与沟通,AiConversationsController#active_conversation,app/controllers/ai_conversations_controller.rb,98,
action,用户、身份与沟通,AiConversationsController#create,app/controllers/ai_conversations_controller.rb,122,
action,用户、身份与沟通,AiConversationsController#post_message,app/controllers/ai_conversations_controller.rb,168,
action,用户、身份与沟通,AiConversationsController#destroy,app/controllers/ai_conversations_controller.rb,190,
action,用户、身份与沟通,AiConversationsController#evaluation,app/controllers/ai_conversations_controller.rb,200,
action,用户、身份与沟通,AiConversationsController#create_feedback,app/controllers/ai_conversations_controller.rb,228,
action,用户、身份与沟通,AiConversationsController#delete_feedback,app/controllers/ai_conversations_controller.rb,246,
action,用户、身份与沟通,AiConversationsController#check_ai_experiences_feature_flag,app/controllers/ai_conversations_controller.rb,259,
action,用户、身份与沟通,AiConversationsController#require_access_right,app/controllers/ai_conversations_controller.rb,266,
action,用户、身份与沟通,AiConversationsController#load_experience,app/controllers/ai_conversations_controller.rb,277,
action,用户、身份与沟通,AiConversationsController#load_conversation,app/controllers/ai_conversations_controller.rb,282,
action,用户、身份与沟通,AiConversationsController#render_404,app/controllers/ai_conversations_controller.rb,298,
action,账户与租户管理,SubAccountsController#index,app/controllers/sub_accounts_controller.rb,35,
action,账户与租户管理,SubAccountsController#show,app/controllers/sub_accounts_controller.rb,68,
action,账户与租户管理,SubAccountsController#create,app/controllers/sub_accounts_controller.rb,97,
action,账户与租户管理,SubAccountsController#update,app/controllers/sub_accounts_controller.rb,129,
action,账户与租户管理,SubAccountsController#destroy,app/controllers/sub_accounts_controller.rb,144,
action,账户与租户管理,SubAccountsController#subaccount_or_self,app/controllers/sub_accounts_controller.rb,166,
action,账户与租户管理,SubAccountsController#account_params,app/controllers/sub_accounts_controller.rb,175,
action,用户、身份与沟通,UsersController#grades,app/controllers/users_controller.rb,113,
action,用户、身份与沟通,UsersController#grades_for_student,app/controllers/users_controller.rb,150,
action,用户、身份与沟通,UsersController#oauth,app/controllers/users_controller.rb,176,
action,用户、身份与沟通,UsersController#oauth_success,app/controllers/users_controller.rb,191,
action,用户、身份与沟通,UsersController#api_index,app/controllers/users_controller.rb,287,
action,用户、身份与沟通,UsersController#masquerade,app/controllers/users_controller.rb,361,
action,用户、身份与沟通,UsersController#user_dashboard,app/controllers/users_controller.rb,406,
action,用户、身份与沟通,UsersController#dashboard_stream_items,app/controllers/users_controller.rb,573,
action,用户、身份与沟通,UsersController#dashboard_cards,app/controllers/users_controller.rb,600,
action,用户、身份与沟通,UsersController#cached_upcoming_events,app/controllers/users_controller.rb,612,
action,用户、身份与沟通,UsersController#cached_submissions,app/controllers/users_controller.rb,619,
action,用户、身份与沟通,UsersController#prepare_current_user_dashboard_items,app/controllers/users_controller.rb,631,
action,用户、身份与沟通,UsersController#dashboard_sidebar,app/controllers/users_controller.rb,642,
action,用户、身份与沟通,UsersController#toggle_hide_dashcard_color_overlays,app/controllers/users_controller.rb,666,
action,用户、身份与沟通,UsersController#dashboard_view,app/controllers/users_controller.rb,673,
action,用户、身份与沟通,UsersController#activity_stream,app/controllers/users_controller.rb,796,
action,用户、身份与沟通,UsersController#activity_stream_summary,app/controllers/users_controller.rb,831,
action,用户、身份与沟通,UsersController#manageable_courses,app/controllers/users_controller.rb,841,
action,用户、身份与沟通,UsersController#todo_items,app/controllers/users_controller.rb,948,
action,用户、身份与沟通,UsersController#todo_item_count,app/controllers/users_controller.rb,1048,
action,用户、身份与沟通,UsersController#upcoming_events,app/controllers/users_controller.rb,1125,
action,用户、身份与沟通,UsersController#missing_submissions,app/controllers/users_controller.rb,1163,
action,用户、身份与沟通,UsersController#ignore_item,app/controllers/users_controller.rb,1217,
action,用户、身份与沟通,UsersController#ignore_stream_item,app/controllers/users_controller.rb,1240,
action,用户、身份与沟通,UsersController#ignore_all_stream_items,app/controllers/users_controller.rb,1261,
action,用户、身份与沟通,UsersController#create_file,app/controllers/users_controller.rb,1281,
action,用户、身份与沟通,UsersController#close_notification,app/controllers/users_controller.rb,1290,
action,用户、身份与沟通,UsersController#delete_user_service,app/controllers/users_controller.rb,1295,
action,用户、身份与沟通,UsersController#create_user_service,app/controllers/users_controller.rb,1305,
action,用户、身份与沟通,UsersController#services,app/controllers/users_controller.rb,1321,
action,用户、身份与沟通,UsersController#bookmark_search,app/controllers/users_controller.rb,1333,
action,用户、身份与沟通,UsersController#show,app/controllers/users_controller.rb,1338,
action,用户、身份与沟通,UsersController#api_show,app/controllers/users_controller.rb,1459,
action,用户、身份与沟通,UsersController#external_tool,app/controllers/users_controller.rb,1485,
action,用户、身份与沟通,UsersController#new,app/controllers/users_controller.rb,1550,
action,用户、身份与沟通,UsersController#create,app/controllers/users_controller.rb,1702,
action,用户、身份与沟通,UsersController#create_self_registered_user,app/controllers/users_controller.rb,1744,
action,用户、身份与沟通,UsersController#settings,app/controllers/users_controller.rb,1803,
action,用户、身份与沟通,UsersController#get_new_user_tutorial_statuses,app/controllers/users_controller.rb,1830,
action,用户、身份与沟通,UsersController#set_new_user_tutorial_status,app/controllers/users_controller.rb,1840,
action,用户、身份与沟通,UsersController#get_custom_colors,app/controllers/users_controller.rb,1899,
action,用户、身份与沟通,UsersController#get_custom_color,app/controllers/users_controller.rb,1922,
action,用户、身份与沟通,UsersController#set_custom_color,app/controllers/users_controller.rb,1957,
action,用户、身份与沟通,UsersController#set_text_editor_preference,app/controllers/users_controller.rb,2009,
action,用户、身份与沟通,UsersController#set_files_ui_version_preference,app/controllers/users_controller.rb,2044,
action,用户、身份与沟通,UsersController#get_dashboard_positions,app/controllers/users_controller.rb,2078,
action,用户、身份与沟通,UsersController#set_dashboard_positions,app/controllers/users_controller.rb,2111,
action,用户、身份与沟通,UsersController#update,app/controllers/users_controller.rb,2228,
action,用户、身份与沟通,UsersController#terminate_sessions,app/controllers/users_controller.rb,2403,
action,用户、身份与沟通,UsersController#expire_mobile_sessions,app/controllers/users_controller.rb,2425,
action,用户、身份与沟通,UsersController#media_download,app/controllers/users_controller.rb,2435,
action,用户、身份与沟通,UsersController#admin_merge,app/controllers/users_controller.rb,2457,
action,用户、身份与沟通,UsersController#user_for_merge,app/controllers/users_controller.rb,2482,
action,用户、身份与沟通,UsersController#admin_split,app/controllers/users_controller.rb,2500,
action,用户、身份与沟通,UsersController#mark_avatar_image,app/controllers/users_controller.rb,2512,
action,用户、身份与沟通,UsersController#report_avatar_image,app/controllers/users_controller.rb,2528,
action,用户、身份与沟通,UsersController#update_avatar_image,app/controllers/users_controller.rb,2538,
action,用户、身份与沟通,UsersController#public_feed,app/controllers/users_controller.rb,2547,
action,用户、身份与沟通,UsersController#teacher_activity,app/controllers/users_controller.rb,2570,
action,用户、身份与沟通,UsersController#avatar_image,app/controllers/users_controller.rb,2606,
action,用户、身份与沟通,UsersController#merge_into,app/controllers/users_controller.rb,2700,
action,用户、身份与沟通,UsersController#split,app/controllers/users_controller.rb,2796,
action,用户、身份与沟通,UsersController#invite_users,app/controllers/users_controller.rb,2811,
action,用户、身份与沟通,UsersController#pandata_events_token,app/controllers/users_controller.rb,2910,
action,用户、身份与沟通,UsersController#user_graded_submissions,app/controllers/users_controller.rb,2957,
action,用户、身份与沟通,UsersController#clear_cache,app/controllers/users_controller.rb,2987,
action,用户、身份与沟通,UsersController#destroy,app/controllers/users_controller.rb,2996,
action,用户、身份与沟通,UsersController#show_k5_dashboard,app/controllers/users_controller.rb,3007,
action,用户、身份与沟通,UsersController#teacher_activity_report,app/controllers/users_controller.rb,3016,
action,用户、身份与沟通,UsersController#require_self_registration,app/controllers/users_controller.rb,3056,
action,用户、身份与沟通,UsersController#load_dashboard_learning_agent_env,app/controllers/users_controller.rb,3073,
action,用户、身份与沟通,UsersController#google_drive_client,app/controllers/users_controller.rb,3093,
action,用户、身份与沟通,UsersController#generate_grading_period_id,app/controllers/users_controller.rb,3103,
action,用户、身份与沟通,UsersController#render_new_user_tutorial_statuses,app/controllers/users_controller.rb,3109,
action,用户、身份与沟通,UsersController#authenticate_observee,app/controllers/users_controller.rb,3113,
action,用户、身份与沟通,UsersController#grades_for_presenter,app/controllers/users_controller.rb,3118,
action,用户、身份与沟通,UsersController#grades_from_enrollments,app/controllers/users_controller.rb,3149,
action,用户、身份与沟通,UsersController#collected_grading_periods_for_presenter,app/controllers/users_controller.rb,3162,
action,用户、身份与沟通,UsersController#api_show_includes,app/controllers/users_controller.rb,3191,
action,用户、身份与沟通,UsersController#create_user,app/controllers/users_controller.rb,3200,
action,用户、身份与沟通,UsersController#perform_sis_reactivation,app/controllers/users_controller.rb,3457,
action,用户、身份与沟通,UsersController#find_observer_pairing_code,app/controllers/users_controller.rb,3476,
action,用户、身份与沟通,UsersController#validate_recaptcha,app/controllers/users_controller.rb,3480,
action,用户、身份与沟通,UsersController#locale_dates_for,app/controllers/users_controller.rb,3502,
action,用户、身份与沟通,UsersController#fetch_courses_with_grades,app/controllers/users_controller.rb,3513,
action,用户、身份与沟通,UsersController#should_show_widget_dashboard?,app/controllers/users_controller.rb,3623,
action,用户、身份与沟通,UsersController#should_show_educator_dashboard?,app/controllers/users_controller.rb,3646,
action,作业、提交与评分,GradebooksController#grade_summary,app/controllers/gradebooks_controller.rb,50,
action,作业、提交与评分,GradebooksController#load_grade_summary_data,app/controllers/gradebooks_controller.rb,92,
action,作业、提交与评分,GradebooksController#save_assignment_order,app/controllers/gradebooks_controller.rb,246,
action,作业、提交与评分,GradebooksController#light_weight_ags_json,app/controllers/gradebooks_controller.rb,260,
action,作业、提交与评分,GradebooksController#grading_rubrics_legacy,app/controllers/gradebooks_controller.rb,290,
action,作业、提交与评分,GradebooksController#grading_rubrics,app/controllers/gradebooks_controller.rb,314,
action,作业、提交与评分,GradebooksController#grading_rubrics_optimized,app/controllers/gradebooks_controller.rb,323,
action,作业、提交与评分,GradebooksController#show,app/controllers/gradebooks_controller.rb,354,
action,作业、提交与评分,GradebooksController#show_default_gradebook,app/controllers/gradebooks_controller.rb,383,
action,作业、提交与评分,GradebooksController#show_individual_gradebook,app/controllers/gradebooks_controller.rb,399,
action,作业、提交与评分,GradebooksController#show_enhanced_individual_gradebook,app/controllers/gradebooks_controller.rb,408,
action,作业、提交与评分,GradebooksController#show_learning_mastery,app/controllers/gradebooks_controller.rb,418,
action,作业、提交与评分,GradebooksController#post_grades_ltis,app/controllers/gradebooks_controller.rb,428,
action,作业、提交与评分,GradebooksController#external_tool_detail,app/controllers/gradebooks_controller.rb,432,
action,作业、提交与评分,GradebooksController#external_tools,app/controllers/gradebooks_controller.rb,444,
action,作业、提交与评分,GradebooksController#external_tool_url_for_lti1,app/controllers/gradebooks_controller.rb,460,
action,作业、提交与评分,GradebooksController#external_tool_url_for_lti2,app/controllers/gradebooks_controller.rb,469,
action,作业、提交与评分,GradebooksController#set_current_grading_period,app/controllers/gradebooks_controller.rb,477,
action,作业、提交与评分,GradebooksController#view_all_grading_periods?,app/controllers/gradebooks_controller.rb,488,
action,作业、提交与评分,GradebooksController#grading_period_group,app/controllers/gradebooks_controller.rb,492,
action,作业、提交与评分,GradebooksController#active_grading_periods,app/controllers/gradebooks_controller.rb,498,
action,作业、提交与评分,GradebooksController#grading_period_group_json,app/controllers/gradebooks_controller.rb,502,
action,作业、提交与评分,GradebooksController#active_grading_periods_json,app/controllers/gradebooks_controller.rb,512,
action,作业、提交与评分,GradebooksController#set_default_gradebook_env,app/controllers/gradebooks_controller.rb,516,
action,作业、提交与评分,GradebooksController#set_enhanced_individual_gradebook_env,app/controllers/gradebooks_controller.rb,648,
action,作业、提交与评分,GradebooksController#set_individual_gradebook_env,app/controllers/gradebooks_controller.rb,704,
action,作业、提交与评分,GradebooksController#set_learning_mastery_env,app/controllers/gradebooks_controller.rb,820,
action,作业、提交与评分,GradebooksController#outcome_gradebook_enabled?,app/controllers/gradebooks_controller.rb,852,
action,作业、提交与评分,GradebooksController#post_grades_feature?,app/controllers/gradebooks_controller.rb,856,
action,作业、提交与评分,GradebooksController#post_grades_enhanced_modal?,app/controllers/gradebooks_controller.rb,862,
action,作业、提交与评分,GradebooksController#history,app/controllers/gradebooks_controller.rb,866,
action,作业、提交与评分,GradebooksController#update_submission,app/controllers/gradebooks_controller.rb,885,
action,作业、提交与评分,GradebooksController#submissions_json,app/controllers/gradebooks_controller.rb,1025,
action,作业、提交与评分,GradebooksController#submissions_zip_upload,app/controllers/gradebooks_controller.rb,1068,
action,作业、提交与评分,GradebooksController#show_submissions_upload,app/controllers/gradebooks_controller.rb,1091,
action,作业、提交与评分,GradebooksController#speed_grader,app/controllers/gradebooks_controller.rb,1108,
action,作业、提交与评分,GradebooksController#speed_grader_settings,app/controllers/gradebooks_controller.rb,1364,
action,作业、提交与评分,GradebooksController#blank_submission,app/controllers/gradebooks_controller.rb,1453,
action,作业、提交与评分,GradebooksController#change_gradebook_column_size,app/controllers/gradebooks_controller.rb,1457,
action,作业、提交与评分,GradebooksController#save_gradebook_column_order,app/controllers/gradebooks_controller.rb,1467,
action,作业、提交与评分,GradebooksController#final_grade_overrides,app/controllers/gradebooks_controller.rb,1474,
action,作业、提交与评分,GradebooksController#update_final_grade_overrides,app/controllers/gradebooks_controller.rb,1518,
action,作业、提交与评分,GradebooksController#apply_score_to_ungraded_submissions,app/controllers/gradebooks_controller.rb,1578,
action,作业、提交与评分,GradebooksController#user_ids,app/controllers/gradebooks_controller.rb,1618,
action,作业、提交与评分,GradebooksController#grading_period_assignments,app/controllers/gradebooks_controller.rb,1625,
action,作业、提交与评分,GradebooksController#change_gradebook_version,app/controllers/gradebooks_controller.rb,1635,
action,作业、提交与评分,GradebooksController#multiselect_filters_enabled?,app/controllers/gradebooks_controller.rb,1643,
action,作业、提交与评分,GradebooksController#filtered_sections,app/controllers/gradebooks_controller.rb,1649,
action,作业、提交与评分,GradebooksController#platform_service_speedgrader_enabled?,app/controllers/gradebooks_controller.rb,1658,
action,作业、提交与评分,GradebooksController#query_params_allow_platform_service_speedgrader?,app/controllers/gradebooks_controller.rb,1670,
action,作业、提交与评分,GradebooksController#active_grading_standard_scaling_factor,app/controllers/gradebooks_controller.rb,1674,
action,作业、提交与评分,GradebooksController#active_grading_standard_points_based,app/controllers/gradebooks_controller.rb,1678,
action,作业、提交与评分,GradebooksController#gradebook_group_categories_json,app/controllers/gradebooks_controller.rb,1682,
action,作业、提交与评分,GradebooksController#valid_zip_upload_params?,app/controllers/gradebooks_controller.rb,1700,
action,作业、提交与评分,GradebooksController#outcome_proficiency,app/controllers/gradebooks_controller.rb,1706,
action,作业、提交与评分,GradebooksController#gradebook_version,app/controllers/gradebooks_controller.rb,1716,
action,作业、提交与评分,GradebooksController#requested_gradebook_view,app/controllers/gradebooks_controller.rb,1726,
action,作业、提交与评分,GradebooksController#preferred_gradebook_view,app/controllers/gradebooks_controller.rb,1732,
action,作业、提交与评分,GradebooksController#course_default_student_gradebook_view,app/controllers/gradebooks_controller.rb,1736,
action,作业、提交与评分,GradebooksController#default_student_grade_summary_tab,app/controllers/gradebooks_controller.rb,1740,
action,作业、提交与评分,GradebooksController#update_preferred_gradebook_view!,app/controllers/gradebooks_controller.rb,1752,
action,作业、提交与评分,GradebooksController#gradebook_performance_controls,app/controllers/gradebooks_controller.rb,1761,
action,作业、提交与评分,GradebooksController#percentage,app/controllers/gradebooks_controller.rb,1777,
action,作业、提交与评分,GradebooksController#points_possible,app/controllers/gradebooks_controller.rb,1781,
action,作业、提交与评分,GradebooksController#aggregate_by_grading_period?,app/controllers/gradebooks_controller.rb,1788,
action,作业、提交与评分,GradebooksController#aggregate_assignments,app/controllers/gradebooks_controller.rb,1792,
action,作业、提交与评分,GradebooksController#groups_as_assignments,app/controllers/gradebooks_controller.rb,1804,
action,作业、提交与评分,GradebooksController#periods_as_assignments,app/controllers/gradebooks_controller.rb,1811,
action,作业、提交与评分,GradebooksController#as_assignments,app/controllers/gradebooks_controller.rb,1818,
action,作业、提交与评分,GradebooksController#group_as_assignment,app/controllers/gradebooks_controller.rb,1825,
action,作业、提交与评分,GradebooksController#period_as_assignment,app/controllers/gradebooks_controller.rb,1836,
action,作业、提交与评分,GradebooksController#total_as_assignment,app/controllers/gradebooks_controller.rb,1849,
action,作业、提交与评分,GradebooksController#exclude_total?,app/controllers/gradebooks_controller.rb,1859,
action,作业、提交与评分,GradebooksController#grade_summary_presenter,app/controllers/gradebooks_controller.rb,1866,
action,作业、提交与评分,GradebooksController#presenter_options,app/controllers/gradebooks_controller.rb,1875,
action,作业、提交与评分,GradebooksController#custom_course_users_api_url,app/controllers/gradebooks_controller.rb,1890,
action,作业、提交与评分,GradebooksController#custom_course_enrollments_api_url,app/controllers/gradebooks_controller.rb,1905,
action,作业、提交与评分,GradebooksController#gradebook_settings,app/controllers/gradebooks_controller.rb,1918,
action,作业、提交与评分,GradebooksController#ensure_section_view_filter_enabled,app/controllers/gradebooks_controller.rb,1922,
action,作业、提交与评分,GradebooksController#courses_with_grades_json,app/controllers/gradebooks_controller.rb,1929,
action,作业、提交与评分,GradebooksController#populate_user_ids,app/controllers/gradebooks_controller.rb,1946,
action,作业、提交与评分,GradebooksController#apply_provisional_grade_filters!,app/controllers/gradebooks_controller.rb,1959,
action,作业、提交与评分,GradebooksController#gradebook_column_size_preferences,app/controllers/gradebooks_controller.rb,1974,
action,作业、提交与评分,GradebooksController#allow_view_ungraded_as_zero?,app/controllers/gradebooks_controller.rb,1981,
action,作业、提交与评分,GradebooksController#allow_apply_score_to_ungraded?,app/controllers/gradebooks_controller.rb,1985,
action,作业、提交与评分,GradebooksController#outcome_service_results_to_canvas_enabled?,app/controllers/gradebooks_controller.rb,1989,
action,作业、提交与评分,GradebooksController#track_update_metrics,app/controllers/gradebooks_controller.rb,1993,
action,作业、提交与评分,GradebooksController#track_speedgrader_metrics,app/controllers/gradebooks_controller.rb,2003,
action,其他,ExternalContentController#success,app/controllers/external_content_controller.rb,42,
action,其他,ExternalContentController#normalize_deprecated_data!,app/controllers/external_content_controller.rb,92,
action,其他,ExternalContentController#check_disable_oembed_retrieve_feature_flag,app/controllers/external_content_controller.rb,99,
action,其他,ExternalContentController#oembed_retrieve,app/controllers/external_content_controller.rb,105,
action,其他,ExternalContentController#selection_test,app/controllers/external_content_controller.rb,119,
action,其他,ExternalContentController#cancel,app/controllers/external_content_controller.rb,131,
action,其他,ExternalContentController#content_items_for_canvas,app/controllers/external_content_controller.rb,136,
action,其他,ExternalContentController#content_item_selection,app/controllers/external_content_controller.rb,155,
action,其他,ExternalContentController#lti_response_messages,app/controllers/external_content_controller.rb,165,
action,其他,ExternalContentController#param_if_set,app/controllers/external_content_controller.rb,182,
action,其他,ExternalContentController#default_placement_advice,app/controllers/external_content_controller.rb,191,
action,其他,ExternalContentController#json_data,app/controllers/external_content_controller.rb,199,
action,讨论、公告与协作,DiscussionTopicsApiController#show,app/controllers/discussion_topics_api_controller.rb,75,
action,讨论、公告与协作,DiscussionTopicsApiController#find_summary,app/controllers/discussion_topics_api_controller.rb,110,
action,讨论、公告与协作,DiscussionTopicsApiController#find_or_create_summary,app/controllers/discussion_topics_api_controller.rb,160,
action,讨论、公告与协作,DiscussionTopicsApiController#disable_summary,app/controllers/discussion_topics_api_controller.rb,258,
action,讨论、公告与协作,DiscussionTopicsApiController#summary_feedback,app/controllers/discussion_topics_api_controller.rb,296,
action,讨论、公告与协作,DiscussionTopicsApiController#insight,app/controllers/discussion_topics_api_controller.rb,340,
action,讨论、公告与协作,DiscussionTopicsApiController#insight_generation,app/controllers/discussion_topics_api_controller.rb,363,
action,讨论、公告与协作,DiscussionTopicsApiController#insight_entries,app/controllers/discussion_topics_api_controller.rb,386,
action,讨论、公告与协作,DiscussionTopicsApiController#insight_entry_update,app/controllers/discussion_topics_api_controller.rb,415,
action,讨论、公告与协作,DiscussionTopicsApiController#view,app/controllers/discussion_topics_api_controller.rb,506,
action,讨论、公告与协作,DiscussionTopicsApiController#add_entry,app/controllers/discussion_topics_api_controller.rb,618,
action,讨论、公告与协作,DiscussionTopicsApiController#duplicate,app/controllers/discussion_topics_api_controller.rb,637,
action,讨论、公告与协作,DiscussionTopicsApiController#entries,app/controllers/discussion_topics_api_controller.rb,763,
action,讨论、公告与协作,DiscussionTopicsApiController#add_reply,app/controllers/discussion_topics_api_controller.rb,791,
action,讨论、公告与协作,DiscussionTopicsApiController#replies,app/controllers/discussion_topics_api_controller.rb,844,
action,讨论、公告与协作,DiscussionTopicsApiController#entry_list,app/controllers/discussion_topics_api_controller.rb,892,
action,讨论、公告与协作,DiscussionTopicsApiController#mark_topic_read,app/controllers/discussion_topics_api_controller.rb,914,
action,讨论、公告与协作,DiscussionTopicsApiController#mark_all_topic_read,app/controllers/discussion_topics_api_controller.rb,931,
action,讨论、公告与协作,DiscussionTopicsApiController#mark_topic_unread,app/controllers/discussion_topics_api_controller.rb,961,
action,讨论、公告与协作,DiscussionTopicsApiController#mark_all_read,app/controllers/discussion_topics_api_controller.rb,982,
action,讨论、公告与协作,DiscussionTopicsApiController#mark_all_unread,app/controllers/discussion_topics_api_controller.rb,1002,
action,讨论、公告与协作,DiscussionTopicsApiController#mark_entry_read,app/controllers/discussion_topics_api_controller.rb,1023,
action,讨论、公告与协作,DiscussionTopicsApiController#mark_entry_unread,app/controllers/discussion_topics_api_controller.rb,1043,
action,讨论、公告与协作,DiscussionTopicsApiController#rate_entry,app/controllers/discussion_topics_api_controller.rb,1060,
action,讨论、公告与协作,DiscussionTopicsApiController#subscribe_topic,app/controllers/discussion_topics_api_controller.rb,1082,
action,讨论、公告与协作,DiscussionTopicsApiController#unsubscribe_topic,app/controllers/discussion_topics_api_controller.rb,1095,
action,讨论、公告与协作,DiscussionTopicsApiController#migrate_disallow,app/controllers/discussion_topics_api_controller.rb,1101,
action,讨论、公告与协作,DiscussionTopicsApiController#update_discussion_types,app/controllers/discussion_topics_api_controller.rb,1119,
action,讨论、公告与协作,DiscussionTopicsApiController#accessibility_scan,app/controllers/discussion_topics_api_controller.rb,1149,
action,讨论、公告与协作,DiscussionTopicsApiController#accessibility_queue_scan,app/controllers/discussion_topics_api_controller.rb,1157,
action,讨论、公告与协作,DiscussionTopicsApiController#cache_key,app/controllers/discussion_topics_api_controller.rb,1167,
action,讨论、公告与协作,DiscussionTopicsApiController#llm_config_raw,app/controllers/discussion_topics_api_controller.rb,1171,
action,讨论、公告与协作,DiscussionTopicsApiController#llm_config_refined,app/controllers/discussion_topics_api_controller.rb,1175,
action,讨论、公告与协作,DiscussionTopicsApiController#require_topic,app/controllers/discussion_topics_api_controller.rb,1179,
action,讨论、公告与协作,DiscussionTopicsApiController#require_entry,app/controllers/discussion_topics_api_controller.rb,1184,
action,讨论、公告与协作,DiscussionTopicsApiController#require_initial_post,app/controllers/discussion_topics_api_controller.rb,1188,
action,讨论、公告与协作,DiscussionTopicsApiController#build_entry,app/controllers/discussion_topics_api_controller.rb,1197,
action,讨论、公告与协作,DiscussionTopicsApiController#save_entry,app/controllers/discussion_topics_api_controller.rb,1204,
action,讨论、公告与协作,DiscussionTopicsApiController#create_attachment,app/controllers/discussion_topics_api_controller.rb,1231,
action,讨论、公告与协作,DiscussionTopicsApiController#visible_topics,app/controllers/discussion_topics_api_controller.rb,1244,
action,讨论、公告与协作,DiscussionTopicsApiController#all_entries,app/controllers/discussion_topics_api_controller.rb,1256,
action,讨论、公告与协作,DiscussionTopicsApiController#root_entries,app/controllers/discussion_topics_api_controller.rb,1262,
action,讨论、公告与协作,DiscussionTopicsApiController#reply_entries,app/controllers/discussion_topics_api_controller.rb,1268,
action,讨论、公告与协作,DiscussionTopicsApiController#change_topic_read_state,app/controllers/discussion_topics_api_controller.rb,1272,
action,讨论、公告与协作,DiscussionTopicsApiController#get_forced_option,app/controllers/discussion_topics_api_controller.rb,1276,
action,讨论、公告与协作,DiscussionTopicsApiController#change_topic_all_read_state,app/controllers/discussion_topics_api_controller.rb,1282,
action,讨论、公告与协作,DiscussionTopicsApiController#change_entry_read_state,app/controllers/discussion_topics_api_controller.rb,1289,
action,讨论、公告与协作,DiscussionTopicsApiController#render_state_change_result,app/controllers/discussion_topics_api_controller.rb,1305,
action,讨论、公告与协作,DiscussionTopicsApiController#is_not_anonymous,app/controllers/discussion_topics_api_controller.rb,1313,
action,讨论、公告与协作,DiscussionTopicsApiController#generate_focus,app/controllers/discussion_topics_api_controller.rb,1323,
action,讨论、公告与协作,DiscussionTopicsApiController#generate_raw_dynamic_content,app/controllers/discussion_topics_api_controller.rb,1327,
action,讨论、公告与协作,DiscussionTopicsApiController#generate_refined_dynamic_content,app/controllers/discussion_topics_api_controller.rb,1336,
action,讨论、公告与协作,DiscussionTopicsApiController#fetch_or_create_summary,app/controllers/discussion_topics_api_controller.rb,1348,
action,讨论、公告与协作,DiscussionTopicsApiController#generate_llm_response,app/controllers/discussion_topics_api_controller.rb,1371,
action,讨论、公告与协作,DiscussionTopicsApiController#generate_llm_response_with_cedar,app/controllers/discussion_topics_api_controller.rb,1381,
action,讨论、公告与协作,DiscussionTopicsApiController#generate_llm_response_with_bedrock,app/controllers/discussion_topics_api_controller.rb,1404,
action,内容、文件与模块,FoldersController#index,app/controllers/folders_controller.rb,122,
action,内容、文件与模块,FoldersController#api_index,app/controllers/folders_controller.rb,138,
action,内容、文件与模块,FoldersController#list_folders_and_files,app/controllers/folders_controller.rb,155,
action,内容、文件与模块,FoldersController#list_all_folders_and_files,app/controllers/folders_controller.rb,167,
action,内容、文件与模块,FoldersController#lock_options,app/controllers/folders_controller.rb,178,
action,内容、文件与模块,FoldersController#paginated_folders_and_files,app/controllers/folders_controller.rb,189,
action,内容、文件与模块,FoldersController#paginated_folders_and_files_collection,app/controllers/folders_controller.rb,215,
action,内容、文件与模块,FoldersController#folder_index_scope,app/controllers/folders_controller.rb,259,
action,内容、文件与模块,FoldersController#list_all_folders,app/controllers/folders_controller.rb,277,
action,内容、文件与模块,FoldersController#resolve_path,app/controllers/folders_controller.rb,309,
action,内容、文件与模块,FoldersController#show,app/controllers/folders_controller.rb,336,
action,内容、文件与模块,FoldersController#update,app/controllers/folders_controller.rb,419,
action,内容、文件与模块,FoldersController#create,app/controllers/folders_controller.rb,507,
action,内容、文件与模块,FoldersController#process_folder_params,app/controllers/folders_controller.rb,568,
action,内容、文件与模块,FoldersController#destroy,app/controllers/folders_controller.rb,585,
action,内容、文件与模块,FoldersController#api_destroy,app/controllers/folders_controller.rb,608,
action,内容、文件与模块,FoldersController#create_file,app/controllers/folders_controller.rb,637,
action,内容、文件与模块,FoldersController#copy_file,app/controllers/folders_controller.rb,671,
action,内容、文件与模块,FoldersController#copy_folder,app/controllers/folders_controller.rb,728,
action,内容、文件与模块,FoldersController#icon_maker_folder,app/controllers/folders_controller.rb,758,
action,内容、文件与模块,FoldersController#media_folder,app/controllers/folders_controller.rb,779,
action,内容、文件与模块,FoldersController#duplicates,app/controllers/folders_controller.rb,794,
action,内容、文件与模块,FoldersController#find_duplicate_folders,app/controllers/folders_controller.rb,807,
action,分析、审计与运维,AnalyticsHubController#require_view_analytics_hub_permission,app/controllers/analytics_hub_controller.rb,25,
action,分析、审计与运维,AnalyticsHubController#show,app/controllers/analytics_hub_controller.rb,29,
action,作业、提交与评分,AssignmentGroupsApiController#show,app/controllers/assignment_groups_api_controller.rb,46,
action,作业、提交与评分,AssignmentGroupsApiController#create,app/controllers/assignment_groups_api_controller.rb,87,
action,作业、提交与评分,AssignmentGroupsApiController#update,app/controllers/assignment_groups_api_controller.rb,123,
action,作业、提交与评分,AssignmentGroupsApiController#destroy,app/controllers/assignment_groups_api_controller.rb,149,
action,作业、提交与评分,AssignmentGroupsApiController#get_assignment_group,app/controllers/assignment_groups_api_controller.rb,171,
action,作业、提交与评分,AssignmentGroupsApiController#process_assignment_group,app/controllers/assignment_groups_api_controller.rb,175,
action,作业、提交与评分,AssignmentGroupsApiController#can_update_assignment_group?,app/controllers/assignment_groups_api_controller.rb,183,
action,作业、提交与评分,AssignmentGroupsApiController#valid_integration_data?,app/controllers/assignment_groups_api_controller.rb,192,
action,作业、提交与评分,AssignmentGroupsApiController#recompute_student_scores,app/controllers/assignment_groups_api_controller.rb,197,
action,作业、提交与评分,RubricsApiController#index,app/controllers/rubrics_api_controller.rb,277,
action,作业、提交与评分,RubricsApiController#show,app/controllers/rubrics_api_controller.rb,292,
action,作业、提交与评分,RubricsApiController#used_locations,app/controllers/rubrics_api_controller.rb,315,
action,作业、提交与评分,RubricsApiController#upload,app/controllers/rubrics_api_controller.rb,327,
action,作业、提交与评分,RubricsApiController#upload_template,app/controllers/rubrics_api_controller.rb,350,
action,作业、提交与评分,RubricsApiController#upload_status,app/controllers/rubrics_api_controller.rb,362,
action,作业、提交与评分,RubricsApiController#rubrics_by_import_id,app/controllers/rubrics_api_controller.rb,380,
action,作业、提交与评分,RubricsApiController#download_rubrics,app/controllers/rubrics_api_controller.rb,387,
action,作业、提交与评分,RubricsApiController#generate_rubrics_csv,app/controllers/rubrics_api_controller.rb,415,
action,作业、提交与评分,RubricsApiController#rubric_assessments,app/controllers/rubrics_api_controller.rb,468,
action,作业、提交与评分,RubricsApiController#rubric_associations,app/controllers/rubrics_api_controller.rb,484,
action,作业、提交与评分,RubricsApiController#used_locations_to_json,app/controllers/rubrics_api_controller.rb,498,
action,作业、提交与评分,RubricsApiController#used_locations_for,app/controllers/rubrics_api_controller.rb,506,
action,作业、提交与评分,RubricsApiController#validate_args,app/controllers/rubrics_api_controller.rb,523,
action,作业、提交与评分,RubricsApiController#validate_inclusion_category,app/controllers/rubrics_api_controller.rb,544,
action,作业、提交与评分,RubricsApiController#api_includes,app/controllers/rubrics_api_controller.rb,554,
action,课程、班级与选课,AccessibilityCourseStatisticsController#index,app/controllers/accessibility_course_statistics_controller.rb,104,
action,作业、提交与评分,AnonymousSubmissionsController#show,app/controllers/anonymous_submissions_controller.rb,26,
action,作业、提交与评分,AnonymousSubmissionsController#update,app/controllers/anonymous_submissions_controller.rb,47,
action,作业、提交与评分,AnonymousSubmissionsController#redo_submission,app/controllers/anonymous_submissions_controller.rb,55,
action,作业、提交与评分,AnonymousSubmissionsController#plagiarism_report,app/controllers/anonymous_submissions_controller.rb,63,
action,作业、提交与评分,AnonymousSubmissionsController#resubmit_to_plagiarism,app/controllers/anonymous_submissions_controller.rb,72,
action,作业、提交与评分,AnonymousSubmissionsController#default_plagiarism_redirect_url,app/controllers/anonymous_submissions_controller.rb,83,
action,搜索、AI 与无障碍,SearchController#rubrics,app/controllers/search_controller.rb,30,
action,搜索、AI 与无障碍,SearchController#recipients,app/controllers/search_controller.rb,114,
action,搜索、AI 与无障碍,SearchController#all_courses,app/controllers/search_controller.rb,171,
action,讨论、公告与协作,ConferencesController#index,app/controllers/conferences_controller.rb,187,
action,讨论、公告与协作,ConferencesController#for_user,app/controllers/conferences_controller.rb,220,
action,讨论、公告与协作,ConferencesController#api_index,app/controllers/conferences_controller.rb,257,
action,讨论、公告与协作,ConferencesController#web_index,app/controllers/conferences_controller.rb,264,
action,讨论、公告与协作,ConferencesController#show,app/controllers/conferences_controller.rb,323,
action,讨论、公告与协作,ConferencesController#create_or_update_calendar_event_for_conference,app/controllers/conferences_controller.rb,337,
action,讨论、公告与协作,ConferencesController#create,app/controllers/conferences_controller.rb,344,
action,讨论、公告与协作,ConferencesController#update,app/controllers/conferences_controller.rb,382,
action,讨论、公告与协作,ConferencesController#join,app/controllers/conferences_controller.rb,415,
action,讨论、公告与协作,ConferencesController#recording_ready,app/controllers/conferences_controller.rb,445,
action,讨论、公告与协作,ConferencesController#close,app/controllers/conferences_controller.rb,460,
action,讨论、公告与协作,ConferencesController#settings,app/controllers/conferences_controller.rb,475,
action,讨论、公告与协作,ConferencesController#destroy,app/controllers/conferences_controller.rb,486,
action,讨论、公告与协作,ConferencesController#recording,app/controllers/conferences_controller.rb,502,
action,讨论、公告与协作,ConferencesController#delete_recording,app/controllers/conferences_controller.rb,512,
action,讨论、公告与协作,ConferencesController#require_config,app/controllers/conferences_controller.rb,524,
action,讨论、公告与协作,ConferencesController#member_ids,app/controllers/conferences_controller.rb,531,
action,讨论、公告与协作,ConferencesController#get_conference,app/controllers/conferences_controller.rb,549,
action,讨论、公告与协作,ConferencesController#conference_params,app/controllers/conferences_controller.rb,553,
action,讨论、公告与协作,ConferencesController#preload_recordings,app/controllers/conferences_controller.rb,558,
action,分析、审计与运维,DocviewerAuditEventsController#create,app/controllers/docviewer_audit_events_controller.rb,25,
action,分析、审计与运维,DocviewerAuditEventsController#admin_or_student,app/controllers/docviewer_audit_events_controller.rb,69,
action,分析、审计与运维,DocviewerAuditEventsController#check_jwt_token,app/controllers/docviewer_audit_events_controller.rb,76,
action,分析、审计与运维,DocviewerAuditEventsController#docviewer_audit_event_params,app/controllers/docviewer_audit_events_controller.rb,82,
action,分析、审计与运维,DocviewerAuditEventsController#canvadoc_from_submission,app/controllers/docviewer_audit_events_controller.rb,92,
action,作业、提交与评分,RubricsController#index,app/controllers/rubrics_controller.rb,35,
action,作业、提交与评分,RubricsController#show,app/controllers/rubrics_controller.rb,73,
action,作业、提交与评分,RubricsController#show_rubrics_redesign,app/controllers/rubrics_controller.rb,108,
action,作业、提交与评分,RubricsController#rubric_breadcrumbs,app/controllers/rubrics_controller.rb,113,
action,作业、提交与评分,RubricsController#create,app/controllers/rubrics_controller.rb,152,
action,作业、提交与评分,RubricsController#update,app/controllers/rubrics_controller.rb,199,
action,作业、提交与评分,RubricsController#llm_criteria,app/controllers/rubrics_controller.rb,255,
action,作业、提交与评分,RubricsController#llm_regenerate_criteria,app/controllers/rubrics_controller.rb,303,
action,作业、提交与评分,RubricsController#destroy,app/controllers/rubrics_controller.rb,380,
action,作业、提交与评分,RubricsController#get_root_outcome,app/controllers/rubrics_controller.rb,391,
action,作业、提交与评分,RubricsController#can_manage_rubrics_or_association_object?,app/controllers/rubrics_controller.rb,406,
action,作业、提交与评分,RubricsController#can_update?,app/controllers/rubrics_controller.rb,414,
action,作业、提交与评分,RubricsController#can_read?,app/controllers/rubrics_controller.rb,418,
action,作业、提交与评分,RubricsController#can_manage_rubrics_context?,app/controllers/rubrics_controller.rb,422,
action,作业、提交与评分,RubricsController#track_metrics,app/controllers/rubrics_controller.rb,426,
action,用户、身份与沟通,NotificationPreferencesController#index,app/controllers/notification_preferences_controller.rb,68,
action,用户、身份与沟通,NotificationPreferencesController#category_index,app/controllers/notification_preferences_controller.rb,75,
action,用户、身份与沟通,NotificationPreferencesController#show,app/controllers/notification_preferences_controller.rb,83,
action,用户、身份与沟通,NotificationPreferencesController#update,app/controllers/notification_preferences_controller.rb,90,
action,用户、身份与沟通,NotificationPreferencesController#update_preferences_by_category,app/controllers/notification_preferences_controller.rb,101,
action,用户、身份与沟通,NotificationPreferencesController#update_all,app/controllers/notification_preferences_controller.rb,115,
action,用户、身份与沟通,NotificationPreferencesController#convert_hash_to_jsonapi_array,app/controllers/notification_preferences_controller.rb,127,
action,用户、身份与沟通,NotificationPreferencesController#notification_preferences_param,app/controllers/notification_preferences_controller.rb,133,
action,用户、身份与沟通,NotificationPreferencesController#get_cc,app/controllers/notification_preferences_controller.rb,139,
action,用户、身份与沟通,NotificationPreferencesController#parse_category,app/controllers/notification_preferences_controller.rb,153,
action,测验与题库,QuestionBanksController#index,app/controllers/question_banks_controller.rb,28,
action,测验与题库,QuestionBanksController#questions,app/controllers/question_banks_controller.rb,46,
action,测验与题库,QuestionBanksController#reorder,app/controllers/question_banks_controller.rb,55,
action,测验与题库,QuestionBanksController#show,app/controllers/question_banks_controller.rb,63,
action,测验与题库,QuestionBanksController#move_questions,app/controllers/question_banks_controller.rb,90,
action,测验与题库,QuestionBanksController#create,app/controllers/question_banks_controller.rb,119,
action,测验与题库,QuestionBanksController#bookmark,app/controllers/question_banks_controller.rb,137,
action,测验与题库,QuestionBanksController#update,app/controllers/question_banks_controller.rb,147,
action,测验与题库,QuestionBanksController#destroy,app/controllers/question_banks_controller.rb,159,
action,测验与题库,QuestionBanksController#bank_params,app/controllers/question_banks_controller.rb,169,
action,账户与租户管理,OAuthProxyController#redirect_proxy,app/controllers/oauth_proxy_controller.rb,24,
action,LTI、外部工具与集成,LtiApiController#grade_passback,app/controllers/lti_api_controller.rb,34,
action,LTI、外部工具与集成,LtiApiController#legacy_grade_passback,app/controllers/lti_api_controller.rb,75,
action,LTI、外部工具与集成,LtiApiController#xapi_service,app/controllers/lti_api_controller.rb,108,
action,LTI、外部工具与集成,LtiApiController#caliper_service,app/controllers/lti_api_controller.rb,148,
action,LTI、外部工具与集成,LtiApiController#logout_service,app/controllers/lti_api_controller.rb,157,
action,LTI、外部工具与集成,LtiApiController#turnitin_outcomes_placement,app/controllers/lti_api_controller.rb,164,
action,LTI、外部工具与集成,LtiApiController#verify_oauth,app/controllers/lti_api_controller.rb,177,
action,LTI、外部工具与集成,LtiApiController#oauth_error_info,app/controllers/lti_api_controller.rb,205,
action,LTI、外部工具与集成,LtiApiController#check_outcome,app/controllers/lti_api_controller.rb,213,
action,其他,LearnPlatformController#learnplatform_api,app/controllers/learn_platform_controller.rb,24,
action,其他,LearnPlatformController#index,app/controllers/learn_platform_controller.rb,28,
action,其他,LearnPlatformController#index_by_category,app/controllers/learn_platform_controller.rb,44,
action,其他,LearnPlatformController#show,app/controllers/learn_platform_controller.rb,54,
action,其他,LearnPlatformController#filters,app/controllers/learn_platform_controller.rb,64,
action,其他,LearnPlatformController#index_by_organization,app/controllers/learn_platform_controller.rb,74,
action,其他,LearnPlatformController#custom_filters,app/controllers/learn_platform_controller.rb,88,
action,其他,LearnPlatformController#configure_translation_lang,app/controllers/learn_platform_controller.rb,99,
action,讨论、公告与协作,EportfoliosController#index,app/controllers/eportfolios_controller.rb,34,
action,讨论、公告与协作,EportfoliosController#user_index,app/controllers/eportfolios_controller.rb,38,
action,讨论、公告与协作,EportfoliosController#show,app/controllers/eportfolios_controller.rb,51,
action,讨论、公告与协作,EportfoliosController#create,app/controllers/eportfolios_controller.rb,109,
action,讨论、公告与协作,EportfoliosController#update,app/controllers/eportfolios_controller.rb,135,
action,讨论、公告与协作,EportfoliosController#destroy,app/controllers/eportfolios_controller.rb,161,
action,讨论、公告与协作,EportfoliosController#reorder_categories,app/controllers/eportfolios_controller.rb,176,
action,讨论、公告与协作,EportfoliosController#reorder_entries,app/controllers/eportfolios_controller.rb,184,
action,讨论、公告与协作,EportfoliosController#export,app/controllers/eportfolios_controller.rb,193,
action,讨论、公告与协作,EportfoliosController#public_feed,app/controllers/eportfolios_controller.rb,246,
action,讨论、公告与协作,EportfoliosController#recent_submissions,app/controllers/eportfolios_controller.rb,262,
action,讨论、公告与协作,EportfoliosController#set_eportfolio_deprecation_notice,app/controllers/eportfolios_controller.rb,290,
action,讨论、公告与协作,EportfoliosController#eportfolio_params,app/controllers/eportfolios_controller.rb,295,
action,讨论、公告与协作,EportfoliosController#eportfolio_moderation_params,app/controllers/eportfolios_controller.rb,299,
action,讨论、公告与协作,EportfoliosController#find_eportfolio,app/controllers/eportfolios_controller.rb,303,
action,讨论、公告与协作,EportfoliosController#stale_zip_file?,app/controllers/eportfolios_controller.rb,307,
action,账户与租户管理,BrandConfigsController#index,app/controllers/brand_configs_controller.rb,33,
action,账户与租户管理,BrandConfigsController#new,app/controllers/brand_configs_controller.rb,57,
action,账户与租户管理,BrandConfigsController#show,app/controllers/brand_configs_controller.rb,78,
action,账户与租户管理,BrandConfigsController#default_schema,app/controllers/brand_configs_controller.rb,82,
action,账户与租户管理,BrandConfigsController#duped_brandable_vars,app/controllers/brand_configs_controller.rb,97,
action,账户与租户管理,BrandConfigsController#create,app/controllers/brand_configs_controller.rb,122,
action,账户与租户管理,BrandConfigsController#save_to_user_session,app/controllers/brand_configs_controller.rb,161,
action,账户与租户管理,BrandConfigsController#save_to_account,app/controllers/brand_configs_controller.rb,175,
action,账户与租户管理,BrandConfigsController#destroy,app/controllers/brand_configs_controller.rb,191,
action,账户与租户管理,BrandConfigsController#existing_config,app/controllers/brand_configs_controller.rb,197,
action,账户与租户管理,BrandConfigsController#visible_shared_brand_configs,app/controllers/brand_configs_controller.rb,204,
action,账户与租户管理,BrandConfigsController#require_account_branding,app/controllers/brand_configs_controller.rb,209,
action,账户与租户管理,BrandConfigsController#process_variables,app/controllers/brand_configs_controller.rb,216,
action,账户与租户管理,BrandConfigsController#process_file,app/controllers/brand_configs_controller.rb,242,
action,账户与租户管理,BrandConfigsController#generate_css,app/controllers/brand_configs_controller.rb,250,
action,账户与租户管理,BrandConfigsController#upload_file,app/controllers/brand_configs_controller.rb,259,
action,账户与租户管理,DeveloperKeyAccountBindingsController#create_or_update,app/controllers/developer_key_account_bindings_controller.rb,75,
action,账户与租户管理,DeveloperKeyAccountBindingsController#bind_lti_key,app/controllers/developer_key_account_bindings_controller.rb,96,
action,账户与租户管理,DeveloperKeyAccountBindingsController#bind_inherited_lti_key,app/controllers/developer_key_account_bindings_controller.rb,101,
action,账户与租户管理,DeveloperKeyAccountBindingsController#bind_api_key,app/controllers/developer_key_account_bindings_controller.rb,106,
action,账户与租户管理,DeveloperKeyAccountBindingsController#existing_binding,app/controllers/developer_key_account_bindings_controller.rb,114,
action,账户与租户管理,DeveloperKeyAccountBindingsController#workflow_state,app/controllers/developer_key_account_bindings_controller.rb,120,
action,账户与租户管理,DeveloperKeyAccountBindingsController#account,app/controllers/developer_key_account_bindings_controller.rb,124,
action,账户与租户管理,DeveloperKeyAccountBindingsController#lti_registration,app/controllers/developer_key_account_bindings_controller.rb,128,
action,账户与租户管理,DeveloperKeyAccountBindingsController#developer_key,app/controllers/developer_key_account_bindings_controller.rb,132,
action,账户与租户管理,DeveloperKeyAccountBindingsController#developer_key_in_account,app/controllers/developer_key_account_bindings_controller.rb,136,
action,账户与租户管理,DeveloperKeyAccountBindingsController#require_manage_developer_keys,app/controllers/developer_key_account_bindings_controller.rb,153,
action,账户与租户管理,DeveloperKeyAccountBindingsController#require_root_account,app/controllers/developer_key_account_bindings_controller.rb,161,
action,账户与租户管理,DeveloperKeyAccountBindingsController#restrict_federated_child_accounts,app/controllers/developer_key_account_bindings_controller.rb,165,
action,其他,SecurityController#self,app/controllers/security_controller.rb,37,
action,其他,SecurityController#self,app/controllers/security_controller.rb,49,
action,其他,SecurityController#self,app/controllers/security_controller.rb,60,
action,其他,SecurityController#self,app/controllers/security_controller.rb,64,
action,其他,SecurityController#jwks,app/controllers/security_controller.rb,75,
action,其他,SecurityController#openid_configuration,app/controllers/security_controller.rb,98,
action,其他,SecurityController#canvas_ims_product_version,app/controllers/security_controller.rb,137,
action,其他,SecurityController#lti_platform_configuration,app/controllers/security_controller.rb,141,
action,作业、提交与评分,SubmissionsApiController#index,app/controllers/submissions_api_controller.rb,255,
action,作业、提交与评分,SubmissionsApiController#for_students,app/controllers/submissions_api_controller.rb,384,
action,作业、提交与评分,SubmissionsApiController#show,app/controllers/submissions_api_controller.rb,644,
action,作业、提交与评分,SubmissionsApiController#show_anonymous,app/controllers/submissions_api_controller.rb,674,
action,作业、提交与评分,SubmissionsApiController#create_file,app/controllers/submissions_api_controller.rb,694,
action,作业、提交与评分,SubmissionsApiController#update,app/controllers/submissions_api_controller.rb,873,
action,作业、提交与评分,SubmissionsApiController#update_anonymous,app/controllers/submissions_api_controller.rb,1215,
action,作业、提交与评分,SubmissionsApiController#gradeable_students,app/controllers/submissions_api_controller.rb,1244,
action,作业、提交与评分,SubmissionsApiController#multiple_gradeable_students,app/controllers/submissions_api_controller.rb,1320,
action,作业、提交与评分,SubmissionsApiController#bulk_update,app/controllers/submissions_api_controller.rb,1387,
action,作业、提交与评分,SubmissionsApiController#mark_submission_read,app/controllers/submissions_api_controller.rb,1432,
action,作业、提交与评分,SubmissionsApiController#mark_submission_unread,app/controllers/submissions_api_controller.rb,1447,
action,作业、提交与评分,SubmissionsApiController#mark_bulk_submissions_as_read,app/controllers/submissions_api_controller.rb,1467,
action,作业、提交与评分,SubmissionsApiController#mark_submission_item_read,app/controllers/submissions_api_controller.rb,1493,
action,作业、提交与评分,SubmissionsApiController#submissions_clear_unread,app/controllers/submissions_api_controller.rb,1520,
action,作业、提交与评分,SubmissionsApiController#rubric_assessments_read_state,app/controllers/submissions_api_controller.rb,1556,
action,作业、提交与评分,SubmissionsApiController#mark_rubric_assessments_read,app/controllers/submissions_api_controller.rb,1588,
action,作业、提交与评分,SubmissionsApiController#document_annotations_read_state,app/controllers/submissions_api_controller.rb,1609,
action,作业、提交与评分,SubmissionsApiController#mark_document_annotations_read,app/controllers/submissions_api_controller.rb,1634,
action,作业、提交与评分,SubmissionsApiController#map_user_ids,app/controllers/submissions_api_controller.rb,1641,
action,作业、提交与评分,SubmissionsApiController#submission_summary,app/controllers/submissions_api_controller.rb,1663,
action,作业、提交与评分,SubmissionsApiController#should_group?,app/controllers/submissions_api_controller.rb,1698,
action,作业、提交与评分,SubmissionsApiController#include_deactivated_students_in_summary?,app/controllers/submissions_api_controller.rb,1704,
action,作业、提交与评分,SubmissionsApiController#peer_review_direct?,app/controllers/submissions_api_controller.rb,1708,
action,作业、提交与评分,SubmissionsApiController#render_peer_review_error,app/controllers/submissions_api_controller.rb,1712,
action,作业、提交与评分,SubmissionsApiController#validate_parent_assignment_for_peer_review_grading,app/controllers/submissions_api_controller.rb,1717,
action,作业、提交与评分,SubmissionsApiController#change_topic_read_state,app/controllers/submissions_api_controller.rb,1727,
action,作业、提交与评分,SubmissionsApiController#render_state_change_result,app/controllers/submissions_api_controller.rb,1742,
action,作业、提交与评分,SubmissionsApiController#section_ids,app/controllers/submissions_api_controller.rb,1750,
action,作业、提交与评分,SubmissionsApiController#bulk_process_submissions_for_visibility,app/controllers/submissions_api_controller.rb,1754,
action,作业、提交与评分,SubmissionsApiController#ensure_submission,app/controllers/submissions_api_controller.rb,1777,
action,作业、提交与评分,SubmissionsApiController#track_update_metrics,app/controllers/submissions_api_controller.rb,1784,
action,其他,LearningObjectDatesController#show,app/controllers/learning_object_dates_controller.rb,156,
action,其他,LearningObjectDatesController#update,app/controllers/learning_object_dates_controller.rb,266,
action,其他,LearningObjectDatesController#convert_tag_overrides_to_adhoc_overrides,app/controllers/learning_object_dates_controller.rb,317,
action,其他,LearningObjectDatesController#check_authorized_action,app/controllers/learning_object_dates_controller.rb,339,
action,其他,LearningObjectDatesController#asset,app/controllers/learning_object_dates_controller.rb,345,
action,其他,LearningObjectDatesController#overridable,app/controllers/learning_object_dates_controller.rb,362,
action,其他,LearningObjectDatesController#update_assignment,app/controllers/learning_object_dates_controller.rb,369,
action,其他,LearningObjectDatesController#update_checkpointed_assignment,app/controllers/learning_object_dates_controller.rb,377,
action,其他,LearningObjectDatesController#prepare_checkpoints_dates,app/controllers/learning_object_dates_controller.rb,397,
action,其他,LearningObjectDatesController#remove_differentiation_tag_overrides,app/controllers/learning_object_dates_controller.rb,466,
action,其他,LearningObjectDatesController#update_quiz,app/controllers/learning_object_dates_controller.rb,471,
action,其他,LearningObjectDatesController#update_ungraded_object,app/controllers/learning_object_dates_controller.rb,504,
action,其他,LearningObjectDatesController#prefer_assignment_availability_dates,app/controllers/learning_object_dates_controller.rb,525,
action,其他,LearningObjectDatesController#allow_due_at?,app/controllers/learning_object_dates_controller.rb,534,
action,其他,LearningObjectDatesController#caches_availability?,app/controllers/learning_object_dates_controller.rb,538,
action,其他,LearningObjectDatesController#wiki_page_needs_assignment?,app/controllers/learning_object_dates_controller.rb,542,
action,其他,LearningObjectDatesController#object_update_params,app/controllers/learning_object_dates_controller.rb,549,
action,其他,LearningObjectDatesController#allow_peer_reviews?,app/controllers/learning_object_dates_controller.rb,562,
action,搜索、AI 与无障碍,AiExperiencesController#index,app/controllers/ai_experiences_controller.rb,91,
action,搜索、AI 与无障碍,AiExperiencesController#show,app/controllers/ai_experiences_controller.rb,128,
action,搜索、AI 与无障碍,AiExperiencesController#new,app/controllers/ai_experiences_controller.rb,166,
action,搜索、AI 与无障碍,AiExperiencesController#edit,app/controllers/ai_experiences_controller.rb,182,
action,搜索、AI 与无障碍,AiExperiencesController#create,app/controllers/ai_experiences_controller.rb,212,
action,搜索、AI 与无障碍,AiExperiencesController#update,app/controllers/ai_experiences_controller.rb,248,
action,搜索、AI 与无障碍,AiExperiencesController#destroy,app/controllers/ai_experiences_controller.rb,270,
action,搜索、AI 与无障碍,AiExperiencesController#ai_conversations_index,app/controllers/ai_experiences_controller.rb,292,
action,搜索、AI 与无障碍,AiExperiencesController#ai_conversation_show,app/controllers/ai_experiences_controller.rb,367,
action,搜索、AI 与无障碍,AiExperiencesController#check_ai_experiences_feature_flag,app/controllers/ai_experiences_controller.rb,400,
action,搜索、AI 与无障碍,AiExperiencesController#require_access_right,app/controllers/ai_experiences_controller.rb,407,
action,搜索、AI 与无障碍,AiExperiencesController#load_experience,app/controllers/ai_experiences_controller.rb,418,
action,搜索、AI 与无障碍,AiExperiencesController#require_manage_rights,app/controllers/ai_experiences_controller.rb,423,
action,搜索、AI 与无障碍,AiExperiencesController#experience_params,app/controllers/ai_experiences_controller.rb,431,
action,搜索、AI 与无障碍,AiExperiencesController#render_404,app/controllers/ai_experiences_controller.rb,442,
action,搜索、AI 与无障碍,AiExperiencesController#experiences_json_for_teacher,app/controllers/ai_experiences_controller.rb,449,
action,搜索、AI 与无障碍,AiExperiencesController#experiences_json_for_student,app/controllers/ai_experiences_controller.rb,453,
action,搜索、AI 与无障碍,AiExperiencesController#sync_in_progress_index_statuses,app/controllers/ai_experiences_controller.rb,475,
action,搜索、AI 与无障碍,AiExperiencesController#track_experience_metrics,app/controllers/ai_experiences_controller.rb,490,
action,其他,InfoController#styleguide,app/controllers/info_controller.rb,27,
action,其他,InfoController#message_redirect,app/controllers/info_controller.rb,31,
action,其他,InfoController#help_links,app/controllers/info_controller.rb,40,
action,其他,InfoController#health_check,app/controllers/info_controller.rb,55,
action,其他,InfoController#health_prognosis,app/controllers/info_controller.rb,95,
action,其他,InfoController#browserconfig,app/controllers/info_controller.rb,111,
action,其他,InfoController#test_error,app/controllers/info_controller.rb,116,
action,其他,InfoController#live_events_heartbeat,app/controllers/info_controller.rb,136,
action,其他,InfoController#web_app_manifest,app/controllers/info_controller.rb,141,
action,其他,InfoController#readiness,app/controllers/info_controller.rb,177,
action,其他,InfoController#deep,app/controllers/info_controller.rb,186,
action,其他,InfoController#shard_info,app/controllers/info_controller.rb,199,
action,其他,InfoController#render_readiness_json,app/controllers/info_controller.rb,206,
action,其他,InfoController#render_deep_json,app/controllers/info_controller.rb,216,
action,其他,InfoController#components_to_hash,app/controllers/info_controller.rb,239,
action,SIS、导入导出与报表,SisImportErrorsApiController#check_account,app/controllers/sis_import_errors_api_controller.rb,62,
action,SIS、导入导出与报表,SisImportErrorsApiController#index,app/controllers/sis_import_errors_api_controller.rb,85,
action,其他,MediaTracksController#token_auth_allowed?,app/controllers/media_tracks_controller.rb,55,
action,其他,MediaTracksController#index,app/controllers/media_tracks_controller.rb,77,
action,其他,MediaTracksController#create,app/controllers/media_tracks_controller.rb,119,
action,其他,MediaTracksController#create_asr,app/controllers/media_tracks_controller.rb,153,
action,其他,MediaTracksController#show,app/controllers/media_tracks_controller.rb,211,
action,其他,MediaTracksController#destroy,app/controllers/media_tracks_controller.rb,233,
action,其他,MediaTracksController#update,app/controllers/media_tracks_controller.rb,274,
action,其他,MediaTracksController#find_or_create_track,app/controllers/media_tracks_controller.rb,301,
action,其他,MediaTracksController#media_object_tracks,app/controllers/media_tracks_controller.rb,312,
action,其他,MediaTracksController#find_track_from_media_object,app/controllers/media_tracks_controller.rb,320,
action,搜索、AI 与无障碍,CareerController#show,app/controllers/career_controller.rb,27,
action,搜索、AI 与无障碍,CareerController#features_env,app/controllers/career_controller.rb,62,
action,分析、审计与运维,ErrorsController#require_view_error_reports,app/controllers/errors_controller.rb,76,
action,分析、审计与运维,ErrorsController#index,app/controllers/errors_controller.rb,80,
action,分析、审计与运维,ErrorsController#show,app/controllers/errors_controller.rb,97,
action,分析、审计与运维,ErrorsController#create,app/controllers/errors_controller.rb,136,
action,分析、审计与运维,ErrorsController#error_search_enabled?,app/controllers/errors_controller.rb,194,
action,讨论、公告与协作,OutcomeGroupsController#create,app/controllers/outcome_groups_controller.rb,24,
action,讨论、公告与协作,OutcomeGroupsController#import,app/controllers/outcome_groups_controller.rb,41,
action,讨论、公告与协作,OutcomeGroupsController#update,app/controllers/outcome_groups_controller.rb,61,
action,讨论、公告与协作,OutcomeGroupsController#destroy,app/controllers/outcome_groups_controller.rb,79,
action,分析、审计与运维,AuditorApiController#query_options,app/controllers/auditor_api_controller.rb,24,
action,讨论、公告与协作,DiscussionEntriesController#show,app/controllers/discussion_entries_controller.rb,26,
action,讨论、公告与协作,DiscussionEntriesController#create,app/controllers/discussion_entries_controller.rb,41,
action,讨论、公告与协作,DiscussionEntriesController#update,app/controllers/discussion_entries_controller.rb,98,
action,讨论、公告与协作,DiscussionEntriesController#destroy,app/controllers/discussion_entries_controller.rb,145,
action,讨论、公告与协作,DiscussionEntriesController#public_feed,app/controllers/discussion_entries_controller.rb,159,
action,讨论、公告与协作,DiscussionEntriesController#can_attach?,app/controllers/discussion_entries_controller.rb,204,
action,讨论、公告与协作,DiscussionEntriesController#save_attachment,app/controllers/discussion_entries_controller.rb,214,
action,讨论、公告与协作,DiscussionEntriesController#context_file_quota_exceeded?,app/controllers/discussion_entries_controller.rb,228,
action,讨论、公告与协作,DiscussionEntriesController#respond_to_bad_request,app/controllers/discussion_entries_controller.rb,238,
action,其他,ProgressController#show,app/controllers/progress_controller.rb,109,
action,其他,ProgressController#cancel,app/controllers/progress_controller.rb,123,
action,用户、身份与沟通,ObserverAlertsApiController#alerts_by_student,app/controllers/observer_alerts_api_controller.rb,26,
action,用户、身份与沟通,ObserverAlertsApiController#alerts_count,app/controllers/observer_alerts_api_controller.rb,50,
action,用户、身份与沟通,ObserverAlertsApiController#update,app/controllers/observer_alerts_api_controller.rb,62,
action,用户、身份与沟通,ObserverAlertsApiController#require_observer,app/controllers/observer_alerts_api_controller.rb,82,
action,其他,AppCenterController#map_tools_to_apps!,app/controllers/app_center_controller.rb,24,
action,其他,AppCenterController#app_api,app/controllers/app_center_controller.rb,38,
action,其他,AppCenterController#page,app/controllers/app_center_controller.rb,42,
action,其他,AppCenterController#index,app/controllers/app_center_controller.rb,46,
action,账户与租户管理,OAuth2ProviderController#auth,app/controllers/oauth2_provider_controller.rb,31,
action,账户与租户管理,OAuth2ProviderController#confirm,app/controllers/oauth2_provider_controller.rb,119,
action,账户与租户管理,OAuth2ProviderController#accept,app/controllers/oauth2_provider_controller.rb,137,
action,账户与租户管理,OAuth2ProviderController#deny,app/controllers/oauth2_provider_controller.rb,159,
action,账户与租户管理,OAuth2ProviderController#token,app/controllers/oauth2_provider_controller.rb,171,
action,账户与租户管理,OAuth2ProviderController#destroy,app/controllers/oauth2_provider_controller.rb,209,
action,账户与租户管理,OAuth2ProviderController#skip_csrf?,app/controllers/oauth2_provider_controller.rb,229,
action,账户与租户管理,OAuth2ProviderController#oauth_error,app/controllers/oauth2_provider_controller.rb,236,
action,账户与租户管理,OAuth2ProviderController#grant_type,app/controllers/oauth2_provider_controller.rb,241,
action,账户与租户管理,OAuth2ProviderController#special_confirm_message,app/controllers/oauth2_provider_controller.rb,247,
action,账户与租户管理,OAuth2ProviderController#loggable_session,app/controllers/oauth2_provider_controller.rb,265,
action,其他,PermissionsHelpController#help,app/controllers/permissions_help_controller.rb,58,
action,其他,PermissionsHelpController#groups,app/controllers/permissions_help_controller.rb,81,
action,其他,InstAccessTokensController#create,app/controllers/inst_access_tokens_controller.rb,58,
action,其他,InstAccessTokensController#token_string_for,app/controllers/inst_access_tokens_controller.rb,77,
action,作业、提交与评分,SubmissionCommentsController#index,app/controllers/submission_comments_controller.rb,22,
action,作业、提交与评分,SubmissionCommentsController#update,app/controllers/submission_comments_controller.rb,31,
action,作业、提交与评分,SubmissionCommentsController#destroy,app/controllers/submission_comments_controller.rb,43,
action,作业、提交与评分,SubmissionCommentsController#submission_comment_params,app/controllers/submission_comments_controller.rb,56,
action,作业、提交与评分,SubmissionCommentsController#index_pdf_locals,app/controllers/submission_comments_controller.rb,62,
action,作业、提交与评分,SubmissionCommentsController#timestamps_by_id,app/controllers/submission_comments_controller.rb,78,
action,作业、提交与评分,CustomGradebookColumnsApiController#index,app/controllers/custom_gradebook_columns_api_controller.rb,77,
action,作业、提交与评分,CustomGradebookColumnsApiController#create,app/controllers/custom_gradebook_columns_api_controller.rb,112,
action,作业、提交与评分,CustomGradebookColumnsApiController#update,app/controllers/custom_gradebook_columns_api_controller.rb,122,
action,作业、提交与评分,CustomGradebookColumnsApiController#destroy,app/controllers/custom_gradebook_columns_api_controller.rb,133,
action,作业、提交与评分,CustomGradebookColumnsApiController#reorder,app/controllers/custom_gradebook_columns_api_controller.rb,150,
action,作业、提交与评分,CustomGradebookColumnsApiController#update_column,app/controllers/custom_gradebook_columns_api_controller.rb,157,
action,作业、提交与评分,CustomGradebookColumnsApiController#column_params,app/controllers/custom_gradebook_columns_api_controller.rb,169,
action,用户、身份与沟通,CommunicationChannelsController#index,app/controllers/communication_channels_controller.rb,105,
action,用户、身份与沟通,CommunicationChannelsController#create,app/controllers/communication_channels_controller.rb,152,
action,用户、身份与沟通,CommunicationChannelsController#confirm,app/controllers/communication_channels_controller.rb,242,
action,用户、身份与沟通,CommunicationChannelsController#re_send_confirmation,app/controllers/communication_channels_controller.rb,476,
action,用户、身份与沟通,CommunicationChannelsController#confirmation_limit_reached,app/controllers/communication_channels_controller.rb,498,
action,用户、身份与沟通,CommunicationChannelsController#reset_bounce_count,app/controllers/communication_channels_controller.rb,507,
action,用户、身份与沟通,CommunicationChannelsController#redirect_with_success_flash,app/controllers/communication_channels_controller.rb,517,
action,用户、身份与沟通,CommunicationChannelsController#confirmation_redirect_url,app/controllers/communication_channels_controller.rb,529,
action,用户、身份与沟通,CommunicationChannelsController#destroy,app/controllers/communication_channels_controller.rb,554,
action,用户、身份与沟通,CommunicationChannelsController#delete_push_token,app/controllers/communication_channels_controller.rb,588,
action,用户、身份与沟通,CommunicationChannelsController#bouncing_channel_report,app/controllers/communication_channels_controller.rb,601,
action,用户、身份与沟通,CommunicationChannelsController#bulk_reset_bounce_counts,app/controllers/communication_channels_controller.rb,607,
action,用户、身份与沟通,CommunicationChannelsController#unconfirmed_channel_report,app/controllers/communication_channels_controller.rb,613,
action,用户、身份与沟通,CommunicationChannelsController#bulk_confirm,app/controllers/communication_channels_controller.rb,619,
action,用户、身份与沟通,CommunicationChannelsController#account,app/controllers/communication_channels_controller.rb,627,
action,用户、身份与沟通,CommunicationChannelsController#bulk_action_args,app/controllers/communication_channels_controller.rb,631,
action,用户、身份与沟通,CommunicationChannelsController#generate_bulk_report,app/controllers/communication_channels_controller.rb,636,
action,用户、身份与沟通,CommunicationChannelsController#perform_bulk_action,app/controllers/communication_channels_controller.rb,648,
action,用户、身份与沟通,CommunicationChannelsController#can_edit_own_comm_channels?,app/controllers/communication_channels_controller.rb,655,
action,用户、身份与沟通,CommunicationChannelsController#can_manage_user_details?,app/controllers/communication_channels_controller.rb,659,
action,用户、身份与沟通,CommunicationChannelsController#add_additional_email_if_allowed,app/controllers/communication_channels_controller.rb,663,
action,用户、身份与沟通,CommunicationChannelsController#require_terms?,app/controllers/communication_channels_controller.rb,678,
action,内容、文件与模块,ContentMigrationsController#index,app/controllers/content_migrations_controller.rb,144,
action,内容、文件与模块,ContentMigrationsController#show,app/controllers/content_migrations_controller.rb,232,
action,内容、文件与模块,ContentMigrationsController#fetch_external_tools,app/controllers/content_migrations_controller.rb,240,
action,内容、文件与模块,ContentMigrationsController#migration_plugin_supported?,app/controllers/content_migrations_controller.rb,244,
action,内容、文件与模块,ContentMigrationsController#create,app/controllers/content_migrations_controller.rb,403,
action,内容、文件与模块,ContentMigrationsController#update,app/controllers/content_migrations_controller.rb,451,
action,内容、文件与模块,ContentMigrationsController#lookup_sis_source_course,app/controllers/content_migrations_controller.rb,461,
action,内容、文件与模块,ContentMigrationsController#available_migrators,app/controllers/content_migrations_controller.rb,475,
action,内容、文件与模块,ContentMigrationsController#content_list,app/controllers/content_migrations_controller.rb,563,
action,内容、文件与模块,ContentMigrationsController#asset_id_mapping,app/controllers/content_migrations_controller.rb,601,
action,内容、文件与模块,ContentMigrationsController#find_migration_plugin,app/controllers/content_migrations_controller.rb,613,
action,内容、文件与模块,ContentMigrationsController#update_migration,app/controllers/content_migrations_controller.rb,623,
action,内容、文件与模块,ContentMigrationsController#should_show_course_copy_dropdown,app/controllers/content_migrations_controller.rb,686,
action,内容、文件与模块,ContentMigrationsController#link_content_export_attachment,app/controllers/content_migrations_controller.rb,695,
action,讨论、公告与协作,AppointmentGroupsController#calendar_fragment,app/controllers/appointment_groups_controller.rb,218,
action,讨论、公告与协作,AppointmentGroupsController#index,app/controllers/appointment_groups_controller.rb,246,
action,讨论、公告与协作,AppointmentGroupsController#create,app/controllers/appointment_groups_controller.rb,373,
action,讨论、公告与协作,AppointmentGroupsController#show,app/controllers/appointment_groups_controller.rb,428,
action,讨论、公告与协作,AppointmentGroupsController#edit,app/controllers/appointment_groups_controller.rb,442,
action,讨论、公告与协作,AppointmentGroupsController#update,app/controllers/appointment_groups_controller.rb,520,
action,讨论、公告与协作,AppointmentGroupsController#destroy,app/controllers/appointment_groups_controller.rb,548,
action,讨论、公告与协作,AppointmentGroupsController#users,app/controllers/appointment_groups_controller.rb,567,
action,讨论、公告与协作,AppointmentGroupsController#groups,app/controllers/appointment_groups_controller.rb,579,
action,讨论、公告与协作,AppointmentGroupsController#next_appointment,app/controllers/appointment_groups_controller.rb,593,
action,讨论、公告与协作,AppointmentGroupsController#participants,app/controllers/appointment_groups_controller.rb,624,
action,讨论、公告与协作,AppointmentGroupsController#get_contexts,app/controllers/appointment_groups_controller.rb,636,
action,讨论、公告与协作,AppointmentGroupsController#get_appointment_group,app/controllers/appointment_groups_controller.rb,646,
action,讨论、公告与协作,AppointmentGroupsController#appointment_group_params,app/controllers/appointment_groups_controller.rb,651,
action,讨论、公告与协作,AppointmentGroupsController#web_index,app/controllers/appointment_groups_controller.rb,666,
action,讨论、公告与协作,AppointmentGroupsController#web_show,app/controllers/appointment_groups_controller.rb,673,
action,讨论、公告与协作,GroupMembershipsController#index,app/controllers/group_memberships_controller.rb,98,
action,讨论、公告与协作,GroupMembershipsController#show,app/controllers/group_memberships_controller.rb,127,
action,讨论、公告与协作,GroupMembershipsController#create,app/controllers/group_memberships_controller.rb,179,
action,讨论、公告与协作,GroupMembershipsController#create_differentiation_tag_membership,app/controllers/group_memberships_controller.rb,196,
action,讨论、公告与协作,GroupMembershipsController#update,app/controllers/group_memberships_controller.rb,268,
action,讨论、公告与协作,GroupMembershipsController#destroy,app/controllers/group_memberships_controller.rb,300,
action,讨论、公告与协作,GroupMembershipsController#destroy_bulk,app/controllers/group_memberships_controller.rb,329,
action,讨论、公告与协作,GroupMembershipsController#find_group,app/controllers/group_memberships_controller.rb,350,
action,讨论、公告与协作,GroupMembershipsController#find_membership,app/controllers/group_memberships_controller.rb,354,
action,其他,AlertsController#create,app/controllers/alerts_controller.rb,24,
action,其他,AlertsController#update,app/controllers/alerts_controller.rb,37,
action,其他,AlertsController#destroy,app/controllers/alerts_controller.rb,50,
action,其他,AlertsController#convert_recipients,app/controllers/alerts_controller.rb,60,
action,其他,AlertsController#alert_params,app/controllers/alerts_controller.rb,70,
action,其他,GradingSchemesJsonController#grouped_list,app/controllers/grading_schemes_json_controller.rb,29,
action,其他,GradingSchemesJsonController#detail_list,app/controllers/grading_schemes_json_controller.rb,41,
action,其他,GradingSchemesJsonController#summary_list,app/controllers/grading_schemes_json_controller.rb,53,
action,其他,GradingSchemesJsonController#show_account_default_grading_scheme,app/controllers/grading_schemes_json_controller.rb,64,
action,其他,GradingSchemesJsonController#update_account_default_grading_scheme,app/controllers/grading_schemes_json_controller.rb,80,
action,其他,GradingSchemesJsonController#show,app/controllers/grading_schemes_json_controller.rb,108,
action,其他,GradingSchemesJsonController#show_default_grading_scheme,app/controllers/grading_schemes_json_controller.rb,115,
action,其他,GradingSchemesJsonController#create,app/controllers/grading_schemes_json_controller.rb,126,
action,其他,GradingSchemesJsonController#update,app/controllers/grading_schemes_json_controller.rb,141,
action,其他,GradingSchemesJsonController#used_locations,app/controllers/grading_schemes_json_controller.rb,157,
action,其他,GradingSchemesJsonController#used_locations_for_course,app/controllers/grading_schemes_json_controller.rb,164,
action,其他,GradingSchemesJsonController#account_used_locations,app/controllers/grading_schemes_json_controller.rb,186,
action,其他,GradingSchemesJsonController#archive,app/controllers/grading_schemes_json_controller.rb,193,
action,其他,GradingSchemesJsonController#unarchive,app/controllers/grading_schemes_json_controller.rb,211,
action,其他,GradingSchemesJsonController#destroy,app/controllers/grading_schemes_json_controller.rb,229,
action,其他,GradingSchemesJsonController#accounts_using,app/controllers/grading_schemes_json_controller.rb,242,
action,其他,GradingSchemesJsonController#courses_using,app/controllers/grading_schemes_json_controller.rb,250,
action,其他,GradingSchemesJsonController#self,app/controllers/grading_schemes_json_controller.rb,276,
action,其他,GradingSchemesJsonController#self,app/controllers/grading_schemes_json_controller.rb,288,
action,其他,GradingSchemesJsonController#grading_standards_for_context,app/controllers/grading_schemes_json_controller.rb,292,
action,其他,GradingSchemesJsonController#self,app/controllers/grading_schemes_json_controller.rb,301,
action,其他,GradingSchemesJsonController#grading_scheme_payload,app/controllers/grading_schemes_json_controller.rb,313,
action,其他,GradingSchemesJsonController#track_update_metrics,app/controllers/grading_schemes_json_controller.rb,320,
action,其他,GradingSchemesJsonController#track_create_metrics,app/controllers/grading_schemes_json_controller.rb,332,
action,其他,GradingSchemesJsonController#validate_read_permission,app/controllers/grading_schemes_json_controller.rb,337,
action,学习成果与能力,OutcomeImportsApiController#create,app/controllers/outcome_imports_api_controller.rb,165,
action,学习成果与能力,OutcomeImportsApiController#show,app/controllers/outcome_imports_api_controller.rb,197,
action,学习成果与能力,OutcomeImportsApiController#created_group_ids,app/controllers/outcome_imports_api_controller.rb,224,
action,学习成果与能力,OutcomeImportsApiController#body_file,app/controllers/outcome_imports_api_controller.rb,245,
action,学习成果与能力,OutcomeImportsApiController#set_file_attributes,app/controllers/outcome_imports_api_controller.rb,250,
action,学习成果与能力,OutcomeImportsApiController#content_type,app/controllers/outcome_imports_api_controller.rb,255,
action,学习成果与能力,OutcomeImportsApiController#original_filename,app/controllers/outcome_imports_api_controller.rb,259,
action,内容、文件与模块,CalendarEventsApiController#index,app/controllers/calendar_events_api_controller.rb,372,
action,内容、文件与模块,CalendarEventsApiController#user_index,app/controllers/calendar_events_api_controller.rb,421,
action,内容、文件与模块,CalendarEventsApiController#render_events_for_user,app/controllers/calendar_events_api_controller.rb,425,
action,内容、文件与模块,CalendarEventsApiController#create,app/controllers/calendar_events_api_controller.rb,558,
action,内容、文件与模块,CalendarEventsApiController#show,app/controllers/calendar_events_api_controller.rb,650,
action,内容、文件与模块,CalendarEventsApiController#reserve,app/controllers/calendar_events_api_controller.rb,678,
action,内容、文件与模块,CalendarEventsApiController#participants,app/controllers/calendar_events_api_controller.rb,713,
action,内容、文件与模块,CalendarEventsApiController#update,app/controllers/calendar_events_api_controller.rb,779,
action,内容、文件与模块,CalendarEventsApiController#destroy,app/controllers/calendar_events_api_controller.rb,854,
action,内容、文件与模块,CalendarEventsApiController#destroy_from_series,app/controllers/calendar_events_api_controller.rb,874,
action,内容、文件与模块,CalendarEventsApiController#update_from_series,app/controllers/calendar_events_api_controller.rb,967,
action,内容、文件与模块,CalendarEventsApiController#find_which_series_events,app/controllers/calendar_events_api_controller.rb,1187,
action,内容、文件与模块,CalendarEventsApiController#change_to_series_event,app/controllers/calendar_events_api_controller.rb,1211,
action,内容、文件与模块,CalendarEventsApiController#public_feed,app/controllers/calendar_events_api_controller.rb,1219,
action,内容、文件与模块,CalendarEventsApiController#visible_contexts,app/controllers/calendar_events_api_controller.rb,1367,
action,内容、文件与模块,CalendarEventsApiController#save_selected_contexts,app/controllers/calendar_events_api_controller.rb,1403,
action,内容、文件与模块,CalendarEventsApiController#save_enabled_account_calendars,app/controllers/calendar_events_api_controller.rb,1426,
action,内容、文件与模块,CalendarEventsApiController#set_course_timetable,app/controllers/calendar_events_api_controller.rb,1473,
action,内容、文件与模块,CalendarEventsApiController#get_course_timetable,app/controllers/calendar_events_api_controller.rb,1522,
action,内容、文件与模块,CalendarEventsApiController#set_course_timetable_events,app/controllers/calendar_events_api_controller.rb,1560,
action,内容、文件与模块,CalendarEventsApiController#get_calendar_context,app/controllers/calendar_events_api_controller.rb,1584,
action,内容、文件与模块,CalendarEventsApiController#get_event,app/controllers/calendar_events_api_controller.rb,1589,
action,内容、文件与模块,CalendarEventsApiController#date_scope_and_args,app/controllers/calendar_events_api_controller.rb,1599,
action,内容、文件与模块,CalendarEventsApiController#validate_dates,app/controllers/calendar_events_api_controller.rb,1607,
action,内容、文件与模块,CalendarEventsApiController#get_options,app/controllers/calendar_events_api_controller.rb,1630,
action,内容、文件与模块,CalendarEventsApiController#courses_with_checkpoints_enabled,app/controllers/calendar_events_api_controller.rb,1708,
action,内容、文件与模块,CalendarEventsApiController#assignment_or_sub_assignment,app/controllers/calendar_events_api_controller.rb,1712,
action,内容、文件与模块,CalendarEventsApiController#assignment_scope,app/controllers/calendar_events_api_controller.rb,1720,
action,内容、文件与模块,CalendarEventsApiController#assignment_context_scope,app/controllers/calendar_events_api_controller.rb,1762,
action,内容、文件与模块,CalendarEventsApiController#calendar_event_scope,app/controllers/calendar_events_api_controller.rb,1809,
action,内容、文件与模块,CalendarEventsApiController#search_params,app/controllers/calendar_events_api_controller.rb,1840,
action,内容、文件与模块,CalendarEventsApiController#apply_assignment_overrides,app/controllers/calendar_events_api_controller.rb,1844,
action,内容、文件与模块,CalendarEventsApiController#mark_submitted_assignments,app/controllers/calendar_events_api_controller.rb,1903,
action,内容、文件与模块,CalendarEventsApiController#manageable_appointment_groups,app/controllers/calendar_events_api_controller.rb,1914,
action,内容、文件与模块,CalendarEventsApiController#duplicate,app/controllers/calendar_events_api_controller.rb,1926,
action,内容、文件与模块,CalendarEventsApiController#create_event_and_duplicates,app/controllers/calendar_events_api_controller.rb,1941,
action,内容、文件与模块,CalendarEventsApiController#get_duplicate_params,app/controllers/calendar_events_api_controller.rb,1950,
action,内容、文件与模块,CalendarEventsApiController#set_duplicate_params,app/controllers/calendar_events_api_controller.rb,1966,
action,内容、文件与模块,CalendarEventsApiController#create_event_series,app/controllers/calendar_events_api_controller.rb,2003,
action,内容、文件与模块,CalendarEventsApiController#set_series_params,app/controllers/calendar_events_api_controller.rb,2028,
action,内容、文件与模块,CalendarEventsApiController#validate_and_parse_rrule,app/controllers/calendar_events_api_controller.rb,2046,
action,内容、文件与模块,CalendarEventsApiController#require_user_or_observer,app/controllers/calendar_events_api_controller.rb,2088,
action,内容、文件与模块,CalendarEventsApiController#require_authorization,app/controllers/calendar_events_api_controller.rb,2103,
action,内容、文件与模块,CalendarEventsApiController#calendar_event_params,app/controllers/calendar_events_api_controller.rb,2133,
action,内容、文件与模块,CalendarEventsApiController#check_for_past_signup,app/controllers/calendar_events_api_controller.rb,2140,
action,内容、文件与模块,CalendarEventsApiController#includes,app/controllers/calendar_events_api_controller.rb,2149,
action,内容、文件与模块,CalendarEventsApiController#log_event_count,app/controllers/calendar_events_api_controller.rb,2153,
action,内容、文件与模块,CalendarEventsApiController#update_rrule_count,app/controllers/calendar_events_api_controller.rb,2164,
action,内容、文件与模块,CalendarEventsApiController#update_rrule_count_or_until,app/controllers/calendar_events_api_controller.rb,2168,
action,内容、文件与模块,CalendarEventsApiController#assignment_or_subassignment_events_and_submissions_for_user,app/controllers/calendar_events_api_controller.rb,2179,
action,内容、文件与模块,CalendarEventsApiController#calendar_events_for_user,app/controllers/calendar_events_api_controller.rb,2218,
action,课程、班级与选课,EnrollmentsApiController#index,app/controllers/enrollments_api_controller.rb,427,
action,课程、班级与选课,EnrollmentsApiController#show,app/controllers/enrollments_api_controller.rb,560,
action,课程、班级与选课,EnrollmentsApiController#create,app/controllers/enrollments_api_controller.rb,676,
action,课程、班级与选课,EnrollmentsApiController#create_self_enrollment,app/controllers/enrollments_api_controller.rb,785,
action,课程、班级与选课,EnrollmentsApiController#bulk_enrollment,app/controllers/enrollments_api_controller.rb,864,
action,课程、班级与选课,EnrollmentsApiController#destroy,app/controllers/enrollments_api_controller.rb,933,
action,课程、班级与选课,EnrollmentsApiController#accept,app/controllers/enrollments_api_controller.rb,976,
action,课程、班级与选课,EnrollmentsApiController#reject,app/controllers/enrollments_api_controller.rb,1005,
action,课程、班级与选课,EnrollmentsApiController#reactivate,app/controllers/enrollments_api_controller.rb,1025,
action,课程、班级与选课,EnrollmentsApiController#last_attended,app/controllers/enrollments_api_controller.rb,1054,
action,课程、班级与选课,EnrollmentsApiController#show_temporary_enrollment_status,app/controllers/enrollments_api_controller.rb,1080,
action,课程、班级与选课,EnrollmentsApiController#bulk_temporary_enrollment_status,app/controllers/enrollments_api_controller.rb,1115,
action,课程、班级与选课,EnrollmentsApiController#temporary_enrollment_scope,app/controllers/enrollments_api_controller.rb,1144,
action,课程、班级与选课,EnrollmentsApiController#bulk_temporary_enrollment_sets,app/controllers/enrollments_api_controller.rb,1153,
action,课程、班级与选课,EnrollmentsApiController#course_index_enrollments,app/controllers/enrollments_api_controller.rb,1166,
action,课程、班级与选课,EnrollmentsApiController#user_index_enrollments,app/controllers/enrollments_api_controller.rb,1199,
action,课程、班级与选课,EnrollmentsApiController#enrollment_index_conditions,app/controllers/enrollments_api_controller.rb,1300,
action,课程、班级与选课,EnrollmentsApiController#temporary_enrollment_conditions,app/controllers/enrollments_api_controller.rb,1347,
action,课程、班级与选课,EnrollmentsApiController#enrollment_states_for_state_param,app/controllers/enrollments_api_controller.rb,1361,
action,课程、班级与选课,EnrollmentsApiController#check_sis_permissions,app/controllers/enrollments_api_controller.rb,1374,
action,课程、班级与选课,EnrollmentsApiController#render_create_errors,app/controllers/enrollments_api_controller.rb,1383,
action,课程、班级与选课,EnrollmentsApiController#use_bookmarking?,app/controllers/enrollments_api_controller.rb,1387,
action,其他,MicrofrontendsReleaseTagOverrideController#create,app/controllers/microfrontends_release_tag_override_controller.rb,27,
action,其他,MicrofrontendsReleaseTagOverrideController#destroy,app/controllers/microfrontends_release_tag_override_controller.rb,45,
action,其他,MicrofrontendsReleaseTagOverrideController#validate_environment,app/controllers/microfrontends_release_tag_override_controller.rb,54,
action,其他,MicrofrontendsReleaseTagOverrideController#validate_params!,app/controllers/microfrontends_release_tag_override_controller.rb,58,
action,作业、提交与评分,LearningMasteryGradebookSettingsApiController#show,app/controllers/learning_mastery_gradebook_settings_api_controller.rb,37,
action,作业、提交与评分,LearningMasteryGradebookSettingsApiController#update,app/controllers/learning_mastery_gradebook_settings_api_controller.rb,51,
action,作业、提交与评分,LearningMasteryGradebookSettingsApiController#learning_mastery_gradebook_settings_params,app/controllers/learning_mastery_gradebook_settings_api_controller.rb,68,
action,作业、提交与评分,LearningMasteryGradebookSettingsApiController#learning_mastery_gradebook_settings,app/controllers/learning_mastery_gradebook_settings_api_controller.rb,82,
action,作业、提交与评分,LearningMasteryGradebookSettingsApiController#update_learning_mastery_gradebook_settings,app/controllers/learning_mastery_gradebook_settings_api_controller.rb,86,
action,作业、提交与评分,LearningMasteryGradebookSettingsApiController#validate_settings,app/controllers/learning_mastery_gradebook_settings_api_controller.rb,99,
action,作业、提交与评分,LearningMasteryGradebookSettingsApiController#authorize,app/controllers/learning_mastery_gradebook_settings_api_controller.rb,168,
action,作业、提交与评分,LearningMasteryGradebookSettingsApiController#outcome_gradebook_enabled?,app/controllers/learning_mastery_gradebook_settings_api_controller.rb,172,
action,SIS、导入导出与报表,ContentImportsController#index,app/controllers/content_imports_controller.rb,45,
action,SIS、导入导出与报表,ContentImportsController#intro,app/controllers/content_imports_controller.rb,49,
action,SIS、导入导出与报表,ContentImportsController#files,app/controllers/content_imports_controller.rb,54,
action,SIS、导入导出与报表,ContentImportsController#copy_course_status,app/controllers/content_imports_controller.rb,84,
action,SIS、导入导出与报表,ContentImportsController#copy_course_content,app/controllers/content_imports_controller.rb,119,
action,SIS、导入导出与报表,ContentImportsController#process_migration_params,app/controllers/content_imports_controller.rb,166,
action,SIS、导入导出与报表,ContentImportsController#convert_to_table_name,app/controllers/content_imports_controller.rb,190,
action,其他,OneTimePasswordsController#index,app/controllers/one_time_passwords_controller.rb,24,
action,其他,OneTimePasswordsController#destroy_all,app/controllers/one_time_passwords_controller.rb,30,
action,其他,OneTimePasswordsController#disallow_masquerading,app/controllers/one_time_passwords_controller.rb,35,
action,其他,OneTimePasswordsController#require_otp,app/controllers/one_time_passwords_controller.rb,39,
action,内容、文件与模块,PlannerNotesController#index,app/controllers/planner_notes_controller.rb,144,
action,内容、文件与模块,PlannerNotesController#show,app/controllers/planner_notes_controller.rb,176,
action,内容、文件与模块,PlannerNotesController#update,app/controllers/planner_notes_controller.rb,197,
action,内容、文件与模块,PlannerNotesController#create,app/controllers/planner_notes_controller.rb,246,
action,内容、文件与模块,PlannerNotesController#destroy,app/controllers/planner_notes_controller.rb,288,
action,内容、文件与模块,PlannerNotesController#planner_note_params,app/controllers/planner_notes_controller.rb,301,
action,用户、身份与沟通,ObserverPairingCodesApiController#create,app/controllers/observer_pairing_codes_api_controller.rb,59,
action,用户、身份与沟通,ObserverPairingCodesApiController#presenter,app/controllers/observer_pairing_codes_api_controller.rb,69,
action,内容、文件与模块,PlannerController#index,app/controllers/planner_controller.rb,137,
action,内容、文件与模块,PlannerController#apply_completion_filter,app/controllers/planner_controller.rb,169,
action,内容、文件与模块,PlannerController#set_user,app/controllers/planner_controller.rb,180,
action,内容、文件与模块,PlannerController#public_access?,app/controllers/planner_controller.rb,205,
action,内容、文件与模块,PlannerController#collection_for_filter,app/controllers/planner_controller.rb,210,
action,内容、文件与模块,PlannerController#planner_items,app/controllers/planner_controller.rb,227,
action,内容、文件与模块,PlannerController#unread_items,app/controllers/planner_controller.rb,240,
action,内容、文件与模块,PlannerController#ungraded_todo_items,app/controllers/planner_controller.rb,248,
action,内容、文件与模块,PlannerController#all_ungraded_todo_items,app/controllers/planner_controller.rb,255,
action,内容、文件与模块,PlannerController#assignment_collection,app/controllers/planner_controller.rb,267,
action,内容、文件与模块,PlannerController#sub_assignment_collection,app/controllers/planner_controller.rb,278,
action,内容、文件与模块,PlannerController#peer_review_sub_assignment_collection,app/controllers/planner_controller.rb,288,
action,内容、文件与模块,PlannerController#ungraded_quiz_collection,app/controllers/planner_controller.rb,299,
action,内容、文件与模块,PlannerController#unread_discussion_topic_collection,app/controllers/planner_controller.rb,309,
action,内容、文件与模块,PlannerController#unread_assignment_collection,app/controllers/planner_controller.rb,318,
action,内容、文件与模块,PlannerController#unread_sub_assignment_collection,app/controllers/planner_controller.rb,337,
action,内容、文件与模块,PlannerController#planner_note_collection,app/controllers/planner_controller.rb,354,
action,内容、文件与模块,PlannerController#page_collection,app/controllers/planner_controller.rb,368,
action,内容、文件与模块,PlannerController#ungraded_discussion_collection,app/controllers/planner_controller.rb,378,
action,内容、文件与模块,PlannerController#calendar_events_collection,app/controllers/planner_controller.rb,388,
action,内容、文件与模块,PlannerController#peer_reviews_collection,app/controllers/planner_controller.rb,400,
action,内容、文件与模块,PlannerController#item_collection,app/controllers/planner_controller.rb,428,
action,内容、文件与模块,PlannerController#set_date_range,app/controllers/planner_controller.rb,434,
action,内容、文件与模块,PlannerController#set_params,app/controllers/planner_controller.rb,450,
action,内容、文件与模块,PlannerController#contexts_cache_key,app/controllers/planner_controller.rb,572,
action,内容、文件与模块,PlannerController#transpose_ids,app/controllers/planner_controller.rb,580,
action,内容、文件与模块,PlannerController#default_opts,app/controllers/planner_controller.rb,589,
action,内容、文件与模块,PlannerController#wiki_page_todo_scopes,app/controllers/planner_controller.rb,605,
action,内容、文件与模块,PlannerController#discussion_topic_todo_scopes,app/controllers/planner_controller.rb,617,
action,SIS、导入导出与报表,DisablePostToSisApiController#disable_post_to_sis,app/controllers/disable_post_to_sis_api_controller.rb,59,
action,SIS、导入导出与报表,DisablePostToSisApiController#context,app/controllers/disable_post_to_sis_api_controller.rb,67,
action,SIS、导入导出与报表,DisablePostToSisApiController#grading_period,app/controllers/disable_post_to_sis_api_controller.rb,76,
action,SIS、导入导出与报表,DisablePostToSisApiController#published_assignments,app/controllers/disable_post_to_sis_api_controller.rb,81,
action,SIS、导入导出与报表,DisablePostToSisApiController#grading_period_exists?,app/controllers/disable_post_to_sis_api_controller.rb,92,
action,SIS、导入导出与报表,DisablePostToSisApiController#require_authorized_user,app/controllers/disable_post_to_sis_api_controller.rb,96,
action,SIS、导入导出与报表,DisablePostToSisApiController#require_valid_grading_period,app/controllers/disable_post_to_sis_api_controller.rb,100,
action,其他,ServicesApiController#show_kaltura_config,app/controllers/services_api_controller.rb,48,
action,其他,ServicesApiController#start_kaltura_session,app/controllers/services_api_controller.rb,72,
action,其他,ServicesApiController#rce_config,app/controllers/services_api_controller.rb,113,
action,测验与题库,NewQuizzesController#launch,app/controllers/new_quizzes_controller.rb,33,
action,测验与题库,NewQuizzesController#banks,app/controllers/new_quizzes_controller.rb,68,
action,测验与题库,NewQuizzesController#require_new_quizzes_native_experience,app/controllers/new_quizzes_controller.rb,91,
action,测验与题库,NewQuizzesController#setup_content_tag_context,app/controllers/new_quizzes_controller.rb,97,
action,测验与题库,NewQuizzesController#find_assignment_quiz_lti_tool,app/controllers/new_quizzes_controller.rb,112,
action,测验与题库,NewQuizzesController#find_context_quiz_lti_tool,app/controllers/new_quizzes_controller.rb,123,
action,测验与题库,NewQuizzesController#navigation_placement,app/controllers/new_quizzes_controller.rb,127,
action,测验与题库,NewQuizzesController#assignment_locked_for_student?,app/controllers/new_quizzes_controller.rb,131,
action,测验与题库,NewQuizzesController#taking_action?,app/controllers/new_quizzes_controller.rb,143,
action,测验与题库,NewQuizzesController#render_native_experience,app/controllers/new_quizzes_controller.rb,147,
action,测验与题库,NewQuizzesController#basename,app/controllers/new_quizzes_controller.rb,154,
action,用户、身份与沟通,UserListsController#create,app/controllers/user_lists_controller.rb,29,
action,用户、身份与沟通,UserListsController#add_temporary_enrollment_permissions,app/controllers/user_lists_controller.rb,63,
action,其他,HorizonController#validate_course,app/controllers/horizon_controller.rb,25,
action,其他,HorizonController#convert_course,app/controllers/horizon_controller.rb,33,
action,其他,HorizonController#revert_course,app/controllers/horizon_controller.rb,60,
action,其他,EquationImagesController#show,app/controllers/equation_images_controller.rb,24,
action,其他,EquationImagesController#url,app/controllers/equation_images_controller.rb,43,
action,内容、文件与模块,DiscoveryPagesApiController#show,app/controllers/discovery_pages_api_controller.rb,100,
action,内容、文件与模块,DiscoveryPagesApiController#upsert,app/controllers/discovery_pages_api_controller.rb,184,
action,内容、文件与模块,DiscoveryPagesApiController#token,app/controllers/discovery_pages_api_controller.rb,235,
action,内容、文件与模块,DiscoveryPagesApiController#discovery_page,app/controllers/discovery_pages_api_controller.rb,246,
action,内容、文件与模块,DiscoveryPagesApiController#context,app/controllers/discovery_pages_api_controller.rb,254,
action,内容、文件与模块,DiscoveryPagesApiController#require_permission,app/controllers/discovery_pages_api_controller.rb,259,
action,内容、文件与模块,DiscoveryPagesApiController#discovery_page_permitted_keys,app/controllers/discovery_pages_api_controller.rb,263,
action,内容、文件与模块,DiscoveryPagesApiController#discovery_page_params,app/controllers/discovery_pages_api_controller.rb,268,
action,账户与租户管理,AccountsController#index,app/controllers/accounts_controller.rb,346,
action,账户与租户管理,AccountsController#horizon_accounts,app/controllers/accounts_controller.rb,386,
action,账户与租户管理,AccountsController#manageable_accounts,app/controllers/accounts_controller.rb,404,
action,账户与租户管理,AccountsController#course_creation_accounts,app/controllers/accounts_controller.rb,422,
action,账户与租户管理,AccountsController#course_accounts,app/controllers/accounts_controller.rb,480,
action,账户与租户管理,AccountsController#show,app/controllers/accounts_controller.rb,501,
action,账户与租户管理,AccountsController#show_settings,app/controllers/accounts_controller.rb,531,
action,账户与租户管理,AccountsController#environment,app/controllers/accounts_controller.rb,566,
action,账户与租户管理,AccountsController#permissions,app/controllers/accounts_controller.rb,591,
action,账户与租户管理,AccountsController#sub_accounts,app/controllers/accounts_controller.rb,620,
action,账户与租户管理,AccountsController#terms_of_service,app/controllers/accounts_controller.rb,676,
action,账户与租户管理,AccountsController#help_links,app/controllers/accounts_controller.rb,692,
action,账户与租户管理,AccountsController#manually_created_courses_account,app/controllers/accounts_controller.rb,707,
action,账户与租户管理,AccountsController#courses_api,app/controllers/accounts_controller.rb,804,
action,账户与租户管理,AccountsController#quiz_ip_filters,app/controllers/accounts_controller.rb,1065,
action,账户与租户管理,AccountsController#accessibility_issue_summary,app/controllers/accounts_controller.rb,1076,
action,账户与租户管理,AccountsController#update_api,app/controllers/accounts_controller.rb,1110,
action,账户与租户管理,AccountsController#update,app/controllers/accounts_controller.rb,1430,
action,账户与租户管理,AccountsController#reports_tab,app/controllers/accounts_controller.rb,1632,
action,账户与租户管理,AccountsController#reports,app/controllers/accounts_controller.rb,1642,
action,账户与租户管理,AccountsController#acceptable_use_policy,app/controllers/accounts_controller.rb,1657,
action,账户与租户管理,AccountsController#settings,app/controllers/accounts_controller.rb,1685,
action,账户与租户管理,AccountsController#admin_tools,app/controllers/accounts_controller.rb,1772,
action,账户与租户管理,AccountsController#confirm_delete_user,app/controllers/accounts_controller.rb,1812,
action,账户与租户管理,AccountsController#remove_user,app/controllers/accounts_controller.rb,1843,
action,账户与租户管理,AccountsController#remove_users,app/controllers/accounts_controller.rb,1879,
action,账户与租户管理,AccountsController#update_users,app/controllers/accounts_controller.rb,1914,
action,账户与租户管理,AccountsController#restore_user,app/controllers/accounts_controller.rb,1945,
action,账户与租户管理,AccountsController#eportfolio_moderation,app/controllers/accounts_controller.rb,1973,
action,账户与租户管理,AccountsController#turnitin_confirmation,app/controllers/accounts_controller.rb,1992,
action,账户与租户管理,AccountsController#statistics,app/controllers/accounts_controller.rb,2008,
action,账户与租户管理,AccountsController#statistics_graph,app/controllers/accounts_controller.rb,2024,
action,账户与租户管理,AccountsController#avatars,app/controllers/accounts_controller.rb,2049,
action,账户与租户管理,AccountsController#sis_import,app/controllers/accounts_controller.rb,2072,
action,账户与租户管理,AccountsController#courses_redirect,app/controllers/accounts_controller.rb,2091,
action,账户与租户管理,AccountsController#can_create_dsr,app/controllers/accounts_controller.rb,2095,
action,账户与租户管理,AccountsController#course_user_search,app/controllers/accounts_controller.rb,2101,
action,账户与租户管理,AccountsController#users,app/controllers/accounts_controller.rb,2178,
action,账户与租户管理,AccountsController#build_course_stats,app/controllers/accounts_controller.rb,2199,
action,账户与租户管理,AccountsController#add_account_user,app/controllers/accounts_controller.rb,2225,
action,账户与租户管理,AccountsController#remove_account_user,app/controllers/accounts_controller.rb,2271,
action,账户与租户管理,AccountsController#validated_turnitin_host,app/controllers/accounts_controller.rb,2283,
action,账户与租户管理,AccountsController#set_default_dashboard_view,app/controllers/accounts_controller.rb,2292,
action,账户与租户管理,AccountsController#set_app_center_access_token,app/controllers/accounts_controller.rb,2299,
action,账户与租户管理,AccountsController#set_course_template,app/controllers/accounts_controller.rb,2310,
action,账户与租户管理,AccountsController#update_user_dashboards,app/controllers/accounts_controller.rb,2337,
action,账户与租户管理,AccountsController#account_calendar_settings,app/controllers/accounts_controller.rb,2343,
action,账户与租户管理,AccountsController#accessibility,app/controllers/accounts_controller.rb,2358,
action,账户与租户管理,AccountsController#format_avatar_count,app/controllers/accounts_controller.rb,2371,
action,账户与租户管理,AccountsController#ensure_sis_max_name_length_value!,app/controllers/accounts_controller.rb,2378,
action,账户与租户管理,AccountsController#permitted_account_attributes,app/controllers/accounts_controller.rb,2517,
action,账户与租户管理,AccountsController#permitted_api_account_settings,app/controllers/accounts_controller.rb,2539,
action,账户与租户管理,AccountsController#permitted_password_policy_settings,app/controllers/accounts_controller.rb,2551,
action,账户与租户管理,AccountsController#strong_account_params,app/controllers/accounts_controller.rb,2561,
action,账户与租户管理,AccountsController#edit_help_links_env,app/controllers/accounts_controller.rb,2571,
action,学习成果与能力,OutcomesAcademicBenchmarkImportApiController#available,app/controllers/outcomes_academic_benchmark_import_api_controller.rb,27,
action,学习成果与能力,OutcomesAcademicBenchmarkImportApiController#create,app/controllers/outcomes_academic_benchmark_import_api_controller.rb,31,
action,学习成果与能力,OutcomesAcademicBenchmarkImportApiController#migration_status,app/controllers/outcomes_academic_benchmark_import_api_controller.rb,54,
action,学习成果与能力,OutcomesAcademicBenchmarkImportApiController#can_manage_global_outcomes,app/controllers/outcomes_academic_benchmark_import_api_controller.rb,70,
action,学习成果与能力,OutcomesAcademicBenchmarkImportApiController#has_api_config,app/controllers/outcomes_academic_benchmark_import_api_controller.rb,74,
action,学习成果与能力,OutcomesAcademicBenchmarkImportApiController#valid_guid,app/controllers/outcomes_academic_benchmark_import_api_controller.rb,90,
action,学习成果与能力,OutcomesAcademicBenchmarkImportApiController#parse_int,app/controllers/outcomes_academic_benchmark_import_api_controller.rb,96,
action,学习成果与能力,OutcomesAcademicBenchmarkImportApiController#valid_options,app/controllers/outcomes_academic_benchmark_import_api_controller.rb,102,
action,学习成果与能力,OutcomesAcademicBenchmarkImportApiController#parse_calculation_method,app/controllers/outcomes_academic_benchmark_import_api_controller.rb,118,
action,学习成果与能力,OutcomesAcademicBenchmarkImportApiController#parse_calculation_int,app/controllers/outcomes_academic_benchmark_import_api_controller.rb,126,
action,学习成果与能力,OutcomesAcademicBenchmarkImportApiController#parse_rating,app/controllers/outcomes_academic_benchmark_import_api_controller.rb,135,
action,其他,MediaObjectsController#token_auth_allowed?,app/controllers/media_objects_controller.rb,92,
action,其他,MediaObjectsController#index,app/controllers/media_objects_controller.rb,127,
action,其他,MediaObjectsController#show,app/controllers/media_objects_controller.rb,182,
action,其他,MediaObjectsController#update_media_object,app/controllers/media_objects_controller.rb,202,
action,其他,MediaObjectsController#create_media_object,app/controllers/media_objects_controller.rb,225,
action,其他,MediaObjectsController#media_object_inline,app/controllers/media_objects_controller.rb,260,
action,其他,MediaObjectsController#media_object_redirect,app/controllers/media_objects_controller.rb,271,
action,其他,MediaObjectsController#media_object_thumbnail,app/controllers/media_objects_controller.rb,300,
action,其他,MediaObjectsController#iframe_media_player,app/controllers/media_objects_controller.rb,316,
action,其他,MediaObjectsController#immersive_view,app/controllers/media_objects_controller.rb,358,
action,其他,MediaObjectsController#load_media_object_from_service,app/controllers/media_objects_controller.rb,390,
action,其他,MediaObjectsController#permitted_viewer_restrictions,app/controllers/media_objects_controller.rb,404,
action,内容、文件与模块,FilesController#forbid_api_calls_for_limited_access_students,app/controllers/files_controller.rb,192,
action,内容、文件与模块,FilesController#token_auth_allowed?,app/controllers/files_controller.rb,205,
action,内容、文件与模块,FilesController#verify_api_id,app/controllers/files_controller.rb,209,
action,内容、文件与模块,FilesController#check_limited_access_contexts,app/controllers/files_controller.rb,213,
action,内容、文件与模块,FilesController#quota,app/controllers/files_controller.rb,221,
action,内容、文件与模块,FilesController#api_quota,app/controllers/files_controller.rb,246,
action,内容、文件与模块,FilesController#check_file_access_flags,app/controllers/files_controller.rb,259,
action,内容、文件与模块,FilesController#redirect_to_fallback_url,app/controllers/files_controller.rb,300,
action,内容、文件与模块,FilesController#index,app/controllers/files_controller.rb,310,
action,内容、文件与模块,FilesController#api_index,app/controllers/files_controller.rb,353,
action,内容、文件与模块,FilesController#images,app/controllers/files_controller.rb,401,
action,内容、文件与模块,FilesController#react_files,app/controllers/files_controller.rb,417,
action,内容、文件与模块,FilesController#public_url,app/controllers/files_controller.rb,512,
action,内容、文件与模块,FilesController#api_show,app/controllers/files_controller.rb,563,
action,内容、文件与模块,FilesController#file_ref,app/controllers/files_controller.rb,613,
action,内容、文件与模块,FilesController#context_for_file_after_user_merge,app/controllers/files_controller.rb,623,
action,内容、文件与模块,FilesController#show,app/controllers/files_controller.rb,665,
action,内容、文件与模块,FilesController#render_attachment,app/controllers/files_controller.rb,766,
action,内容、文件与模块,FilesController#show_relative,app/controllers/files_controller.rb,857,
action,内容、文件与模块,FilesController#send_attachment,app/controllers/files_controller.rb,895,
action,内容、文件与模块,FilesController#send_stored_file,app/controllers/files_controller.rb,917,
action,内容、文件与模块,FilesController#authorized_upload?,app/controllers/files_controller.rb,940,
action,内容、文件与模块,FilesController#check_quota?,app/controllers/files_controller.rb,969,
action,内容、文件与模块,FilesController#default_folder,app/controllers/files_controller.rb,984,
action,内容、文件与模块,FilesController#temporary_file?,app/controllers/files_controller.rb,996,
action,内容、文件与模块,FilesController#create_pending,app/controllers/files_controller.rb,1003,
action,内容、文件与模块,FilesController#api_create,app/controllers/files_controller.rb,1052,
action,内容、文件与模块,FilesController#api_create_success_cors,app/controllers/files_controller.rb,1081,
action,内容、文件与模块,FilesController#api_capture,app/controllers/files_controller.rb,1097,
action,内容、文件与模块,FilesController#api_create_success,app/controllers/files_controller.rb,1229,
action,内容、文件与模块,FilesController#update,app/controllers/files_controller.rb,1281,
action,内容、文件与模块,FilesController#api_update,app/controllers/files_controller.rb,1369,
action,内容、文件与模块,FilesController#reorder,app/controllers/files_controller.rb,1413,
action,内容、文件与模块,FilesController#destroy,app/controllers/files_controller.rb,1444,
action,内容、文件与模块,FilesController#icon_metadata,app/controllers/files_controller.rb,1512,
action,内容、文件与模块,FilesController#start_element,app/controllers/files_controller.rb,1534,
action,内容、文件与模块,FilesController#end_element,app/controllers/files_controller.rb,1541,
action,内容、文件与模块,FilesController#characters,app/controllers/files_controller.rb,1548,
action,内容、文件与模块,FilesController#reset_verifier,app/controllers/files_controller.rb,1576,
action,内容、文件与模块,FilesController#can_replace_file?,app/controllers/files_controller.rb,1587,
action,内容、文件与模块,FilesController#update_word_count,app/controllers/files_controller.rb,1625,
action,内容、文件与模块,FilesController#rce_linked_file_instfs_ids,app/controllers/files_controller.rb,1651,
action,内容、文件与模块,FilesController#image_thumbnail,app/controllers/files_controller.rb,1711,
action,内容、文件与模块,FilesController#show_thumbnail,app/controllers/files_controller.rb,1754,
action,内容、文件与模块,FilesController#files_version_2?,app/controllers/files_controller.rb,1772,
action,内容、文件与模块,FilesController#quota_exempt?,app/controllers/files_controller.rb,1784,
action,内容、文件与模块,FilesController#attachment_or_replacement,app/controllers/files_controller.rb,1789,
action,内容、文件与模块,FilesController#replacement_chain_context,app/controllers/files_controller.rb,1794,
action,内容、文件与模块,FilesController#merged_user_scope,app/controllers/files_controller.rb,1801,
action,内容、文件与模块,FilesController#log_attachment_access,app/controllers/files_controller.rb,1809,
action,内容、文件与模块,FilesController#open_cors,app/controllers/files_controller.rb,1813,
action,内容、文件与模块,FilesController#open_limited_cors,app/controllers/files_controller.rb,1821,
action,内容、文件与模块,FilesController#strong_attachment_params,app/controllers/files_controller.rb,1827,
action,内容、文件与模块,FilesController#redirect_for_inline?,app/controllers/files_controller.rb,1831,
action,内容、文件与模块,FilesController#process_content_type_from_instfs,app/controllers/files_controller.rb,1839,
action,用户、身份与沟通,ProfileController#show,app/controllers/profile_controller.rb,177,
action,用户、身份与沟通,ProfileController#settings,app/controllers/profile_controller.rb,226,
action,用户、身份与沟通,ProfileController#communication,app/controllers/profile_controller.rb,279,
action,用户、身份与沟通,ProfileController#communication_update,app/controllers/profile_controller.rb,312,
action,用户、身份与沟通,ProfileController#profile_pics,app/controllers/profile_controller.rb,361,
action,用户、身份与沟通,ProfileController#toggle_disable_inbox,app/controllers/profile_controller.rb,368,
action,用户、身份与沟通,ProfileController#admin?,app/controllers/profile_controller.rb,386,
action,用户、身份与沟通,ProfileController#allowed_to_change_pronouns?,app/controllers/profile_controller.rb,390,
action,用户、身份与沟通,ProfileController#update,app/controllers/profile_controller.rb,394,
action,用户、身份与沟通,ProfileController#handle_profile_update,app/controllers/profile_controller.rb,449,
action,用户、身份与沟通,ProfileController#update_profile,app/controllers/profile_controller.rb,498,
action,用户、身份与沟通,ProfileController#require_user_for_private_profile,app/controllers/profile_controller.rb,559,
action,用户、身份与沟通,ProfileController#observees,app/controllers/profile_controller.rb,568,
action,用户、身份与沟通,ProfileController#content_shares,app/controllers/profile_controller.rb,582,
action,用户、身份与沟通,ProfileController#qr_mobile_login,app/controllers/profile_controller.rb,596,
action,用户、身份与沟通,ProfileController#instructure_misc_plugin_available?,app/controllers/profile_controller.rb,614,
action,作业、提交与评分,GradebookHistoryApiController#days,app/controllers/gradebook_history_api_controller.rb,222,
action,作业、提交与评分,GradebookHistoryApiController#day_details,app/controllers/gradebook_history_api_controller.rb,239,
action,作业、提交与评分,GradebookHistoryApiController#submissions,app/controllers/gradebook_history_api_controller.rb,262,
action,作业、提交与评分,GradebookHistoryApiController#feed,app/controllers/gradebook_history_api_controller.rb,294,
action,作业、提交与评分,GradebookHistoryApiController#require_manage_grades,app/controllers/gradebook_history_api_controller.rb,316,
action,作业、提交与评分,GradebookHistoryApiController#api_context,app/controllers/gradebook_history_api_controller.rb,320,
action,作业、提交与评分,RubricAssociationsController#create,app/controllers/rubric_associations_controller.rb,51,
action,作业、提交与评分,RubricAssociationsController#update,app/controllers/rubric_associations_controller.rb,81,
action,作业、提交与评分,RubricAssociationsController#destroy,app/controllers/rubric_associations_controller.rb,137,
action,作业、提交与评分,RubricAssociationsController#can_manage_rubrics_or_association_object?,app/controllers/rubric_associations_controller.rb,156,
action,作业、提交与评分,RubricAssociationsController#can_update_association?,app/controllers/rubric_associations_controller.rb,165,
action,账户与租户管理,SharedBrandConfigsController#create,app/controllers/shared_brand_configs_controller.rb,84,
action,账户与租户管理,SharedBrandConfigsController#update,app/controllers/shared_brand_configs_controller.rb,107,
action,账户与租户管理,SharedBrandConfigsController#destroy,app/controllers/shared_brand_configs_controller.rb,126,
action,账户与租户管理,SharedBrandConfigsController#set_shared_brand_config,app/controllers/shared_brand_configs_controller.rb,135,
action,账户与租户管理,SharedBrandConfigsController#shared_brand_config_params,app/controllers/shared_brand_configs_controller.rb,140,
action,学习成果与能力,OutcomesApiController#show,app/controllers/outcomes_api_controller.rb,184,
action,学习成果与能力,OutcomesApiController#update,app/controllers/outcomes_api_controller.rb,283,
action,学习成果与能力,OutcomesApiController#add_alignment,app/controllers/outcomes_api_controller.rb,310,
action,学习成果与能力,OutcomesApiController#find_outcomes_service_assignment_alignments,app/controllers/outcomes_api_controller.rb,320,
action,学习成果与能力,OutcomesApiController#outcome_alignments,app/controllers/outcomes_api_controller.rb,406,
action,学习成果与能力,OutcomesApiController#outcome_alignments_for_assignment,app/controllers/outcomes_api_controller.rb,423,
action,学习成果与能力,OutcomesApiController#fetch_assignment_alignments,app/controllers/outcomes_api_controller.rb,439,
action,学习成果与能力,OutcomesApiController#outcome_alignments_for_student,app/controllers/outcomes_api_controller.rb,451,
action,学习成果与能力,OutcomesApiController#validate_assignment,app/controllers/outcomes_api_controller.rb,537,
action,学习成果与能力,OutcomesApiController#get_outcome,app/controllers/outcomes_api_controller.rb,553,
action,学习成果与能力,OutcomesApiController#update_outcome_criterion,app/controllers/outcomes_api_controller.rb,557,
action,学习成果与能力,OutcomesApiController#process_params,app/controllers/outcomes_api_controller.rb,571,
action,用户、身份与沟通,UserObserveesController#index,app/controllers/user_observees_controller.rb,50,
action,用户、身份与沟通,UserObserveesController#observers,app/controllers/user_observees_controller.rb,80,
action,用户、身份与沟通,UserObserveesController#create,app/controllers/user_observees_controller.rb,125,
action,用户、身份与沟通,UserObserveesController#find_observer_pairing_code,app/controllers/user_observees_controller.rb,184,
action,用户、身份与沟通,UserObserveesController#show,app/controllers/user_observees_controller.rb,200,
action,用户、身份与沟通,UserObserveesController#show_observer,app/controllers/user_observees_controller.rb,218,
action,用户、身份与沟通,UserObserveesController#update,app/controllers/user_observees_controller.rb,242,
action,用户、身份与沟通,UserObserveesController#destroy,app/controllers/user_observees_controller.rb,264,
action,用户、身份与沟通,UserObserveesController#observer,app/controllers/user_observees_controller.rb,278,
action,用户、身份与沟通,UserObserveesController#student,app/controllers/user_observees_controller.rb,283,
action,用户、身份与沟通,UserObserveesController#user,app/controllers/user_observees_controller.rb,288,
action,用户、身份与沟通,UserObserveesController#create_observation_links,app/controllers/user_observees_controller.rb,296,
action,用户、身份与沟通,UserObserveesController#has_observation_link?,app/controllers/user_observees_controller.rb,307,
action,用户、身份与沟通,UserObserveesController#self_or_admin_permission_check,app/controllers/user_observees_controller.rb,313,
action,用户、身份与沟通,UserObserveesController#admin_permission_check,app/controllers/user_observees_controller.rb,319,
action,用户、身份与沟通,UserObserveesController#root_accounts_valid?,app/controllers/user_observees_controller.rb,324,
action,用户、身份与沟通,UserObserveesController#common_root_accounts_for,app/controllers/user_observees_controller.rb,335,
action,用户、身份与沟通,UserObserveesController#root_account_for_new_link,app/controllers/user_observees_controller.rb,351,
action,用户、身份与沟通,UserObserveesController#common_root_accounts_with_permissions,app/controllers/user_observees_controller.rb,364,
action,用户、身份与沟通,UserObserveesController#render_student_json,app/controllers/user_observees_controller.rb,373,
action,用户、身份与沟通,UserObserveesController#add_linked_root_account_ids_to_user_json,app/controllers/user_observees_controller.rb,379,
action,作业、提交与评分,WhatIfGradesApiController#update,app/controllers/what_if_grades_api_controller.rb,213,
action,作业、提交与评分,WhatIfGradesApiController#reset_for_student_course,app/controllers/what_if_grades_api_controller.rb,239,
action,作业、提交与评分,WhatIfGradesApiController#validate_student_entered_score,app/controllers/what_if_grades_api_controller.rb,254,
action,SIS、导入导出与报表,SisImportsApiController#check_account,app/controllers/sis_imports_api_controller.rb,379,
action,SIS、导入导出与报表,SisImportsApiController#index,app/controllers/sis_imports_api_controller.rb,402,
action,SIS、导入导出与报表,SisImportsApiController#importing,app/controllers/sis_imports_api_controller.rb,442,
action,SIS、导入导出与报表,SisImportsApiController#create,app/controllers/sis_imports_api_controller.rb,617,
action,SIS、导入导出与报表,SisImportsApiController#file_obj,app/controllers/sis_imports_api_controller.rb,637,
action,SIS、导入导出与报表,SisImportsApiController#file_obj,app/controllers/sis_imports_api_controller.rb,643,
action,SIS、导入导出与报表,SisImportsApiController#file_obj,app/controllers/sis_imports_api_controller.rb,647,
action,SIS、导入导出与报表,SisImportsApiController#show,app/controllers/sis_imports_api_controller.rb,753,
action,SIS、导入导出与报表,SisImportsApiController#restore_states,app/controllers/sis_imports_api_controller.rb,791,
action,SIS、导入导出与报表,SisImportsApiController#abort,app/controllers/sis_imports_api_controller.rb,823,
action,SIS、导入导出与报表,SisImportsApiController#abort_all_pending,app/controllers/sis_imports_api_controller.rb,842,
action,课程、班级与选课,TemporaryEnrollmentPairingsApiController#index,app/controllers/temporary_enrollment_pairings_api_controller.rb,53,
action,课程、班级与选课,TemporaryEnrollmentPairingsApiController#show,app/controllers/temporary_enrollment_pairings_api_controller.rb,63,
action,课程、班级与选课,TemporaryEnrollmentPairingsApiController#new,app/controllers/temporary_enrollment_pairings_api_controller.rb,72,
action,课程、班级与选课,TemporaryEnrollmentPairingsApiController#create,app/controllers/temporary_enrollment_pairings_api_controller.rb,90,
action,课程、班级与选课,TemporaryEnrollmentPairingsApiController#destroy,app/controllers/temporary_enrollment_pairings_api_controller.rb,112,
action,课程、班级与选课,TemporaryEnrollmentPairingsApiController#authorize_action,app/controllers/temporary_enrollment_pairings_api_controller.rb,123,
action,课程、班级与选课,TemporaryEnrollmentPairingsApiController#require_feature_flag,app/controllers/temporary_enrollment_pairings_api_controller.rb,139,
action,课程、班级与选课,TemporaryEnrollmentPairingsApiController#load_temporary_enrollment_pairing,app/controllers/temporary_enrollment_pairings_api_controller.rb,143,
action,课程、班级与选课,TemporaryEnrollmentPairingsApiController#temporary_enrollment_pairing_params,app/controllers/temporary_enrollment_pairings_api_controller.rb,147,
action,其他,AdaChatPopupController#show,app/controllers/ada_chat_popup_controller.rb,25,
action,账户与租户管理,AccountGradingSettingsController#index,app/controllers/account_grading_settings_controller.rb,33,
action,讨论、公告与协作,OutcomeGroupsApiController#redirect,app/controllers/outcome_groups_api_controller.rb,154,
action,讨论、公告与协作,OutcomeGroupsApiController#index,app/controllers/outcome_groups_api_controller.rb,168,
action,讨论、公告与协作,OutcomeGroupsApiController#link_index,app/controllers/outcome_groups_api_controller.rb,187,
action,讨论、公告与协作,OutcomeGroupsApiController#show,app/controllers/outcome_groups_api_controller.rb,218,
action,讨论、公告与协作,OutcomeGroupsApiController#update,app/controllers/outcome_groups_api_controller.rb,271,
action,讨论、公告与协作,OutcomeGroupsApiController#destroy,app/controllers/outcome_groups_api_controller.rb,313,
action,讨论、公告与协作,OutcomeGroupsApiController#outcomes,app/controllers/outcome_groups_api_controller.rb,343,
action,讨论、公告与协作,OutcomeGroupsApiController#account_chain,app/controllers/outcome_groups_api_controller.rb,379,
action,讨论、公告与协作,OutcomeGroupsApiController#link,app/controllers/outcome_groups_api_controller.rb,512,
action,讨论、公告与协作,OutcomeGroupsApiController#unlink,app/controllers/outcome_groups_api_controller.rb,571,
action,讨论、公告与协作,OutcomeGroupsApiController#subgroups,app/controllers/outcome_groups_api_controller.rb,595,
action,讨论、公告与协作,OutcomeGroupsApiController#create,app/controllers/outcome_groups_api_controller.rb,650,
action,讨论、公告与协作,OutcomeGroupsApiController#import,app/controllers/outcome_groups_api_controller.rb,698,
action,讨论、公告与协作,OutcomeGroupsApiController#self,app/controllers/outcome_groups_api_controller.rb,743,
action,讨论、公告与协作,OutcomeGroupsApiController#can_read_outcomes,app/controllers/outcome_groups_api_controller.rb,753,
action,讨论、公告与协作,OutcomeGroupsApiController#can_manage_outcomes,app/controllers/outcome_groups_api_controller.rb,761,
action,讨论、公告与协作,OutcomeGroupsApiController#context_outcome_groups,app/controllers/outcome_groups_api_controller.rb,770,
action,讨论、公告与协作,OutcomeGroupsApiController#context_available_outcome,app/controllers/outcome_groups_api_controller.rb,776,
action,讨论、公告与协作,OutcomeGroupsApiController#context_create_outcome,app/controllers/outcome_groups_api_controller.rb,784,
action,讨论、公告与协作,OutcomeGroupsApiController#outcome_groups_incoming_params,app/controllers/outcome_groups_api_controller.rb,797,
action,作业、提交与评分,GradebookFiltersApiController#index,app/controllers/gradebook_filters_api_controller.rb,25,
action,作业、提交与评分,GradebookFiltersApiController#show,app/controllers/gradebook_filters_api_controller.rb,30,
action,作业、提交与评分,GradebookFiltersApiController#create,app/controllers/gradebook_filters_api_controller.rb,36,
action,作业、提交与评分,GradebookFiltersApiController#update,app/controllers/gradebook_filters_api_controller.rb,45,
action,作业、提交与评分,GradebookFiltersApiController#destroy,app/controllers/gradebook_filters_api_controller.rb,55,
action,作业、提交与评分,GradebookFiltersApiController#load_gradebook_filter,app/controllers/gradebook_filters_api_controller.rb,64,
action,作业、提交与评分,GradebookFiltersApiController#gradebook_filter_params,app/controllers/gradebook_filters_api_controller.rb,68,
action,讨论、公告与协作,DiscussionTopicsController#index,app/controllers/discussion_topics_controller.rb,336,
action,讨论、公告与协作,DiscussionTopicsController#is_child_topic?,app/controllers/discussion_topics_controller.rb,551,
action,讨论、公告与协作,DiscussionTopicsController#announcements_locked?,app/controllers/discussion_topics_controller.rb,558,
action,讨论、公告与协作,DiscussionTopicsController#new,app/controllers/discussion_topics_controller.rb,564,
action,讨论、公告与协作,DiscussionTopicsController#edit,app/controllers/discussion_topics_controller.rb,571,
action,讨论、公告与协作,DiscussionTopicsController#show,app/controllers/discussion_topics_controller.rb,752,
action,讨论、公告与协作,DiscussionTopicsController#insights,app/controllers/discussion_topics_controller.rb,961,
action,讨论、公告与协作,DiscussionTopicsController#create,app/controllers/discussion_topics_controller.rb,1104,
action,讨论、公告与协作,DiscussionTopicsController#update,app/controllers/discussion_topics_controller.rb,1205,
action,讨论、公告与协作,DiscussionTopicsController#destroy,app/controllers/discussion_topics_controller.rb,1217,
action,讨论、公告与协作,DiscussionTopicsController#public_feed,app/controllers/discussion_topics_controller.rb,1233,
action,讨论、公告与协作,DiscussionTopicsController#reorder,app/controllers/discussion_topics_controller.rb,1259,
action,讨论、公告与协作,DiscussionTopicsController#cancel_redirect_url,app/controllers/discussion_topics_controller.rb,1273,
action,讨论、公告与协作,DiscussionTopicsController#pinned_topics,app/controllers/discussion_topics_controller.rb,1279,
action,讨论、公告与协作,DiscussionTopicsController#add_discussion_or_announcement_crumb,app/controllers/discussion_topics_controller.rb,1283,
action,讨论、公告与协作,DiscussionTopicsController#user_can_moderate,app/controllers/discussion_topics_controller.rb,1293,
action,讨论、公告与协作,DiscussionTopicsController#set_sections,app/controllers/discussion_topics_controller.rb,1327,
action,讨论、公告与协作,DiscussionTopicsController#verify_specific_section_visibilities,app/controllers/discussion_topics_controller.rb,1342,
action,讨论、公告与协作,DiscussionTopicsController#process_discussion_topic,app/controllers/discussion_topics_controller.rb,1368,
action,讨论、公告与协作,DiscussionTopicsController#process_discussion_topic_runner,app/controllers/discussion_topics_controller.rb,1374,
action,讨论、公告与协作,DiscussionTopicsController#process_podcast_parameters,app/controllers/discussion_topics_controller.rb,1637,
action,讨论、公告与协作,DiscussionTopicsController#process_todo_parameters,app/controllers/discussion_topics_controller.rb,1646,
action,讨论、公告与协作,DiscussionTopicsController#prefer_assignment_availability_dates,app/controllers/discussion_topics_controller.rb,1662,
action,讨论、公告与协作,DiscussionTopicsController#process_future_date_parameters,app/controllers/discussion_topics_controller.rb,1673,
action,讨论、公告与协作,DiscussionTopicsController#save_lock_preferences,app/controllers/discussion_topics_controller.rb,1692,
action,讨论、公告与协作,DiscussionTopicsController#process_lock_parameters,app/controllers/discussion_topics_controller.rb,1701,
action,讨论、公告与协作,DiscussionTopicsController#process_published_parameters,app/controllers/discussion_topics_controller.rb,1717,
action,讨论、公告与协作,DiscussionTopicsController#process_group_parameters,app/controllers/discussion_topics_controller.rb,1736,
action,讨论、公告与协作,DiscussionTopicsController#can_set_group_category?,app/controllers/discussion_topics_controller.rb,1753,
action,讨论、公告与协作,DiscussionTopicsController#process_pin_parameters,app/controllers/discussion_topics_controller.rb,1768,
action,讨论、公告与协作,DiscussionTopicsController#apply_positioning_parameters,app/controllers/discussion_topics_controller.rb,1779,
action,讨论、公告与协作,DiscussionTopicsController#apply_attachment_parameters,app/controllers/discussion_topics_controller.rb,1790,
action,讨论、公告与协作,DiscussionTopicsController#set_default_usage_rights,app/controllers/discussion_topics_controller.rb,1820,
action,讨论、公告与协作,DiscussionTopicsController#child_topic,app/controllers/discussion_topics_controller.rb,1830,
action,讨论、公告与协作,DiscussionTopicsController#user_can_edit_course_settings?,app/controllers/discussion_topics_controller.rb,1850,
action,讨论、公告与协作,DiscussionTopicsController#handle_assignment_edit_params,app/controllers/discussion_topics_controller.rb,1854,
action,讨论、公告与协作,DiscussionTopicsController#add_rss_links_to_content,app/controllers/discussion_topics_controller.rb,1873,
action,讨论、公告与协作,DiscussionTopicsController#groups_and_group_topics,app/controllers/discussion_topics_controller.rb,1888,
action,讨论、公告与协作,DiscussionTopicsController#set_section_list_js_env,app/controllers/discussion_topics_controller.rb,1909,
action,讨论、公告与协作,DiscussionTopicsController#mutate_js_hash_sections_for_show_method,app/controllers/discussion_topics_controller.rb,1939,
action,讨论、公告与协作,DiscussionTopicsController#asset_processor_eula_js_env_for_discussion,app/controllers/discussion_topics_controller.rb,1987,
action,内容、文件与模块,PageCommentsController#create,app/controllers/page_comments_controller.rb,22,
action,内容、文件与模块,PageCommentsController#destroy,app/controllers/page_comments_controller.rb,48,
action,测验与题库,AssessmentQuestionsController#create,app/controllers/assessment_questions_controller.rb,26,
action,测验与题库,AssessmentQuestionsController#update,app/controllers/assessment_questions_controller.rb,40,
action,测验与题库,AssessmentQuestionsController#destroy,app/controllers/assessment_questions_controller.rb,54,
action,测验与题库,AssessmentQuestionsController#require_bank,app/controllers/assessment_questions_controller.rb,64,
action,测验与题库,AssessmentQuestionsController#assessment_question_params,app/controllers/assessment_questions_controller.rb,68,
action,其他,CanvadocSessionsController#token_auth_allowed?,app/controllers/canvadoc_sessions_controller.rb,28,
action,其他,CanvadocSessionsController#create,app/controllers/canvadoc_sessions_controller.rb,32,
action,其他,CanvadocSessionsController#show,app/controllers/canvadoc_sessions_controller.rb,81,
action,作业、提交与评分,SubmissionsController#index,app/controllers/submissions_controller.rb,104,
action,作业、提交与评分,SubmissionsController#show,app/controllers/submissions_controller.rb,117,
action,作业、提交与评分,SubmissionsController#create,app/controllers/submissions_controller.rb,232,
action,作业、提交与评分,SubmissionsController#update,app/controllers/submissions_controller.rb,382,
action,作业、提交与评分,SubmissionsController#redo_submission,app/controllers/submissions_controller.rb,391,
action,作业、提交与评分,SubmissionsController#audit_events,app/controllers/submissions_controller.rb,399,
action,作业、提交与评分,SubmissionsController#lookup_existing_attachments,app/controllers/submissions_controller.rb,411,
action,作业、提交与评分,SubmissionsController#is_media_recording?,app/controllers/submissions_controller.rb,429,
action,作业、提交与评分,SubmissionsController#has_media_recording?,app/controllers/submissions_controller.rb,434,
action,作业、提交与评分,SubmissionsController#verify_api_call_has_attachment,app/controllers/submissions_controller.rb,439,
action,作业、提交与评分,SubmissionsController#allowed_api_submission_type?,app/controllers/submissions_controller.rb,448,
action,作业、提交与评分,SubmissionsController#process_api_submission_params,app/controllers/submissions_controller.rb,453,
action,作业、提交与评分,SubmissionsController#online_upload?,app/controllers/submissions_controller.rb,487,
action,作业、提交与评分,SubmissionsController#has_file_attached?,app/controllers/submissions_controller.rb,492,
action,作业、提交与评分,SubmissionsController#extensions_allowed?,app/controllers/submissions_controller.rb,503,
action,作业、提交与评分,SubmissionsController#valid_text_entry?,app/controllers/submissions_controller.rb,521,
action,作业、提交与评分,SubmissionsController#always_permitted_create_params,app/controllers/submissions_controller.rb,532,
action,作业、提交与评分,SubmissionsController#valid_resource_link_lookup_uuid?,app/controllers/submissions_controller.rb,538,
action,作业、提交与评分,SubmissionsController#generate_submission_zip,app/controllers/submissions_controller.rb,565,
action,作业、提交与评分,SubmissionsController#plagiarism_report,app/controllers/submissions_controller.rb,608,
action,作业、提交与评分,SubmissionsController#resubmit_to_plagiarism,app/controllers/submissions_controller.rb,617,
action,讨论、公告与协作,GroupCategoriesController#index,app/controllers/group_categories_controller.rb,131,
action,讨论、公告与协作,GroupCategoriesController#show,app/controllers/group_categories_controller.rb,200,
action,讨论、公告与协作,GroupCategoriesController#create,app/controllers/group_categories_controller.rb,265,
action,讨论、公告与协作,GroupCategoriesController#bulk_manage_differentiation_tag,app/controllers/group_categories_controller.rb,339,
action,讨论、公告与协作,GroupCategoriesController#import_tags,app/controllers/group_categories_controller.rb,473,
action,讨论、公告与协作,GroupCategoriesController#import,app/controllers/group_categories_controller.rb,535,
action,讨论、公告与协作,GroupCategoriesController#update,app/controllers/group_categories_controller.rb,602,
action,讨论、公告与协作,GroupCategoriesController#destroy,app/controllers/group_categories_controller.rb,649,
action,讨论、公告与协作,GroupCategoriesController#groups,app/controllers/group_categories_controller.rb,684,
action,讨论、公告与协作,GroupCategoriesController#export,app/controllers/group_categories_controller.rb,706,
action,讨论、公告与协作,GroupCategoriesController#export_tags,app/controllers/group_categories_controller.rb,751,
action,讨论、公告与协作,GroupCategoriesController#build_row,app/controllers/group_categories_controller.rb,792,
action,讨论、公告与协作,GroupCategoriesController#export_headers,app/controllers/group_categories_controller.rb,812,
action,讨论、公告与协作,GroupCategoriesController#build_user_rows,app/controllers/group_categories_controller.rb,827,
action,讨论、公告与协作,GroupCategoriesController#build_tag_row,app/controllers/group_categories_controller.rb,838,
action,讨论、公告与协作,GroupCategoriesController#export_tags_headers,app/controllers/group_categories_controller.rb,862,
action,讨论、公告与协作,GroupCategoriesController#users,app/controllers/group_categories_controller.rb,896,
action,讨论、公告与协作,GroupCategoriesController#assign_unassigned_members,app/controllers/group_categories_controller.rb,1034,
action,讨论、公告与协作,GroupCategoriesController#populate_group_category_from_params,app/controllers/group_categories_controller.rb,1064,
action,讨论、公告与协作,GroupCategoriesController#clone_with_name,app/controllers/group_categories_controller.rb,1077,
action,讨论、公告与协作,GroupCategoriesController#get_category_context,app/controllers/group_categories_controller.rb,1105,
action,讨论、公告与协作,GroupCategoriesController#load_category_context_from_params,app/controllers/group_categories_controller.rb,1115,
action,讨论、公告与协作,GroupCategoriesController#body_file,app/controllers/group_categories_controller.rb,1128,
action,讨论、公告与协作,GroupCategoriesController#set_file_attributes,app/controllers/group_categories_controller.rb,1133,
action,讨论、公告与协作,GroupCategoriesController#content_type,app/controllers/group_categories_controller.rb,1138,
action,讨论、公告与协作,GroupCategoriesController#original_filename,app/controllers/group_categories_controller.rb,1142,
action,讨论、公告与协作,GroupCategoriesController#determine_non_collaborative_status_from_params,app/controllers/group_categories_controller.rb,1169,
action,课程、班级与选课,CourseAuditApiController#for_course,app/controllers/course_audit_api_controller.rb,187,
action,课程、班级与选课,CourseAuditApiController#for_account,app/controllers/course_audit_api_controller.rb,209,
action,课程、班级与选课,CourseAuditApiController#authorize,app/controllers/course_audit_api_controller.rb,221,
action,课程、班级与选课,CourseAuditApiController#render_events,app/controllers/course_audit_api_controller.rb,225,
action,分析、审计与运维,FeatureFlagsController#index,app/controllers/feature_flags_controller.rb,156,
action,分析、审计与运维,FeatureFlagsController#enabled_features,app/controllers/feature_flags_controller.rb,192,
action,分析、审计与运维,FeatureFlagsController#environment,app/controllers/feature_flags_controller.rb,215,
action,分析、审计与运维,FeatureFlagsController#show,app/controllers/feature_flags_controller.rb,237,
action,分析、审计与运维,FeatureFlagsController#update,app/controllers/feature_flags_controller.rb,272,
action,分析、审计与运维,FeatureFlagsController#accept_early_access_terms,app/controllers/feature_flags_controller.rb,328,
action,分析、审计与运维,FeatureFlagsController#delete,app/controllers/feature_flags_controller.rb,354,
action,分析、审计与运维,FeatureFlagsController#can_read_site_admin?,app/controllers/feature_flags_controller.rb,387,
action,分析、审计与运维,FeatureFlagsController#create_or_update_feature_flag,app/controllers/feature_flags_controller.rb,391,
action,课程、班级与选课,GradingPeriodsController#index,app/controllers/grading_periods_controller.rb,82,
action,课程、班级与选课,GradingPeriodsController#show,app/controllers/grading_periods_controller.rb,111,
action,课程、班级与选课,GradingPeriodsController#update,app/controllers/grading_periods_controller.rb,136,
action,课程、班级与选课,GradingPeriodsController#destroy,app/controllers/grading_periods_controller.rb,158,
action,课程、班级与选课,GradingPeriodsController#batch_update,app/controllers/grading_periods_controller.rb,204,
action,课程、班级与选课,GradingPeriodsController#grading_period,app/controllers/grading_periods_controller.rb,214,
action,课程、班级与选课,GradingPeriodsController#account_batch_update,app/controllers/grading_periods_controller.rb,223,
action,课程、班级与选课,GradingPeriodsController#course_batch_update,app/controllers/grading_periods_controller.rb,249,
action,课程、班级与选课,GradingPeriodsController#get_context,app/controllers/grading_periods_controller.rb,279,
action,课程、班级与选课,GradingPeriodsController#validation_errors,app/controllers/grading_periods_controller.rb,288,
action,课程、班级与选课,GradingPeriodsController#no_overlapping_for_new_periods_validation_errors,app/controllers/grading_periods_controller.rb,293,
action,课程、班级与选课,GradingPeriodsController#find_or_build_periods,app/controllers/grading_periods_controller.rb,306,
action,课程、班级与选课,GradingPeriodsController#batch_update_rights?,app/controllers/grading_periods_controller.rb,318,
action,课程、班级与选课,GradingPeriodsController#current_user_can_create?,app/controllers/grading_periods_controller.rb,324,
action,课程、班级与选课,GradingPeriodsController#current_user_can_update?,app/controllers/grading_periods_controller.rb,328,
action,课程、班级与选课,GradingPeriodsController#can_batch_update_in_context?,app/controllers/grading_periods_controller.rb,332,
action,课程、班级与选课,GradingPeriodsController#paginate_for,app/controllers/grading_periods_controller.rb,336,
action,课程、班级与选课,GradingPeriodsController#unpaginated_json_api,app/controllers/grading_periods_controller.rb,342,
action,课程、班级与选课,GradingPeriodsController#serialize_json_api,app/controllers/grading_periods_controller.rb,354,
action,课程、班级与选课,GradingPeriodsController#index_permissions,app/controllers/grading_periods_controller.rb,367,
action,其他,RulesController#index,app/controllers/conditional_release/rules_controller.rb,31,
action,其他,RulesController#show,app/controllers/conditional_release/rules_controller.rb,40,
action,其他,RulesController#create,app/controllers/conditional_release/rules_controller.rb,46,
action,其他,RulesController#update,app/controllers/conditional_release/rules_controller.rb,65,
action,其他,RulesController#destroy,app/controllers/conditional_release/rules_controller.rb,83,
action,其他,RulesController#get_rules,app/controllers/conditional_release/rules_controller.rb,91,
action,其他,RulesController#get_rule,app/controllers/conditional_release/rules_controller.rb,97,
action,其他,RulesController#include_param,app/controllers/conditional_release/rules_controller.rb,101,
action,其他,RulesController#json_includes,app/controllers/conditional_release/rules_controller.rb,105,
action,其他,RulesController#add_ordering_to,app/controllers/conditional_release/rules_controller.rb,109,
action,其他,RulesController#arrange_items,app/controllers/conditional_release/rules_controller.rb,124,
action,其他,RulesController#require_course_view_permissions,app/controllers/conditional_release/rules_controller.rb,133,
action,其他,RulesController#require_course_assignment_edit_permissions,app/controllers/conditional_release/rules_controller.rb,137,
action,其他,RulesController#require_course_assignment_add_or_edit_permissions,app/controllers/conditional_release/rules_controller.rb,141,
action,分析、审计与运维,StatsController#students_per_range,app/controllers/conditional_release/stats_controller.rb,24,
action,分析、审计与运维,StatsController#student_details,app/controllers/conditional_release/stats_controller.rb,30,
action,分析、审计与运维,StatsController#get_rule,app/controllers/conditional_release/stats_controller.rb,46,
action,分析、审计与运维,StatsController#require_course_grade_view_permissions,app/controllers/conditional_release/stats_controller.rb,50,
action,分析、审计与运维,StatsController#require_trigger_assignment,app/controllers/conditional_release/stats_controller.rb,54,
action,测验与题库,QuizzesNext::QuizzesApiController#index,app/controllers/quizzes_next/quizzes_api_controller.rb,38,
action,测验与题库,QuizzesNext::QuizzesApiController#all_quizzes,app/controllers/quizzes_next/quizzes_api_controller.rb,74,
action,测验与题库,QuizzesNext::QuizzesApiController#merge_question_counts,app/controllers/quizzes_next/quizzes_api_controller.rb,87,
action,测验与题库,QuizzesNext::QuizzesApiController#latest_updated_at,app/controllers/quizzes_next/quizzes_api_controller.rb,95,
action,LTI、外部工具与集成,Test::MockLtiController#login,app/controllers/test/mock_lti_controller.rb,28,
action,LTI、外部工具与集成,Test::MockLtiController#ui,app/controllers/test/mock_lti_controller.rb,43,
action,LTI、外部工具与集成,Test::MockLtiController#subscription_handler,app/controllers/test/mock_lti_controller.rb,98,
action,LTI、外部工具与集成,Test::MockLtiController#jwks,app/controllers/test/mock_lti_controller.rb,102,
action,LTI、外部工具与集成,Test::MockLtiController#public_key,app/controllers/test/mock_lti_controller.rb,109,
action,LTI、外部工具与集成,Test::MockLtiController#private_key,app/controllers/test/mock_lti_controller.rb,113,
action,LTI、外部工具与集成,Test::MockLtiController#create_deep_link_jwt,app/controllers/test/mock_lti_controller.rb,117,
action,其他,PollChoicesController#index,app/controllers/polling/poll_choices_controller.rb,71,
action,其他,PollChoicesController#show,app/controllers/polling/poll_choices_controller.rb,89,
action,其他,PollChoicesController#create,app/controllers/polling/poll_choices_controller.rb,114,
action,其他,PollChoicesController#update,app/controllers/polling/poll_choices_controller.rb,146,
action,其他,PollChoicesController#destroy,app/controllers/polling/poll_choices_controller.rb,166,
action,其他,PollChoicesController#paginate_for,app/controllers/polling/poll_choices_controller.rb,177,
action,其他,PollChoicesController#serialize_jsonapi,app/controllers/polling/poll_choices_controller.rb,190,
action,其他,PollChoicesController#get_poll_choice_params,app/controllers/polling/poll_choices_controller.rb,203,
action,其他,PollsController#index,app/controllers/polling/polls_controller.rb,75,
action,其他,PollsController#show,app/controllers/polling/polls_controller.rb,91,
action,其他,PollsController#create,app/controllers/polling/polls_controller.rb,114,
action,其他,PollsController#update,app/controllers/polling/polls_controller.rb,140,
action,其他,PollsController#destroy,app/controllers/polling/polls_controller.rb,158,
action,其他,PollsController#paginate_for,app/controllers/polling/polls_controller.rb,168,
action,其他,PollsController#serialize_jsonapi,app/controllers/polling/polls_controller.rb,181,
action,其他,PollsController#get_poll_params,app/controllers/polling/polls_controller.rb,194,
action,作业、提交与评分,PollSubmissionsController#show,app/controllers/polling/poll_submissions_controller.rb,68,
action,作业、提交与评分,PollSubmissionsController#create,app/controllers/polling/poll_submissions_controller.rb,87,
action,作业、提交与评分,PollSubmissionsController#serialize_jsonapi,app/controllers/polling/poll_submissions_controller.rb,107,
action,其他,PollSessionsController#index,app/controllers/polling/poll_sessions_controller.rb,91,
action,其他,PollSessionsController#show,app/controllers/polling/poll_sessions_controller.rb,109,
action,其他,PollSessionsController#create,app/controllers/polling/poll_sessions_controller.rb,135,
action,其他,PollSessionsController#update,app/controllers/polling/poll_sessions_controller.rb,180,
action,其他,PollSessionsController#destroy,app/controllers/polling/poll_sessions_controller.rb,194,
action,其他,PollSessionsController#open,app/controllers/polling/poll_sessions_controller.rb,210,
action,其他,PollSessionsController#close,app/controllers/polling/poll_sessions_controller.rb,226,
action,其他,PollSessionsController#opened,app/controllers/polling/poll_sessions_controller.rb,244,
action,其他,PollSessionsController#closed,app/controllers/polling/poll_sessions_controller.rb,259,
action,其他,PollSessionsController#paginate_for,app/controllers/polling/poll_sessions_controller.rb,267,
action,其他,PollSessionsController#serialize_jsonapi,app/controllers/polling/poll_sessions_controller.rb,280,
action,其他,PollSessionsController#get_poll_session_params,app/controllers/polling/poll_sessions_controller.rb,293,
action,用户、身份与沟通,UserExperiencesController#create,app/controllers/canvas_career/user_experiences_controller.rb,24,
action,用户、身份与沟通,UserExperiencesController#destroy,app/controllers/canvas_career/user_experiences_controller.rb,35,
action,用户、身份与沟通,UserExperiencesController#require_feature_flag,app/controllers/canvas_career/user_experiences_controller.rb,45,
action,其他,ResultsController#create,app/controllers/live_assessments/results_controller.rb,107,
action,其他,ResultsController#index,app/controllers/live_assessments/results_controller.rb,149,
action,其他,ResultsController#serialize_jsonapi,app/controllers/live_assessments/results_controller.rb,161,
action,其他,AssessmentsController#create,app/controllers/live_assessments/assessments_controller.rb,75,
action,其他,AssessmentsController#index,app/controllers/live_assessments/assessments_controller.rb,122,
action,其他,AssessmentsController#serialize_jsonapi,app/controllers/live_assessments/assessments_controller.rb,133,
action,LTI、外部工具与集成,AssetProcessorController#submission_details,app/controllers/support_helpers/asset_processor_controller.rb,84,
action,LTI、外部工具与集成,AssetProcessorController#bulk_resubmit,app/controllers/support_helpers/asset_processor_controller.rb,161,
action,LTI、外部工具与集成,AssetProcessorController#bulk_resubmit_discussion,app/controllers/support_helpers/asset_processor_controller.rb,205,
action,LTI、外部工具与集成,AssetProcessorController#generate_graphviz_dot,app/controllers/support_helpers/asset_processor_controller.rb,230,
action,LTI、外部工具与集成,AssetProcessorController#format_time,app/controllers/support_helpers/asset_processor_controller.rb,263,
action,LTI、外部工具与集成,AssetProcessorController#draw_node,app/controllers/support_helpers/asset_processor_controller.rb,268,
action,LTI、外部工具与集成,AssetProcessorController#draw_asset_node,app/controllers/support_helpers/asset_processor_controller.rb,281,
action,LTI、外部工具与集成,AssetProcessorController#draw_asset_report_node,app/controllers/support_helpers/asset_processor_controller.rb,287,
action,LTI、外部工具与集成,TurnitinController#md5,app/controllers/support_helpers/turnitin_controller.rb,28,
action,LTI、外部工具与集成,TurnitinController#error2305,app/controllers/support_helpers/turnitin_controller.rb,32,
action,LTI、外部工具与集成,TurnitinController#shard,app/controllers/support_helpers/turnitin_controller.rb,36,
action,LTI、外部工具与集成,TurnitinController#assignment,app/controllers/support_helpers/turnitin_controller.rb,40,
action,LTI、外部工具与集成,TurnitinController#pending,app/controllers/support_helpers/turnitin_controller.rb,48,
action,LTI、外部工具与集成,TurnitinController#expired,app/controllers/support_helpers/turnitin_controller.rb,52,
action,LTI、外部工具与集成,TurnitinController#lti_attachment,app/controllers/support_helpers/turnitin_controller.rb,56,
action,作业、提交与评分,SubmissionLifecycleManageController#course,app/controllers/support_helpers/submission_lifecycle_manage_controller.rb,28,
action,LTI、外部工具与集成,PlagiarismPlatformController#add_service,app/controllers/support_helpers/plagiarism_platform_controller.rb,50,
action,LTI、外部工具与集成,PlagiarismPlatformController#resubmit_for_assignment,app/controllers/support_helpers/plagiarism_platform_controller.rb,71,
action,LTI、外部工具与集成,PlagiarismPlatformController#product_code,app/controllers/support_helpers/plagiarism_platform_controller.rb,80,
action,LTI、外部工具与集成,PlagiarismPlatformController#vendor_code,app/controllers/support_helpers/plagiarism_platform_controller.rb,84,
action,LTI、外部工具与集成,PlagiarismPlatformController#service_name,app/controllers/support_helpers/plagiarism_platform_controller.rb,88,
action,LTI、外部工具与集成,PlagiarismPlatformController#service_actions,app/controllers/support_helpers/plagiarism_platform_controller.rb,92,
action,讨论、公告与协作,MicrosoftSync::GroupsController#create,app/controllers/microsoft_sync/groups_controller.rb,115,
action,讨论、公告与协作,MicrosoftSync::GroupsController#show,app/controllers/microsoft_sync/groups_controller.rb,129,
action,讨论、公告与协作,MicrosoftSync::GroupsController#destroy,app/controllers/microsoft_sync/groups_controller.rb,137,
action,讨论、公告与协作,MicrosoftSync::GroupsController#sync,app/controllers/microsoft_sync/groups_controller.rb,149,
action,讨论、公告与协作,MicrosoftSync::GroupsController#check_for_already_existing_group,app/controllers/microsoft_sync/groups_controller.rb,157,
action,讨论、公告与协作,MicrosoftSync::GroupsController#check_for_enrollment_limits,app/controllers/microsoft_sync/groups_controller.rb,161,
action,讨论、公告与协作,MicrosoftSync::GroupsController#require_currently_not_syncing,app/controllers/microsoft_sync/groups_controller.rb,182,
action,讨论、公告与协作,MicrosoftSync::GroupsController#require_cooldown,app/controllers/microsoft_sync/groups_controller.rb,203,
action,讨论、公告与协作,MicrosoftSync::GroupsController#require_feature,app/controllers/microsoft_sync/groups_controller.rb,212,
action,讨论、公告与协作,MicrosoftSync::GroupsController#require_integration_available,app/controllers/microsoft_sync/groups_controller.rb,218,
action,讨论、公告与协作,MicrosoftSync::GroupsController#validate_user_permissions,app/controllers/microsoft_sync/groups_controller.rb,224,
action,讨论、公告与协作,MicrosoftSync::GroupsController#course,app/controllers/microsoft_sync/groups_controller.rb,230,
action,讨论、公告与协作,MicrosoftSync::GroupsController#already_existing_group,app/controllers/microsoft_sync/groups_controller.rb,235,
action,讨论、公告与协作,MicrosoftSync::GroupsController#group,app/controllers/microsoft_sync/groups_controller.rb,240,
action,讨论、公告与协作,MicrosoftSync::GroupsController#group_json,app/controllers/microsoft_sync/groups_controller.rb,245,
action,其他,Bookmarks::BookmarksController#index,app/controllers/bookmarks/bookmarks_controller.rb,62,
action,其他,Bookmarks::BookmarksController#create,app/controllers/bookmarks/bookmarks_controller.rb,94,
action,其他,Bookmarks::BookmarksController#show,app/controllers/bookmarks/bookmarks_controller.rb,111,
action,其他,Bookmarks::BookmarksController#update,app/controllers/bookmarks/bookmarks_controller.rb,138,
action,其他,Bookmarks::BookmarksController#destroy,app/controllers/bookmarks/bookmarks_controller.rb,152,
action,其他,Bookmarks::BookmarksController#user_id,app/controllers/bookmarks/bookmarks_controller.rb,162,
action,其他,Bookmarks::BookmarksController#activate_user_shard,app/controllers/bookmarks/bookmarks_controller.rb,166,
action,其他,Bookmarks::BookmarksController#find_bookmark,app/controllers/bookmarks/bookmarks_controller.rb,170,
action,其他,Bookmarks::BookmarksController#valid_params,app/controllers/bookmarks/bookmarks_controller.rb,178,
action,其他,Bookmarks::BookmarksController#set_position,app/controllers/bookmarks/bookmarks_controller.rb,182,
action,其他,Bookmarks::BookmarksController#render_errors,app/controllers/bookmarks/bookmarks_controller.rb,186,
action,LTI、外部工具与集成,ToolProxyController#destroy,app/controllers/lti/tool_proxy_controller.rb,27,
action,LTI、外部工具与集成,ToolProxyController#update,app/controllers/lti/tool_proxy_controller.rb,34,
action,LTI、外部工具与集成,ToolProxyController#accept_update,app/controllers/lti/tool_proxy_controller.rb,44,
action,LTI、外部工具与集成,ToolProxyController#dismiss_update,app/controllers/lti/tool_proxy_controller.rb,85,
action,LTI、外部工具与集成,ToolProxyController#set_tool_proxy,app/controllers/lti/tool_proxy_controller.rb,101,
action,LTI、外部工具与集成,ToolProxyController#update_workflow_state,app/controllers/lti/tool_proxy_controller.rb,105,
action,LTI、外部工具与集成,ToolProxyController#invalidate_nav_tabs_cache,app/controllers/lti/tool_proxy_controller.rb,116,
action,LTI、外部工具与集成,Lti::ResourceLinksController#index,app/controllers/lti/resource_links_controller.rb,180,
action,LTI、外部工具与集成,Lti::ResourceLinksController#show,app/controllers/lti/resource_links_controller.rb,209,
action,LTI、外部工具与集成,Lti::ResourceLinksController#create,app/controllers/lti/resource_links_controller.rb,243,
action,LTI、外部工具与集成,Lti::ResourceLinksController#bulk_create,app/controllers/lti/resource_links_controller.rb,286,
action,LTI、外部工具与集成,Lti::ResourceLinksController#update,app/controllers/lti/resource_links_controller.rb,349,
action,LTI、外部工具与集成,Lti::ResourceLinksController#destroy,app/controllers/lti/resource_links_controller.rb,373,
action,LTI、外部工具与集成,Lti::ResourceLinksController#base_scope,app/controllers/lti/resource_links_controller.rb,390,
action,LTI、外部工具与集成,Lti::ResourceLinksController#resource_link,app/controllers/lti/resource_links_controller.rb,400,
action,LTI、外部工具与集成,Lti::ResourceLinksController#resource_link_json,app/controllers/lti/resource_links_controller.rb,416,
action,LTI、外部工具与集成,Lti::ResourceLinksController#resource_link_type,app/controllers/lti/resource_links_controller.rb,420,
action,LTI、外部工具与集成,Lti::ResourceLinksController#collaboration_lookup_uuids,app/controllers/lti/resource_links_controller.rb,428,
action,LTI、外部工具与集成,Lti::ResourceLinksController#module_item_resource_link_ids,app/controllers/lti/resource_links_controller.rb,432,
action,LTI、外部工具与集成,Lti::ResourceLinksController#link_id_to_module_item_id,app/controllers/lti/resource_links_controller.rb,436,
action,LTI、外部工具与集成,Lti::ResourceLinksController#bulk_create_links,app/controllers/lti/resource_links_controller.rb,442,
action,LTI、外部工具与集成,Lti::ResourceLinksController#validate_custom,app/controllers/lti/resource_links_controller.rb,469,
action,LTI、外部工具与集成,Lti::ResourceLinksController#validate_url,app/controllers/lti/resource_links_controller.rb,475,
action,LTI、外部工具与集成,Lti::ResourceLinksController#validate_tool,app/controllers/lti/resource_links_controller.rb,481,
action,LTI、外部工具与集成,Lti::ResourceLinksController#validate_url_match_tool,app/controllers/lti/resource_links_controller.rb,487,
action,LTI、外部工具与集成,Lti::ResourceLinksController#valid_custom?,app/controllers/lti/resource_links_controller.rb,497,
action,LTI、外部工具与集成,Lti::ResourceLinksController#valid_url?,app/controllers/lti/resource_links_controller.rb,504,
action,LTI、外部工具与集成,Lti::ResourceLinksController#new_tool,app/controllers/lti/resource_links_controller.rb,510,
action,LTI、外部工具与集成,Lti::ResourceLinksController#update_params,app/controllers/lti/resource_links_controller.rb,514,
action,LTI、外部工具与集成,Lti::ResourceLinksController#create_params,app/controllers/lti/resource_links_controller.rb,518,
action,LTI、外部工具与集成,Lti::ResourceLinksController#bulk_create_params,app/controllers/lti/resource_links_controller.rb,522,
action,LTI、外部工具与集成,Lti::ResourceLinksController#require_context_instrumented,app/controllers/lti/resource_links_controller.rb,526,
action,LTI、外部工具与集成,Lti::ResourceLinksController#require_manage_assignments_add_permission,app/controllers/lti/resource_links_controller.rb,533,
action,LTI、外部工具与集成,Lti::ResourceLinksController#require_manage_lti_add_permission,app/controllers/lti/resource_links_controller.rb,537,
action,LTI、外部工具与集成,Lti::ResourceLinksController#render_error,app/controllers/lti/resource_links_controller.rb,541,
action,LTI、外部工具与集成,Lti::ResourceLinksController#report_error,app/controllers/lti/resource_links_controller.rb,545,
action,LTI、外部工具与集成,PlatformStorageController#self,app/controllers/lti/platform_storage_controller.rb,60,
action,LTI、外部工具与集成,PlatformStorageController#self,app/controllers/lti/platform_storage_controller.rb,64,
action,LTI、外部工具与集成,PlatformStorageController#post_message_forwarding,app/controllers/lti/platform_storage_controller.rb,74,
action,LTI、外部工具与集成,PlatformStorageController#set_extra_csp_frame_ancestor!,app/controllers/lti/platform_storage_controller.rb,103,
action,LTI、外部工具与集成,PlatformStorageController#current_domain,app/controllers/lti/platform_storage_controller.rb,108,
action,LTI、外部工具与集成,PlatformStorageController#parent_domain,app/controllers/lti/platform_storage_controller.rb,112,
action,LTI、外部工具与集成,PlatformStorageController#ensure_decoded_jwt,app/controllers/lti/platform_storage_controller.rb,116,
action,LTI、外部工具与集成,PlatformStorageController#decoded_jwt,app/controllers/lti/platform_storage_controller.rb,126,
action,LTI、外部工具与集成,PlatformStorageController#self,app/controllers/lti/platform_storage_controller.rb,139,
action,LTI、外部工具与集成,PlatformStorageController#self,app/controllers/lti/platform_storage_controller.rb,150,
action,LTI、外部工具与集成,PlatformStorageController#self,app/controllers/lti/platform_storage_controller.rb,154,
action,LTI、外部工具与集成,PlatformStorageController#self,app/controllers/lti/platform_storage_controller.rb,158,
action,LTI、外部工具与集成,AssetProcessorController#resubmit_notice,app/controllers/lti/asset_processor_controller.rb,28,
action,LTI、外部工具与集成,AssetProcessorController#resubmit_discussion_notices_all,app/controllers/lti/asset_processor_controller.rb,49,
action,LTI、外部工具与集成,AssetProcessorController#assignment_id,app/controllers/lti/asset_processor_controller.rb,81,
action,LTI、外部工具与集成,AssetProcessorController#assignment,app/controllers/lti/asset_processor_controller.rb,85,
action,LTI、外部工具与集成,AssetProcessorController#asset_processor_id,app/controllers/lti/asset_processor_controller.rb,93,
action,LTI、外部工具与集成,AssetProcessorController#asset_processor,app/controllers/lti/asset_processor_controller.rb,97,
action,LTI、外部工具与集成,AssetProcessorController#require_asset_processor,app/controllers/lti/asset_processor_controller.rb,101,
action,LTI、外部工具与集成,AssetProcessorController#context,app/controllers/lti/asset_processor_controller.rb,105,
action,LTI、外部工具与集成,AssetProcessorController#require_context,app/controllers/lti/asset_processor_controller.rb,109,
action,LTI、外部工具与集成,AssetProcessorController#require_access_to_context,app/controllers/lti/asset_processor_controller.rb,113,
action,LTI、外部工具与集成,AssetProcessorController#student_id,app/controllers/lti/asset_processor_controller.rb,120,
action,LTI、外部工具与集成,AssetProcessorController#anonymous_student_id?,app/controllers/lti/asset_processor_controller.rb,124,
action,LTI、外部工具与集成,AssetProcessorController#extract_anonymous_id,app/controllers/lti/asset_processor_controller.rb,128,
action,LTI、外部工具与集成,AssetProcessorController#student,app/controllers/lti/asset_processor_controller.rb,132,
action,LTI、外部工具与集成,AssetProcessorController#attempt,app/controllers/lti/asset_processor_controller.rb,142,
action,LTI、外部工具与集成,AssetProcessorController#submission,app/controllers/lti/asset_processor_controller.rb,146,
action,LTI、外部工具与集成,AssetProcessorController#require_submission,app/controllers/lti/asset_processor_controller.rb,159,
action,LTI、外部工具与集成,ToolDefaultIconController#show,app/controllers/lti/tool_default_icon_controller.rb,35,
action,LTI、外部工具与集成,ToolDefaultIconController#require_name,app/controllers/lti/tool_default_icon_controller.rb,48,
action,LTI、外部工具与集成,Lti::TokenController#advantage_access_token,app/controllers/lti/token_controller.rb,32,
action,LTI、外部工具与集成,Lti::TokenController#lti_2_token,app/controllers/lti/token_controller.rb,43,
action,LTI、外部工具与集成,Lti::TokenController#verify_1_3_tool,app/controllers/lti/token_controller.rb,57,
action,LTI、外部工具与集成,Lti::TokenController#key,app/controllers/lti/token_controller.rb,67,
action,LTI、外部工具与集成,Lti::TokenController#tool_proxy,app/controllers/lti/token_controller.rb,75,
action,LTI、外部工具与集成,ContextControlsController#self,app/controllers/lti/context_controls_controller.rb,153,
action,LTI、外部工具与集成,ContextControlsController#self,app/controllers/lti/context_controls_controller.rb,164,
action,LTI、外部工具与集成,ContextControlsController#self,app/controllers/lti/context_controls_controller.rb,172,
action,LTI、外部工具与集成,ContextControlsController#self,app/controllers/lti/context_controls_controller.rb,182,
action,LTI、外部工具与集成,ContextControlsController#index,app/controllers/lti/context_controls_controller.rb,227,
action,LTI、外部工具与集成,ContextControlsController#show,app/controllers/lti/context_controls_controller.rb,267,
action,LTI、外部工具与集成,ContextControlsController#create,app/controllers/lti/context_controls_controller.rb,298,
action,LTI、外部工具与集成,ContextControlsController#create_many,app/controllers/lti/context_controls_controller.rb,353,
action,LTI、外部工具与集成,ContextControlsController#update,app/controllers/lti/context_controls_controller.rb,494,
action,LTI、外部工具与集成,ContextControlsController#delete,app/controllers/lti/context_controls_controller.rb,524,
action,LTI、外部工具与集成,ContextControlsController#render_errors,app/controllers/lti/context_controls_controller.rb,541,
action,LTI、外部工具与集成,ContextControlsController#params_for_control,app/controllers/lti/context_controls_controller.rb,546,
action,LTI、外部工具与集成,ContextControlsController#root_account_deployment,app/controllers/lti/context_controls_controller.rb,557,
action,LTI、外部工具与集成,ContextControlsController#control,app/controllers/lti/context_controls_controller.rb,561,
action,LTI、外部工具与集成,ContextControlsController#registration,app/controllers/lti/context_controls_controller.rb,571,
action,LTI、外部工具与集成,ContextControlsController#require_current_account_context,app/controllers/lti/context_controls_controller.rb,577,
action,LTI、外部工具与集成,ContextControlsController#require_root_account,app/controllers/lti/context_controls_controller.rb,582,
action,LTI、外部工具与集成,ContextControlsController#report_error,app/controllers/lti/context_controls_controller.rb,586,
action,LTI、外部工具与集成,ContextControlsController#create_many_params,app/controllers/lti/context_controls_controller.rb,591,
action,LTI、外部工具与集成,ContextControlsController#validate_bulk_params,app/controllers/lti/context_controls_controller.rb,595,
action,LTI、外部工具与集成,ContextControlsController#require_manage_lti_registrations,app/controllers/lti/context_controls_controller.rb,621,
action,LTI、外部工具与集成,ContextControlsController#require_feature_flag,app/controllers/lti/context_controls_controller.rb,625,
action,LTI、外部工具与集成,ContextControlsController#invalidate_navigation_cache_for_deployments,app/controllers/lti/context_controls_controller.rb,631,
action,LTI、外部工具与集成,AssetProcessorLaunchController#launch_settings,app/controllers/lti/asset_processor_launch_controller.rb,35,
action,LTI、外部工具与集成,AssetProcessorLaunchController#launch_report,app/controllers/lti/asset_processor_launch_controller.rb,51,
action,LTI、外部工具与集成,AssetProcessorLaunchController#report_url,app/controllers/lti/asset_processor_launch_controller.rb,69,
action,LTI、外部工具与集成,AssetProcessorLaunchController#settings_url,app/controllers/lti/asset_processor_launch_controller.rb,73,
action,LTI、外部工具与集成,AssetProcessorLaunchController#asset_processor,app/controllers/lti/asset_processor_launch_controller.rb,77,
action,LTI、外部工具与集成,AssetProcessorLaunchController#tool,app/controllers/lti/asset_processor_launch_controller.rb,81,
action,LTI、外部工具与集成,AssetProcessorLaunchController#assignment,app/controllers/lti/asset_processor_launch_controller.rb,85,
action,LTI、外部工具与集成,AssetProcessorLaunchController#asset_report_id,app/controllers/lti/asset_processor_launch_controller.rb,89,
action,LTI、外部工具与集成,AssetProcessorLaunchController#asset_report,app/controllers/lti/asset_processor_launch_controller.rb,93,
action,LTI、外部工具与集成,AssetProcessorLaunchController#asset_processor_id,app/controllers/lti/asset_processor_launch_controller.rb,97,
action,LTI、外部工具与集成,AssetProcessorLaunchController#require_asset_processor,app/controllers/lti/asset_processor_launch_controller.rb,101,
action,LTI、外部工具与集成,AssetProcessorLaunchController#require_context,app/controllers/lti/asset_processor_launch_controller.rb,105,
action,LTI、外部工具与集成,AssetProcessorLaunchController#context,app/controllers/lti/asset_processor_launch_controller.rb,109,
action,LTI、外部工具与集成,AssetProcessorLaunchController#require_asset_report,app/controllers/lti/asset_processor_launch_controller.rb,113,
action,LTI、外部工具与集成,AssetProcessorLaunchController#validate_report_belongs_to_processor,app/controllers/lti/asset_processor_launch_controller.rb,117,
action,LTI、外部工具与集成,AssetProcessorLaunchController#require_assignment_edit_permission,app/controllers/lti/asset_processor_launch_controller.rb,123,
action,LTI、外部工具与集成,AssetProcessorLaunchController#require_report_view_permission,app/controllers/lti/asset_processor_launch_controller.rb,127,
action,LTI、外部工具与集成,PublicJwkController#update,app/controllers/lti/public_jwk_controller.rb,39,
action,LTI、外部工具与集成,PublicJwkController#public_jwk,app/controllers/lti/public_jwk_controller.rb,46,
action,LTI、外部工具与集成,PublicJwkController#scopes_matcher,app/controllers/lti/public_jwk_controller.rb,50,
action,LTI、外部工具与集成,AssetProcessorTiiMigrationsApiController#index,app/controllers/lti/asset_processor_tii_migrations_api_controller.rb,31,
action,LTI、外部工具与集成,AssetProcessorTiiMigrationsApiController#create,app/controllers/lti/asset_processor_tii_migrations_api_controller.rb,38,
action,LTI、外部工具与集成,AssetProcessorTiiMigrationsApiController#migrate_all,app/controllers/lti/asset_processor_tii_migrations_api_controller.rb,43,
action,LTI、外部工具与集成,AssetProcessorTiiMigrationsApiController#require_root_account,app/controllers/lti/asset_processor_tii_migrations_api_controller.rb,84,
action,LTI、外部工具与集成,AssetProcessorTiiMigrationsApiController#require_manage_lti_registrations,app/controllers/lti/asset_processor_tii_migrations_api_controller.rb,88,
action,LTI、外部工具与集成,AssetProcessorTiiMigrationsApiController#create_migration_progress,app/controllers/lti/asset_processor_tii_migrations_api_controller.rb,92,
action,LTI、外部工具与集成,AssetProcessorTiiMigrationsApiController#fetch_accounts_with_tii_tools,app/controllers/lti/asset_processor_tii_migrations_api_controller.rb,118,
action,LTI、外部工具与集成,AssetProcessorTiiMigrationsApiController#find_account_ids_with_tii_tool_proxies,app/controllers/lti/asset_processor_tii_migrations_api_controller.rb,133,
action,LTI、外部工具与集成,AssetProcessorTiiMigrationsApiController#batch_count_tii_assignments,app/controllers/lti/asset_processor_tii_migrations_api_controller.rb,162,
action,LTI、外部工具与集成,AssetProcessorTiiMigrationsApiController#batch_find_migration_progress,app/controllers/lti/asset_processor_tii_migrations_api_controller.rb,175,
action,LTI、外部工具与集成,AssetProcessorTiiMigrationsApiController#fetch_coordinator_progress,app/controllers/lti/asset_processor_tii_migrations_api_controller.rb,193,
action,LTI、外部工具与集成,PlagiarismAssignmentsApiController#lti2_service_name,app/controllers/lti/plagiarism_assignments_api_controller.rb,80,
action,LTI、外部工具与集成,PlagiarismAssignmentsApiController#show,app/controllers/lti/plagiarism_assignments_api_controller.rb,91,
action,LTI、外部工具与集成,PlagiarismAssignmentsApiController#assignment_json,app/controllers/lti/plagiarism_assignments_api_controller.rb,97,
action,LTI、外部工具与集成,PlagiarismAssignmentsApiController#assignment,app/controllers/lti/plagiarism_assignments_api_controller.rb,110,
action,LTI、外部工具与集成,PlagiarismAssignmentsApiController#user,app/controllers/lti/plagiarism_assignments_api_controller.rb,117,
action,LTI、外部工具与集成,PlagiarismAssignmentsApiController#user_related_to_assignment?,app/controllers/lti/plagiarism_assignments_api_controller.rb,128,
action,LTI、外部工具与集成,PlagiarismAssignmentsApiController#tool_proxy_related_to_assignment?,app/controllers/lti/plagiarism_assignments_api_controller.rb,132,
action,LTI、外部工具与集成,Lti::ToolConfigurationsApiController#create,app/controllers/lti/tool_configurations_api_controller.rb,91,
action,LTI、外部工具与集成,Lti::ToolConfigurationsApiController#update,app/controllers/lti/tool_configurations_api_controller.rb,157,
action,LTI、外部工具与集成,Lti::ToolConfigurationsApiController#show,app/controllers/lti/tool_configurations_api_controller.rb,198,
action,LTI、外部工具与集成,Lti::ToolConfigurationsApiController#destroy,app/controllers/lti/tool_configurations_api_controller.rb,212,
action,LTI、外部工具与集成,Lti::ToolConfigurationsApiController#require_key_in_context,app/controllers/lti/tool_configurations_api_controller.rb,219,
action,LTI、外部工具与集成,Lti::ToolConfigurationsApiController#require_manage_lti,app/controllers/lti/tool_configurations_api_controller.rb,223,
action,LTI、外部工具与集成,Lti::ToolConfigurationsApiController#manual_custom_fields,app/controllers/lti/tool_configurations_api_controller.rb,227,
action,LTI、外部工具与集成,Lti::ToolConfigurationsApiController#update_developer_key!,app/controllers/lti/tool_configurations_api_controller.rb,233,
action,LTI、外部工具与集成,Lti::ToolConfigurationsApiController#require_tool_configuration,app/controllers/lti/tool_configurations_api_controller.rb,244,
action,LTI、外部工具与集成,Lti::ToolConfigurationsApiController#account,app/controllers/lti/tool_configurations_api_controller.rb,250,
action,LTI、外部工具与集成,Lti::ToolConfigurationsApiController#require_manage_developer_keys,app/controllers/lti/tool_configurations_api_controller.rb,256,
action,LTI、外部工具与集成,Lti::ToolConfigurationsApiController#require_modify_site_admin_developer_keys,app/controllers/lti/tool_configurations_api_controller.rb,260,
action,LTI、外部工具与集成,Lti::ToolConfigurationsApiController#require_settings_or_url,app/controllers/lti/tool_configurations_api_controller.rb,270,
action,LTI、外部工具与集成,Lti::ToolConfigurationsApiController#developer_key,app/controllers/lti/tool_configurations_api_controller.rb,282,
action,LTI、外部工具与集成,Lti::ToolConfigurationsApiController#tool_configuration_params,app/controllers/lti/tool_configurations_api_controller.rb,286,
action,LTI、外部工具与集成,Lti::ToolConfigurationsApiController#developer_key_params,app/controllers/lti/tool_configurations_api_controller.rb,292,
action,LTI、外部工具与集成,Lti::ToolConfigurationsApiController#tool_configuration_redirect_uris,app/controllers/lti/tool_configurations_api_controller.rb,298,
action,账户与租户管理,AccountLookupController#show,app/controllers/lti/account_lookup_controller.rb,76,
action,账户与租户管理,AccountLookupController#scopes_matcher,app/controllers/lti/account_lookup_controller.rb,84,
action,账户与租户管理,AccountLookupController#context,app/controllers/lti/account_lookup_controller.rb,88,
action,账户与租户管理,AccountLookupController#verify_tool,app/controllers/lti/account_lookup_controller.rb,95,
action,LTI、外部工具与集成,LtiAppsController#index,app/controllers/lti/lti_apps_controller.rb,97,
action,LTI、外部工具与集成,LtiAppsController#launch_definitions,app/controllers/lti/lti_apps_controller.rb,119,
action,LTI、外部工具与集成,LtiAppsController#app_collator,app/controllers/lti/lti_apps_controller.rb,162,
action,LTI、外部工具与集成,LtiAppsController#reregistration_url_builder,app/controllers/lti/lti_apps_controller.rb,166,
action,LTI、外部工具与集成,LtiAppsController#authorized_for_launch_definitions,app/controllers/lti/lti_apps_controller.rb,170,
action,LTI、外部工具与集成,LtiAppsController#user_in_account?,app/controllers/lti/lti_apps_controller.rb,183,
action,用户、身份与沟通,UsersApiController#lti2_service_name,app/controllers/lti/users_api_controller.rb,51,
action,用户、身份与沟通,UsersApiController#show,app/controllers/lti/users_api_controller.rb,61,
action,用户、身份与沟通,UsersApiController#group_index,app/controllers/lti/users_api_controller.rb,71,
action,用户、身份与沟通,UsersApiController#user,app/controllers/lti/users_api_controller.rb,80,
action,用户、身份与沟通,UsersApiController#group,app/controllers/lti/users_api_controller.rb,86,
action,用户、身份与沟通,UsersApiController#tool_in_context,app/controllers/lti/users_api_controller.rb,90,
action,用户、身份与沟通,UsersApiController#user_in_context,app/controllers/lti/users_api_controller.rb,97,
action,LTI、外部工具与集成,SubscriptionsApiController#lti2_service_name,app/controllers/lti/subscriptions_api_controller.rb,72,
action,LTI、外部工具与集成,SubscriptionsApiController#create,app/controllers/lti/subscriptions_api_controller.rb,99,
action,LTI、外部工具与集成,SubscriptionsApiController#destroy,app/controllers/lti/subscriptions_api_controller.rb,107,
action,LTI、外部工具与集成,SubscriptionsApiController#show,app/controllers/lti/subscriptions_api_controller.rb,113,
action,LTI、外部工具与集成,SubscriptionsApiController#update,app/controllers/lti/subscriptions_api_controller.rb,120,
action,LTI、外部工具与集成,SubscriptionsApiController#index,app/controllers/lti/subscriptions_api_controller.rb,139,
action,LTI、外部工具与集成,SubscriptionsApiController#verify_service_configured,app/controllers/lti/subscriptions_api_controller.rb,148,
action,LTI、外部工具与集成,SubscriptionsApiController#forward_service_response,app/controllers/lti/subscriptions_api_controller.rb,154,
action,LTI、外部工具与集成,DeploymentsController#show,app/controllers/lti/deployments_controller.rb,103,
action,LTI、外部工具与集成,DeploymentsController#create,app/controllers/lti/deployments_controller.rb,122,
action,LTI、外部工具与集成,DeploymentsController#destroy,app/controllers/lti/deployments_controller.rb,158,
action,LTI、外部工具与集成,DeploymentsController#list,app/controllers/lti/deployments_controller.rb,177,
action,LTI、外部工具与集成,DeploymentsController#list_controls,app/controllers/lti/deployments_controller.rb,197,
action,LTI、外部工具与集成,DeploymentsController#deployment,app/controllers/lti/deployments_controller.rb,212,
action,LTI、外部工具与集成,DeploymentsController#require_manage_lti_registrations,app/controllers/lti/deployments_controller.rb,219,
action,LTI、外部工具与集成,DeploymentsController#require_root_account,app/controllers/lti/deployments_controller.rb,223,
action,LTI、外部工具与集成,DeploymentsController#require_feature_flag,app/controllers/lti/deployments_controller.rb,227,
action,LTI、外部工具与集成,AccountExternalToolsController#create,app/controllers/lti/account_external_tools_controller.rb,45,
action,LTI、外部工具与集成,AccountExternalToolsController#show,app/controllers/lti/account_external_tools_controller.rb,60,
action,LTI、外部工具与集成,AccountExternalToolsController#index,app/controllers/lti/account_external_tools_controller.rb,65,
action,LTI、外部工具与集成,AccountExternalToolsController#destroy,app/controllers/lti/account_external_tools_controller.rb,70,
action,LTI、外部工具与集成,AccountExternalToolsController#verify_target_developer_key,app/controllers/lti/account_external_tools_controller.rb,81,
action,LTI、外部工具与集成,AccountExternalToolsController#target_developer_key,app/controllers/lti/account_external_tools_controller.rb,85,
action,LTI、外部工具与集成,AccountExternalToolsController#scopes_matcher,app/controllers/lti/account_external_tools_controller.rb,89,
action,LTI、外部工具与集成,AccountExternalToolsController#tools,app/controllers/lti/account_external_tools_controller.rb,93,
action,LTI、外部工具与集成,AccountExternalToolsController#context,app/controllers/lti/account_external_tools_controller.rb,97,
action,LTI、外部工具与集成,AccountExternalToolsController#message_type,app/controllers/lti/account_external_tools_controller.rb,101,
action,作业、提交与评分,SubmissionsApiController#lti2_service_name,app/controllers/lti/submissions_api_controller.rb,168,
action,作业、提交与评分,SubmissionsApiController#show,app/controllers/lti/submissions_api_controller.rb,175,
action,作业、提交与评分,SubmissionsApiController#history,app/controllers/lti/submissions_api_controller.rb,182,
action,作业、提交与评分,SubmissionsApiController#attachment,app/controllers/lti/submissions_api_controller.rb,188,
action,作业、提交与评分,SubmissionsApiController#attachment_url,app/controllers/lti/submissions_api_controller.rb,197,
action,作业、提交与评分,SubmissionsApiController#activate_tool_shard,app/controllers/lti/submissions_api_controller.rb,208,
action,作业、提交与评分,SubmissionsApiController#attachment_for_submission?,app/controllers/lti/submissions_api_controller.rb,219,
action,作业、提交与评分,SubmissionsApiController#submission,app/controllers/lti/submissions_api_controller.rb,225,
action,作业、提交与评分,SubmissionsApiController#authorized?,app/controllers/lti/submissions_api_controller.rb,229,
action,作业、提交与评分,SubmissionsApiController#api_json,app/controllers/lti/submissions_api_controller.rb,235,
action,作业、提交与评分,SubmissionsApiController#attachment_json,app/controllers/lti/submissions_api_controller.rb,249,
action,作业、提交与评分,SubmissionsApiController#filtered_json,app/controllers/lti/submissions_api_controller.rb,257,
action,LTI、外部工具与集成,EulaLaunchController#launch_eula,app/controllers/lti/eula_launch_controller.rb,30,
action,LTI、外部工具与集成,EulaLaunchController#tool,app/controllers/lti/eula_launch_controller.rb,43,
action,LTI、外部工具与集成,EulaLaunchController#context,app/controllers/lti/eula_launch_controller.rb,47,
action,LTI、外部工具与集成,EulaLaunchController#require_tool,app/controllers/lti/eula_launch_controller.rb,51,
action,用户、身份与沟通,MessageController#registration,app/controllers/lti/message_controller.rb,30,
action,用户、身份与沟通,MessageController#reregistration,app/controllers/lti/message_controller.rb,54,
action,用户、身份与沟通,MessageController#reregistration_message,app/controllers/lti/message_controller.rb,69,
action,用户、身份与沟通,MessageController#resource,app/controllers/lti/message_controller.rb,81,
action,用户、身份与沟通,MessageController#basic_lti_launch_request,app/controllers/lti/message_controller.rb,88,
action,用户、身份与沟通,MessageController#registration_return,app/controllers/lti/message_controller.rb,96,
action,用户、身份与沟通,MessageController#tool_consumer_url,app/controllers/lti/message_controller.rb,111,
action,用户、身份与沟通,MessageController#generate_resource_link_id,app/controllers/lti/message_controller.rb,116,
action,用户、身份与沟通,MessageController#launch_params,app/controllers/lti/message_controller.rb,123,
action,用户、身份与沟通,MessageController#assignment,app/controllers/lti/message_controller.rb,137,
action,用户、身份与沟通,MessageController#launch_url,app/controllers/lti/message_controller.rb,149,
action,用户、身份与沟通,MessageController#basic_launch_by_lti_link,app/controllers/lti/message_controller.rb,158,
action,用户、身份与沟通,MessageController#lti2_basic_launch,app/controllers/lti/message_controller.rb,169,
action,用户、身份与沟通,MessageController#enabled_parameters,app/controllers/lti/message_controller.rb,223,
action,用户、身份与沟通,MessageController#module_sequence,app/controllers/lti/message_controller.rb,230,
action,用户、身份与沟通,MessageController#custom_params,app/controllers/lti/message_controller.rb,245,
action,用户、身份与沟通,MessageController#find_binding,app/controllers/lti/message_controller.rb,250,
action,用户、身份与沟通,MessageController#create_variable_expander,app/controllers/lti/message_controller.rb,262,
action,用户、身份与沟通,MessageController#prep_tool_settings,app/controllers/lti/message_controller.rb,271,
action,用户、身份与沟通,MessageController#find_tag,app/controllers/lti/message_controller.rb,307,
action,LTI、外部工具与集成,OriginalityReportsApiController#create,app/controllers/lti/originality_reports_api_controller.rb,191,
action,LTI、外部工具与集成,OriginalityReportsApiController#update,app/controllers/lti/originality_reports_api_controller.rb,245,
action,LTI、外部工具与集成,OriginalityReportsApiController#show,app/controllers/lti/originality_reports_api_controller.rb,270,
action,LTI、外部工具与集成,OriginalityReportsApiController#lti2_service_name,app/controllers/lti/originality_reports_api_controller.rb,274,
action,LTI、外部工具与集成,OriginalityReportsApiController#ensure_tool_proxy_associated,app/controllers/lti/originality_reports_api_controller.rb,280,
action,LTI、外部工具与集成,OriginalityReportsApiController#tool_proxy_associated?,app/controllers/lti/originality_reports_api_controller.rb,284,
action,LTI、外部工具与集成,OriginalityReportsApiController#create_attributes,app/controllers/lti/originality_reports_api_controller.rb,288,
action,LTI、外部工具与集成,OriginalityReportsApiController#update_attributes,app/controllers/lti/originality_reports_api_controller.rb,292,
action,LTI、外部工具与集成,OriginalityReportsApiController#lti_link_attributes,app/controllers/lti/originality_reports_api_controller.rb,302,
action,LTI、外部工具与集成,OriginalityReportsApiController#assignment,app/controllers/lti/originality_reports_api_controller.rb,306,
action,LTI、外部工具与集成,OriginalityReportsApiController#submission,app/controllers/lti/originality_reports_api_controller.rb,310,
action,LTI、外部工具与集成,OriginalityReportsApiController#attachment,app/controllers/lti/originality_reports_api_controller.rb,318,
action,LTI、外部工具与集成,OriginalityReportsApiController#create_report_params,app/controllers/lti/originality_reports_api_controller.rb,328,
action,LTI、外部工具与集成,OriginalityReportsApiController#update_report_params,app/controllers/lti/originality_reports_api_controller.rb,339,
action,LTI、外部工具与集成,OriginalityReportsApiController#lti_link_params,app/controllers/lti/originality_reports_api_controller.rb,347,
action,LTI、外部工具与集成,OriginalityReportsApiController#lti_link_settings,app/controllers/lti/originality_reports_api_controller.rb,362,
action,LTI、外部工具与集成,OriginalityReportsApiController#current_lti_link,app/controllers/lti/originality_reports_api_controller.rb,370,
action,LTI、外部工具与集成,OriginalityReportsApiController#attachment_required?,app/controllers/lti/originality_reports_api_controller.rb,374,
action,LTI、外部工具与集成,OriginalityReportsApiController#attachment_in_context,app/controllers/lti/originality_reports_api_controller.rb,378,
action,LTI、外部工具与集成,OriginalityReportsApiController#report_by_attempt,app/controllers/lti/originality_reports_api_controller.rb,382,
action,LTI、外部工具与集成,OriginalityReportsApiController#find_originality_report,app/controllers/lti/originality_reports_api_controller.rb,392,
action,LTI、外部工具与集成,OriginalityReportsApiController#report_by_attachment,app/controllers/lti/originality_reports_api_controller.rb,415,
action,LTI、外部工具与集成,OriginalityReportsApiController#report_in_context,app/controllers/lti/originality_reports_api_controller.rb,425,
action,LTI、外部工具与集成,OriginalityReportsApiController#attachment_in_history?,app/controllers/lti/originality_reports_api_controller.rb,431,
action,LTI、外部工具与集成,OriginalityReportsApiController#verify_submission_attachment,app/controllers/lti/originality_reports_api_controller.rb,438,
action,LTI、外部工具与集成,DataServicesController#create,app/controllers/lti/data_services_controller.rb,122,
action,LTI、外部工具与集成,DataServicesController#update,app/controllers/lti/data_services_controller.rb,163,
action,LTI、外部工具与集成,DataServicesController#show,app/controllers/lti/data_services_controller.rb,175,
action,LTI、外部工具与集成,DataServicesController#index,app/controllers/lti/data_services_controller.rb,193,
action,LTI、外部工具与集成,DataServicesController#destroy,app/controllers/lti/data_services_controller.rb,202,
action,LTI、外部工具与集成,DataServicesController#scopes_matcher,app/controllers/lti/data_services_controller.rb,209,
action,LTI、外部工具与集成,DataServicesController#verify_service_configured,app/controllers/lti/data_services_controller.rb,213,
action,LTI、外部工具与集成,DataServicesController#forward_service_response,app/controllers/lti/data_services_controller.rb,219,
action,LTI、外部工具与集成,DataServicesController#jwt_body,app/controllers/lti/data_services_controller.rb,223,
action,LTI、外部工具与集成,DataServicesController#context,app/controllers/lti/data_services_controller.rb,237,
action,LTI、外部工具与集成,DataServicesController#message_type,app/controllers/lti/data_services_controller.rb,242,
action,LTI、外部工具与集成,DataServicesController#add_updater,app/controllers/lti/data_services_controller.rb,246,
action,LTI、外部工具与集成,DataServicesController#add_owner,app/controllers/lti/data_services_controller.rb,259,
action,LTI、外部工具与集成,MembershipServiceController#course_index,app/controllers/lti/membership_service_controller.rb,28,
action,LTI、外部工具与集成,MembershipServiceController#group_index,app/controllers/lti/membership_service_controller.rb,32,
action,LTI、外部工具与集成,MembershipServiceController#check_authorized_action,app/controllers/lti/membership_service_controller.rb,38,
action,LTI、外部工具与集成,MembershipServiceController#render_page_presenter,app/controllers/lti/membership_service_controller.rb,54,
action,LTI、外部工具与集成,MembershipServiceController#membership_service_params,app/controllers/lti/membership_service_controller.rb,63,
action,LTI、外部工具与集成,MembershipServiceController#lti_tool_access_enabled?,app/controllers/lti/membership_service_controller.rb,68,
action,LTI、外部工具与集成,FeatureFlagsController#show,app/controllers/lti/feature_flags_controller.rb,56,
action,LTI、外部工具与集成,FeatureFlagsController#lti_service_context,app/controllers/lti/feature_flags_controller.rb,62,
action,LTI、外部工具与集成,FeatureFlagsController#context_from_id,app/controllers/lti/feature_flags_controller.rb,70,
action,LTI、外部工具与集成,FeatureFlagsController#feature,app/controllers/lti/feature_flags_controller.rb,76,
action,LTI、外部工具与集成,FeatureFlagsController#scopes_matcher,app/controllers/lti/feature_flags_controller.rb,82,
action,LTI、外部工具与集成,FeatureFlagsController#context,app/controllers/lti/feature_flags_controller.rb,86,
action,LTI、外部工具与集成,Lti::RegistrationsController#index,app/controllers/lti/registrations_controller.rb,1130,
action,LTI、外部工具与集成,Lti::RegistrationsController#list,app/controllers/lti/registrations_controller.rb,1196,
action,LTI、外部工具与集成,Lti::RegistrationsController#validate_lti_configuration,app/controllers/lti/registrations_controller.rb,1243,
action,LTI、外部工具与集成,Lti::RegistrationsController#check_domain_duplicates,app/controllers/lti/registrations_controller.rb,1311,
action,LTI、外部工具与集成,Lti::RegistrationsController#show,app/controllers/lti/registrations_controller.rb,1339,
action,LTI、外部工具与集成,Lti::RegistrationsController#create,app/controllers/lti/registrations_controller.rb,1420,
action,LTI、外部工具与集成,Lti::RegistrationsController#show_by_client_id,app/controllers/lti/registrations_controller.rb,1461,
action,LTI、外部工具与集成,Lti::RegistrationsController#show_by_utid,app/controllers/lti/registrations_controller.rb,1501,
action,LTI、外部工具与集成,Lti::RegistrationsController#install_status,app/controllers/lti/registrations_controller.rb,1542,
action,LTI、外部工具与集成,Lti::RegistrationsController#update,app/controllers/lti/registrations_controller.rb,1636,
action,LTI、外部工具与集成,Lti::RegistrationsController#reset,app/controllers/lti/registrations_controller.rb,1683,
action,LTI、外部工具与集成,Lti::RegistrationsController#destroy,app/controllers/lti/registrations_controller.rb,1707,
action,LTI、外部工具与集成,Lti::RegistrationsController#bind,app/controllers/lti/registrations_controller.rb,1746,
action,LTI、外部工具与集成,Lti::RegistrationsController#install_from_template,app/controllers/lti/registrations_controller.rb,1791,
action,LTI、外部工具与集成,Lti::RegistrationsController#context_search,app/controllers/lti/registrations_controller.rb,1833,
action,LTI、外部工具与集成,Lti::RegistrationsController#overlay_history,app/controllers/lti/registrations_controller.rb,1935,
action,LTI、外部工具与集成,Lti::RegistrationsController#history,app/controllers/lti/registrations_controller.rb,1967,
action,LTI、外部工具与集成,Lti::RegistrationsController#show_registration_update_request,app/controllers/lti/registrations_controller.rb,1994,
action,LTI、外部工具与集成,Lti::RegistrationsController#latest_registration_update_request,app/controllers/lti/registrations_controller.rb,2024,
action,LTI、外部工具与集成,Lti::RegistrationsController#apply_registration_update_request,app/controllers/lti/registrations_controller.rb,2062,
action,LTI、外部工具与集成,Lti::RegistrationsController#render_configuration_errors,app/controllers/lti/registrations_controller.rb,2115,
action,LTI、外部工具与集成,Lti::RegistrationsController#configuration_params,app/controllers/lti/registrations_controller.rb,2119,
action,LTI、外部工具与集成,Lti::RegistrationsController#overlay_params,app/controllers/lti/registrations_controller.rb,2133,
action,LTI、外部工具与集成,Lti::RegistrationsController#validate_registration_params,app/controllers/lti/registrations_controller.rb,2137,
action,LTI、外部工具与集成,Lti::RegistrationsController#validate_workflow_state,app/controllers/lti/registrations_controller.rb,2168,
action,LTI、外部工具与集成,Lti::RegistrationsController#validate_list_params,app/controllers/lti/registrations_controller.rb,2180,
action,LTI、外部工具与集成,Lti::RegistrationsController#workflow_state,app/controllers/lti/registrations_controller.rb,2189,
action,LTI、外部工具与集成,Lti::RegistrationsController#require_registration_params,app/controllers/lti/registrations_controller.rb,2193,
action,LTI、外部工具与集成,Lti::RegistrationsController#restrict_dynamic_registration_updates,app/controllers/lti/registrations_controller.rb,2197,
action,LTI、外部工具与集成,Lti::RegistrationsController#render_error,app/controllers/lti/registrations_controller.rb,2204,
action,LTI、外部工具与集成,Lti::RegistrationsController#registration,app/controllers/lti/registrations_controller.rb,2208,
action,LTI、外部工具与集成,Lti::RegistrationsController#require_account_context_instrumented,app/controllers/lti/registrations_controller.rb,2212,
action,LTI、外部工具与集成,Lti::RegistrationsController#require_root_account_instrumented_or_sub_account_and_feature_flag,app/controllers/lti/registrations_controller.rb,2219,
action,LTI、外部工具与集成,Lti::RegistrationsController#require_root_account_instrumented,app/controllers/lti/registrations_controller.rb,2231,
action,LTI、外部工具与集成,Lti::RegistrationsController#require_lti_registrations_next_feature_flag,app/controllers/lti/registrations_controller.rb,2241,
action,LTI、外部工具与集成,Lti::RegistrationsController#require_lti_registrations_history_feature_flag,app/controllers/lti/registrations_controller.rb,2250,
action,LTI、外部工具与集成,Lti::RegistrationsController#require_in_account_or_site_admin,app/controllers/lti/registrations_controller.rb,2259,
action,LTI、外部工具与集成,Lti::RegistrationsController#require_manage_lti_registrations,app/controllers/lti/registrations_controller.rb,2265,
action,LTI、外部工具与集成,Lti::RegistrationsController#require_manage_lti_registrations_in_registrations_account,app/controllers/lti/registrations_controller.rb,2269,
action,LTI、外部工具与集成,Lti::RegistrationsController#restrict_sub_account_to_read_only,app/controllers/lti/registrations_controller.rb,2277,
action,LTI、外部工具与集成,Lti::RegistrationsController#report_error,app/controllers/lti/registrations_controller.rb,2283,
action,LTI、外部工具与集成,Lti::RegistrationsController#filter_registrations_by_search_query,app/controllers/lti/registrations_controller.rb,2288,
action,LTI、外部工具与集成,Lti::RegistrationsController#inject_lti_usage_env,app/controllers/lti/registrations_controller.rb,2306,
action,LTI、外部工具与集成,Lti::RegistrationsController#validate_limit_param,app/controllers/lti/registrations_controller.rb,2332,
action,课程、班级与选课,MasterCourses::MasterTemplatesController#show,app/controllers/master_courses/master_templates_controller.rb,264,
action,课程、班级与选课,MasterCourses::MasterTemplatesController#associated_courses,app/controllers/master_courses/master_templates_controller.rb,279,
action,课程、班级与选课,MasterCourses::MasterTemplatesController#update_associations,app/controllers/master_courses/master_templates_controller.rb,313,
action,课程、班级与选课,MasterCourses::MasterTemplatesController#queue_migration,app/controllers/master_courses/master_templates_controller.rb,388,
action,课程、班级与选课,MasterCourses::MasterTemplatesController#restrict_item,app/controllers/master_courses/master_templates_controller.rb,434,
action,课程、班级与选课,MasterCourses::MasterTemplatesController#unsynced_changes,app/controllers/master_courses/master_templates_controller.rb,487,
action,课程、班级与选课,MasterCourses::MasterTemplatesController#migrations_index,app/controllers/master_courses/master_templates_controller.rb,557,
action,课程、班级与选课,MasterCourses::MasterTemplatesController#migrations_show,app/controllers/master_courses/master_templates_controller.rb,575,
action,课程、班级与选课,MasterCourses::MasterTemplatesController#migration_details,app/controllers/master_courses/master_templates_controller.rb,591,
action,课程、班级与选课,MasterCourses::MasterTemplatesController#subscriptions_index,app/controllers/master_courses/master_templates_controller.rb,611,
action,课程、班级与选课,MasterCourses::MasterTemplatesController#imports_index,app/controllers/master_courses/master_templates_controller.rb,631,
action,课程、班级与选课,MasterCourses::MasterTemplatesController#imports_show,app/controllers/master_courses/master_templates_controller.rb,658,
action,课程、班级与选课,MasterCourses::MasterTemplatesController#import_details,app/controllers/master_courses/master_templates_controller.rb,680,
action,课程、班级与选课,MasterCourses::MasterTemplatesController#require_account_level_manage_rights,app/controllers/master_courses/master_templates_controller.rb,692,
action,课程、班级与选课,MasterCourses::MasterTemplatesController#require_course_level_manage_rights,app/controllers/master_courses/master_templates_controller.rb,696,
action,课程、班级与选课,MasterCourses::MasterTemplatesController#get_course,app/controllers/master_courses/master_templates_controller.rb,700,
action,课程、班级与选课,MasterCourses::MasterTemplatesController#get_template,app/controllers/master_courses/master_templates_controller.rb,704,
action,课程、班级与选课,MasterCourses::MasterTemplatesController#get_subscription,app/controllers/master_courses/master_templates_controller.rb,715,
action,课程、班级与选课,MasterCourses::MasterTemplatesController#get_exceptions_by_subscription,app/controllers/master_courses/master_templates_controller.rb,725,
action,课程、班级与选课,MasterCourses::MasterTemplatesController#get_syllabus_exception!,app/controllers/master_courses/master_templates_controller.rb,747,
action,课程、班级与选课,MasterCourses::MasterTemplatesController#render_changes,app/controllers/master_courses/master_templates_controller.rb,754,
action,课程、班级与选课,MasterCourses::MasterTemplatesController#find_restricted_ids,app/controllers/master_courses/master_templates_controller.rb,778,
action,课程、班级与选课,MasterCourses::MasterTemplatesController#change_classes,app/controllers/master_courses/master_templates_controller.rb,790,
action,课程、班级与选课,MasterCourses::MasterTemplatesController#update_tag,app/controllers/master_courses/master_templates_controller.rb,804,
action,作业、提交与评分,DownloadsController#show,app/controllers/submissions/downloads_controller.rb,23,
action,作业、提交与评分,DownloadsBaseController#show,app/controllers/submissions/downloads_base_controller.rb,27,
action,作业、提交与评分,DownloadsBaseController#download_params,app/controllers/submissions/downloads_base_controller.rb,41,
action,作业、提交与评分,DownloadsBaseController#redirect_path,app/controllers/submissions/downloads_base_controller.rb,49,
action,作业、提交与评分,PreviewsBaseController#show,app/controllers/submissions/previews_base_controller.rb,31,
action,作业、提交与评分,PreviewsBaseController#anonymize_students?,app/controllers/submissions/previews_base_controller.rb,73,
action,作业、提交与评分,PreviewsBaseController#current_user_is_student?,app/controllers/submissions/previews_base_controller.rb,85,
action,作业、提交与评分,PreviewsBaseController#current_user_is_observing_submission_owner?,app/controllers/submissions/previews_base_controller.rb,89,
action,作业、提交与评分,PreviewsBaseController#redirect?,app/controllers/submissions/previews_base_controller.rb,93,
action,作业、提交与评分,PreviewsBaseController#prepare_js_env,app/controllers/submissions/previews_base_controller.rb,97,
action,作业、提交与评分,PreviewsBaseController#redirect_params,app/controllers/submissions/previews_base_controller.rb,107,
action,作业、提交与评分,PreviewsBaseController#redirect_path_name,app/controllers/submissions/previews_base_controller.rb,119,
action,作业、提交与评分,PreviewsBaseController#redirect_to_quiz?,app/controllers/submissions/previews_base_controller.rb,127,
action,作业、提交与评分,PreviewsBaseController#redirect_to_quiz_history?,app/controllers/submissions/previews_base_controller.rb,131,
action,作业、提交与评分,AnonymousPreviewsController#show,app/controllers/submissions/anonymous_previews_controller.rb,23,
action,作业、提交与评分,PreviewsController#show,app/controllers/submissions/previews_controller.rb,23,
action,作业、提交与评分,AnonymousDownloadsController#show,app/controllers/submissions/anonymous_downloads_controller.rb,23,
action,课程、班级与选课,CourseScanController#show,app/controllers/accessibility/course_scan_controller.rb,25,
action,课程、班级与选课,CourseScanController#create,app/controllers/accessibility/course_scan_controller.rb,41,
action,课程、班级与选课,CourseScanController#check_authorized_action,app/controllers/accessibility/course_scan_controller.rb,53,
action,搜索、AI 与无障碍,ResourceScanController#index,app/controllers/accessibility/resource_scan_controller.rb,34,
action,搜索、AI 与无障碍,ResourceScanController#poll,app/controllers/accessibility/resource_scan_controller.rb,52,
action,搜索、AI 与无障碍,ResourceScanController#close_issues,app/controllers/accessibility/resource_scan_controller.rb,73,
action,搜索、AI 与无障碍,ResourceScanController#check_authorized_action,app/controllers/accessibility/resource_scan_controller.rb,97,
action,搜索、AI 与无障碍,ResourceScanController#check_close_issues_feature_flag,app/controllers/accessibility/resource_scan_controller.rb,103,
action,搜索、AI 与无障碍,ResourceScanController#apply_sorting,app/controllers/accessibility/resource_scan_controller.rb,113,
action,搜索、AI 与无障碍,ResourceScanController#scan_attributes,app/controllers/accessibility/resource_scan_controller.rb,158,
action,搜索、AI 与无障碍,ResourceScanController#issue_attributes,app/controllers/accessibility/resource_scan_controller.rb,203,
action,搜索、AI 与无障碍,GenerateController#create_table_caption,app/controllers/accessibility/generate_controller.rb,27,
action,搜索、AI 与无障碍,GenerateController#create_image_alt_text,app/controllers/accessibility/generate_controller.rb,41,
action,搜索、AI 与无障碍,GenerateController#check_authorized_action,app/controllers/accessibility/generate_controller.rb,65,
action,搜索、AI 与无障碍,GenerateController#check_table_caption_feature,app/controllers/accessibility/generate_controller.rb,71,
action,搜索、AI 与无障碍,GenerateController#check_alt_text_feature,app/controllers/accessibility/generate_controller.rb,77,
action,搜索、AI 与无障碍,PreviewController#show,app/controllers/accessibility/preview_controller.rb,27,
action,搜索、AI 与无障碍,PreviewController#create,app/controllers/accessibility/preview_controller.rb,52,
action,搜索、AI 与无障碍,PreviewController#check_authorized_action,app/controllers/accessibility/preview_controller.rb,59,
action,搜索、AI 与无障碍,IssueSummaryController#show,app/controllers/accessibility/issue_summary_controller.rb,31,
action,搜索、AI 与无障碍,IssueSummaryController#check_authorized_action,app/controllers/accessibility/issue_summary_controller.rb,38,
action,搜索、AI 与无障碍,IssueSummaryController#calculate_issue_summary,app/controllers/accessibility/issue_summary_controller.rb,44,
action,搜索、AI 与无障碍,IssuesController#index,app/controllers/accessibility/issues_controller.rb,29,
action,搜索、AI 与无障碍,IssuesController#create,app/controllers/accessibility/issues_controller.rb,34,
action,搜索、AI 与无障碍,IssuesController#update,app/controllers/accessibility/issues_controller.rb,49,
action,搜索、AI 与无障碍,IssuesController#check_authorized_action,app/controllers/accessibility/issues_controller.rb,56,
action,测验与题库,Quizzes::QuizSubmissionsController#index,app/controllers/quizzes/quiz_submissions_controller.rb,33,
action,测验与题库,Quizzes::QuizSubmissionsController#create,app/controllers/quizzes/quiz_submissions_controller.rb,42,
action,测验与题库,Quizzes::QuizSubmissionsController#backup,app/controllers/quizzes/quiz_submissions_controller.rb,86,
action,测验与题库,Quizzes::QuizSubmissionsController#record_answer,app/controllers/quizzes/quiz_submissions_controller.rb,139,
action,测验与题库,Quizzes::QuizSubmissionsController#extensions,app/controllers/quizzes/quiz_submissions_controller.rb,150,
action,测验与题库,Quizzes::QuizSubmissionsController#update,app/controllers/quizzes/quiz_submissions_controller.rb,174,
action,测验与题库,Quizzes::QuizSubmissionsController#show,app/controllers/quizzes/quiz_submissions_controller.rb,190,
action,测验与题库,Quizzes::QuizSubmissionsController#delete_session_access_key!,app/controllers/quizzes/quiz_submissions_controller.rb,201,
action,测验与题库,Quizzes::QuizSubmissionsController#is_previewing?,app/controllers/quizzes/quiz_submissions_controller.rb,207,
action,测验与题库,Quizzes::QuizSubmissionsController#previewing_params,app/controllers/quizzes/quiz_submissions_controller.rb,211,
action,测验与题库,Quizzes::QuizSubmissionsController#generate_submission_zip,app/controllers/quizzes/quiz_submissions_controller.rb,215,
action,测验与题库,QuizSubmissionUsersController#index,app/controllers/quizzes/quiz_submission_users_controller.rb,90,
action,测验与题库,QuizSubmissionUsersController#index_users,app/controllers/quizzes/quiz_submission_users_controller.rb,112,
action,测验与题库,QuizSubmissionUsersController#message,app/controllers/quizzes/quiz_submission_users_controller.rb,143,
action,测验与题库,QuizSubmissionUsersController#index_base_url,app/controllers/quizzes/quiz_submission_users_controller.rb,157,
action,测验与题库,QuizSubmissionUsersController#submitted_param?,app/controllers/quizzes/quiz_submission_users_controller.rb,169,
action,测验与题库,QuizSubmissionUsersController#submitted?,app/controllers/quizzes/quiz_submission_users_controller.rb,173,
action,测验与题库,QuizSubmissionUsersController#submitted_users,app/controllers/quizzes/quiz_submission_users_controller.rb,177,
action,测验与题库,QuizSubmissionUsersController#unsubmitted_users,app/controllers/quizzes/quiz_submission_users_controller.rb,181,
action,测验与题库,QuizSubmissionUsersController#user_finder,app/controllers/quizzes/quiz_submission_users_controller.rb,185,
action,测验与题库,QuizSubmissionUsersController#send_message,app/controllers/quizzes/quiz_submission_users_controller.rb,189,
action,测验与题库,QuizSubmissionUsersController#user_has_teacher_level_access?,app/controllers/quizzes/quiz_submission_users_controller.rb,199,
action,测验与题库,Quizzes::QuizSubmissionQuestionsController#index,app/controllers/quizzes/quiz_submission_questions_controller.rb,76,
action,测验与题库,Quizzes::QuizSubmissionQuestionsController#answer,app/controllers/quizzes/quiz_submission_questions_controller.rb,135,
action,测验与题库,Quizzes::QuizSubmissionQuestionsController#formatted_answer,app/controllers/quizzes/quiz_submission_questions_controller.rb,178,
action,测验与题库,Quizzes::QuizSubmissionQuestionsController#flag,app/controllers/quizzes/quiz_submission_questions_controller.rb,226,
action,测验与题库,Quizzes::QuizSubmissionQuestionsController#unflag,app/controllers/quizzes/quiz_submission_questions_controller.rb,258,
action,测验与题库,Quizzes::QuizSubmissionQuestionsController#require_question,app/controllers/quizzes/quiz_submission_questions_controller.rb,269,
action,测验与题库,Quizzes::QuizSubmissionQuestionsController#export_scopes,app/controllers/quizzes/quiz_submission_questions_controller.rb,274,
action,测验与题库,Quizzes::QuizSubmissionQuestionsController#validate_ldb_status!,app/controllers/quizzes/quiz_submission_questions_controller.rb,286,
action,测验与题库,Quizzes::QuizSubmissionQuestionsController#ldb_plugin,app/controllers/quizzes/quiz_submission_questions_controller.rb,296,
action,测验与题库,Quizzes::QuizSubmissionQuestionsController#flag_current_question,app/controllers/quizzes/quiz_submission_questions_controller.rb,305,
action,测验与题库,Quizzes::QuizSubmissionQuestionsController#extract_includes,app/controllers/quizzes/quiz_submission_questions_controller.rb,316,
action,测验与题库,Quizzes::QuizSubmissionQuestionsController#serializer_for,app/controllers/quizzes/quiz_submission_questions_controller.rb,320,
action,测验与题库,Quizzes::QuizSubmissionQuestionsController#censored?,app/controllers/quizzes/quiz_submission_questions_controller.rb,324,
action,测验与题库,Quizzes::QuizSubmissionEventsController#index,app/controllers/quizzes/quiz_submission_events_controller.rb,31,
action,测验与题库,Quizzes::QuizAssignmentOverridesController#index,app/controllers/quizzes/quiz_assignment_overrides_controller.rb,125,
action,测验与题库,Quizzes::QuizAssignmentOverridesController#new_quizzes,app/controllers/quizzes/quiz_assignment_overrides_controller.rb,154,
action,测验与题库,Quizzes::QuizAssignmentOverridesController#assignment_overrides,app/controllers/quizzes/quiz_assignment_overrides_controller.rb,162,
action,测验与题库,Quizzes::QuizAssignmentOverridesController#serialize_overrides,app/controllers/quizzes/quiz_assignment_overrides_controller.rb,183,
action,测验与题库,Quizzes::QuizSubmissionFilesController#create,app/controllers/quizzes/quiz_submission_files_controller.rb,59,
action,测验与题库,Quizzes::OutstandingQuizSubmissionsController#index,app/controllers/quizzes/outstanding_quiz_submissions_controller.rb,42,
action,测验与题库,Quizzes::OutstandingQuizSubmissionsController#grade,app/controllers/quizzes/outstanding_quiz_submissions_controller.rb,61,
action,测验与题库,Quizzes::CourseQuizExtensionsController#create,app/controllers/quizzes/course_quiz_extensions_controller.rb,125,
action,测验与题库,Quizzes::CourseQuizExtensionsController#serialize_jsonapi,app/controllers/quizzes/course_quiz_extensions_controller.rb,147,
action,测验与题库,Quizzes::CourseQuizExtensionsController#participant,app/controllers/quizzes/course_quiz_extensions_controller.rb,159,
action,测验与题库,Quizzes::CourseQuizExtensionsController#students,app/controllers/quizzes/course_quiz_extensions_controller.rb,163,
action,测验与题库,Quizzes::CourseQuizExtensionsController#quizzes,app/controllers/quizzes/course_quiz_extensions_controller.rb,167,
action,测验与题库,Quizzes::QuizReportsController#index,app/controllers/quizzes/quiz_reports_controller.rb,114,
action,测验与题库,Quizzes::QuizReportsController#create,app/controllers/quizzes/quiz_reports_controller.rb,152,
action,测验与题库,Quizzes::QuizReportsController#show,app/controllers/quizzes/quiz_reports_controller.rb,189,
action,测验与题库,Quizzes::QuizReportsController#abort,app/controllers/quizzes/quiz_reports_controller.rb,212,
action,测验与题库,Quizzes::QuizReportsController#include_sis_ids?,app/controllers/quizzes/quiz_reports_controller.rb,236,
action,测验与题库,Quizzes::QuizReportsController#expose,app/controllers/quizzes/quiz_reports_controller.rb,240,
action,测验与题库,Quizzes::QuizReportsController#serialize_json,app/controllers/quizzes/quiz_reports_controller.rb,252,
action,测验与题库,Quizzes::QuizReportsController#serialize_jsonapi,app/controllers/quizzes/quiz_reports_controller.rb,266,
action,测验与题库,Quizzes::QuizReportsController#backward_compatible_includes,app/controllers/quizzes/quiz_reports_controller.rb,284,
action,测验与题库,Quizzes::QuizExtensionsController#create,app/controllers/quizzes/quiz_extensions_controller.rb,133,
action,测验与题库,Quizzes::QuizExtensionsController#serialize_jsonapi,app/controllers/quizzes/quiz_extensions_controller.rb,155,
action,测验与题库,Quizzes::QuizExtensionsController#participant,app/controllers/quizzes/quiz_extensions_controller.rb,167,
action,测验与题库,Quizzes::QuizExtensionsController#students,app/controllers/quizzes/quiz_extensions_controller.rb,171,
action,测验与题库,Quizzes::QuizStatisticsController#index,app/controllers/quizzes/quiz_statistics_controller.rb,258,
action,测验与题库,Quizzes::QuizStatisticsController#include_sis_ids?,app/controllers/quizzes/quiz_statistics_controller.rb,286,
action,测验与题库,Quizzes::QuizStatisticsController#prepare_service,app/controllers/quizzes/quiz_statistics_controller.rb,290,
action,测验与题库,Quizzes::QuizStatisticsController#serialize,app/controllers/quizzes/quiz_statistics_controller.rb,294,
action,测验与题库,Quizzes::QuizSubmissionEventsApiController#create,app/controllers/quizzes/quiz_submission_events_api_controller.rb,78,
action,测验与题库,Quizzes::QuizSubmissionEventsApiController#index,app/controllers/quizzes/quiz_submission_events_api_controller.rb,120,
action,测验与题库,Quizzes::QuizzesApiController#index,app/controllers/quizzes/quizzes_api_controller.rb,310,
action,测验与题库,Quizzes::QuizzesApiController#show,app/controllers/quizzes/quizzes_api_controller.rb,354,
action,测验与题库,Quizzes::QuizzesApiController#create,app/controllers/quizzes/quizzes_api_controller.rb,482,
action,测验与题库,Quizzes::QuizzesApiController#update,app/controllers/quizzes/quizzes_api_controller.rb,508,
action,测验与题库,Quizzes::QuizzesApiController#destroy,app/controllers/quizzes/quizzes_api_controller.rb,530,
action,测验与题库,Quizzes::QuizzesApiController#reorder,app/controllers/quizzes/quizzes_api_controller.rb,554,
action,测验与题库,Quizzes::QuizzesApiController#validate_access_code,app/controllers/quizzes/quizzes_api_controller.rb,570,
action,测验与题库,Quizzes::QuizzesApiController#render_json,app/controllers/quizzes/quizzes_api_controller.rb,583,
action,测验与题库,Quizzes::QuizzesApiController#render_create_error,app/controllers/quizzes/quizzes_api_controller.rb,594,
action,测验与题库,Quizzes::QuizzesApiController#render_update_error,app/controllers/quizzes/quizzes_api_controller.rb,598,
action,测验与题库,Quizzes::QuizzesApiController#quiz_params,app/controllers/quizzes/quizzes_api_controller.rb,604,
action,测验与题库,Quizzes::QuizzesApiController#check_differentiated_assignments,app/controllers/quizzes/quizzes_api_controller.rb,608,
action,测验与题库,Quizzes::QuizIpFiltersController#index,app/controllers/quizzes/quiz_ip_filters_controller.rb,64,
action,测验与题库,Quizzes::QuizzesController#index,app/controllers/quizzes/quizzes_controller.rb,75,
action,测验与题库,Quizzes::QuizzesController#show,app/controllers/quizzes/quizzes_controller.rb,204,
action,测验与题库,Quizzes::QuizzesController#new,app/controllers/quizzes/quizzes_controller.rb,343,
action,测验与题库,Quizzes::QuizzesController#edit,app/controllers/quizzes/quizzes_controller.rb,359,
action,测验与题库,Quizzes::QuizzesController#create,app/controllers/quizzes/quizzes_controller.rb,435,
action,测验与题库,Quizzes::QuizzesController#update,app/controllers/quizzes/quizzes_controller.rb,493,
action,测验与题库,Quizzes::QuizzesController#destroy,app/controllers/quizzes/quizzes_controller.rb,626,
action,测验与题库,Quizzes::QuizzesController#publish,app/controllers/quizzes/quizzes_controller.rb,642,
action,测验与题库,Quizzes::QuizzesController#unpublish,app/controllers/quizzes/quizzes_controller.rb,659,
action,测验与题库,Quizzes::QuizzesController#statistics,app/controllers/quizzes/quizzes_controller.rb,677,
action,测验与题库,Quizzes::QuizzesController#managed_quiz_data,app/controllers/quizzes/quizzes_controller.rb,697,
action,测验与题库,Quizzes::QuizzesController#lockdown_browser_required,app/controllers/quizzes/quizzes_controller.rb,736,
action,测验与题库,Quizzes::QuizzesController#history,app/controllers/quizzes/quizzes_controller.rb,744,
action,测验与题库,Quizzes::QuizzesController#moderate,app/controllers/quizzes/quizzes_controller.rb,825,
action,测验与题库,Quizzes::QuizzesController#submission_versions,app/controllers/quizzes/quizzes_controller.rb,851,
action,测验与题库,Quizzes::QuizzesController#read_only,app/controllers/quizzes/quizzes_controller.rb,864,
action,测验与题库,Quizzes::QuizzesController#submission_html,app/controllers/quizzes/quizzes_controller.rb,875,
action,测验与题库,Quizzes::QuizzesController#can_preview?,app/controllers/quizzes/quizzes_controller.rb,888,
action,测验与题库,Quizzes::QuizzesController#get_banks,app/controllers/quizzes/quizzes_controller.rb,892,
action,测验与题库,Quizzes::QuizzesController#get_submission,app/controllers/quizzes/quizzes_controller.rb,901,
action,测验与题库,Quizzes::QuizzesController#get_versions,app/controllers/quizzes/quizzes_controller.rb,916,
action,测验与题库,Quizzes::QuizzesController#setup_attachments,app/controllers/quizzes/quizzes_controller.rb,920,
action,测验与题库,Quizzes::QuizzesController#attachment_hash,app/controllers/quizzes/quizzes_controller.rb,929,
action,测验与题库,Quizzes::QuizzesController#delete_override_params,app/controllers/quizzes/quizzes_controller.rb,933,
action,测验与题库,Quizzes::QuizzesController#force_user,app/controllers/quizzes/quizzes_controller.rb,944,
action,测验与题库,Quizzes::QuizzesController#setup_headless,app/controllers/quizzes/quizzes_controller.rb,952,
action,测验与题库,Quizzes::QuizzesController#check_lockdown_browser,app/controllers/quizzes/quizzes_controller.rb,960,
action,测验与题库,Quizzes::QuizzesController#quiz_redirect_params,app/controllers/quizzes/quizzes_controller.rb,985,
action,测验与题库,Quizzes::QuizzesController#start_quiz!,app/controllers/quizzes/quizzes_controller.rb,993,
action,测验与题库,Quizzes::QuizzesController#take_quiz,app/controllers/quizzes/quizzes_controller.rb,1017,
action,测验与题库,Quizzes::QuizzesController#valid_question?,app/controllers/quizzes/quizzes_controller.rb,1046,
action,测验与题库,Quizzes::QuizzesController#can_take_quiz?,app/controllers/quizzes/quizzes_controller.rb,1050,
action,测验与题库,Quizzes::QuizzesController#quiz_submission_active?,app/controllers/quizzes/quizzes_controller.rb,1069,
action,测验与题库,Quizzes::QuizzesController#submission_counts,app/controllers/quizzes/quizzes_controller.rb,1074,
action,测验与题库,Quizzes::QuizzesController#set_download_submission_dialog_title,app/controllers/quizzes/quizzes_controller.rb,1084,
action,测验与题库,Quizzes::QuizzesController#lock_results,app/controllers/quizzes/quizzes_controller.rb,1092,
action,测验与题库,Quizzes::QuizzesController#render_forbidden,app/controllers/quizzes/quizzes_controller.rb,1110,
action,测验与题库,Quizzes::QuizzesController#quiz_lti_on_quizzes_page?,app/controllers/quizzes/quizzes_controller.rb,1121,
action,测验与题库,Quizzes::QuizzesController#quiz_lti_enabled?,app/controllers/quizzes/quizzes_controller.rb,1127,
action,测验与题库,Quizzes::QuizzesController#assignment_quizzes_json,app/controllers/quizzes/quizzes_controller.rb,1132,
action,测验与题库,Quizzes::QuizzesController#sort_quizzes,app/controllers/quizzes/quizzes_controller.rb,1146,
action,测验与题库,Quizzes::QuizzesController#quiz_due_date,app/controllers/quizzes/quizzes_controller.rb,1156,
action,测验与题库,Quizzes::QuizzesController#render_ams_service,app/controllers/quizzes/quizzes_controller.rb,1162,
action,测验与题库,Quizzes::QuizzesController#ams_integration_enabled?,app/controllers/quizzes/quizzes_controller.rb,1179,
action,测验与题库,Quizzes::QuizzesController#get_quiz_params,app/controllers/quizzes/quizzes_controller.rb,1187,
action,测验与题库,Quizzes::QuizzesController#update_quiz_and_assignment_versions,app/controllers/quizzes/quizzes_controller.rb,1191,
action,测验与题库,Quizzes::QuizzesController#hide_quiz?,app/controllers/quizzes/quizzes_controller.rb,1200,
action,测验与题库,Quizzes::QuizzesController#scoped_quizzes_index,app/controllers/quizzes/quizzes_controller.rb,1204,
action,测验与题库,Quizzes::QuizzesController#scoped_new_quizzes_index,app/controllers/quizzes/quizzes_controller.rb,1218,
action,测验与题库,Quizzes::QuizzesController#scoped_quizzes,app/controllers/quizzes/quizzes_controller.rb,1224,
action,测验与题库,Quizzes::QuizzesController#quiz_engine_selection,app/controllers/quizzes/quizzes_controller.rb,1238,
action,测验与题库,Quizzes::QuizzesController#set_section_list_js_env,app/controllers/quizzes/quizzes_controller.rb,1252,
action,测验与题库,Quizzes::QuizQuestionsController#index,app/controllers/quizzes/quiz_questions_controller.rb,222,
action,测验与题库,Quizzes::QuizQuestionsController#show,app/controllers/quizzes/quiz_questions_controller.rb,252,
action,测验与题库,Quizzes::QuizQuestionsController#create,app/controllers/quizzes/quiz_questions_controller.rb,300,
action,测验与题库,Quizzes::QuizQuestionsController#add_questions,app/controllers/quizzes/quiz_questions_controller.rb,325,
action,测验与题库,Quizzes::QuizQuestionsController#update,app/controllers/quizzes/quiz_questions_controller.rb,386,
action,测验与题库,Quizzes::QuizQuestionsController#destroy,app/controllers/quizzes/quiz_questions_controller.rb,423,
action,测验与题库,Quizzes::QuizQuestionsController#guard_against_big_fields,app/controllers/quizzes/quiz_questions_controller.rb,435,
action,测验与题库,Quizzes::QuizQuestionsController#require_question,app/controllers/quizzes/quiz_questions_controller.rb,443,
action,测验与题库,Quizzes::QuizQuestionsController#parse_includes,app/controllers/quizzes/quiz_questions_controller.rb,449,
action,测验与题库,Quizzes::QuizQuestionsController#censored?,app/controllers/quizzes/quiz_questions_controller.rb,453,
action,测验与题库,Quizzes::QuizQuestionsController#index_submission_questions,app/controllers/quizzes/quiz_questions_controller.rb,471,
action,测验与题库,Quizzes::QuizQuestionsController#render_question_set,app/controllers/quizzes/quiz_questions_controller.rb,489,
action,测验与题库,Quizzes::QuizQuestionsController#process_answer_html_content,app/controllers/quizzes/quiz_questions_controller.rb,505,
action,测验与题库,Quizzes::QuizGroupsController#index,app/controllers/quizzes/quiz_groups_controller.rb,88,
action,测验与题库,Quizzes::QuizGroupsController#show,app/controllers/quizzes/quiz_groups_controller.rb,100,
action,测验与题库,Quizzes::QuizGroupsController#create,app/controllers/quizzes/quiz_groups_controller.rb,129,
action,测验与题库,Quizzes::QuizGroupsController#update,app/controllers/quizzes/quiz_groups_controller.rb,165,
action,测验与题库,Quizzes::QuizGroupsController#destroy,app/controllers/quizzes/quiz_groups_controller.rb,184,
action,测验与题库,Quizzes::QuizGroupsController#reorder,app/controllers/quizzes/quiz_groups_controller.rb,204,
action,测验与题库,Quizzes::QuizGroupsController#format_errors,app/controllers/quizzes/quiz_groups_controller.rb,215,
action,测验与题库,Quizzes::QuizSubmissionsApiController#index,app/controllers/quizzes/quiz_submissions_api_controller.rb,172,
action,测验与题库,Quizzes::QuizSubmissionsApiController#submission,app/controllers/quizzes/quiz_submissions_api_controller.rb,216,
action,测验与题库,Quizzes::QuizSubmissionsApiController#show,app/controllers/quizzes/quiz_submissions_api_controller.rb,238,
action,测验与题库,Quizzes::QuizSubmissionsApiController#create,app/controllers/quizzes/quiz_submissions_api_controller.rb,272,
action,测验与题库,Quizzes::QuizSubmissionsApiController#update,app/controllers/quizzes/quiz_submissions_api_controller.rb,342,
action,测验与题库,Quizzes::QuizSubmissionsApiController#complete,app/controllers/quizzes/quiz_submissions_api_controller.rb,390,
action,测验与题库,Quizzes::QuizSubmissionsApiController#time,app/controllers/quizzes/quiz_submissions_api_controller.rb,413,
action,测验与题库,Quizzes::QuizSubmissionsApiController#module_locked?,app/controllers/quizzes/quiz_submissions_api_controller.rb,424,
action,测验与题库,Quizzes::QuizSubmissionsApiController#previewing?,app/controllers/quizzes/quiz_submissions_api_controller.rb,428,
action,测验与题库,Quizzes::QuizSubmissionsApiController#serialize_and_render,app/controllers/quizzes/quiz_submissions_api_controller.rb,432,
action,测验与题库,Quizzes::QuizSubmissionsApiController#validate_ldb_status!,app/controllers/quizzes/quiz_submissions_api_controller.rb,446,
action,测验与题库,Quizzes::QuizSubmissionsApiController#ldb_plugin,app/controllers/quizzes/quiz_submissions_api_controller.rb,452,
action,账户与租户管理,Login::OAuth2Controller#new,app/controllers/login/oauth2_controller.rb,27,
action,账户与租户管理,Login::OAuth2Controller#create,app/controllers/login/oauth2_controller.rb,41,
action,账户与租户管理,Login::OAuth2Controller#process_token,app/controllers/login/oauth2_controller.rb,98,
action,账户与租户管理,Login::OAuth2Controller#additional_authorize_params,app/controllers/login/oauth2_controller.rb,116,
action,账户与租户管理,Login::OAuth2Controller#additional_state_claims,app/controllers/login/oauth2_controller.rb,120,
action,账户与租户管理,Login::OAuth2Controller#handle_expired_token,app/controllers/login/oauth2_controller.rb,124,
action,账户与租户管理,Login::OAuth2Controller#validate_request,app/controllers/login/oauth2_controller.rb,130,
action,账户与租户管理,Login::OAuth2Controller#jwt,app/controllers/login/oauth2_controller.rb,170,
action,账户与租户管理,Login::OAuth2Controller#auth_type,app/controllers/login/oauth2_controller.rb,178,
action,账户与租户管理,Login::OAuth2Controller#push_nonce,app/controllers/login/oauth2_controller.rb,182,
action,账户与租户管理,Login::OAuth2Controller#pop_nonce,app/controllers/login/oauth2_controller.rb,189,
action,账户与租户管理,Login::OAuthBaseController#aac,app/controllers/login/oauth_base_controller.rb,29,
action,账户与租户管理,Login::OAuthBaseController#timeout_protection,app/controllers/login/oauth_base_controller.rb,44,
action,账户与租户管理,Login::OAuthBaseController#find_pseudonym,app/controllers/login/oauth_base_controller.rb,62,
action,账户与租户管理,Login::OtpController#new,app/controllers/login/otp_controller.rb,31,
action,账户与租户管理,Login::OtpController#send_via_sms,app/controllers/login/otp_controller.rb,68,
action,账户与租户管理,Login::OtpController#create,app/controllers/login/otp_controller.rb,90,
action,账户与租户管理,Login::OtpController#cancel_otp,app/controllers/login/otp_controller.rb,158,
action,账户与租户管理,Login::OtpController#destroy,app/controllers/login/otp_controller.rb,163,
action,账户与租户管理,Login::OtpController#send_otp,app/controllers/login/otp_controller.rb,181,
action,账户与租户管理,Login::OtpController#secret_key,app/controllers/login/otp_controller.rb,190,
action,账户与租户管理,Login::OtpController#clear_pending_otp,app/controllers/login/otp_controller.rb,194,
action,账户与租户管理,Login::OtpController#increment_statsd,app/controllers/login/otp_controller.rb,200,
action,账户与租户管理,Login::SamlIdpDiscoveryController#new,app/controllers/login/saml_idp_discovery_controller.rb,28,
action,账户与租户管理,Login::SamlIdpDiscoveryController#aac,app/controllers/login/saml_idp_discovery_controller.rb,40,
action,账户与租户管理,Login::CasController#new,app/controllers/login/cas_controller.rb,34,
action,账户与租户管理,Login::CasController#create,app/controllers/login/cas_controller.rb,55,
action,账户与租户管理,Login::CasController#destroy,app/controllers/login/cas_controller.rb,108,
action,账户与租户管理,Login::CasController#find_pseudonym,app/controllers/login/cas_controller.rb,132,
action,账户与租户管理,Login::CasController#aac,app/controllers/login/cas_controller.rb,158,
action,账户与租户管理,Login::CasController#cas_login_url,app/controllers/login/cas_controller.rb,165,
action,账户与租户管理,Login::CasController#auth_type,app/controllers/login/cas_controller.rb,169,
action,账户与租户管理,Login::OpenidConnectController#new,app/controllers/login/openid_connect_controller.rb,27,
action,账户与租户管理,Login::OpenidConnectController#destroy,app/controllers/login/openid_connect_controller.rb,33,
action,账户与租户管理,Login::OpenidConnectController#validate_logout_token,app/controllers/login/openid_connect_controller.rb,54,
action,账户与租户管理,Login::OpenidConnectController#validate_authentication_provider,app/controllers/login/openid_connect_controller.rb,102,
action,账户与租户管理,Login::OpenidConnectController#aac,app/controllers/login/openid_connect_controller.rb,119,
action,账户与租户管理,Login::OpenidConnectController#additional_authorize_params,app/controllers/login/openid_connect_controller.rb,132,
action,账户与租户管理,Login::OpenidConnectController#auth_type,app/controllers/login/openid_connect_controller.rb,139,
action,账户与租户管理,Login::ExternalAuthObserversController#redirect_login,app/controllers/login/external_auth_observers_controller.rb,23,
action,账户与租户管理,Login::ExternalAuthObserversController#observer_email_taken?,app/controllers/login/external_auth_observers_controller.rb,41,
action,账户与租户管理,Login::ExternalAuthObserversController#valid_observee_unique_id?,app/controllers/login/external_auth_observers_controller.rb,45,
action,账户与租户管理,Login::CanvasController#new,app/controllers/login/canvas_controller.rb,34,
action,账户与租户管理,Login::CanvasController#create,app/controllers/login/canvas_controller.rb,53,
action,账户与租户管理,Login::CanvasController#aac,app/controllers/login/canvas_controller.rb,179,
action,账户与租户管理,Login::CanvasController#unsuccessful_login,app/controllers/login/canvas_controller.rb,184,
action,账户与租户管理,Login::CanvasController#maybe_render_mobile_login,app/controllers/login/canvas_controller.rb,204,
action,账户与租户管理,Login::CanvasController#render_new_login,app/controllers/login/canvas_controller.rb,213,
action,账户与租户管理,Login::CanvasController#auth_providers_with_buttons,app/controllers/login/canvas_controller.rb,219,
action,账户与租户管理,Login::CanvasController#render_mobile_login,app/controllers/login/canvas_controller.rb,223,
action,账户与租户管理,Login::CanvasController#auth_type,app/controllers/login/canvas_controller.rb,229,
action,账户与租户管理,Login::OAuthController#new,app/controllers/login/oauth_controller.rb,24,
action,账户与租户管理,Login::OAuthController#create,app/controllers/login/oauth_controller.rb,38,
action,账户与租户管理,Login::OAuthController#callback_uri,app/controllers/login/oauth_controller.rb,68,
action,账户与租户管理,Login::OAuthController#auth_type,app/controllers/login/oauth_controller.rb,72,
action,账户与租户管理,Login::SamlController#new,app/controllers/login/saml_controller.rb,34,
action,账户与租户管理,Login::SamlController#forced_relay_state,app/controllers/login/saml_controller.rb,46,
action,账户与租户管理,Login::SamlController#create,app/controllers/login/saml_controller.rb,50,
action,账户与租户管理,Login::SamlController#saml_error,app/controllers/login/saml_controller.rb,189,
action,账户与租户管理,Login::SamlController#saml_config_error,app/controllers/login/saml_controller.rb,194,
action,账户与租户管理,Login::SamlController#destroy,app/controllers/login/saml_controller.rb,199,
action,账户与租户管理,Login::SamlController#handle_slo_response,app/controllers/login/saml_controller.rb,304,
action,账户与租户管理,Login::SamlController#handle_slo_request,app/controllers/login/saml_controller.rb,343,
action,账户与租户管理,Login::SamlController#metadata,app/controllers/login/saml_controller.rb,409,
action,账户与租户管理,Login::SamlController#observee_validation,app/controllers/login/saml_controller.rb,417,
action,账户与租户管理,Login::SamlController#parse_response,app/controllers/login/saml_controller.rb,425,
action,账户与租户管理,Login::SamlController#aac,app/controllers/login/saml_controller.rb,441,
action,账户与租户管理,Login::SamlController#persist_saml_signing_certificates,app/controllers/login/saml_controller.rb,458,
action,账户与租户管理,Login::SamlController#complete_observee_addition,app/controllers/login/saml_controller.rb,482,
action,账户与租户管理,Login::SamlController#complete_parent_registration,app/controllers/login/saml_controller.rb,491,
action,账户与租户管理,Login::SamlController#auth_type,app/controllers/login/saml_controller.rb,531,
action,账户与租户管理,Login::SamlController#handle_one_time_use,app/controllers/login/saml_controller.rb,535,
action,账户与租户管理,Login::SamlController#duplicate_response?,app/controllers/login/saml_controller.rb,545,
action,账户与租户管理,CleverController#create,app/controllers/login/clever_controller.rb,23,
action,账户与租户管理,CleverController#oauth2_login_callback_url,app/controllers/login/clever_controller.rb,38,
action,课程、班级与选课,CoursePacing::StudentEnrollmentPacesApiController#pacing_service,app/controllers/course_pacing/student_enrollment_paces_api_controller.rb,23,
action,课程、班级与选课,CoursePacing::StudentEnrollmentPacesApiController#pacing_presenter,app/controllers/course_pacing/student_enrollment_paces_api_controller.rb,27,
action,课程、班级与选课,CoursePacing::StudentEnrollmentPacesApiController#context,app/controllers/course_pacing/student_enrollment_paces_api_controller.rb,33,
action,课程、班级与选课,CoursePacing::StudentEnrollmentPacesApiController#load_contexts,app/controllers/course_pacing/student_enrollment_paces_api_controller.rb,37,
action,课程、班级与选课,CoursePacing::PacesApiController#show,app/controllers/course_pacing/paces_api_controller.rb,26,
action,课程、班级与选课,CoursePacing::PacesApiController#create,app/controllers/course_pacing/paces_api_controller.rb,36,
action,课程、班级与选课,CoursePacing::PacesApiController#update,app/controllers/course_pacing/paces_api_controller.rb,50,
action,课程、班级与选课,CoursePacing::PacesApiController#delete,app/controllers/course_pacing/paces_api_controller.rb,73,
action,课程、班级与选课,CoursePacing::PacesApiController#update_params,app/controllers/course_pacing/paces_api_controller.rb,84,
action,课程、班级与选课,CoursePacing::PacesApiController#pacing_service,app/controllers/course_pacing/paces_api_controller.rb,95,
action,课程、班级与选课,CoursePacing::PacesApiController#pacing_presenter,app/controllers/course_pacing/paces_api_controller.rb,99,
action,课程、班级与选课,CoursePacing::PacesApiController#course,app/controllers/course_pacing/paces_api_controller.rb,103,
action,课程、班级与选课,CoursePacing::PacesApiController#context,app/controllers/course_pacing/paces_api_controller.rb,107,
action,课程、班级与选课,CoursePacing::PacesApiController#authorize_action,app/controllers/course_pacing/paces_api_controller.rb,111,
action,课程、班级与选课,CoursePacing::PacesApiController#load_contexts,app/controllers/course_pacing/paces_api_controller.rb,115,
action,课程、班级与选课,CoursePacing::BulkStudentEnrollmentPacesApiController#student_bulk_pace_edit_view,app/controllers/course_pacing/bulk_student_enrollment_paces_api_controller.rb,27,
action,课程、班级与选课,CoursePacing::BulkStudentEnrollmentPacesApiController#pagination_params,app/controllers/course_pacing/bulk_student_enrollment_paces_api_controller.rb,60,
action,课程、班级与选课,CoursePacing::BulkStudentEnrollmentPacesApiController#fetch_filtered_enrolled_students,app/controllers/course_pacing/bulk_student_enrollment_paces_api_controller.rb,67,
action,课程、班级与选课,CoursePacing::BulkStudentEnrollmentPacesApiController#apply_sorting,app/controllers/course_pacing/bulk_student_enrollment_paces_api_controller.rb,90,
action,课程、班级与选课,CoursePacing::BulkStudentEnrollmentPacesApiController#paginate_students,app/controllers/course_pacing/bulk_student_enrollment_paces_api_controller.rb,103,
action,课程、班级与选课,CoursePacing::BulkStudentEnrollmentPacesApiController#build_students_data,app/controllers/course_pacing/bulk_student_enrollment_paces_api_controller.rb,110,
action,课程、班级与选课,CoursePacing::BulkStudentEnrollmentPacesApiController#build_section_json,app/controllers/course_pacing/bulk_student_enrollment_paces_api_controller.rb,130,
action,课程、班级与选课,CoursePacing::BulkStudentEnrollmentPacesApiController#students_on_pace_status,app/controllers/course_pacing/bulk_student_enrollment_paces_api_controller.rb,138,
action,课程、班级与选课,CoursePacing::BulkStudentEnrollmentPacesApiController#authorize_action,app/controllers/course_pacing/bulk_student_enrollment_paces_api_controller.rb,174,
action,课程、班级与选课,CoursePacing::BulkStudentEnrollmentPacesApiController#ensure_pacing_enabled,app/controllers/course_pacing/bulk_student_enrollment_paces_api_controller.rb,184,
action,课程、班级与选课,CoursePacing::BulkStudentEnrollmentPacesApiController#context,app/controllers/course_pacing/bulk_student_enrollment_paces_api_controller.rb,190,
action,课程、班级与选课,CoursePacing::BulkStudentEnrollmentPacesApiController#load_contexts,app/controllers/course_pacing/bulk_student_enrollment_paces_api_controller.rb,194,
action,课程、班级与选课,CoursePacing::PaceContextsApiController#index,app/controllers/course_pacing/pace_contexts_api_controller.rb,53,
action,课程、班级与选课,CoursePacing::PaceContextsApiController#ensure_pacing_enabled,app/controllers/course_pacing/pace_contexts_api_controller.rb,68,
action,课程、班级与选课,CoursePacing::PaceContextsApiController#authorize_action,app/controllers/course_pacing/pace_contexts_api_controller.rb,72,
action,课程、班级与选课,CoursePacing::PaceContextsApiController#load_type,app/controllers/course_pacing/pace_contexts_api_controller.rb,76,
action,课程、班级与选课,CoursePacing::PaceContextsApiController#filter_params,app/controllers/course_pacing/pace_contexts_api_controller.rb,81,
action,课程、班级与选课,CoursePacing::SectionPacesApiController#pacing_service,app/controllers/course_pacing/section_paces_api_controller.rb,23,
action,课程、班级与选课,CoursePacing::SectionPacesApiController#pacing_presenter,app/controllers/course_pacing/section_paces_api_controller.rb,27,
action,课程、班级与选课,CoursePacing::SectionPacesApiController#context,app/controllers/course_pacing/section_paces_api_controller.rb,33,
action,课程、班级与选课,CoursePacing::SectionPacesApiController#load_contexts,app/controllers/course_pacing/section_paces_api_controller.rb,37,
action,LTI、外部工具与集成,ToolProxyController#lti2_service_name,app/controllers/lti/ims/tool_proxy_controller.rb,45,
action,LTI、外部工具与集成,ToolProxyController#show,app/controllers/lti/ims/tool_proxy_controller.rb,57,
action,LTI、外部工具与集成,ToolProxyController#create,app/controllers/lti/ims/tool_proxy_controller.rb,66,
action,LTI、外部工具与集成,ToolProxyController#re_reg,app/controllers/lti/ims/tool_proxy_controller.rb,96,
action,LTI、外部工具与集成,ToolProxyController#render_new_tool_proxy,app/controllers/lti/ims/tool_proxy_controller.rb,144,
action,LTI、外部工具与集成,ToolProxyController#payload,app/controllers/lti/ims/tool_proxy_controller.rb,163,
action,LTI、外部工具与集成,ToolProxyController#tp_validator,app/controllers/lti/ims/tool_proxy_controller.rb,170,
action,LTI、外部工具与集成,AssetProcessorController#create_report,app/controllers/lti/ims/asset_processor_controller.rb,168,
action,LTI、外部工具与集成,AssetProcessorController#lti_asset_show,app/controllers/lti/ims/asset_processor_controller.rb,188,
action,LTI、外部工具与集成,AssetProcessorController#report_asset,app/controllers/lti/ims/asset_processor_controller.rb,221,
action,LTI、外部工具与集成,AssetProcessorController#download_asset,app/controllers/lti/ims/asset_processor_controller.rb,225,
action,LTI、外部工具与集成,AssetProcessorController#report_type,app/controllers/lti/ims/asset_processor_controller.rb,229,
action,LTI、外部工具与集成,AssetProcessorController#reports_scope,app/controllers/lti/ims/asset_processor_controller.rb,233,
action,LTI、外部工具与集成,AssetProcessorController#report_timestamp,app/controllers/lti/ims/asset_processor_controller.rb,238,
action,LTI、外部工具与集成,AssetProcessorController#translated_report_model_attrs,app/controllers/lti/ims/asset_processor_controller.rb,247,
action,LTI、外部工具与集成,AssetProcessorController#verify_valid_report_timestamp,app/controllers/lti/ims/asset_processor_controller.rb,255,
action,LTI、外部工具与集成,AssetProcessorController#verify_valid_type,app/controllers/lti/ims/asset_processor_controller.rb,261,
action,LTI、外部工具与集成,AssetProcessorController#verify_report_compatible_with_asset,app/controllers/lti/ims/asset_processor_controller.rb,267,
action,LTI、外部工具与集成,AssetProcessorController#verify_processor_compatible_with_asset,app/controllers/lti/ims/asset_processor_controller.rb,273,
action,LTI、外部工具与集成,AssetProcessorController#verify_no_newer_report,app/controllers/lti/ims/asset_processor_controller.rb,280,
action,LTI、外部工具与集成,AssetProcessorController#report_to_api_json,app/controllers/lti/ims/asset_processor_controller.rb,286,
action,LTI、外部工具与集成,AssetProcessorController#asset_processor,app/controllers/lti/ims/asset_processor_controller.rb,299,
action,LTI、外部工具与集成,AssetProcessorController#context,app/controllers/lti/ims/asset_processor_controller.rb,303,
action,LTI、外部工具与集成,AssetProcessorController#verify_developer_key_owns_asset_processor,app/controllers/lti/ims/asset_processor_controller.rb,307,
action,LTI、外部工具与集成,AssetProcessorController#scopes_matcher,app/controllers/lti/ims/asset_processor_controller.rb,313,
action,LTI、外部工具与集成,AuthorizationController#authorize,app/controllers/lti/ims/authorization_controller.rb,111,
action,LTI、外部工具与集成,AuthorizationController#aud,app/controllers/lti/ims/authorization_controller.rb,133,
action,LTI、外部工具与集成,LineItemsController#create,app/controllers/lti/ims/line_items_controller.rb,151,
action,LTI、外部工具与集成,LineItemsController#update,app/controllers/lti/ims/line_items_controller.rb,192,
action,LTI、外部工具与集成,LineItemsController#show,app/controllers/lti/ims/line_items_controller.rb,208,
action,LTI、外部工具与集成,LineItemsController#index,app/controllers/lti/ims/line_items_controller.rb,237,
action,LTI、外部工具与集成,LineItemsController#destroy,app/controllers/lti/ims/line_items_controller.rb,252,
action,LTI、外部工具与集成,LineItemsController#include_launch_url?,app/controllers/lti/ims/line_items_controller.rb,269,
action,LTI、外部工具与集成,LineItemsController#line_item_params,app/controllers/lti/ims/line_items_controller.rb,273,
action,LTI、外部工具与集成,LineItemsController#assignment,app/controllers/lti/ims/line_items_controller.rb,280,
action,LTI、外部工具与集成,LineItemsController#line_item_id,app/controllers/lti/ims/line_items_controller.rb,284,
action,LTI、外部工具与集成,LineItemsController#update_assignment!,app/controllers/lti/ims/line_items_controller.rb,292,
action,LTI、外部工具与集成,LineItemsController#resource_link,app/controllers/lti/ims/line_items_controller.rb,311,
action,LTI、外部工具与集成,LineItemsController#index_query,app/controllers/lti/ims/line_items_controller.rb,318,
action,LTI、外部工具与集成,LineItemsController#line_item_collection,app/controllers/lti/ims/line_items_controller.rb,337,
action,LTI、外部工具与集成,LineItemsController#verify_valid_resource_link,app/controllers/lti/ims/line_items_controller.rb,341,
action,LTI、外部工具与集成,LineItemsController#check_for_bad_resource_link,app/controllers/lti/ims/line_items_controller.rb,348,
action,LTI、外部工具与集成,LineItemsController#scopes_matcher,app/controllers/lti/ims/line_items_controller.rb,354,
action,LTI、外部工具与集成,ResultsController#index,app/controllers/lti/ims/results_controller.rb,79,
action,LTI、外部工具与集成,ResultsController#show,app/controllers/lti/ims/results_controller.rb,93,
action,LTI、外部工具与集成,ResultsController#scopes_matcher,app/controllers/lti/ims/results_controller.rb,99,
action,LTI、外部工具与集成,ResultsController#verify_result_in_line_item,app/controllers/lti/ims/results_controller.rb,106,
action,LTI、外部工具与集成,ResultsController#line_item_url,app/controllers/lti/ims/results_controller.rb,110,
action,LTI、外部工具与集成,ResultsController#result,app/controllers/lti/ims/results_controller.rb,118,
action,LTI、外部工具与集成,ResultsController#results_collection,app/controllers/lti/ims/results_controller.rb,122,
action,LTI、外部工具与集成,NoticeHandlersController#index,app/controllers/lti/ims/notice_handlers_controller.rb,108,
action,LTI、外部工具与集成,NoticeHandlersController#update,app/controllers/lti/ims/notice_handlers_controller.rb,135,
action,LTI、外部工具与集成,NoticeHandlersController#validate_tool_id,app/controllers/lti/ims/notice_handlers_controller.rb,160,
action,LTI、外部工具与集成,NoticeHandlersController#scopes_matcher,app/controllers/lti/ims/notice_handlers_controller.rb,166,
action,LTI、外部工具与集成,NoticeHandlersController#context,app/controllers/lti/ims/notice_handlers_controller.rb,170,
action,LTI、外部工具与集成,NoticeHandlersController#tool,app/controllers/lti/ims/notice_handlers_controller.rb,174,
action,LTI、外部工具与集成,DeepLinkingController#deep_linking_cancel,app/controllers/lti/ims/deep_linking_controller.rb,38,
action,LTI、外部工具与集成,DeepLinkingController#deep_linking_response,app/controllers/lti/ims/deep_linking_controller.rb,59,
action,LTI、外部工具与集成,DeepLinkingController#parent_frame_context,app/controllers/lti/ims/deep_linking_controller.rb,175,
action,LTI、外部工具与集成,DeepLinkingController#render_content_items,app/controllers/lti/ims/deep_linking_controller.rb,181,
action,LTI、外部工具与集成,DeepLinkingController#require_context_update_rights,app/controllers/lti/ims/deep_linking_controller.rb,205,
action,LTI、外部工具与集成,DeepLinkingController#require_tool,app/controllers/lti/ims/deep_linking_controller.rb,211,
action,LTI、外部工具与集成,AuthenticationController#authorize_redirect,app/controllers/lti/ims/authentication_controller.rb,54,
action,LTI、外部工具与集成,AuthenticationController#authorize,app/controllers/lti/ims/authentication_controller.rb,77,
action,LTI、外部工具与集成,AuthenticationController#validate_client_id!,app/controllers/lti/ims/authentication_controller.rb,136,
action,LTI、外部工具与集成,AuthenticationController#validate_current_user!,app/controllers/lti/ims/authentication_controller.rb,144,
action,LTI、外部工具与集成,AuthenticationController#validate_oidc_params!,app/controllers/lti/ims/authentication_controller.rb,152,
action,LTI、外部工具与集成,AuthenticationController#validate_launch_eligibility!,app/controllers/lti/ims/authentication_controller.rb,160,
action,LTI、外部工具与集成,AuthenticationController#set_oidc_error!,app/controllers/lti/ims/authentication_controller.rb,169,
action,LTI、外部工具与集成,AuthenticationController#public_course?,app/controllers/lti/ims/authentication_controller.rb,177,
action,LTI、外部工具与集成,AuthenticationController#verifier,app/controllers/lti/ims/authentication_controller.rb,182,
action,LTI、外部工具与集成,AuthenticationController#canvas_domain,app/controllers/lti/ims/authentication_controller.rb,186,
action,LTI、外部工具与集成,AuthenticationController#parent_frame_context,app/controllers/lti/ims/authentication_controller.rb,191,
action,LTI、外部工具与集成,AuthenticationController#context,app/controllers/lti/ims/authentication_controller.rb,195,
action,LTI、外部工具与集成,AuthenticationController#cached_launch_with_nonce,app/controllers/lti/ims/authentication_controller.rb,202,
action,LTI、外部工具与集成,AuthenticationController#launch_parameters,app/controllers/lti/ims/authentication_controller.rb,211,
action,LTI、外部工具与集成,AuthenticationController#lti_storage_target,app/controllers/lti/ims/authentication_controller.rb,218,
action,LTI、外部工具与集成,AuthenticationController#id_token,app/controllers/lti/ims/authentication_controller.rb,224,
action,LTI、外部工具与集成,AuthenticationController#authorize_redirect_url,app/controllers/lti/ims/authentication_controller.rb,228,
action,LTI、外部工具与集成,AuthenticationController#developer_key,app/controllers/lti/ims/authentication_controller.rb,236,
action,LTI、外部工具与集成,AuthenticationController#redirect_uri,app/controllers/lti/ims/authentication_controller.rb,240,
action,LTI、外部工具与集成,AuthenticationController#oidc_params,app/controllers/lti/ims/authentication_controller.rb,264,
action,LTI、外部工具与集成,AuthenticationController#decoded_jwt,app/controllers/lti/ims/authentication_controller.rb,268,
action,账户与租户管理,NamesAndRolesController#course_index,app/controllers/lti/ims/names_and_roles_controller.rb,286,
action,账户与租户管理,NamesAndRolesController#group_index,app/controllers/lti/ims/names_and_roles_controller.rb,309,
action,账户与租户管理,NamesAndRolesController#base_url,app/controllers/lti/ims/names_and_roles_controller.rb,313,
action,账户与租户管理,NamesAndRolesController#scopes_matcher,app/controllers/lti/ims/names_and_roles_controller.rb,317,
action,账户与租户管理,NamesAndRolesController#context,app/controllers/lti/ims/names_and_roles_controller.rb,321,
action,账户与租户管理,NamesAndRolesController#render_memberships,app/controllers/lti/ims/names_and_roles_controller.rb,328,
action,账户与租户管理,NamesAndRolesController#find_memberships_page,app/controllers/lti/ims/names_and_roles_controller.rb,336,
action,账户与租户管理,NamesAndRolesController#new_provider,app/controllers/lti/ims/names_and_roles_controller.rb,342,
action,LTI、外部工具与集成,AssetProcessorEulaController#validate_tool_id,app/controllers/lti/ims/asset_processor_eula_controller.rb,46,
action,LTI、外部工具与集成,AssetProcessorEulaController#verify_tool_belongs_to_developer_key,app/controllers/lti/ims/asset_processor_eula_controller.rb,50,
action,LTI、外部工具与集成,AssetProcessorEulaController#validate_user,app/controllers/lti/ims/asset_processor_eula_controller.rb,54,
action,LTI、外部工具与集成,AssetProcessorEulaController#validate_timestamp,app/controllers/lti/ims/asset_processor_eula_controller.rb,58,
action,LTI、外部工具与集成,AssetProcessorEulaController#update_tool_eula,app/controllers/lti/ims/asset_processor_eula_controller.rb,85,
action,LTI、外部工具与集成,AssetProcessorEulaController#create_acceptance,app/controllers/lti/ims/asset_processor_eula_controller.rb,123,
action,LTI、外部工具与集成,AssetProcessorEulaController#delete_acceptances,app/controllers/lti/ims/asset_processor_eula_controller.rb,154,
action,LTI、外部工具与集成,AssetProcessorEulaController#tool,app/controllers/lti/ims/asset_processor_eula_controller.rb,159,
action,LTI、外部工具与集成,AssetProcessorEulaController#scopes_matcher,app/controllers/lti/ims/asset_processor_eula_controller.rb,163,
action,LTI、外部工具与集成,AssetProcessorEulaController#context,app/controllers/lti/ims/asset_processor_eula_controller.rb,167,
action,LTI、外部工具与集成,AssetProcessorEulaController#user,app/controllers/lti/ims/asset_processor_eula_controller.rb,171,
action,LTI、外部工具与集成,AssetProcessorEulaController#requested_eula_timestamp,app/controllers/lti/ims/asset_processor_eula_controller.rb,175,
action,LTI、外部工具与集成,AssetProcessorEulaController#user_eulas_scope,app/controllers/lti/ims/asset_processor_eula_controller.rb,184,
action,用户、身份与沟通,ToolConsumerProfileController#show,app/controllers/lti/ims/tool_consumer_profile_controller.rb,31,
action,用户、身份与沟通,ToolConsumerProfileController#lti2_service_name,app/controllers/lti/ims/tool_consumer_profile_controller.rb,46,
action,LTI、外部工具与集成,ProgressController#show,app/controllers/lti/ims/progress_controller.rb,110,
action,LTI、外部工具与集成,ProgressController#context,app/controllers/lti/ims/progress_controller.rb,118,
action,LTI、外部工具与集成,ProgressController#scopes_matcher,app/controllers/lti/ims/progress_controller.rb,122,
action,LTI、外部工具与集成,ProgressController#progress,app/controllers/lti/ims/progress_controller.rb,126,
action,LTI、外部工具与集成,ProgressController#verify_assignment_tool_association,app/controllers/lti/ims/progress_controller.rb,130,
action,LTI、外部工具与集成,DynamicRegistrationController#require_account,app/controllers/lti/ims/dynamic_registration_controller.rb,41,
action,LTI、外部工具与集成,DynamicRegistrationController#require_site_admin_modify_permission,app/controllers/lti/ims/dynamic_registration_controller.rb,45,
action,LTI、外部工具与集成,DynamicRegistrationController#account_context,app/controllers/lti/ims/dynamic_registration_controller.rb,52,
action,LTI、外部工具与集成,DynamicRegistrationController#context_is_domain_root_account?,app/controllers/lti/ims/dynamic_registration_controller.rb,60,
action,LTI、外部工具与集成,DynamicRegistrationController#registration_token,app/controllers/lti/ims/dynamic_registration_controller.rb,64,
action,LTI、外部工具与集成,DynamicRegistrationController#lti_registration_by_uuid,app/controllers/lti/ims/dynamic_registration_controller.rb,95,
action,LTI、外部工具与集成,DynamicRegistrationController#lti_registration_update_request_by_uuid,app/controllers/lti/ims/dynamic_registration_controller.rb,105,
action,LTI、外部工具与集成,DynamicRegistrationController#ims_registration_by_uuid,app/controllers/lti/ims/dynamic_registration_controller.rb,110,
action,LTI、外部工具与集成,DynamicRegistrationController#show,app/controllers/lti/ims/dynamic_registration_controller.rb,114,
action,LTI、外部工具与集成,DynamicRegistrationController#show_configuration,app/controllers/lti/ims/dynamic_registration_controller.rb,177,
action,LTI、外部工具与集成,DynamicRegistrationController#oidc_configuration_url,app/controllers/lti/ims/dynamic_registration_controller.rb,200,
action,LTI、外部工具与集成,DynamicRegistrationController#update_registration_overlay,app/controllers/lti/ims/dynamic_registration_controller.rb,215,
action,LTI、外部工具与集成,DynamicRegistrationController#create,app/controllers/lti/ims/dynamic_registration_controller.rb,249,
action,LTI、外部工具与集成,DynamicRegistrationController#update,app/controllers/lti/ims/dynamic_registration_controller.rb,357,
action,LTI、外部工具与集成,DynamicRegistrationController#registration_view,app/controllers/lti/ims/dynamic_registration_controller.rb,417,
action,LTI、外部工具与集成,DynamicRegistrationController#dr_iframe,app/controllers/lti/ims/dynamic_registration_controller.rb,422,
action,LTI、外部工具与集成,DynamicRegistrationController#render_registration,app/controllers/lti/ims/dynamic_registration_controller.rb,447,
action,LTI、外部工具与集成,DynamicRegistrationController#respond_with_error,app/controllers/lti/ims/dynamic_registration_controller.rb,470,
action,LTI、外部工具与集成,DynamicRegistrationController#registration_attrs_match?,app/controllers/lti/ims/dynamic_registration_controller.rb,477,
action,LTI、外部工具与集成,ScoresController#report_grade_progress_metric,app/controllers/lti/ims/scores_controller.rb,90,
action,LTI、外部工具与集成,ScoresController#create,app/controllers/lti/ims/scores_controller.rb,238,
action,LTI、外部工具与集成,ScoresController#scopes_matcher,app/controllers/lti/ims/scores_controller.rb,294,
action,LTI、外部工具与集成,ScoresController#scores_params,app/controllers/lti/ims/scores_controller.rb,298,
action,LTI、外部工具与集成,ScoresController#extract_extensions,app/controllers/lti/ims/scores_controller.rb,309,
action,LTI、外部工具与集成,ScoresController#verify_required_params,app/controllers/lti/ims/scores_controller.rb,315,
action,LTI、外部工具与集成,ScoresController#verify_valid_timestamp,app/controllers/lti/ims/scores_controller.rb,319,
action,LTI、外部工具与集成,ScoresController#verify_valid_submitted_at,app/controllers/lti/ims/scores_controller.rb,331,
action,LTI、外部工具与集成,ScoresController#verify_valid_score_maximum,app/controllers/lti/ims/scores_controller.rb,342,
action,LTI、外部工具与集成,ScoresController#verify_valid_score_given,app/controllers/lti/ims/scores_controller.rb,359,
action,LTI、外部工具与集成,ScoresController#verify_valid_content_item_submission_type,app/controllers/lti/ims/scores_controller.rb,369,
action,LTI、外部工具与集成,ScoresController#verify_attempts_for_online_upload,app/controllers/lti/ims/scores_controller.rb,379,
action,LTI、外部工具与集成,ScoresController#verify_assignment_published,app/controllers/lti/ims/scores_controller.rb,391,
action,LTI、外部工具与集成,ScoresController#prioritize_non_tool_grade?,app/controllers/lti/ims/scores_controller.rb,397,
action,LTI、外部工具与集成,ScoresController#preserve_score?,app/controllers/lti/ims/scores_controller.rb,401,
action,LTI、外部工具与集成,ScoresController#submission_has_score?,app/controllers/lti/ims/scores_controller.rb,405,
action,LTI、外部工具与集成,ScoresController#score_submission,app/controllers/lti/ims/scores_controller.rb,409,
action,LTI、外部工具与集成,ScoresController#submit_homework,app/controllers/lti/ims/scores_controller.rb,432,
action,LTI、外部工具与集成,ScoresController#update_or_create_result,app/controllers/lti/ims/scores_controller.rb,451,
action,LTI、外部工具与集成,ScoresController#compute_preflights_and_attachments,app/controllers/lti/ims/scores_controller.rb,471,
action,LTI、外部工具与集成,ScoresController#upload_submission_files,app/controllers/lti/ims/scores_controller.rb,524,
action,LTI、外部工具与集成,ScoresController#submission_score,app/controllers/lti/ims/scores_controller.rb,539,
action,LTI、外部工具与集成,ScoresController#line_item_score_maximum_scale,app/controllers/lti/ims/scores_controller.rb,543,
action,LTI、外部工具与集成,ScoresController#reset_score?,app/controllers/lti/ims/scores_controller.rb,551,
action,LTI、外部工具与集成,ScoresController#result,app/controllers/lti/ims/scores_controller.rb,555,
action,LTI、外部工具与集成,ScoresController#timestamp,app/controllers/lti/ims/scores_controller.rb,559,
action,LTI、外部工具与集成,ScoresController#result_url,app/controllers/lti/ims/scores_controller.rb,563,
action,LTI、外部工具与集成,ScoresController#submission_type,app/controllers/lti/ims/scores_controller.rb,572,
action,LTI、外部工具与集成,ScoresController#submission_data,app/controllers/lti/ims/scores_controller.rb,579,
action,LTI、外部工具与集成,ScoresController#new_submission?,app/controllers/lti/ims/scores_controller.rb,585,
action,LTI、外部工具与集成,ScoresController#submitted_at,app/controllers/lti/ims/scores_controller.rb,590,
action,LTI、外部工具与集成,ScoresController#file_content_items,app/controllers/lti/ims/scores_controller.rb,595,
action,LTI、外部工具与集成,ScoresController#has_content_items?,app/controllers/lti/ims/scores_controller.rb,599,
action,LTI、外部工具与集成,ScoresController#parse_timestamp,app/controllers/lti/ims/scores_controller.rb,603,
action,LTI、外部工具与集成,ScoresController#trigger_submission?,app/controllers/lti/ims/scores_controller.rb,615,
action,LTI、外部工具与集成,ToolSettingController#show,app/controllers/lti/ims/tool_setting_controller.rb,75,
action,LTI、外部工具与集成,ToolSettingController#update,app/controllers/lti/ims/tool_setting_controller.rb,81,
action,LTI、外部工具与集成,ToolSettingController#lti2_service_name,app/controllers/lti/ims/tool_setting_controller.rb,89,
action,LTI、外部工具与集成,ToolSettingController#tool_setting_json,app/controllers/lti/ims/tool_setting_controller.rb,95,
action,LTI、外部工具与集成,ToolSettingController#collect_tool_settings,app/controllers/lti/ims/tool_setting_controller.rb,130,
action,LTI、外部工具与集成,ToolSettingController#custom_settings,app/controllers/lti/ims/tool_setting_controller.rb,138,
action,LTI、外部工具与集成,ToolSettingController#tool_setting_type,app/controllers/lti/ims/tool_setting_controller.rb,147,
action,LTI、外部工具与集成,ToolSettingController#authenticate_api_call,app/controllers/lti/ims/tool_setting_controller.rb,157,
action,LTI、外部工具与集成,ToolSettingController#tool_setting,app/controllers/lti/ims/tool_setting_controller.rb,171,
action,LTI、外部工具与集成,ToolSettingController#valid_show_request?,app/controllers/lti/ims/tool_setting_controller.rb,193,
action,LTI、外部工具与集成,ToolSettingController#valid_update_request?,app/controllers/lti/ims/tool_setting_controller.rb,200,
action,LTI、外部工具与集成,ToolSettingController#render_bad_request,app/controllers/lti/ims/tool_setting_controller.rb,210,
route,其他,"Rails.root.glob(""{gems,vendor}/plugins/*/config/pre_routes.rb"") do |pre_routes|",config/routes.rb,23,
route,LTI、外部工具与集成,"post ""/test/mock_lti/ui"", to: ""test/mock_lti#ui""",config/routes.rb,30,
route,账户与租户管理,"post ""/test/mock_lti/login"", to: ""test/mock_lti#login""",config/routes.rb,31,
route,LTI、外部工具与集成,"get ""/test/mock_lti/jwks"", to: ""test/mock_lti#jwks""",config/routes.rb,32,
route,LTI、外部工具与集成,"post ""/test/mock_lti/subscription_handler"", to: ""test/mock_lti#subscription_handler""",config/routes.rb,33,
route,GraphQL API,"post ""/api/graphql"", to: ""graphql#execute""",config/routes.rb,36,
route,GraphQL API,"get ""graphiql"", to: ""graphql#graphiql""",config/routes.rb,37,
route,账户与租户管理,"get ""acceptable_use_policy"", to: ""accounts#acceptable_use_policy""",config/routes.rb,39,
route,作业、提交与评分,"resources :submissions, only: [] do",config/routes.rb,41,
route,作业、提交与评分,"resources :submission_comments, path: :comments, only: :index, defaults: { format: :pdf }",config/routes.rb,42,
route,分析、审计与运维,"resources :docviewer_audit_events, only: [:create], constraints: { format: :json }",config/routes.rb,43,
route,作业、提交与评分,"resources :submission_comments, only: [:update, :destroy]",config/routes.rb,45,
route,SIS、导入导出与报表,"resources :epub_exports, only: [:index]",config/routes.rb,47,
route,用户、身份与沟通,"get ""inbox"" => ""context#inbox""",config/routes.rb,49,
route,账户与租户管理,"get ""oauth/redirect_proxy"" => ""oauth_proxy#redirect_proxy""",config/routes.rb,50,
route,用户、身份与沟通,"get ""conversations/unread"" => ""conversations#index"", :as => :conversations_unread, :redirect_scope => ""unread""",config/routes.rb,52,
route,用户、身份与沟通,"get ""conversations/starred"" => ""conversations#index"", :as => :conversations_starred, :redirect_scope => ""starred""",config/routes.rb,53,
route,用户、身份与沟通,"get ""conversations/sent"" => ""conversations#index"", :as => :conversations_sent, :redirect_scope => ""sent""",config/routes.rb,54,
route,用户、身份与沟通,"get ""conversations/archived"" => ""conversations#index"", :as => :conversations_archived, :redirect_scope => ""archived""",config/routes.rb,55,
route,用户、身份与沟通,"get ""conversations/find_recipients"" => ""search#recipients""",config/routes.rb,56,
route,搜索、AI 与无障碍,"get ""search/recipients"" => ""search#recipients""",config/routes.rb,58,
route,用户、身份与沟通,"post ""conversations/mark_all_as_read"" => ""conversations#mark_all_as_read""",config/routes.rb,59,
route,用户、身份与沟通,"get ""conversations/batches"" => ""conversations#batches"", :as => :conversation_batches",config/routes.rb,60,
route,用户、身份与沟通,"resources :conversations, only: %i[index show update create destroy] do",config/routes.rb,61,
route,其他,post :add_recipients,config/routes.rb,62,
route,用户、身份与沟通,post :add_message,config/routes.rb,63,
route,用户、身份与沟通,post :remove_messages,config/routes.rb,64,
route,账户与租户管理,"post ""/external_auth_observers/redirect_login"" => ""login/external_auth_observers#redirect_login"", :as => :external_auth_validation",config/routes.rb,67,
route,用户、身份与沟通,"match ""register/:nonce"" => ""communication_channels#confirm"", :as => :registration_confirmation, :via => [:get, :post]",config/routes.rb,71,
route,账户与租户管理,"get ""pseudonyms/:id/register/:nonce"" => ""communication_channels#confirm"", :as => :registration_confirmation_deprecated",config/routes.rb,73,
route,用户、身份与沟通,"post ""confirmations/:user_id/re_send(/:id)"" => ""communication_channels#re_send_confirmation"", :as => :re_send_confirmation, :id => nil",config/routes.rb,74,
route,用户、身份与沟通,"get ""confirmations/:user_id/limit_reached(/:id)"" => ""communication_channels#confirmation_limit_reached"", :as => :confirmation_limit_reached, :id => nil",config/routes.rb,75,
route,账户与租户管理,"match ""forgot_password"" => ""pseudonyms#forgot_password"", :as => :forgot_password, :via => [:get, :post]",config/routes.rb,76,
route,账户与租户管理,"get ""pseudonyms/:pseudonym_id/change_password/:nonce"" => ""pseudonyms#confirm_change_password"", :as => :confirm_change_password",config/routes.rb,77,
route,账户与租户管理,"post ""pseudonyms/:pseudonym_id/change_password/:nonce"" => ""pseudonyms#change_password"", :as => :change_password",config/routes.rb,78,
route,账户与租户管理,"get ""oauth"" => ""users#oauth""",config/routes.rb,81,
route,账户与租户管理,"get ""oauth_success"" => ""users#oauth_success""",config/routes.rb,82,
route,用户、身份与沟通,"get ""mr/:id"" => ""info#message_redirect"", :as => :message_redirect",config/routes.rb,84,
route,其他,"get ""help_links"" => ""info#help_links""",config/routes.rb,85,
route,其他,"get ""ada_chat_popup"" => ""ada_chat_popup#show""",config/routes.rb,86,
route,分析、审计与运维,"get ""test_error"" => ""info#test_error"" unless Rails.env.production?",config/routes.rb,89,
route,分析、审计与运维,"get ""live_events/heartbeat"" => ""info#live_events_heartbeat"" unless Rails.env.production?",config/routes.rb,90,
route,测验与题库,resources :question_banks do,config/routes.rb,93,
route,其他,post :bookmark,config/routes.rb,94,
route,其他,post :reorder,config/routes.rb,95,
route,其他,get :questions,config/routes.rb,96,
route,其他,post :move_questions,config/routes.rb,97,
route,测验与题库,resources :assessment_questions,config/routes.rb,98,
route,讨论、公告与协作,"resources :groups, except: :edit",config/routes.rb,103,
route,讨论、公告与协作,"resources :group_categories, only: %i[create update destroy]",config/routes.rb,104,
route,讨论、公告与协作,"get ""group_unassigned_members"" => ""groups#unassigned_members""",config/routes.rb,105,
route,讨论、公告与协作,resources :group_categories do,config/routes.rb,108,
route,其他,"post ""clone_with_name""",config/routes.rb,110,
route,内容、文件与模块,"get ""files/folder#{full_path_glob}"" => ""files#react_files"", :format => false, :defaults => { format: ""html"" }",config/routes.rb,115,
route,内容、文件与模块,"get ""files/search"" => ""files#react_files"", :format => false, :defaults => { format: ""html"" }",config/routes.rb,116,
route,内容、文件与模块,"resources :files, except: [:new] do",config/routes.rb,117,
route,内容、文件与模块,"get ""download"" => ""files#show"", :download => ""1""",config/routes.rb,118,
route,内容、文件与模块,"get ""download.:type"" => ""files#show"", :as => :typed_download, :download => ""1""",config/routes.rb,119,
route,内容、文件与模块,"get ""preview"" => ""files#show"", :preview => ""1""",config/routes.rb,120,
route,内容、文件与模块,"post ""inline_view"" => ""files#show"", :inline => ""1""",config/routes.rb,121,
route,内容、文件与模块,"get ""file_preview"" => ""file_previews#show""",config/routes.rb,122,
route,其他,get :quota,config/routes.rb,124,
route,其他,post :reorder,config/routes.rb,125,
route,内容、文件与模块,"get ""*file_path"" => ""files#show_relative"", :as => :relative_path, :file_path => /.+/ # needs to stay below react_files route",config/routes.rb,127,
route,内容、文件与模块,"get ""images"" => ""files#images""",config/routes.rb,132,
route,内容、文件与模块,"get ""file_contents/*file_path"" => ""files#show_relative"", :as => :relative_file_path, :file_path => /.+/",config/routes.rb,136,
route,内容、文件与模块,resources :folders,config/routes.rb,140,
route,用户、身份与沟通,"get ""media_download"" => ""users#media_download""",config/routes.rb,144,
route,用户、身份与沟通,"get ""users"" => ""context#roster""",config/routes.rb,148,
route,用户、身份与沟通,"get ""user_services"" => ""context#roster_user_services""",config/routes.rb,149,
route,用户、身份与沟通,"get ""users/:user_id/usage"" => ""context#roster_user_usage"", :as => :user_usage",config/routes.rb,150,
route,用户、身份与沟通,"get ""users/:id"" => ""context#roster_user"", :as => :user",config/routes.rb,151,
route,讨论、公告与协作,resources :announcements,config/routes.rb,155,
route,讨论、公告与协作,"resources :discussion_topics, only: %i[index new show edit destroy] do",config/routes.rb,159,
route,讨论、公告与协作,"get ""insights"" => ""discussion_topics#insights"", :as => :insights",config/routes.rb,161,
route,讨论、公告与协作,"get ""discussion_topics/:id/*extras"" => ""discussion_topics#show"", :as => :map, :extras => /.+/",config/routes.rb,164,
route,讨论、公告与协作,resources :discussion_entries,config/routes.rb,165,
route,内容、文件与模块,"resources :wiki_pages, path: :pages, except: %i[update destroy new], constraints: { id: %r{[^/]+} } do",config/routes.rb,169,
route,内容、文件与模块,"get ""revisions"" => ""wiki_pages#revisions"", :as => :revisions",config/routes.rb,170,
route,内容、文件与模块,"get ""wiki"" => ""wiki_pages#front_page"", :as => :wiki",config/routes.rb,173,
route,内容、文件与模块,"get ""wiki/:id"" => ""wiki_pages#show_redirect"", :id => %r{[^/]+}",config/routes.rb,174,
route,内容、文件与模块,"get ""wiki/:id/revisions"" => ""wiki_pages#revisions_redirect"", :id => %r{[^/]+}",config/routes.rb,175,
route,内容、文件与模块,"get ""wiki/:id/revisions/:revision_id"" => ""wiki_pages#revisions_redirect"", :id => %r{[^/]+}",config/routes.rb,176,
route,内容、文件与模块,"get ""new_page"" => ""wiki_pages#new"", :as => :new_page",config/routes.rb,177,
route,讨论、公告与协作,resources :conferences do,config/routes.rb,181,
route,其他,"match :join, via: [:get, :post]",config/routes.rb,182,
route,其他,"match :close, via: [:get, :post]",config/routes.rb,183,
route,其他,get :recording,config/routes.rb,184,
route,讨论、公告与协作,"delete :recording, to: ""conferences#delete_recording"", as: :delete_recording",config/routes.rb,185,
route,分析、审计与运维,get :settings,config/routes.rb,186,
route,作业、提交与评分,"get ""/courses/:course_id/gradebook2"", to: redirect(""/courses/%{course_id}/gradebook"")",config/routes.rb,190,
route,课程、班级与选课,resources :courses do,config/routes.rb,199,
route,课程、班级与选课,"get ""self_enrollment/:self_enrollment"" => ""courses#self_enrollment"", :as => :self_enrollment",config/routes.rb,201,
route,课程、班级与选课,"post ""self_unenrollment/:self_unenrollment"" => ""courses#self_unenrollment"", :as => :self_unenrollment",config/routes.rb,202,
route,其他,post :unconclude,config/routes.rb,203,
route,其他,get :students,config/routes.rb,204,
route,用户、身份与沟通,"get ""observer_pairing_codes.csv"", action: :observer_pairing_codes_csv, as: ""observer_pairing_codes""",config/routes.rb,205,
route,课程、班级与选课,post :enrollment_invitation,config/routes.rb,206,
route,用户、身份与沟通,"get ""users/prior"" => ""context#prior_users"", :as => :prior_users",config/routes.rb,208,
route,其他,get :statistics,config/routes.rb,210,
route,用户、身份与沟通,"delete ""unenroll/:id"" => ""courses#unenroll_user"", :as => :unenroll",config/routes.rb,211,
route,课程、班级与选课,"post ""move_enrollment/:id"" => ""courses#move_enrollment"", :as => :move_enrollment",config/routes.rb,212,
route,用户、身份与沟通,"delete ""unenroll/:id.:format"" => ""courses#unenroll_user"", :as => :formatted_unenroll",config/routes.rb,213,
route,用户、身份与沟通,"post ""limit_user_grading/:id"" => ""courses#limit_user"", :as => :limit_user_grading",config/routes.rb,214,
route,课程、班级与选课,"delete ""conclude_user/:id"" => ""courses#conclude_user"", :as => :conclude_user_enrollment",config/routes.rb,215,
route,课程、班级与选课,"post ""unconclude_user/:id"" => ""courses#unconclude_user"", :as => :unconclude_user_enrollment",config/routes.rb,216,
route,课程、班级与选课,"resources :sections, except: %i[index edit new] do",config/routes.rb,217,
route,课程、班级与选课,"get ""crosslist/confirm/:new_course_id"" => ""sections#crosslist_check"", :as => :confirm_crosslist",config/routes.rb,218,
route,用户、身份与沟通,"get ""user_count"" => ""sections#user_count"", :on => :collection, :as => :user_count",config/routes.rb,219,
route,其他,post :crosslist,config/routes.rb,220,
route,课程、班级与选课,"delete ""crosslist"" => ""sections#uncrosslist"", :as => :uncrosslist",config/routes.rb,221,
route,其他,"get ""undelete"" => ""context#undelete_index"", :as => :undelete_items",config/routes.rb,224,
route,其他,"post ""undelete/:asset_string"" => ""context#undelete_item"", :as => :undelete_item",config/routes.rb,225,
route,分析、审计与运维,"get ""settings#{full_path_glob}"", action: :settings",config/routes.rb,227,
route,分析、审计与运维,get :settings,config/routes.rb,228,
route,课程、班级与选课,"get ""details"" => ""courses#settings""",config/routes.rb,229,
route,其他,post :re_send_invitations,config/routes.rb,230,
route,用户、身份与沟通,post :enroll_users,config/routes.rb,231,
route,课程、班级与选课,post :link_enrollment,config/routes.rb,232,
route,其他,post :update_nav,config/routes.rb,233,
route,作业、提交与评分,resource :gradebook do,config/routes.rb,234,
route,作业、提交与评分,"get ""submissions_upload/:assignment_id"" => ""gradebooks#show_submissions_upload"", :as => :show_submissions_upload",config/routes.rb,235,
route,作业、提交与评分,"post ""submissions_upload/:assignment_id"" => ""gradebooks#submissions_zip_upload"", :as => :submissions_upload",config/routes.rb,236,
route,作业、提交与评分,get :change_gradebook_version,config/routes.rb,239,
route,作业、提交与评分,get :blank_submission,config/routes.rb,240,
route,作业、提交与评分,get :final_grade_overrides,config/routes.rb,241,
route,作业、提交与评分,get :speed_grader,config/routes.rb,242,
route,作业、提交与评分,post :speed_grader_settings,config/routes.rb,243,
route,其他,get :history,config/routes.rb,244,
route,作业、提交与评分,post :update_submission,config/routes.rb,245,
route,作业、提交与评分,post :change_gradebook_column_size,config/routes.rb,246,
route,作业、提交与评分,post :save_gradebook_column_order,config/routes.rb,247,
route,用户、身份与沟通,get :user_ids,config/routes.rb,248,
route,课程、班级与选课,get :grading_period_assignments,config/routes.rb,249,
route,作业、提交与评分,"resource :gradebook_csv, only: [:create]",config/routes.rb,253,
route,SIS、导入导出与报表,"get ""imports/list"" => ""content_imports#index"", :as => :import_list",config/routes.rb,256,
route,SIS、导入导出与报表,"get ""imports"" => ""content_imports#intro""",config/routes.rb,258,
route,作业、提交与评分,resource :gradebook_upload do,config/routes.rb,259,
route,作业、提交与评分,"get ""data"" => ""gradebook_uploads#data""",config/routes.rb,260,
route,作业、提交与评分,"get ""grades"" => ""gradebooks#grade_summary"", :id => nil",config/routes.rb,262,
route,作业、提交与评分,"get ""grading_rubrics"" => ""gradebooks#grading_rubrics""",config/routes.rb,263,
route,作业、提交与评分,"get ""grades/:id"" => ""gradebooks#grade_summary"", :as => :student_grades",config/routes.rb,264,
route,作业、提交与评分,"post ""save_assignment_order"" => ""gradebooks#save_assignment_order"", :as => :save_assignment_order",config/routes.rb,265,
route,内容、文件与模块,"get ""calendar"" => ""calendars#show""",config/routes.rb,267,
route,其他,get :locks,config/routes.rb,268,
route,作业、提交与评分,resources :assignments do,config/routes.rb,270,
route,作业、提交与评分,"get ""moderate"" => ""assignments#show_moderate""",config/routes.rb,271,
route,作业、提交与评分,"get ""anonymous_submissions/:anonymous_id"",",config/routes.rb,273,
route,作业、提交与评分,"get ""anonymous_submissions/:anonymous_id"",",config/routes.rb,279,
route,作业、提交与评分,"get ""anonymous_submissions/:anonymous_id"", to: ""anonymous_submissions#show"", as: :anonymous_submission",config/routes.rb,285,
route,作业、提交与评分,"get ""submissions/:id"",",config/routes.rb,287,
route,作业、提交与评分,"get ""submissions/:id"",",config/routes.rb,293,
route,作业、提交与评分,"put ""anonymous_submissions/:anonymous_id"", to: ""anonymous_submissions#update""",config/routes.rb,299,
route,作业、提交与评分,"put ""anonymous_submissions/:anonymous_id/reassign"", to: ""anonymous_submissions#redo_submission""",config/routes.rb,300,
route,作业、提交与评分,resources :submissions do,config/routes.rb,301,
route,作业、提交与评分,"get ""originality_report/:asset_string"" => ""submissions#originality_report"", :as => :originality_report",config/routes.rb,302,
route,作业、提交与评分,"post ""turnitin/resubmit"" => ""submissions#resubmit_to_turnitin"", :as => :resubmit_to_turnitin",config/routes.rb,303,
route,作业、提交与评分,"get ""turnitin/:asset_string"" => ""submissions#turnitin_report"", :as => :turnitin_report",config/routes.rb,304,
route,作业、提交与评分,"post ""vericite/resubmit"" => ""submissions#resubmit_to_vericite"", :as => :resubmit_to_vericite",config/routes.rb,305,
route,作业、提交与评分,"get ""vericite/:asset_string"" => ""submissions#vericite_report"", :as => :vericite_report",config/routes.rb,306,
route,作业、提交与评分,"get ""audit_events"" => ""submissions#audit_events"", :as => :audit_events",config/routes.rb,307,
route,作业、提交与评分,"put ""reassign"" => ""submissions#redo_submission"", :as => :reassign",config/routes.rb,308,
route,作业、提交与评分,"get ""anonymous_submissions/:anonymous_id/originality_report/:asset_string"",",config/routes.rb,311,
route,作业、提交与评分,"post ""anonymous_submissions/:anonymous_id/turnitin/resubmit"",",config/routes.rb,314,
route,作业、提交与评分,"get ""anonymous_submissions/:anonymous_id/turnitin/:asset_string"",",config/routes.rb,317,
route,作业、提交与评分,"post ""anonymous_submissions/:anonymous_id/vericite/resubmit"",",config/routes.rb,320,
route,作业、提交与评分,"get ""anonymous_submissions/:anonymous_id/vericite/:asset_string"",",config/routes.rb,323,
route,作业、提交与评分,get :rubric,config/routes.rb,327,
route,作业、提交与评分,get :rubric_data,config/routes.rb,328,
route,作业、提交与评分,"resource :rubric_association, path: :rubric do",config/routes.rb,329,
route,作业、提交与评分,"resources :rubric_assessments, path: :assessments do",config/routes.rb,330,
route,作业、提交与评分,"resources :rubric_assessment_imports, path: :imports, only: %i[create show], defaults: { format: :json }",config/routes.rb,332,
route,SIS、导入导出与报表,get :export,config/routes.rb,333,
route,作业、提交与评分,get :peer_reviews,config/routes.rb,338,
route,作业、提交与评分,post :assign_peer_reviews,config/routes.rb,339,
route,作业、提交与评分,"delete ""peer_reviews/:id"" => ""assignments#delete_peer_review"", :as => :delete_peer_review",config/routes.rb,340,
route,作业、提交与评分,"post ""peer_reviews/:id"" => ""assignments#remind_peer_review"", :as => :remind_peer_review",config/routes.rb,341,
route,作业、提交与评分,"post ""peer_reviews/users/:reviewer_id"" => ""assignments#assign_peer_review"", :as => :assign_peer_review",config/routes.rb,342,
route,作业、提交与评分,"put ""mute"" => ""assignments#toggle_mute""",config/routes.rb,343,
route,内容、文件与模块,get :syllabus,config/routes.rb,346,
route,LTI、外部工具与集成,"get ""lti/resource/:resource_link_id"",",config/routes.rb,349,
route,其他,"action: ""resource"",",config/routes.rb,351,
route,其他,get :tool_launch,config/routes.rb,354,
route,测验与题库,scope(controller: :new_quizzes) do,config/routes.rb,358,
route,测验与题库,"get ""launch"", action: :launch, as: :new_quizzes_launch",config/routes.rb,359,
route,测验与题库,"get ""build(/*path)"", action: :launch, as: :new_quizzes_build",config/routes.rb,360,
route,测验与题库,"get ""reporting(/*path)"", action: :launch, as: :new_quizzes_reporting",config/routes.rb,361,
route,测验与题库,"get ""moderation(/*path)"", action: :launch, as: :new_quizzes_moderation",config/routes.rb,362,
route,测验与题库,"get ""exports(/*path)"", action: :launch, as: :new_quizzes_exports",config/routes.rb,363,
route,测验与题库,"get ""taking(/*path)"", action: :launch, as: :new_quizzes_taking",config/routes.rb,364,
route,测验与题库,"get ""observing(/*path)"", action: :launch, as: :new_quizzes_observing",config/routes.rb,365,
route,测验与题库,"get ""errors(/*path)"", action: :launch, as: :new_quizzes_errors",config/routes.rb,366,
route,测验与题库,"get ""settings(/*path)"", action: :launch, as: :new_quizzes_settings",config/routes.rb,367,
route,测验与题库,"get ""version"", action: :launch, as: :new_quizzes_version",config/routes.rb,368,
route,测验与题库,"get ""course_concluded"", action: :launch, as: :new_quizzes_course_concluded",config/routes.rb,369,
route,测验与题库,"get ""banks(/*path)"", action: :launch, as: :new_quizzes_assignment_banks",config/routes.rb,370,
route,测验与题库,scope(controller: :new_quizzes) do,config/routes.rb,376,
route,测验与题库,"get ""banks(/*path)"", action: :banks, as: :new_quizzes_banks",config/routes.rb,377,
route,其他,"resources :grading_standards, only: %i[index create update destroy]",config/routes.rb,380,
route,作业、提交与评分,resources :assignment_groups do,config/routes.rb,382,
route,作业、提交与评分,"post ""reorder"" => ""assignment_groups#reorder_assignments"", :as => :reorder_assignments",config/routes.rb,383,
route,其他,post :reorder,config/routes.rb,385,
route,LTI、外部工具与集成,"get ""external_tools/sessionless_launch"" => ""external_tools#sessionless_launch""",config/routes.rb,389,
route,LTI、外部工具与集成,resources :external_tools do,config/routes.rb,390,
route,其他,"match :resource_selection, via: [:get, :post]",config/routes.rb,391,
route,其他,get :finished,config/routes.rb,392,
route,其他,get :retrieve,config/routes.rb,394,
route,LTI、外部工具与集成,"get ""lti/resource/:resource_link_id"",",config/routes.rb,398,
route,其他,"action: ""resource"",",config/routes.rb,400,
route,用户、身份与沟通,"get ""lti/basic_lti_launch_request/:message_handler_id"",",config/routes.rb,402,
route,LTI、外部工具与集成,"post ""lti/tool_proxy_registration"", controller: ""lti/message"", action: ""registration"", as: :tool_proxy_registration",config/routes.rb,406,
route,LTI、外部工具与集成,"get ""lti/tool_proxy_reregistration/:tool_proxy_id"",",config/routes.rb,407,
route,LTI、外部工具与集成,"get ""lti/registration_return"",",config/routes.rb,411,
route,作业、提交与评分,resources :submissions,config/routes.rb,416,
route,内容、文件与模块,resources :calendar_events,config/routes.rb,417,
route,测验与题库,"resources :item_banks, controller: ""item_banks"", only: [] do",config/routes.rb,425,
route,测验与题库,"get ""/"", to: ""item_banks#show""",config/routes.rb,427,
route,测验与题库,"get ""*path"", to: ""item_banks#show""",config/routes.rb,428,
route,测验与题库,"post ""quizzes/publish""   => ""quizzes/quizzes#publish""",config/routes.rb,432,
route,测验与题库,"post ""quizzes/unpublish"" => ""quizzes/quizzes#unpublish""",config/routes.rb,433,
route,测验与题库,"post ""assignments/publish/quiz""   => ""assignments#publish_quizzes""",config/routes.rb,435,
route,测验与题库,"post ""assignments/unpublish/quiz"" => ""assignments#unpublish_quizzes""",config/routes.rb,436,
route,测验与题库,"get ""activity_builder/*path"" => ""quizzes/quizzes#index""",config/routes.rb,440,
route,测验与题库,"get ""take/*path"" => ""quizzes/quizzes#index""",config/routes.rb,441,
route,测验与题库,"get ""reports/*path"" => ""quizzes/quizzes#index""",config/routes.rb,442,
route,测验与题库,"get ""submission-confirmation/*path"" => ""quizzes/quizzes#index""",config/routes.rb,443,
route,测验与题库,"get ""submission-screen/*path"" => ""quizzes/quizzes#index""",config/routes.rb,444,
route,测验与题库,"post ""quizzes/new"" => ""quizzes/quizzes#new"" # use POST instead of GET (not idempotent)",config/routes.rb,446,
route,测验与题库,"resources :quizzes, controller: ""quizzes/quizzes"", except: :new do",config/routes.rb,447,
route,测验与题库,get :managed_quiz_data,config/routes.rb,448,
route,作业、提交与评分,get :submission_versions,config/routes.rb,449,
route,其他,get :history,config/routes.rb,450,
route,其他,get :statistics,config/routes.rb,451,
route,其他,get :read_only,config/routes.rb,452,
route,作业、提交与评分,get :submission_html,config/routes.rb,453,
route,测验与题库,"resources :quiz_submissions, controller: ""quizzes/quiz_submissions"", path: :submissions do",config/routes.rb,455,
route,其他,put :backup,config/routes.rb,457,
route,其他,post :backup,config/routes.rb,458,
route,其他,get :record_answer,config/routes.rb,461,
route,其他,post :record_answer,config/routes.rb,462,
route,测验与题库,"resources :events, controller: ""quizzes/quiz_submission_events"", path: ""log#{full_path_glob}""",config/routes.rb,464,
route,测验与题库,"post ""extensions/:user_id"" => ""quizzes/quiz_submissions#extensions"", :as => :extensions",config/routes.rb,467,
route,测验与题库,"resources :quiz_questions, controller: ""quizzes/quiz_questions"", path: :questions, only: %i[create update destroy show]",config/routes.rb,468,
route,测验与题库,"resources :quiz_groups, controller: ""quizzes/quiz_groups"", path: :groups, only: %i[index show create update destroy] do",config/routes.rb,469,
route,其他,post :reorder,config/routes.rb,471,
route,测验与题库,"match ""take"" => ""quizzes/quizzes#show"", :take => ""1"", :via => [:get, :post]",config/routes.rb,475,
route,测验与题库,"get ""take/questions/:question_id"" => ""quizzes/quizzes#show"", :as => :question, :take => ""1""",config/routes.rb,476,
route,其他,get :moderate,config/routes.rb,477,
route,其他,get :lockdown_browser_required,config/routes.rb,478,
route,讨论、公告与协作,resources :collaborations,config/routes.rb,481,
route,讨论、公告与协作,"get ""lti_collaborations"" => ""collaborations#lti_index""",config/routes.rb,482,
route,讨论、公告与协作,"get ""lti_collaborations/*all"" => ""collaborations#lti_index""",config/routes.rb,483,
route,作业、提交与评分,resources :gradebook_uploads,config/routes.rb,484,
route,作业、提交与评分,resources :rubrics,config/routes.rb,485,
route,作业、提交与评分,"post ""rubrics/llm_criteria"", controller: :rubrics, action: :llm_criteria",config/routes.rb,486,
route,作业、提交与评分,"post ""rubrics/llm_regenerate_criteria"", controller: :rubrics, action: :llm_regenerate_criteria",config/routes.rb,487,
route,作业、提交与评分,resources :rubric_associations do,config/routes.rb,488,
route,作业、提交与评分,"post ""remind/:assessment_request_id"" => ""rubric_assessments#remind"", :as => :remind_assessee",config/routes.rb,489,
route,作业、提交与评分,"resources :rubric_assessments, path: ""assessments""",config/routes.rb,490,
route,学习成果与能力,"get ""outcomes/users/:user_id"" => ""outcomes#user_outcome_results"", :as => :user_outcomes_results",config/routes.rb,493,
route,学习成果与能力,resources :outcomes do,config/routes.rb,494,
route,学习成果与能力,"get ""alignments/:id"" => ""outcomes#alignment_redirect"", :as => :alignment_redirect",config/routes.rb,495,
route,学习成果与能力,"post ""alignments"" => ""outcomes#align"", :as => :align",config/routes.rb,496,
route,学习成果与能力,"delete ""alignments/:id"" => ""outcomes#remove_alignment"", :as => :remove_alignment",config/routes.rb,497,
route,学习成果与能力,"get ""results"" => ""outcomes#outcome_results""",config/routes.rb,498,
route,学习成果与能力,"get ""results/:id"" => ""outcomes#outcome_result"", :as => :result",config/routes.rb,499,
route,其他,get :details,config/routes.rb,500,
route,其他,get :list,config/routes.rb,502,
route,学习成果与能力,post :add_outcome,config/routes.rb,503,
route,讨论、公告与协作,"resources :outcome_groups, only: %i[create update destroy]",config/routes.rb,507,
route,内容、文件与模块,"resources :context_modules, path: :modules do",config/routes.rb,509,
route,内容、文件与模块,"post ""items"" => ""context_modules#add_item"", :as => :add_item",config/routes.rb,510,
route,内容、文件与模块,"post ""reorder"" => ""context_modules#reorder_items"", :as => :reorder",config/routes.rb,511,
route,内容、文件与模块,"post ""collapse"" => ""context_modules#toggle_collapse"", :as => :toggle_collapse",config/routes.rb,512,
route,内容、文件与模块,"get ""items_html"" => ""context_modules#items_html"", :as => :context_modules_items_html",config/routes.rb,513,
route,内容、文件与模块,"get ""module_html"" => ""context_modules#module_html"", :as => :context_modules_module_html",config/routes.rb,514,
route,内容、文件与模块,"get ""prerequisites/:code"" => ""context_modules#content_tag_prerequisites_needing_finishing"", :as => :prerequisites_needing_finishing",config/routes.rb,515,
route,内容、文件与模块,"get ""items/last"" => ""context_modules#module_redirect"", :as => :last_redirect, :last => 1",config/routes.rb,516,
route,内容、文件与模块,"get ""items/first"" => ""context_modules#module_redirect"", :as => :first_redirect, :first => 1",config/routes.rb,517,
route,其他,post :reorder,config/routes.rb,519,
route,其他,get :progressions,config/routes.rb,520,
route,内容、文件与模块,"get ""bulk_items_html"" => ""context_modules#bulk_items_html"", :as => :bulk_items_html",config/routes.rb,521,
route,课程、班级与选课,"get ""course_pacing"" => ""course_paces#index""",config/routes.rb,525,
route,内容、文件与模块,"post ""collapse_all_modules"" => ""context_modules#toggle_collapse_all""",config/routes.rb,527,
route,内容、文件与模块,"resources :content_exports, only: %i[create index destroy show]",config/routes.rb,528,
route,课程、班级与选课,"get ""offline_web_exports"" => ""courses#offline_web_exports""",config/routes.rb,529,
route,课程、班级与选课,"post ""start_offline_web_export"" => ""courses#start_offline_web_export""",config/routes.rb,530,
route,课程、班级与选课,"get ""start_offline_web_export"" => ""courses#start_offline_web_export""",config/routes.rb,531,
route,作业、提交与评分,"get ""modules/items/assignment_info"" => ""context_modules#content_tag_assignment_data"", :as => :context_modules_assignment_info",config/routes.rb,532,
route,内容、文件与模块,"get ""modules/items/estimated_duration_info"" => ""context_modules#content_tag_estimated_duration_data"", :as => :context_modules_estimated_duration_info",config/routes.rb,533,
route,课程、班级与选课,"get ""modules/items/master_course_info"" => ""context_modules#content_tag_master_course_data"", :as => :context_modules_master_course_info",config/routes.rb,534,
route,内容、文件与模块,"get ""modules/items/:id"" => ""context_modules#item_redirect"", :as => :context_modules_item_redirect",config/routes.rb,535,
route,内容、文件与模块,"get ""modules/items/:id/edit_mastery_paths"" => ""context_modules#item_redirect_mastery_paths""",config/routes.rb,536,
route,内容、文件与模块,"get ""modules/items/:id/choose"" => ""context_modules#choose_mastery_path""",config/routes.rb,537,
route,内容、文件与模块,"get ""modules/items/sequence/:id"" => ""context_modules#item_details"", :as => :context_modules_item_details",config/routes.rb,538,
route,内容、文件与模块,"delete ""modules/items/:id"" => ""context_modules#remove_item"", :as => :context_modules_remove_item",config/routes.rb,539,
route,内容、文件与模块,"put ""modules/items/:id"" => ""context_modules#update_item"", :as => :context_modules_update_item",config/routes.rb,540,
route,课程、班级与选课,"get ""confirm_action"" => ""courses#confirm_action""",config/routes.rb,541,
route,其他,"get :copy, as: :start_copy",config/routes.rb,542,
route,课程、班级与选课,"post ""copy"" => ""courses#copy_course"", :as => :copy_course",config/routes.rb,543,
route,课程、班级与选课,"get ""details/sis_publish"" => ""courses#sis_publish_status"", :as => :sis_publish_status",config/routes.rb,545,
route,课程、班级与选课,"post ""details/sis_publish"" => ""courses#publish_to_sis"", :as => :publish_to_sis",config/routes.rb,546,
route,用户、身份与沟通,"resources :user_lists, only: :create",config/routes.rb,548,
route,用户、身份与沟通,"post ""invite_users"" => ""users#invite_users"", :as => :invite_users",config/routes.rb,549,
route,课程、班级与选课,"post ""reset"" => ""courses#reset_content""",config/routes.rb,551,
route,其他,resources :alerts,config/routes.rb,552,
route,课程、班级与选课,"get ""student_view(/:redirect_to_referer)"" => ""courses#student_view""",config/routes.rb,553,
route,课程、班级与选课,"post ""student_view(/:redirect_to_referer)"" => ""courses#student_view"", :as => :student_view",config/routes.rb,554,
route,课程、班级与选课,"delete ""student_view"" => ""courses#leave_student_view""",config/routes.rb,555,
route,课程、班级与选课,"delete ""test_student"" => ""courses#reset_test_student""",config/routes.rb,556,
route,内容、文件与模块,"get ""content_migrations"" => ""content_migrations#index""",config/routes.rb,557,
route,课程、班级与选课,"get ""link_validator"" => ""courses#link_validator"", :as => :link_validator",config/routes.rb,558,
route,课程、班级与选课,"get ""youtube_migration"" => ""courses#youtube_migration"", :as => :youtube_migration",config/routes.rb,559,
route,其他,"get ""grading_schemes"" => ""grading_schemes_json#detail_list""",config/routes.rb,561,
route,其他,"get ""grading_scheme_summaries"" => ""grading_schemes_json#summary_list""",config/routes.rb,562,
route,其他,"post ""grading_schemes"" => ""grading_schemes_json#create""",config/routes.rb,563,
route,其他,"post ""grading_schemes/:id/archive"" => ""grading_schemes_json#archive""",config/routes.rb,564,
route,其他,"post ""grading_schemes/:id/unarchive"" => ""grading_schemes_json#unarchive""",config/routes.rb,565,
route,其他,"delete ""grading_schemes/:id"" => ""grading_schemes_json#destroy""",config/routes.rb,566,
route,其他,"put ""grading_schemes/:id"" => ""grading_schemes_json#update""",config/routes.rb,567,
route,其他,"get ""grading_schemes/default"" => ""grading_schemes_json#show_default_grading_scheme""",config/routes.rb,568,
route,其他,"get ""grading_schemes/:id"" => ""grading_schemes_json#show""",config/routes.rb,569,
route,课程、班级与选课,"get ""canvas_career_validation"" => ""horizon#validate_course""",config/routes.rb,571,
route,课程、班级与选课,"post ""canvas_career_conversion"" => ""horizon#convert_course""",config/routes.rb,572,
route,课程、班级与选课,"post ""canvas_career_reversion"" => ""horizon#revert_course""",config/routes.rb,573,
route,搜索、AI 与无障碍,"resources :accessibility, only: [:index] do",config/routes.rb,575,
route,搜索、AI 与无障碍,"resource :issues, only: [:create, :update], module: ""accessibility""",config/routes.rb,579,
route,搜索、AI 与无障碍,"post ""preview"" => ""accessibility/preview#create""",config/routes.rb,580,
route,搜索、AI 与无障碍,"get ""preview"" => ""accessibility/preview#show""",config/routes.rb,581,
route,课程、班级与选课,"post ""generate/table_caption"" => ""accessibility/generate#create_table_caption""",config/routes.rb,582,
route,搜索、AI 与无障碍,"post ""generate/alt_text"" => ""accessibility/generate#create_image_alt_text""",config/routes.rb,583,
route,课程、班级与选课,"get ""course_scan"" => ""accessibility/course_scan#show""",config/routes.rb,584,
route,课程、班级与选课,"post ""course_scan"" => ""accessibility/course_scan#create""",config/routes.rb,585,
route,搜索、AI 与无障碍,"get ""resource_scan"" => ""accessibility/resource_scan#index""",config/routes.rb,586,
route,搜索、AI 与无障碍,"get ""resource_scan/poll"" => ""accessibility/resource_scan#poll""",config/routes.rb,587,
route,搜索、AI 与无障碍,"patch ""resource_scan/:id/close_issues"" => ""accessibility/resource_scan#close_issues""",config/routes.rb,588,
route,搜索、AI 与无障碍,"get ""issue_summary"" => ""accessibility/issue_summary#show""",config/routes.rb,589,
route,搜索、AI 与无障碍,"resources :accessibility_issues, only: [:update]",config/routes.rb,593,
route,搜索、AI 与无障碍,"resources :ai_experiences, only: %i[index create new show edit update destroy] do",config/routes.rb,595,
route,用户、身份与沟通,"get ""ai_conversations"", to: ""ai_conversations#index"", as: :ai_conversations",config/routes.rb,596,
route,搜索、AI 与无障碍,"resources :ai_experiences, only: %i[index show new edit]",config/routes.rb,598,
route,测验与题库,"get ""quiz_statistics/:quiz_statistics_id/files/:file_id/download"" => ""files#show"", :as => :quiz_statistics_download, :download => ""1""",config/routes.rb,601,
route,内容、文件与模块,"resources :page_views, only: :update",config/routes.rb,603,
route,其他,"post ""media_objects"" => ""media_objects#create_media_object"", :as => :create_media_object",config/routes.rb,604,
route,其他,"get ""media_objects/:id"" => ""media_objects#media_object_inline"", :as => :media_object",config/routes.rb,605,
route,其他,"get ""media_objects/:media_object_id/redirect"" => ""media_objects#media_object_redirect"", :as => :media_object_redirect",config/routes.rb,606,
route,其他,"get ""media_objects/:media_object_id/thumbnail"" => ""media_objects#media_object_thumbnail"", :as => :media_object_thumbnail",config/routes.rb,607,
route,其他,"get ""media_objects/:media_object_id/info"" => ""media_objects#show"", :as => :media_object_info",config/routes.rb,608,
route,其他,"get ""media_objects_iframe/:media_object_id"" => ""media_objects#iframe_media_player"", :as => :media_object_iframe",config/routes.rb,609,
route,其他,"get ""media_objects_iframe"" => ""media_objects#iframe_media_player"", :as => :media_object_iframe_href",config/routes.rb,610,
route,其他,"get ""media_objects/:media_object_id/media_tracks/:id"" => ""media_tracks#show"", :as => :show_media_tracks",config/routes.rb,611,
route,其他,"post ""media_objects/:media_object_id/media_tracks"" => ""media_tracks#create"", :as => :create_media_tracks",config/routes.rb,612,
route,其他,"delete ""media_objects/:media_object_id/media_tracks/:id"" => ""media_tracks#destroy"", :as => :delete_media_tracks",config/routes.rb,613,
route,内容、文件与模块,"post ""media_attachments"" => ""media_objects#create_media_object"", :as => :create_media_attachment",config/routes.rb,615,
route,内容、文件与模块,"get ""media_attachments/:attachment_id/thumbnail"" => ""media_objects#media_object_thumbnail"", :as => :media_attachment_thumbnail",config/routes.rb,616,
route,内容、文件与模块,"get ""media_attachments/:attachment_id/info"" => ""media_objects#show"", :as => :media_attachment_info",config/routes.rb,617,
route,内容、文件与模块,"get ""media_attachments/:attachment_id/immersive_view"" => ""media_objects#immersive_view"", :as => :media_immersive_view",config/routes.rb,618,
route,内容、文件与模块,"get ""media_attachments_iframe/:attachment_id"" => ""media_objects#iframe_media_player"", :as => :media_attachment_iframe",config/routes.rb,619,
route,内容、文件与模块,"get ""media_attachments/:attachment_id/redirect"" => ""media_objects#media_object_redirect"", :as => :media_attachment_redirect",config/routes.rb,620,
route,内容、文件与模块,"get ""media_attachments/:attachment_id/media_tracks/:id"" => ""media_tracks#show"", :as => :show_media_attachment_tracks",config/routes.rb,621,
route,内容、文件与模块,"post ""media_attachments/:attachment_id/media_tracks"" => ""media_tracks#create"", :as => :create_media_attachment_tracks",config/routes.rb,622,
route,内容、文件与模块,"delete ""media_attachments/:attachment_id/media_tracks/:id"" => ""media_tracks#destroy"", :as => :delete_media_attachment_tracks",config/routes.rb,623,
route,其他,"get ""external_content/success/:service"" => ""external_content#success"", :as => :external_content_success",config/routes.rb,625,
route,其他,"get ""external_content/success/:service/:id"" => ""external_content#success"", :as => :external_content_update",config/routes.rb,626,
route,其他,"get ""external_content/retrieve/oembed"" => ""external_content#oembed_retrieve"", :as => :external_content_oembed_retrieve",config/routes.rb,627,
route,其他,"get ""external_content/cancel/:service"" => ""external_content#cancel"", :as => :external_content_cancel",config/routes.rb,628,
route,LTI、外部工具与集成,"get ""deep_linking_cancel"", controller: ""lti/ims/deep_linking"", action: :deep_linking_cancel, as: ""deep_linking_cancel""",config/routes.rb,630,
route,其他,"resources :block_editors, only: :show",config/routes.rb,632,
route,LTI、外部工具与集成,"post ""#{prefix}/deep_linking_response"", controller: ""lti/ims/deep_linking"", action: :deep_linking_response, as: ""#{context}_deep_linking_response""",config/routes.rb,636,
route,其他,"match ""#{context.pluralize}/:#{context}_id/external_content/success/:service"" => ""external_content#success"", :as => ""#{context}_external_content_success"", :via => [:get, :post]",config/routes.rb,640,
route,其他,"match ""#{context.pluralize}/:#{context}_id/external_content/success/:service/:id"" => ""external_content#success"", :as => ""#{context}_external_content_update"", :via => [:get, :post]",config/routes.rb,641,
route,其他,"scope ""/feeds"" do",config/routes.rb,650,
route,内容、文件与模块,"get ""calendars/:feed_code"" => ""calendar_events_api#public_feed"", :as => :feeds_calendar",config/routes.rb,651,
route,内容、文件与模块,"get ""calendars/:feed_code.:format"" => ""calendar_events_api#public_feed"", :as => :feeds_calendar_format",config/routes.rb,652,
route,讨论、公告与协作,"get ""forums/:feed_code"" => ""discussion_topics#public_feed"", :as => :feeds_forum",config/routes.rb,653,
route,讨论、公告与协作,"get ""forums/:feed_code.:format"" => ""discussion_topics#public_feed"", :as => :feeds_forum_format",config/routes.rb,654,
route,讨论、公告与协作,"get ""topics/:discussion_topic_id/:feed_code"" => ""discussion_entries#public_feed"", :as => :feeds_topic",config/routes.rb,655,
route,讨论、公告与协作,"get ""topics/:discussion_topic_id/:feed_code.:format"" => ""discussion_entries#public_feed"", :as => :feeds_topic_format",config/routes.rb,656,
route,讨论、公告与协作,"get ""announcements/:feed_code"" => ""announcements#public_feed"", :as => :feeds_announcements",config/routes.rb,657,
route,讨论、公告与协作,"get ""announcements/:feed_code.:format"" => ""announcements#public_feed"", :as => :feeds_announcements_format",config/routes.rb,658,
route,课程、班级与选课,"get ""courses/:feed_code"" => ""courses#public_feed"", :as => :feeds_course",config/routes.rb,659,
route,课程、班级与选课,"get ""courses/:feed_code.:format"" => ""courses#public_feed"", :as => :feeds_course_format",config/routes.rb,660,
route,讨论、公告与协作,"get ""groups/:feed_code"" => ""groups#public_feed"", :as => :feeds_group",config/routes.rb,661,
route,讨论、公告与协作,"get ""groups/:feed_code.:format"" => ""groups#public_feed"", :as => :feeds_group_format",config/routes.rb,662,
route,课程、班级与选课,"get ""enrollments/:feed_code"" => ""courses#public_feed"", :as => :feeds_enrollment",config/routes.rb,663,
route,课程、班级与选课,"get ""enrollments/:feed_code.:format"" => ""courses#public_feed"", :as => :feeds_enrollment_format",config/routes.rb,664,
route,用户、身份与沟通,"get ""users/:feed_code"" => ""users#public_feed"", :as => :feeds_user",config/routes.rb,665,
route,用户、身份与沟通,"get ""users/:feed_code.:format"" => ""users#public_feed"", :as => :feeds_user_format",config/routes.rb,666,
route,讨论、公告与协作,"get ""eportfolios/:eportfolio_id.:format"" => ""eportfolios#public_feed"", :as => :feeds_eportfolio",config/routes.rb,667,
route,用户、身份与沟通,"get ""conversations/:feed_code"" => ""conversations#public_feed"", :as => :feeds_conversation",config/routes.rb,668,
route,用户、身份与沟通,"get ""conversations/:feed_code.:format"" => ""conversations#public_feed"", :as => :feeds_conversation_format",config/routes.rb,669,
route,测验与题库,resources :assessment_questions do,config/routes.rb,672,
route,讨论、公告与协作,"resources :eportfolios, except: :index do",config/routes.rb,676,
route,其他,post :reorder_categories,config/routes.rb,677,
route,讨论、公告与协作,"post "":eportfolio_category_id/reorder_entries"" => ""eportfolios#reorder_entries"", :as => :reorder_entries",config/routes.rb,678,
route,讨论、公告与协作,"resources :categories, controller: :eportfolio_categories do",config/routes.rb,679,
route,讨论、公告与协作,"get ""pages"" => ""eportfolio_categories#pages"", :as => :pages",config/routes.rb,680,
route,讨论、公告与协作,"resources :entries, controller: :eportfolio_entries do",config/routes.rb,682,
route,内容、文件与模块,"resources :page_comments, path: :comments, only: [:create, :destroy]",config/routes.rb,683,
route,内容、文件与模块,"get ""files/:attachment_id"" => ""eportfolio_entries#attachment"", :as => :view_file",config/routes.rb,684,
route,作业、提交与评分,"get ""submissions/:submission_id"" => ""eportfolio_entries#submission"", :as => :preview_submission",config/routes.rb,685,
route,SIS、导入导出与报表,"get :export, as: :export_portfolio",config/routes.rb,688,
route,作业、提交与评分,"get :recent_submissions, as: :recent_submissions",config/routes.rb,689,
route,讨论、公告与协作,"get "":category_name"" => ""eportfolio_categories#show"", :as => :named_category",config/routes.rb,690,
route,讨论、公告与协作,"get "":category_name/:entry_name"" => ""eportfolio_entries#show"", :as => :named_category_entry",config/routes.rb,691,
route,讨论、公告与协作,resources :groups do,config/routes.rb,694,
route,用户、身份与沟通,"delete ""remove_user/:user_id"" => ""groups#remove_user"", :as => :remove_user",config/routes.rb,696,
route,用户、身份与沟通,post :add_user,config/routes.rb,697,
route,讨论、公告与协作,"get ""accept_invitation/:uuid"" => ""groups#accept_invitation"", :as => :accept_invitation",config/routes.rb,698,
route,讨论、公告与协作,"get ""members"" => ""groups#context_group_members""",config/routes.rb,699,
route,其他,"get ""undelete"" => ""context#undelete_index"", :as => :undelete_items",config/routes.rb,700,
route,其他,"post ""undelete/:asset_string"" => ""context#undelete_item"", :as => :undelete_item",config/routes.rb,701,
route,内容、文件与模块,resources :calendar_events,config/routes.rb,704,
route,LTI、外部工具与集成,"resources :external_tools, only: :show do",config/routes.rb,707,
route,其他,get :retrieve,config/routes.rb,709,
route,讨论、公告与协作,resources :collaborations,config/routes.rb,717,
route,讨论、公告与协作,"get ""lti_collaborations"" => ""collaborations#lti_index""",config/routes.rb,718,
route,讨论、公告与协作,"get ""lti_collaborations/*all"" => ""collaborations#lti_index""",config/routes.rb,719,
route,内容、文件与模块,"get ""calendar"" => ""calendars#show""",config/routes.rb,720,
route,LTI、外部工具与集成,resources :external_tools do,config/routes.rb,722,
route,其他,get :finished,config/routes.rb,723,
route,其他,"match :resource_selection, via: [:get, :post]",config/routes.rb,724,
route,其他,get :retrieve,config/routes.rb,726,
route,账户与租户管理,resources :accounts do,config/routes.rb,731,
route,课程、班级与选课,"get ""search(/:tab)"", action: :course_user_search",config/routes.rb,732,
route,分析、审计与运维,"get ""settings#{full_path_glob}"", action: :settings",config/routes.rb,733,
route,课程、班级与选课,get :reports_tab,config/routes.rb,734,
route,分析、审计与运维,get :settings,config/routes.rb,735,
route,账户与租户管理,get :admin_tools,config/routes.rb,736,
route,分析、审计与运维,"get :rate_limiting, controller: :rate_limiting_settings, action: :index, as: :rate_limiting",config/routes.rb,737,
route,分析、审计与运维,"resources :rate_limiting_settings, only: %i[index show create update destroy]",config/routes.rb,738,
route,作业、提交与评分,get :eportfolio_moderation,config/routes.rb,739,
route,搜索、AI 与无障碍,get :accessibility,config/routes.rb,740,
route,账户与租户管理,"get ""search"" => ""accounts#course_user_search"", :as => :course_user_search",config/routes.rb,741,
route,账户与租户管理,"post ""account_users"" => ""accounts#add_account_user"", :as => :add_account_user",config/routes.rb,742,
route,账户与租户管理,"delete ""account_users/:id"" => ""accounts#remove_account_user"", :as => :remove_account_user",config/routes.rb,743,
route,其他,"resources :grading_standards, only: %i[index create update destroy]",config/routes.rb,744,
route,其他,get :statistics,config/routes.rb,745,
route,账户与租户管理,"get ""statistics/over_time/:attribute"" => ""accounts#statistics_graph"", :as => :statistics_graph",config/routes.rb,746,
route,账户与租户管理,"get ""statistics/over_time/:attribute.:format"" => ""accounts#statistics_graph"", :as => :formatted_statistics_graph",config/routes.rb,747,
route,LTI、外部工具与集成,get :turnitin_confirmation,config/routes.rb,748,
route,账户与租户管理,"resources :permissions, controller: :role_overrides, only: [:index, :create] do",config/routes.rb,749,
route,账户与租户管理,post :add_role,config/routes.rb,751,
route,账户与租户管理,delete :remove_role,config/routes.rb,752,
route,SIS、导入导出与报表,get :reports,config/routes.rb,755,
route,账户与租户管理,"get ""calendar_settings"", action: :account_calendar_settings, as: :calendar_settings",config/routes.rb,756,
route,分析、审计与运维,scope(controller: :analytics_hub) do,config/routes.rb,758,
route,分析、审计与运维,"get ""analytics_hub"", action: :show, as: :analytics_hub",config/routes.rb,759,
route,账户与租户管理,scope(controller: :brand_configs) do,config/routes.rb,762,
route,其他,"get ""theme_editor"", action: :new, as: :theme_editor",config/routes.rb,763,
route,账户与租户管理,"get ""brand_configs"", action: :index",config/routes.rb,764,
route,账户与租户管理,"post ""brand_configs"", action: :create",config/routes.rb,765,
route,账户与租户管理,"delete ""brand_configs"", action: :destroy",config/routes.rb,766,
route,账户与租户管理,"post ""brand_configs/save_to_account"", action: :save_to_account",config/routes.rb,767,
route,账户与租户管理,"post ""brand_configs/save_to_user_session"", action: :save_to_user_session",config/routes.rb,768,
route,账户与租户管理,"resources :role_overrides, only: [:index, :create] do",config/routes.rb,771,
route,账户与租户管理,post :add_role,config/routes.rb,773,
route,账户与租户管理,delete :remove_role,config/routes.rb,774,
route,账户与租户管理,"resources :terms, except: %i[index new show edit]",config/routes.rb,778,
route,账户与租户管理,"get ""terms"", controller: :terms_api, action: ""index""",config/routes.rb,780,
route,账户与租户管理,resources :sub_accounts,config/routes.rb,782,
route,内容、文件与模块,resources :calendar_events,config/routes.rb,783,
route,用户、身份与沟通,get :avatars,config/routes.rb,785,
route,SIS、导入导出与报表,get :sis_import,config/routes.rb,786,
route,SIS、导入导出与报表,"resources :sis_imports, only: %i[create show index], controller: :sis_imports_api",config/routes.rb,787,
route,账户与租户管理,"get ""users"" => ""accounts#users"", :as => ""users""",config/routes.rb,788,
route,用户、身份与沟通,"post ""users"" => ""users#create"", :as => :add_user",config/routes.rb,789,
route,账户与租户管理,"get ""users/:user_id/delete"" => ""accounts#confirm_delete_user"", :as => :confirm_delete_user",config/routes.rb,790,
route,账户与租户管理,"delete ""users/:user_id"" => ""accounts#remove_user"", :as => :delete_user",config/routes.rb,791,
route,用户、身份与沟通,"resources :users, only: %i[new edit show update]",config/routes.rb,794,
route,账户与租户管理,"resources :account_notifications, only: %i[create update destroy]",config/routes.rb,795,
route,作业、提交与评分,resources :submissions,config/routes.rb,797,
route,账户与租户管理,"put ""sso_settings"" => ""authentication_providers#update_sso_settings"",",config/routes.rb,799,
route,账户与租户管理,"delete ""authentication_providers"" => ""authentication_providers#destroy_all"", :as => :remove_all_authentication_providers",config/routes.rb,801,
route,账户与租户管理,"resources :authentication_providers, only: %i[show] do",config/routes.rb,802,
route,账户与租户管理,"get :refresh_metadata, action: :refresh_saml_metadata",config/routes.rb,803,
route,账户与租户管理,"resources :authentication_providers, only: %i[index create update destroy] do",config/routes.rb,805,
route,其他,"get :debugging, action: :debug_data",config/routes.rb,806,
route,其他,"put :debugging, action: :start_debugging",config/routes.rb,807,
route,其他,"delete :debugging, action: :stop_debugging",config/routes.rb,808,
route,账户与租户管理,"get ""test_ldap_connections"" => ""authentication_providers#test_ldap_connection""",config/routes.rb,810,
route,账户与租户管理,"get ""test_ldap_binds"" => ""authentication_providers#test_ldap_bind""",config/routes.rb,811,
route,账户与租户管理,"get ""test_ldap_searches"" => ""authentication_providers#test_ldap_search""",config/routes.rb,812,
route,账户与租户管理,"match ""test_ldap_logins"" => ""authentication_providers#test_ldap_login"", :via => [:get, :post]",config/routes.rb,813,
route,LTI、外部工具与集成,"get ""external_tools/sessionless_launch"" => ""external_tools#sessionless_launch""",config/routes.rb,815,
route,LTI、外部工具与集成,resources :external_tools do,config/routes.rb,816,
route,其他,get :finished,config/routes.rb,817,
route,其他,"match :resource_selection, via: [:get, :post]",config/routes.rb,818,
route,其他,get :retrieve,config/routes.rb,820,
route,测验与题库,scope(controller: :new_quizzes) do,config/routes.rb,826,
route,测验与题库,"get ""banks(/*path)"", action: :banks, as: :new_quizzes_banks",config/routes.rb,827,
route,LTI、外部工具与集成,"get ""lti/resource/:resource_link_id"",",config/routes.rb,830,
route,其他,"action: ""resource"",",config/routes.rb,832,
route,用户、身份与沟通,"get ""lti/basic_lti_launch_request/:message_handler_id"",",config/routes.rb,834,
route,LTI、外部工具与集成,"post ""lti/tool_proxy_registration"", controller: ""lti/message"", action: ""registration"", as: :tool_proxy_registration",config/routes.rb,838,
route,LTI、外部工具与集成,"get ""lti/tool_proxy_reregistration/:tool_proxy_id"",",config/routes.rb,839,
route,LTI、外部工具与集成,"get ""lti/registration_return"",",config/routes.rb,843,
route,学习成果与能力,"get ""outcomes/users/:user_id"" => ""outcomes#user_outcome_results"", :as => :user_outcomes_results",config/routes.rb,848,
route,学习成果与能力,resources :outcomes do,config/routes.rb,849,
route,学习成果与能力,"get ""results"" => ""outcomes#outcome_results""",config/routes.rb,850,
route,学习成果与能力,"get ""results/:id"" => ""outcomes#outcome_result"", :as => :result",config/routes.rb,851,
route,学习成果与能力,"get ""alignments/:id"" => ""outcomes#alignment_redirect"", :as => :alignment_redirect",config/routes.rb,852,
route,其他,get :details,config/routes.rb,853,
route,其他,get :list,config/routes.rb,855,
route,学习成果与能力,post :add_outcome,config/routes.rb,856,
route,讨论、公告与协作,"resources :outcome_groups, only: %i[create update destroy]",config/routes.rb,860,
route,作业、提交与评分,resources :rubrics,config/routes.rb,862,
route,作业、提交与评分,resources :rubric_associations do,config/routes.rb,863,
route,作业、提交与评分,"resources :rubric_assessments, path: ""assessments""",config/routes.rb,864,
route,学习成果与能力,resources :outcomes,config/routes.rb,871,
route,账户与租户管理,"get ""courses/:id"" => ""accounts#courses_redirect"", :as => :courses_redirect",config/routes.rb,872,
route,其他,resources :alerts,config/routes.rb,873,
route,测验与题库,resources :question_banks do,config/routes.rb,874,
route,其他,post :bookmark,config/routes.rb,875,
route,其他,post :reorder,config/routes.rb,876,
route,其他,get :questions,config/routes.rb,877,
route,其他,post :move_questions,config/routes.rb,878,
route,测验与题库,resources :assessment_questions,config/routes.rb,879,
route,用户、身份与沟通,"resources :user_lists, only: :create",config/routes.rb,882,
route,其他,get :statistics,config/routes.rb,885,
route,账户与租户管理,"resources :developer_keys, only: :index",config/routes.rb,887,
route,账户与租户管理,"get ""/developer_keys/:key_id"", controller: :developer_keys, action: :index, as: ""account_developer_key_view""",config/routes.rb,888,
route,LTI、外部工具与集成,"get ""apps"", controller: ""lti/registrations"", action: :index, as: ""lti_registrations""",config/routes.rb,890,
route,LTI、外部工具与集成,"get ""apps/*path"", controller: ""lti/registrations"", action: :index",config/routes.rb,891,
route,LTI、外部工具与集成,"get ""apps/manage"", controller: ""lti/registrations"", action: :index, as: ""lti_manage_registrations""",config/routes.rb,892,
route,其他,"get ""release_notes"" => ""release_notes#manage"", :as => :release_notes_manage",config/routes.rb,894,
route,其他,"get ""grading_schemes"" => ""grading_schemes_json#detail_list""",config/routes.rb,896,
route,其他,"get ""grading_scheme_summaries"" => ""grading_schemes_json#summary_list""",config/routes.rb,897,
route,讨论、公告与协作,"get ""grading_scheme_grouped"" => ""grading_schemes_json#grouped_list""",config/routes.rb,898,
route,其他,"post ""grading_schemes/:id/archive"" => ""grading_schemes_json#archive""",config/routes.rb,899,
route,其他,"post ""grading_schemes/:id/unarchive"" => ""grading_schemes_json#unarchive""",config/routes.rb,900,
route,其他,"post ""grading_schemes"" => ""grading_schemes_json#create""",config/routes.rb,901,
route,账户与租户管理,"get ""grading_schemes/account_default"" => ""grading_schemes_json#show_account_default_grading_scheme""",config/routes.rb,902,
route,账户与租户管理,"put ""grading_schemes/account_default"" => ""grading_schemes_json#update_account_default_grading_scheme""",config/routes.rb,903,
route,其他,"delete ""grading_schemes/:id"" => ""grading_schemes_json#destroy""",config/routes.rb,904,
route,其他,"put ""grading_schemes/:id"" => ""grading_schemes_json#update""",config/routes.rb,905,
route,其他,"get ""grading_schemes/:id/used_locations"" => ""grading_schemes_json#used_locations"", :as => :grading_schemes_used_locations",config/routes.rb,906,
route,课程、班级与选课,"get ""grading_schemes/:id/used_locations/:course_id"" => ""grading_schemes_json#used_locations_for_course"", :as => :grading_schemes_used_locations_for_course",config/routes.rb,907,
route,账户与租户管理,"get ""grading_schemes/:id/account_used_locations"" => ""grading_schemes_json#account_used_locations"", :as => :grading_schemes_account_used_locations",config/routes.rb,908,
route,其他,"get ""grading_schemes/default"" => ""grading_schemes_json#show_default_grading_scheme""",config/routes.rb,909,
route,其他,"get ""grading_schemes/:id"" => ""grading_schemes_json#show""",config/routes.rb,910,
route,账户与租户管理,"get ""grading_settings"" => ""account_grading_settings#index""",config/routes.rb,912,
route,账户与租户管理,"get ""grading_settings/*path"" => ""account_grading_settings#index""",config/routes.rb,913,
route,用户、身份与沟通,"get ""images/users/:user_id"" => ""users#avatar_image"", :as => :avatar_image",config/routes.rb,916,
route,内容、文件与模块,"get ""images/thumbnails/show/:id/:uuid"" => ""files#show_thumbnail"", :as => :show_thumbnail_image",config/routes.rb,919,
route,内容、文件与模块,"get ""images/thumbnails/show/:id"" => ""files#show_thumbnail"", :as => :show_thumbnail_image_plain",config/routes.rb,920,
route,内容、文件与模块,"get ""images/thumbnails/:id/:uuid"" => ""files#image_thumbnail"", :as => :thumbnail_image",config/routes.rb,921,
route,内容、文件与模块,"get ""images/thumbnails/:id"" => ""files#image_thumbnail"", :as => :thumbnail_image_plain",config/routes.rb,922,
route,用户、身份与沟通,"post ""images/users/:user_id/report"" => ""users#report_avatar_image"", :as => :report_avatar_image",config/routes.rb,923,
route,用户、身份与沟通,"put ""images/users/:user_id"" => ""users#update_avatar_image"", :as => :update_avatar_image",config/routes.rb,924,
route,用户、身份与沟通,"get ""grades"" => ""users#grades""",config/routes.rb,925,
route,用户、身份与沟通,"get ""grades_for_student"" => ""users#grades_for_student""",config/routes.rb,926,
route,账户与租户管理,"get ""login"" => ""login#new""",config/routes.rb,928,
route,账户与租户管理,"get ""login/session_token"" => ""login#session_token"", :as => :login_session_token",config/routes.rb,929,
route,账户与租户管理,"delete ""logout"" => ""login#destroy""",config/routes.rb,930,
route,账户与租户管理,"get ""logout"" => ""login#logout_landing""",config/routes.rb,931,
route,账户与租户管理,"get ""login/canvas"" => ""login/canvas#new"", :as => :canvas_login",config/routes.rb,933,
route,账户与租户管理,"get ""login/canvas/forgot-password"", to: ""login/canvas#new""",config/routes.rb,934,
route,账户与租户管理,"post ""login/canvas"" => ""login/canvas#create""",config/routes.rb,935,
route,账户与租户管理,"scope ""login/canvas/register"", as: ""register"" do",config/routes.rb,936,
route,账户与租户管理,"get ""/"", to: ""login/canvas#new"", as: :landing",config/routes.rb,937,
route,账户与租户管理,"get ""/student"", to: ""login/canvas#new"", as: :student",config/routes.rb,938,
route,账户与租户管理,"get ""/parent"", to: ""login/canvas#new"", as: :parent",config/routes.rb,939,
route,账户与租户管理,"get ""/teacher"", to: ""login/canvas#new"", as: :teacher",config/routes.rb,940,
route,账户与租户管理,"get ""login/ldap"" => ""login/ldap#new""",config/routes.rb,943,
route,账户与租户管理,"post ""login/ldap"" => ""login/ldap#create""",config/routes.rb,944,
route,账户与租户管理,"get ""login/cas"" => ""login/cas#new""",config/routes.rb,946,
route,账户与租户管理,"get ""login/cas/:id"" => ""login/cas#new"", :as => :cas_login",config/routes.rb,947,
route,账户与租户管理,"post ""login/cas"" => ""login/cas#destroy"", :as => :cas_logout",config/routes.rb,948,
route,账户与租户管理,"post ""login/cas/:id"" => ""login/cas#destroy""",config/routes.rb,949,
route,账户与租户管理,"get ""login/saml"" => ""login/saml#new"", :as => :saml_login_base",config/routes.rb,951,
route,账户与租户管理,"get ""login/saml/logout"" => ""login/saml#destroy""",config/routes.rb,952,
route,账户与租户管理,"post ""login/saml/logout"" => ""login/saml#destroy""",config/routes.rb,953,
route,账户与租户管理,"get ""saml_logout"" => ""login/saml#destroy""",config/routes.rb,955,
route,账户与租户管理,"get ""login/saml/:id"" => ""login/saml#new"", :as => :saml_login",config/routes.rb,956,
route,账户与租户管理,"get ""saml_observee"" => ""login/saml#observee_validation"", :as => :saml_observee",config/routes.rb,957,
route,账户与租户管理,"post ""login/saml"" => ""login/saml#create""",config/routes.rb,958,
route,账户与租户管理,"post ""saml_consume"" => ""login/saml#create""",config/routes.rb,960,
route,账户与租户管理,"get ""login/saml_idp_discovery"" => ""login/saml_idp_discovery#new""",config/routes.rb,962,
route,账户与租户管理,"get ""login/saml_idp_discovery/:id"" => ""login/saml_idp_discovery#new"", :as => :saml_idp_discovery_login",config/routes.rb,963,
route,账户与租户管理,"get ""login/oauth/callback"" => ""login/oauth#create"", :as => :oauth_login_callback",config/routes.rb,966,
route,账户与租户管理,"get ""login/oauth2/callback"" => ""login/oauth2#create"", :as => :oauth2_login_callback",config/routes.rb,968,
route,账户与租户管理,"post ""login/oauth2/callback"" => ""login/oauth2#create""",config/routes.rb,970,
route,账户与租户管理,"get ""login/oauth2"" => ""login/oauth2#new"" if Rails.env.test?",config/routes.rb,973,
route,账户与租户管理,"get ""login/apple"" => ""login/apple#new"", :as => :apple_login",config/routes.rb,975,
route,账户与租户管理,"post ""login/apple"" => ""login/apple#new""",config/routes.rb,976,
route,账户与租户管理,"get ""login/clever"" => ""login/clever#new"", :as => :clever_login",config/routes.rb,977,
route,账户与租户管理,"get ""login/clever/callback"" => ""login/clever#create"", :as => :clever_callback",config/routes.rb,980,
route,账户与租户管理,"get ""login/clever/:id"" => ""login/clever#new""",config/routes.rb,981,
route,账户与租户管理,"get ""login/facebook"" => ""login/facebook#new"", :as => :facebook_login",config/routes.rb,982,
route,账户与租户管理,"get ""login/github"" => ""login/github#new"", :as => :github_login",config/routes.rb,983,
route,账户与租户管理,"get ""login/google"" => ""login/google#new"", :as => :google_login",config/routes.rb,984,
route,账户与租户管理,"post ""login/google"" => ""login/google#new""",config/routes.rb,985,
route,账户与租户管理,"get ""login/google/:id"" => ""login/google#new""",config/routes.rb,986,
route,账户与租户管理,"get ""login/linkedin"" => ""login/linkedin#new"", :as => :linkedin_login",config/routes.rb,987,
route,账户与租户管理,"get ""login/microsoft"" => ""login/microsoft#new""",config/routes.rb,988,
route,账户与租户管理,"post ""login/microsoft"" => ""login/microsoft#new""",config/routes.rb,989,
route,账户与租户管理,"get ""login/microsoft/:id"" => ""login/microsoft#new"", :as => :microsoft_login",config/routes.rb,990,
route,账户与租户管理,"get ""login/openid_connect"" => ""login/openid_connect#new""",config/routes.rb,991,
route,账户与租户管理,"post ""login/openid_connect"" => ""login/openid_connect#new""",config/routes.rb,992,
route,账户与租户管理,"get ""login/openid_connect/:id"" => ""login/openid_connect#new"", :as => :openid_connect_login",config/routes.rb,993,
route,账户与租户管理,"post ""login/openid_connect/logout"" => ""login/openid_connect#destroy"", :as => :openid_connect_logout",config/routes.rb,994,
route,账户与租户管理,"get ""login/otp"" => ""login/otp#new"", :as => :otp_login",config/routes.rb,996,
route,账户与租户管理,"post ""login/otp/sms"" => ""login/otp#send_via_sms"", :as => :send_otp_via_sms",config/routes.rb,997,
route,账户与租户管理,"post ""login/otp"" => ""login/otp#create""",config/routes.rb,998,
route,账户与租户管理,"delete ""login/otp/cancel"" => ""login/otp#cancel_otp"", :as => :cancel_otp",config/routes.rb,999,
route,用户、身份与沟通,"get ""users/self/otps"" => ""one_time_passwords#index"", :as => :one_time_passwords",config/routes.rb,1000,
route,用户、身份与沟通,"delete ""users/self/otps"" => ""one_time_passwords#destroy_all"", :as => :destroy_all_one_time_passwords",config/routes.rb,1001,
route,账户与租户管理,"get ""login/:id"" => ""login#new""",config/routes.rb,1004,
route,账户与租户管理,"delete ""users/:user_id/mfa"" => ""login/otp#destroy"", :as => :disable_mfa",config/routes.rb,1006,
route,账户与租户管理,"get ""file_session/clear"" => ""login#clear_file_session"", :as => :clear_file_session",config/routes.rb,1007,
route,用户、身份与沟通,"get ""register"" => ""users#new""",config/routes.rb,1009,
route,用户、身份与沟通,"get ""register_from_website"" => ""users#new""",config/routes.rb,1010,
route,课程、班级与选课,"get ""enroll/:self_enrollment_code"" => ""self_enrollments#new"", :as => :enroll",config/routes.rb,1011,
route,用户、身份与沟通,"get ""services"" => ""users#services""",config/routes.rb,1012,
route,用户、身份与沟通,"get ""search/bookmarks"" => ""users#bookmark_search"", :as => :bookmark_search",config/routes.rb,1013,
route,作业、提交与评分,"get ""search/rubrics"" => ""search#rubrics""",config/routes.rb,1014,
route,课程、班级与选课,"get ""search/all_courses"" => ""search#all_courses""",config/routes.rb,1015,
route,用户、身份与沟通,"resources :users, except: [:destroy, :index] do",config/routes.rb,1016,
route,其他,"match ""masquerade"", via: [:get, :post]",config/routes.rb,1017,
route,内容、文件与模块,"resources :page_views, only: :index",config/routes.rb,1020,
route,内容、文件与模块,resources :folders,config/routes.rb,1021,
route,内容、文件与模块,resources :calendar_events,config/routes.rb,1023,
route,用户、身份与沟通,"get ""external_tools/:id"" => ""users#external_tool"", :as => :external_tool",config/routes.rb,1024,
route,作业、提交与评分,resources :rubrics,config/routes.rb,1025,
route,作业、提交与评分,resources :rubric_associations do,config/routes.rb,1026,
route,作业、提交与评分,"resources :rubric_assessments, path: :assessments",config/routes.rb,1027,
route,账户与租户管理,"resources :pseudonyms, except: :index",config/routes.rb,1030,
route,测验与题库,"resources :question_banks, only: :index",config/routes.rb,1031,
route,账户与租户管理,get :admin_merge,config/routes.rb,1032,
route,账户与租户管理,get :admin_split,config/routes.rb,1033,
route,用户、身份与沟通,get :user_for_merge,config/routes.rb,1034,
route,作业、提交与评分,get :grades,config/routes.rb,1035,
route,课程、班级与选课,get :manageable_courses,config/routes.rb,1036,
route,学习成果与能力,"get ""outcomes"" => ""outcomes#user_outcome_results""",config/routes.rb,1037,
route,用户、身份与沟通,"get ""teacher_activity/course/:course_id"" => ""users#teacher_activity"", :as => :course_teacher_activity",config/routes.rb,1038,
route,用户、身份与沟通,"get ""teacher_activity/student/:student_id"" => ""users#teacher_activity"", :as => :student_teacher_activity",config/routes.rb,1039,
route,其他,get :media_download,config/routes.rb,1040,
route,用户、身份与沟通,"resources :messages, only: %i[index create show] do",config/routes.rb,1041,
route,用户、身份与沟通,get :html_message,config/routes.rb,1042,
route,用户、身份与沟通,"resource :profile, controller: :profile, only: [:show, :update] do",config/routes.rb,1046,
route,账户与租户管理,"resources :pseudonyms, except: :index",config/routes.rb,1047,
route,其他,"resources :tokens, only: [] do",config/routes.rb,1048,
route,其他,post :activate,config/routes.rb,1050,
route,用户、身份与沟通,put :update_profile,config/routes.rb,1054,
route,其他,get :communication,config/routes.rb,1055,
route,其他,put :communication_update,config/routes.rb,1056,
route,分析、审计与运维,get :settings,config/routes.rb,1057,
route,其他,get :content_shares,config/routes.rb,1058,
route,用户、身份与沟通,get :observees,config/routes.rb,1059,
route,账户与租户管理,"get ""account_notifications"" => ""account_notifications#render_past_global_announcements""",config/routes.rb,1063,
route,用户、身份与沟通,"scope ""/profile"" do",config/routes.rb,1065,
route,用户、身份与沟通,"post ""toggle_disable_inbox"" => ""profile#toggle_disable_inbox""",config/routes.rb,1066,
route,用户、身份与沟通,"get ""profile_pictures"" => ""profile#profile_pics"", :as => :profile_pics",config/routes.rb,1067,
route,账户与租户管理,"get ""qr_mobile_login"" => ""profile#qr_mobile_login"", :as => :qr_mobile_login",config/routes.rb,1068,
route,用户、身份与沟通,"delete ""user_services/:id"" => ""users#delete_user_service"", :as => :profile_user_service",config/routes.rb,1069,
route,用户、身份与沟通,"post ""user_services"" => ""users#create_user_service"", :as => :profile_create_user_service",config/routes.rb,1070,
route,用户、身份与沟通,"get ""about/:id"" => ""profile#show"", :as => :user_profile",config/routes.rb,1073,
route,用户、身份与沟通,resources :communication_channels,config/routes.rb,1074,
route,用户、身份与沟通,"get """" => ""users#user_dashboard"", :as => ""dashboard""",config/routes.rb,1076,
route,用户、身份与沟通,"get ""dashboard-sidebar"" => ""users#dashboard_sidebar"", :as => :dashboard_sidebar",config/routes.rb,1077,
route,用户、身份与沟通,"post ""users/toggle_hide_dashcard_color_overlays"" => ""users#toggle_hide_dashcard_color_overlays""",config/routes.rb,1078,
route,其他,"get ""styleguide"" => ""info#styleguide""",config/routes.rb,1079,
route,账户与租户管理,"get ""accounts/:account_id/theme-preview"" => ""brand_configs#show""",config/routes.rb,1080,
route,用户、身份与沟通,"root to: ""users#user_dashboard"", as: ""root"", via: :get",config/routes.rb,1081,
route,用户、身份与沟通,"get ""dashboard"" => ""users#user_dashboard"", :as => :dashboard_redirect",config/routes.rb,1083,
route,其他,"resource :dashboard, only: [] do",config/routes.rb,1087,
route,内容、文件与模块,"resources :content_exports, path: :data_exports",config/routes.rb,1088,
route,其他,"scope ""/dashboard"" do",config/routes.rb,1091,
route,用户、身份与沟通,"get ""stream_items"" => ""users#dashboard_stream_items"", :as => :dashboard_stream_items",config/routes.rb,1092,
route,用户、身份与沟通,"get ""dashboard_cards"" => ""users#dashboard_cards"", :as => :dashboard_dashboard_cards",config/routes.rb,1093,
route,用户、身份与沟通,"put ""view"" => ""users#dashboard_view""",config/routes.rb,1094,
route,用户、身份与沟通,"delete ""account_notifications/:id"" => ""users#close_notification"", :as => :dashboard_close_notification",config/routes.rb,1095,
route,用户、身份与沟通,"get ""eportfolios"" => ""eportfolios#user_index"", :as => :dashboard_eportfolios",config/routes.rb,1096,
route,LTI、外部工具与集成,"post ""comment_session"" => ""services_api#start_kaltura_session"", :as => :dashboard_comment_session",config/routes.rb,1097,
route,用户、身份与沟通,"delete ""ignore_stream_item/:id"" => ""users#ignore_stream_item"", :as => :dashboard_ignore_stream_item",config/routes.rb,1098,
route,其他,"resources :plugins, only: %i[index show update]",config/routes.rb,1101,
route,内容、文件与模块,"get ""calendar"" => ""calendars#show""",config/routes.rb,1103,
route,内容、文件与模块,"get ""calendar2"" => ""calendars#show""",config/routes.rb,1104,
route,课程、班级与选课,"get ""course_sections/:course_section_id/calendar_events/:id"" => ""calendar_events#show"", :as => :course_section_calendar_event",config/routes.rb,1105,
route,内容、文件与模块,"get ""files"" => ""files#index""",config/routes.rb,1106,
route,内容、文件与模块,"get ""files/folder#{full_path_glob}"", controller: ""files"", action: ""react_files"", format: false, defaults: { format: ""html"" }",config/routes.rb,1107,
route,内容、文件与模块,"get ""files/search"", controller: ""files"", action: ""react_files"", format: false, defaults: { format: ""html"" }",config/routes.rb,1108,
route,内容、文件与模块,"get ""files/:id/public_url"" => ""files#public_url"", :as => :public_url",config/routes.rb,1109,
route,内容、文件与模块,"post ""files/pending"" => ""files#create_pending"", :as => :file_create_pending",config/routes.rb,1110,
route,作业、提交与评分,"resources :assignments, only: :index do",config/routes.rb,1111,
route,内容、文件与模块,"resources :files, only: [] do",config/routes.rb,1112,
route,内容、文件与模块,"post ""inline_view"" => ""files#show"", :inline => ""1""",config/routes.rb,1113,
route,讨论、公告与协作,"resources :appointment_groups, only: %i[index show edit]",config/routes.rb,1117,
route,SIS、导入导出与报表,"resources :errors, only: %i[show index create], path: :error_reports",config/routes.rb,1119,
route,其他,"get ""health_check"" => ""info#health_check""",config/routes.rb,1121,
route,SIS、导入导出与报表,"get ""health_prognosis"" => ""info#health_prognosis""",config/routes.rb,1122,
route,其他,"get ""readiness"" => ""info#readiness""",config/routes.rb,1124,
route,其他,"get ""internal/readiness"" => ""info#readiness""",config/routes.rb,1126,
route,其他,"get ""deep"" => ""info#deep""",config/routes.rb,1127,
route,其他,"get ""shard_info"" => ""info#shard_info""",config/routes.rb,1128,
route,其他,"get ""web-app-manifest/manifest.json"" => ""info#web_app_manifest""",config/routes.rb,1130,
route,其他,"get ""browserconfig.xml"", to: ""info#browserconfig"", defaults: { format: ""xml"" }",config/routes.rb,1132,
route,其他,"post ""object_snippet"" => ""context#object_snippet""",config/routes.rb,1134,
route,账户与租户管理,"get ""saml2"" => ""login/saml#metadata""",config/routes.rb,1135,
route,LTI、外部工具与集成,"get ""internal/services/jwks"" => ""security#jwks""",config/routes.rb,1136,
route,内容、文件与模块,"get ""xsd/:version.xsd"" => ""content_exports#xml_schema""",config/routes.rb,1139,
route,分析、审计与运维,"get ""/jobs"", to: ""jobs_v2#redirect"", as: ""jobs""",config/routes.rb,1141,
route,分析、审计与运维,"get ""/job_stats"", to: ""jobs_v2#job_stats"", as: ""job_stats""",config/routes.rb,1142,
route,分析、审计与运维,"resources :jobs_v1, controller: :jobs, only: [:index, :show] do",config/routes.rb,1144,
route,其他,"post ""batch_update""",config/routes.rb,1146,
route,分析、审计与运维,"resources :jobs_v2, only: [:index]",config/routes.rb,1150,
route,其他,"get ""equation_images/*id"" => ""equation_images#show"", :as => :equation_images, :id => /.+/",config/routes.rb,1152,
route,作业、提交与评分,"resources :assignments, only: [:index, :show] do",config/routes.rb,1160,
route,内容、文件与模块,"get ""files/:id/download"" => ""files#show"", :download => ""1""",config/routes.rb,1161,
route,内容、文件与模块,"resources :files, except: [:new] do",config/routes.rb,1164,
route,内容、文件与模块,"get ""download"" => ""files#show"", :download => ""1""",config/routes.rb,1165,
route,作业、提交与评分,resources :rubrics do,config/routes.rb,1168,
route,作业、提交与评分,"resources :rubric_assessments, path: :assessments",config/routes.rb,1169,
route,其他,"post ""selection_test"" => ""external_content#selection_test""",config/routes.rb,1172,
route,测验与题库,"scope ""/quizzes/quiz_submissions/:quiz_submission_id"", as: ""quiz_submission"" do",config/routes.rb,1174,
route,学习成果与能力,"get ""courses/:course_id/outcome_rollups"" => ""outcome_results#rollups"", :as => ""course_outcome_rollups""",config/routes.rb,1178,
route,账户与租户管理,"get ""terms_of_use"" => ""legal_information#terms_of_use"", :as => ""terms_of_use_redirect""",config/routes.rb,1180,
route,其他,"get ""privacy_policy"" => ""legal_information#privacy_policy"", :as => ""privacy_policy_redirect""",config/routes.rb,1181,
route,搜索、AI 与无障碍,scope(controller: :career) do,config/routes.rb,1183,
route,课程、班级与选课,"get ""career/courses/:course_id"", action: :show",config/routes.rb,1185,
route,课程、班级与选课,"get ""career/courses/:course_id/*path"", action: :show",config/routes.rb,1186,
route,账户与租户管理,"get ""career/accounts/:account_id"", action: :show",config/routes.rb,1187,
route,账户与租户管理,"get ""career/accounts/:account_id/*path"", action: :show",config/routes.rb,1188,
route,搜索、AI 与无障碍,"get ""career"", action: :show, as: :canvas_career",config/routes.rb,1189,
route,搜索、AI 与无障碍,"get ""career/*path"", action: :show, as: :canvas_career_path",config/routes.rb,1190,
route,搜索、AI 与无障碍,scope(controller: :career_experience) do,config/routes.rb,1193,
route,搜索、AI 与无障碍,"post ""career/switch_experience"", action: :switch_experience",config/routes.rb,1194,
route,搜索、AI 与无障碍,scope(controller: :smart_search) do,config/routes.rb,1197,
route,课程、班级与选课,"get ""courses/:course_id/search"", action: :show, as: :course_search",config/routes.rb,1198,
route,其他,scope(controller: :translation) do,config/routes.rb,1203,
route,课程、班级与选课,"post ""courses/:course_id/translate"", action: :translate, as: :translate",config/routes.rb,1204,
route,课程、班级与选课,"post ""courses/:course_id/translate/paragraph"", action: :translate_paragraph, as: :translate_paragraph",config/routes.rb,1205,
route,课程、班级与选课,"post ""courses/:course_id/translate/feedback"", action: :translation_feedback, as: :translation_feedback",config/routes.rb,1206,
route,LTI、外部工具与集成,"scope(controller: ""lti/asset_processor_launch"") do",config/routes.rb,1209,
route,LTI、外部工具与集成,"get ""asset_processors/:asset_processor_id/launch"", action: :launch_settings, as: :asset_processor_settings_launch",config/routes.rb,1210,
route,LTI、外部工具与集成,"get ""asset_processors/:asset_processor_id/reports/:report_id/launch"", action: :launch_report, as: :asset_report_launch",config/routes.rb,1211,
route,LTI、外部工具与集成,"scope(controller: ""lti/eula_launch"") do",config/routes.rb,1214,
route,LTI、外部工具与集成,"get ""#{context}s/:#{context}_id/external_tools/:context_external_tool_id/eula_launch"", action: :launch_eula, as: ""#{context}_tool_eula_launch""",config/routes.rb,1216,
route,课程、班级与选课,scope(controller: :courses) do,config/routes.rb,1226,
route,课程、班级与选课,"get ""courses"", action: :index, as: ""courses""",config/routes.rb,1227,
route,课程、班级与选课,"put ""courses/:id"", action: :update",config/routes.rb,1228,
route,课程、班级与选课,"get ""courses/:id"", action: :show, as: ""course""",config/routes.rb,1229,
route,课程、班级与选课,"delete ""courses/:id"", action: :destroy",config/routes.rb,1230,
route,账户与租户管理,"post ""accounts/:account_id/courses"", action: :create",config/routes.rb,1231,
route,课程、班级与选课,"get ""courses/:course_id/students"", action: :students",config/routes.rb,1232,
route,课程、班级与选课,"get ""courses/:course_id/settings"", action: :api_settings, as: ""course_settings""",config/routes.rb,1233,
route,课程、班级与选课,"put ""courses/:course_id/settings"", action: :update_settings",config/routes.rb,1234,
route,课程、班级与选课,"get ""courses/:course_id/recent_students"", action: :recent_students, as: ""course_recent_students""",config/routes.rb,1235,
route,用户、身份与沟通,"get ""courses/:course_id/users"", action: :users, as: ""course_users""",config/routes.rb,1236,
route,课程、班级与选课,"get ""courses/:course_id/collaborations"", controller: :collaborations, action: :api_index, as: ""course_collaborations_index""",config/routes.rb,1237,
route,课程、班级与选课,"delete ""courses/:course_id/collaborations/:id"", controller: :collaborations, action: :destroy",config/routes.rb,1238,
route,测验与题库,"put ""courses/:id/quizzes"", action: ""new_quizzes_selection_update"", as: ""course_new_quizzes_selection_update""",config/routes.rb,1239,
route,用户、身份与沟通,"post ""courses/:id/dismiss_migration_limitation_message"", action: ""dismiss_migration_limitation_msg"", as: ""course_dismiss_migration_limitation_msg""",config/routes.rb,1240,
route,用户、身份与沟通,"get ""courses/:course_id/search_users"", action: :users",config/routes.rb,1244,
route,用户、身份与沟通,"get ""courses/:course_id/users/:id"", action: :user, as: ""course_user""",config/routes.rb,1245,
route,用户、身份与沟通,"get ""courses/:course_id/users/:user_id/progress"", action: :user_progress",config/routes.rb,1246,
route,用户、身份与沟通,"get ""courses/:course_id/content_share_users"", action: :content_share_users, as: ""course_content_share_users""",config/routes.rb,1247,
route,课程、班级与选课,"get ""courses/:course_id/activity_stream"", action: :activity_stream, as: ""course_activity_stream""",config/routes.rb,1248,
route,课程、班级与选课,"get ""courses/:course_id/activity_stream/summary"", action: :activity_stream_summary, as: ""course_activity_stream_summary""",config/routes.rb,1249,
route,用户、身份与沟通,"get ""courses/:course_id/bulk_user_progress"", action: :bulk_user_progress, as: ""course_bulk_user_progress""",config/routes.rb,1250,
route,课程、班级与选课,"get ""courses/:course_id/todo"", action: :todo_items, as: ""course_todo_list_items""",config/routes.rb,1251,
route,课程、班级与选课,"post ""courses/:course_id/preview_html"", action: :preview_html",config/routes.rb,1252,
route,课程、班级与选课,"post ""courses/:course_id/course_copy"", controller: :content_imports, action: :copy_course_content",config/routes.rb,1253,
route,课程、班级与选课,"get ""courses/:course_id/course_copy/:id"", controller: :content_imports, action: :copy_course_status, as: :course_copy_status",config/routes.rb,1254,
route,课程、班级与选课,"post ""courses/:course_id/restore/:version_id"", action: :restore_version, as: ""course_restore_version""",config/routes.rb,1255,
route,课程、班级与选课,"get  ""courses/:course_id/files"", controller: :files, action: :api_index, as: ""course_files""",config/routes.rb,1256,
route,课程、班级与选课,"post ""courses/:course_id/files"", action: :create_file, as: ""course_create_file""",config/routes.rb,1257,
route,课程、班级与选课,"get ""courses/:course_id/folders"", controller: :folders, action: :list_all_folders, as: ""course_folders""",config/routes.rb,1258,
route,内容、文件与模块,"get ""courses/:course_id/folders_and_files"", controller: :folders, action: :list_all_folders_and_files, as: ""course_folders_and_files""",config/routes.rb,1259,
route,课程、班级与选课,"post ""courses/:course_id/folders"", controller: :folders, action: :create",config/routes.rb,1260,
route,课程、班级与选课,"get ""courses/:course_id/folders/by_path/*full_path"", controller: :folders, action: :resolve_path",config/routes.rb,1261,
route,课程、班级与选课,"get ""courses/:course_id/folders/by_path"", controller: :folders, action: :resolve_path",config/routes.rb,1262,
route,课程、班级与选课,"get ""courses/:course_id/folders/icon_maker"", controller: :folders, action: :icon_maker_folder",config/routes.rb,1263,
route,课程、班级与选课,"get ""courses/:course_id/folders/media"", controller: :folders, action: :media_folder",config/routes.rb,1264,
route,课程、班级与选课,"get ""courses/:course_id/folders/:id/duplicates"", controller: :folders, action: :duplicates",config/routes.rb,1265,
route,课程、班级与选课,"get ""courses/:course_id/folders/:id"", controller: :folders, action: :show, as: ""course_folder""",config/routes.rb,1266,
route,其他,"get ""media_objects"", controller: ""media_objects"", action: :index, as: :media_objects",config/routes.rb,1267,
route,课程、班级与选课,"get ""courses/:course_id/media_objects"", controller: ""media_objects"", action: :index, as: :course_media_objects",config/routes.rb,1268,
route,讨论、公告与协作,"get ""groups/:group_id/media_objects"", controller: ""media_objects"", action: :index, as: :group_media_objects",config/routes.rb,1269,
route,内容、文件与模块,"get ""media_attachments"", controller: ""media_objects"", action: :index, as: :media_attachments",config/routes.rb,1270,
route,课程、班级与选课,"get ""courses/:course_id/media_attachments"", controller: ""media_objects"", action: :index, as: :course_media_attachments",config/routes.rb,1271,
route,讨论、公告与协作,"get ""groups/:group_id/media_attachments"", controller: ""media_objects"", action: :index, as: :group_media_attachments",config/routes.rb,1272,
route,账户与租户管理,"put ""accounts/:account_id/courses"", action: :batch_update",config/routes.rb,1273,
route,课程、班级与选课,"post ""courses/:course_id/ping"", action: :ping, as: ""course_ping""",config/routes.rb,1274,
route,课程、班级与选课,"get ""courses/:course_id/link_validation"", action: :link_validation, as: ""course_link_validation""",config/routes.rb,1276,
route,课程、班级与选课,"post ""courses/:course_id/link_validation"", action: :start_link_validation",config/routes.rb,1277,
route,课程、班级与选课,"get ""courses/:course_id/youtube_migration/scan"", action: :youtube_migration_scan, as: ""course_youtube_migration_scan""",config/routes.rb,1279,
route,课程、班级与选课,"post ""courses/:course_id/youtube_migration/scan"", action: :start_youtube_migration_scan",config/routes.rb,1280,
route,课程、班级与选课,"put ""courses/:course_id/youtube_migration/scan/:scan_id"", action: :update_youtube_migration_scan",config/routes.rb,1281,
route,课程、班级与选课,"post ""courses/:course_id/youtube_migration/convert"", action: :start_youtube_migration_convert",config/routes.rb,1282,
route,课程、班级与选课,"get ""courses/:course_id/youtube_migration/conversion_status"", action: :youtube_migration_conversion_status",config/routes.rb,1283,
route,课程、班级与选课,"post ""courses/:course_id/reset_content"", action: :reset_content",config/routes.rb,1285,
route,用户、身份与沟通,"get  ""users/:user_id/courses"", action: :user_index, as: ""user_courses""",config/routes.rb,1286,
route,课程、班级与选课,"get ""courses/:course_id/effective_due_dates"", action: :effective_due_dates, as: ""course_effective_due_dates""",config/routes.rb,1287,
route,课程、班级与选课,"get ""courses/:course_id/permissions"", action: :permissions",config/routes.rb,1288,
route,课程、班级与选课,"get ""courses/:course_id/student_view_student"", action: :student_view_student",config/routes.rb,1290,
route,搜索、AI 与无障碍,scope(controller: :ai_experiences) do,config/routes.rb,1293,
route,课程、班级与选课,"get ""courses/:course_id/ai_experiences"", action: :index, as: ""course_ai_experiences""",config/routes.rb,1294,
route,课程、班级与选课,"post ""courses/:course_id/ai_experiences"", action: :create",config/routes.rb,1295,
route,课程、班级与选课,"get ""courses/:course_id/ai_experiences/new"", action: :new, as: ""new_course_ai_experience""",config/routes.rb,1296,
route,课程、班级与选课,"get ""courses/:course_id/ai_experiences/:id"", action: :show, as: ""course_ai_experience""",config/routes.rb,1297,
route,课程、班级与选课,"get ""courses/:course_id/ai_experiences/:id/edit"", action: :edit, as: ""course_ai_experience_edit""",config/routes.rb,1298,
route,课程、班级与选课,"put ""courses/:course_id/ai_experiences/:id"", action: :update",config/routes.rb,1299,
route,课程、班级与选课,"delete ""courses/:course_id/ai_experiences/:id"", action: :destroy, as: ""course_ai_experience_destroy""",config/routes.rb,1300,
route,用户、身份与沟通,"get ""courses/:course_id/ai_experiences/:id/ai_conversations"", action: :ai_conversations_index, as: ""course_ai_experience_ai_conversations""",config/routes.rb,1301,
route,用户、身份与沟通,"get ""courses/:course_id/ai_experiences/:id/ai_conversations/:conversation_id"", action: :ai_conversation_show, as: ""course_ai_experience_ai_conversation""",config/routes.rb,1302,
route,用户、身份与沟通,scope(controller: :ai_conversations) do,config/routes.rb,1305,
route,用户、身份与沟通,"get ""courses/:course_id/ai_experiences/:ai_experience_id/conversations"", action: :active_conversation, as: ""course_ai_experience_conversations""",config/routes.rb,1306,
route,用户、身份与沟通,"get ""courses/:course_id/ai_experiences/:ai_experience_id/conversations/:id"", action: :show, as: ""course_ai_experience_conversation""",config/routes.rb,1307,
route,用户、身份与沟通,"post ""courses/:course_id/ai_experiences/:ai_experience_id/conversations"", action: :create",config/routes.rb,1308,
route,用户、身份与沟通,"post ""courses/:course_id/ai_experiences/:ai_experience_id/conversations/:id/messages"", action: :post_message, as: ""course_ai_experience_conversation_messages""",config/routes.rb,1309,
route,用户、身份与沟通,"post ""courses/:course_id/ai_experiences/:ai_experience_id/conversations/:id/messages/:message_id/feedback"", action: :create_feedback, as: ""course_ai_experience_conversation_message_feedback""",config/routes.rb,1310,
route,用户、身份与沟通,"delete ""courses/:course_id/ai_experiences/:ai_experience_id/conversations/:id/messages/:message_id/feedback/:feedback_id"", action: :delete_feedback, as: ""course_ai_experience_conversation_message_feedback_delete""",config/routes.rb,1311,
route,用户、身份与沟通,"delete ""courses/:course_id/ai_experiences/:ai_experience_id/conversations/:id"", action: :destroy",config/routes.rb,1312,
route,用户、身份与沟通,"get ""courses/:course_id/ai_experiences/:ai_experience_id/conversations/:id/evaluation"", action: :evaluation, as: ""course_ai_experience_conversation_evaluation""",config/routes.rb,1313,
route,其他,scope(controller: :microfrontends_release_tag_override) do,config/routes.rb,1316,
route,其他,"get ""microfrontends/release_tag_override"", action: :create, as: :microfrontends_release_tag_override",config/routes.rb,1317,
route,其他,"delete ""microfrontends/release_tag_override"", action: :destroy",config/routes.rb,1318,
route,账户与租户管理,scope(controller: :account_calendars_api) do,config/routes.rb,1321,
route,账户与租户管理,"get ""account_calendars"", action: :index, as: :account_calendars",config/routes.rb,1322,
route,账户与租户管理,"get ""account_calendars/:account_id"", action: :show, as: :account_calendar",config/routes.rb,1323,
route,账户与租户管理,"put ""account_calendars/:account_id"", action: :update, as: :update_account_calendar",config/routes.rb,1324,
route,账户与租户管理,"put ""accounts/:account_id/account_calendars"", action: :bulk_update, as: :bulk_update_account_calendars",config/routes.rb,1325,
route,账户与租户管理,"get ""accounts/:account_id/account_calendars"", action: :all_calendars, as: :all_account_calendars",config/routes.rb,1326,
route,账户与租户管理,"get ""accounts/:account_id/visible_calendars_count"", action: :visible_calendars_count, as: :visible_calendars_count",config/routes.rb,1327,
route,内容、文件与模块,scope(controller: :discovery_pages_api) do,config/routes.rb,1330,
route,内容、文件与模块,"get ""discovery_pages"", action: :show",config/routes.rb,1331,
route,内容、文件与模块,"put ""discovery_pages"", action: :upsert, as: :discovery_pages",config/routes.rb,1332,
route,内容、文件与模块,"post ""discovery_pages/token"", action: :token, as: :discovery_pages_token",config/routes.rb,1333,
route,账户与租户管理,scope(controller: :account_notifications) do,config/routes.rb,1336,
route,账户与租户管理,"post ""accounts/:account_id/account_notifications"", action: :create, as: ""account_notification""",config/routes.rb,1337,
route,账户与租户管理,"put ""accounts/:account_id/account_notifications/:id"", action: :update, as: ""account_notification_update""",config/routes.rb,1338,
route,用户、身份与沟通,"get ""accounts/:account_id/account_notifications"", action: :user_index, as: ""user_account_notifications"" # to change the api docs",config/routes.rb,1339,
route,用户、身份与沟通,"get ""accounts/:account_id/users/:user_id/account_notifications"", action: :user_index_deprecated # for back compat",config/routes.rb,1340,
route,用户、身份与沟通,"get ""accounts/:account_id/account_notifications/:id"", action: :show, as: ""user_account_notification_show""",config/routes.rb,1341,
route,用户、身份与沟通,"get ""accounts/:account_id/users/:user_id/account_notifications/:id"", action: :show_deprecated",config/routes.rb,1342,
route,用户、身份与沟通,"delete ""accounts/:account_id/account_notifications/:id"", action: :user_close_notification, as: ""user_account_notification""",config/routes.rb,1343,
route,用户、身份与沟通,"delete ""accounts/:account_id/users/:user_id/account_notifications/:id"", action: :user_close_notification_deprecated",config/routes.rb,1344,
route,账户与租户管理,scope(controller: :brand_configs_api) do,config/routes.rb,1347,
route,其他,"get ""brand_variables"", action: :show",config/routes.rb,1348,
route,账户与租户管理,"get ""accounts/:account_id/brand_variables"", action: :show_context",config/routes.rb,1349,
route,课程、班级与选课,"get ""courses/:course_id/brand_variables"", action: :show_context",config/routes.rb,1350,
route,账户与租户管理,scope(controller: :accounts) do,config/routes.rb,1353,
route,分析、审计与运维,"get ""settings/environment"", action: :environment",config/routes.rb,1354,
route,课程、班级与选课,scope(controller: :tabs) do,config/routes.rb,1357,
route,账户与租户管理,"get ""accounts/:account_id/tabs"", action: :index, as: ""account_tabs""",config/routes.rb,1358,
route,课程、班级与选课,"get ""courses/:course_id/tabs"", action: :index, as: ""course_tabs""",config/routes.rb,1359,
route,课程、班级与选课,"get ""groups/:group_id/tabs"", action: :index, as: ""group_tabs""",config/routes.rb,1360,
route,用户、身份与沟通,"get ""users/:user_id/tabs"", action: :index, as: ""user_profile_tabs""",config/routes.rb,1361,
route,课程、班级与选课,"put ""courses/:course_id/tabs/:tab_id"", action: :update",config/routes.rb,1362,
route,作业、提交与评分,scope(controller: :gradebook_filters_api) do,config/routes.rb,1365,
route,作业、提交与评分,"get ""courses/:course_id/gradebook_filters"", action: :index",config/routes.rb,1366,
route,作业、提交与评分,"post ""courses/:course_id/gradebook_filters"", action: :create",config/routes.rb,1367,
route,作业、提交与评分,"get ""courses/:course_id/gradebook_filters/:id"", action: :show",config/routes.rb,1368,
route,作业、提交与评分,"put ""courses/:course_id/gradebook_filters/:id"", action: :update",config/routes.rb,1369,
route,作业、提交与评分,"delete ""courses/:course_id/gradebook_filters/:id"", action: :destroy",config/routes.rb,1370,
route,其他,scope(controller: :scopes_api) do,config/routes.rb,1373,
route,账户与租户管理,"get ""accounts/:account_id/scopes"", action: :index",config/routes.rb,1374,
route,课程、班级与选课,scope(controller: :sections) do,config/routes.rb,1377,
route,课程、班级与选课,"get ""courses/:course_id/sections"", action: :index, as: ""course_sections""",config/routes.rb,1378,
route,课程、班级与选课,"get ""courses/:course_id/sections/:id"", action: :show, as: ""course_section""",config/routes.rb,1379,
route,课程、班级与选课,"get ""sections/:id"", action: :show",config/routes.rb,1380,
route,用户、身份与沟通,"get ""sections/:id/users"", action: :users, as: ""section_users""",config/routes.rb,1381,
route,课程、班级与选课,"post ""courses/:course_id/sections"", action: :create",config/routes.rb,1382,
route,课程、班级与选课,"put ""sections/:id"", action: :update",config/routes.rb,1383,
route,课程、班级与选课,"delete ""sections/:id"", action: :destroy",config/routes.rb,1384,
route,课程、班级与选课,"post ""sections/:id/crosslist/:new_course_id"", action: :crosslist",config/routes.rb,1385,
route,课程、班级与选课,"delete ""sections/:id/crosslist"", action: :uncrosslist",config/routes.rb,1386,
route,课程、班级与选课,scope(controller: :enrollments_api) do,config/routes.rb,1389,
route,课程、班级与选课,"get  ""courses/:course_id/enrollments"", action: :index, as: ""course_enrollments""",config/routes.rb,1390,
route,课程、班级与选课,"get  ""sections/:section_id/enrollments"", action: :index, as: ""section_enrollments""",config/routes.rb,1391,
route,用户、身份与沟通,"get  ""users/:user_id/enrollments"", action: :index, as: ""user_enrollments""",config/routes.rb,1392,
route,用户、身份与沟通,"get  ""users/:user_id/temporary_enrollment_status"", action: :show_temporary_enrollment_status",config/routes.rb,1393,
route,课程、班级与选课,"get  ""temporary_enrollment_status"", action: :bulk_temporary_enrollment_status",config/routes.rb,1394,
route,账户与租户管理,"get  ""accounts/:account_id/enrollments/:id"", action: :show, as: ""enrollment""",config/routes.rb,1395,
route,账户与租户管理,"post ""accounts/:account_id/bulk_enrollment"", action: :bulk_enrollment, as: ""bulk_enrollment""",config/routes.rb,1397,
route,课程、班级与选课,"post ""courses/:course_id/enrollments"", action: :create",config/routes.rb,1398,
route,课程、班级与选课,"post ""sections/:section_id/enrollments"", action: :create",config/routes.rb,1399,
route,课程、班级与选课,"post ""courses/:course_id/enrollments/:id/accept"", action: :accept",config/routes.rb,1400,
route,课程、班级与选课,"post ""courses/:course_id/enrollments/:id/reject"", action: :reject",config/routes.rb,1401,
route,用户、身份与沟通,"put ""courses/:course_id/users/:user_id/last_attended"", action: :last_attended",config/routes.rb,1403,
route,课程、班级与选课,"put ""courses/:course_id/enrollments/:id/reactivate"", action: :reactivate, as: ""reactivate_enrollment""",config/routes.rb,1404,
route,课程、班级与选课,"delete ""courses/:course_id/enrollments/:id"", action: :destroy, as: ""destroy_enrollment""",config/routes.rb,1406,
route,课程、班级与选课,scope(controller: :temporary_enrollment_pairings_api) do,config/routes.rb,1409,
route,账户与租户管理,"get ""accounts/:account_id/temporary_enrollment_pairings"", action: :index",config/routes.rb,1410,
route,账户与租户管理,"get ""accounts/:account_id/temporary_enrollment_pairings/:id"", action: :show",config/routes.rb,1411,
route,账户与租户管理,"get ""accounts/:account_id/temporary_enrollment_pairings/new"", action: :new",config/routes.rb,1412,
route,账户与租户管理,"post ""accounts/:account_id/temporary_enrollment_pairings"", action: :create",config/routes.rb,1413,
route,账户与租户管理,"delete ""accounts/:account_id/temporary_enrollment_pairings/:id"", action: :destroy",config/routes.rb,1414,
route,账户与租户管理,scope(controller: :terms_api) do,config/routes.rb,1417,
route,账户与租户管理,"get ""accounts/:account_id/terms"", action: :index, as: ""enrollment_terms""",config/routes.rb,1418,
route,账户与租户管理,"get ""accounts/:account_id/terms/:id"", action: :show, as: ""enrollment_term""",config/routes.rb,1419,
route,账户与租户管理,scope(controller: :terms) do,config/routes.rb,1422,
route,账户与租户管理,"post ""accounts/:account_id/terms"", action: :create",config/routes.rb,1423,
route,账户与租户管理,"put ""accounts/:account_id/terms/:id"", action: :update",config/routes.rb,1424,
route,账户与租户管理,"delete ""accounts/:account_id/terms/:id"", action: :destroy",config/routes.rb,1425,
route,其他,scope(controller: :tokens) do,config/routes.rb,1428,
route,用户、身份与沟通,"get ""users/:user_id/user_generated_tokens"", action: :user_generated_tokens, as: ""user_generated_tokens""",config/routes.rb,1429,
route,用户、身份与沟通,"get ""users/:user_id/tokens/:id"", action: :show, as: ""token""",config/routes.rb,1430,
route,用户、身份与沟通,"post ""users/:user_id/tokens"", action: :create, as: ""tokens""",config/routes.rb,1431,
route,用户、身份与沟通,"put ""users/:user_id/tokens/:id"", action: :update",config/routes.rb,1432,
route,用户、身份与沟通,"delete ""users/:user_id/tokens/:id"", action: :destroy",config/routes.rb,1433,
route,分析、审计与运维,scope(controller: :authentication_audit_api) do,config/routes.rb,1436,
route,账户与租户管理,"get ""audit/authentication/logins/:login_id"", action: :for_login, as: ""audit_authentication_login""",config/routes.rb,1437,
route,账户与租户管理,"get ""audit/authentication/accounts/:account_id"", action: :for_account, as: ""audit_authentication_account""",config/routes.rb,1438,
route,用户、身份与沟通,"get ""audit/authentication/users/:user_id"", action: :for_user, as: ""audit_authentication_user""",config/routes.rb,1439,
route,作业、提交与评分,scope(controller: :grade_change_audit_api) do,config/routes.rb,1442,
route,作业、提交与评分,"get ""audit/grade_change/assignments/:assignment_id"", action: :for_assignment, as: ""audit_grade_change_assignment""",config/routes.rb,1443,
route,课程、班级与选课,"get ""audit/grade_change/courses/:course_id"", action: :for_course, as: ""audit_grade_change_course""",config/routes.rb,1444,
route,作业、提交与评分,"get ""audit/grade_change/students/:student_id"", action: :for_student, as: ""audit_grade_change_student""",config/routes.rb,1445,
route,作业、提交与评分,"get ""audit/grade_change/graders/:grader_id"", action: :for_grader, as: ""audit_grade_change_grader""",config/routes.rb,1446,
route,作业、提交与评分,"get ""audit/grade_change/courses/:course_id/assignments/:assignment_id"",",config/routes.rb,1447,
route,作业、提交与评分,"get ""audit/grade_change/courses/:course_id/assignments/:assignment_id/graders/:grader_id"",",config/routes.rb,1450,
route,作业、提交与评分,"get ""audit/grade_change/courses/:course_id/assignments/:assignment_id/graders/:grader_id/students/:student_id"",",config/routes.rb,1453,
route,作业、提交与评分,"get ""audit/grade_change/courses/:course_id/assignments/:assignment_id/students/:student_id"",",config/routes.rb,1456,
route,课程、班级与选课,"get ""audit/grade_change/courses/:course_id/graders/:grader_id"",",config/routes.rb,1459,
route,课程、班级与选课,"get ""audit/grade_change/courses/:course_id/graders/:grader_id/students/:student_id"",",config/routes.rb,1462,
route,课程、班级与选课,"get ""audit/grade_change/courses/:course_id/students/:student_id"",",config/routes.rb,1465,
route,作业、提交与评分,"get ""audit/grade_change"", action: :query, as: ""audit_grade_change""",config/routes.rb,1468,
route,课程、班级与选课,scope(controller: :course_audit_api) do,config/routes.rb,1471,
route,课程、班级与选课,"get ""audit/course/courses/:course_id"", action: :for_course, as: ""audit_course_for_course""",config/routes.rb,1472,
route,账户与租户管理,"get ""audit/course/accounts/:account_id"", action: :for_account, as: ""audit_course_for_account""",config/routes.rb,1473,
route,作业、提交与评分,scope(controller: :assignment_overrides) do,config/routes.rb,1476,
route,课程、班级与选课,"get ""courses/:course_id/assignments/:assignment_id/overrides"", action: :index",config/routes.rb,1477,
route,课程、班级与选课,"post ""courses/:course_id/assignments/:assignment_id/overrides"", action: :create",config/routes.rb,1478,
route,课程、班级与选课,"get ""courses/:course_id/assignments/:assignment_id/overrides/:id"", action: :show, as: ""assignment_override""",config/routes.rb,1479,
route,课程、班级与选课,"put ""courses/:course_id/assignments/:assignment_id/overrides/:id"", action: :update",config/routes.rb,1480,
route,课程、班级与选课,"delete ""courses/:course_id/assignments/:assignment_id/overrides/:id"", action: :destroy",config/routes.rb,1481,
route,课程、班级与选课,"get ""sections/:course_section_id/assignments/:assignment_id/override"", action: :section_alias",config/routes.rb,1482,
route,作业、提交与评分,"get ""groups/:group_id/assignments/:assignment_id/override"", action: :group_alias",config/routes.rb,1483,
route,课程、班级与选课,"get ""courses/:course_id/assignments/overrides"", action: :batch_retrieve",config/routes.rb,1484,
route,课程、班级与选课,"put ""courses/:course_id/assignments/overrides"", action: :batch_update",config/routes.rb,1485,
route,课程、班级与选课,"post ""courses/:course_id/assignments/overrides"", action: :batch_create",config/routes.rb,1486,
route,作业、提交与评分,scope(controller: :assignments_api) do,config/routes.rb,1489,
route,作业、提交与评分,"get ""courses/:course_id/assignments/gradeable_students"", controller: :submissions_api, action: :multiple_gradeable_students, as: ""multiple_assignments_gradeable_students""",config/routes.rb,1490,
route,课程、班级与选课,"get ""courses/:course_id/assignments"", action: :index, as: ""course_assignments""",config/routes.rb,1491,
route,课程、班级与选课,"get ""courses/:course_id/assignment_groups/:assignment_group_id/assignments"", action: :index, as: ""course_assignment_group_assignments""",config/routes.rb,1492,
route,用户、身份与沟通,"get ""users/:user_id/courses/:course_id/assignments"", action: :user_index, as: ""user_course_assignments""",config/routes.rb,1493,
route,课程、班级与选课,"put ""courses/:course_id/assignments/bulk_update"", action: :bulk_update",config/routes.rb,1494,
route,课程、班级与选课,"get ""courses/:course_id/assignments/:id"", action: :show, as: ""course_assignment""",config/routes.rb,1495,
route,用户、身份与沟通,"get ""courses/:course_id/assignments/:assignment_id/users/:user_id/group_members"", action: :student_group_members",config/routes.rb,1496,
route,课程、班级与选课,"post ""courses/:course_id/assignments"", action: :create",config/routes.rb,1497,
route,课程、班级与选课,"put ""courses/:course_id/assignments/:id"", action: :update",config/routes.rb,1498,
route,课程、班级与选课,"post ""courses/:course_id/assignments/:assignment_id/duplicate"", action: :duplicate",config/routes.rb,1499,
route,课程、班级与选课,"post ""courses/:course_id/assignments/:assignment_id/retry_alignment_clone"", action: :retry_alignment_clone",config/routes.rb,1500,
route,课程、班级与选课,"delete ""courses/:course_id/assignments/:id"", action: :destroy, controller: :assignments",config/routes.rb,1501,
route,课程、班级与选课,"post ""courses/:course_id/assignments/:assignment_id/accessibility/scan"", action: :accessibility_scan, as: ""assignment_accessibility_scan""",config/routes.rb,1502,
route,课程、班级与选课,"post ""courses/:course_id/assignments/:assignment_id/accessibility/queue_scan"", action: :accessibility_queue_scan, as: ""assignment_accessibility_queue_scan""",config/routes.rb,1503,
route,作业、提交与评分,"scope(controller: ""assignment_extensions"") do",config/routes.rb,1506,
route,课程、班级与选课,"post ""courses/:course_id/assignments/:assignment_id/extensions"", action: :create, as: ""course_assignment_extensions_create""",config/routes.rb,1507,
route,作业、提交与评分,scope(controller: :peer_reviews_api) do,config/routes.rb,1510,
route,作业、提交与评分,"get ""courses/:course_id/assignments/:assignment_id/peer_reviews"", action: :index",config/routes.rb,1511,
route,作业、提交与评分,"get ""sections/:section_id/assignments/:assignment_id/peer_reviews"", action: :index",config/routes.rb,1512,
route,作业、提交与评分,"get ""courses/:course_id/assignments/:assignment_id/submissions/:submission_id/peer_reviews"", action: :index",config/routes.rb,1513,
route,作业、提交与评分,"get ""sections/:section_id/assignments/:assignment_id/submissions/:submission_id/peer_reviews"", action: :index",config/routes.rb,1514,
route,作业、提交与评分,"post ""courses/:course_id/assignments/:assignment_id/submissions/:submission_id/peer_reviews"", action: :create",config/routes.rb,1515,
route,作业、提交与评分,"post ""sections/:section_id/assignments/:assignment_id/submissions/:submission_id/peer_reviews"", action: :create",config/routes.rb,1516,
route,作业、提交与评分,"delete ""courses/:course_id/assignments/:assignment_id/submissions/:submission_id/peer_reviews"", action: :destroy",config/routes.rb,1517,
route,作业、提交与评分,"delete ""sections/:section_id/assignments/:assignment_id/submissions/:submission_id/peer_reviews"", action: :destroy",config/routes.rb,1518,
route,作业、提交与评分,"post ""courses/:course_id/assignments/:assignment_id/allocate"", action: :allocate, as: :allocate_peer_review",config/routes.rb,1519,
route,作业、提交与评分,scope(controller: :moderation_set) do,config/routes.rb,1522,
route,课程、班级与选课,"get ""courses/:course_id/assignments/:assignment_id/moderated_students"", action: :index, as: :moderated_students",config/routes.rb,1523,
route,课程、班级与选课,"post ""courses/:course_id/assignments/:assignment_id/moderated_students"", action: :create, as: :add_moderated_students",config/routes.rb,1524,
route,作业、提交与评分,scope(controller: :submissions_api) do,config/routes.rb,1527,
route,作业、提交与评分,"post ""#{context.pluralize}/:#{context}_id/submissions/update_grades"", action: :bulk_update",config/routes.rb,1529,
route,作业、提交与评分,"put ""#{context.pluralize}/:#{context}_id/assignments/:assignment_id/submissions/:user_id/read"", action: :mark_submission_read, as: ""#{context}_submission_mark_read""",config/routes.rb,1530,
route,作业、提交与评分,"delete ""#{context.pluralize}/:#{context}_id/assignments/:assignment_id/submissions/:user_id/read"", action: :mark_submission_unread, as: ""#{context}_submission_mark_unread""",config/routes.rb,1531,
route,作业、提交与评分,"put ""#{context.pluralize}/:#{context}_id/assignments/:assignment_id/submissions/:user_id/read/:item"", action: :mark_submission_item_read, as: ""#{context}_submission_mark_item_read""",config/routes.rb,1532,
route,作业、提交与评分,"put ""#{context.pluralize}/:#{context}_id/submissions/bulk_mark_read"", action: :mark_bulk_submissions_as_read, as: ""#{context}_submissions_bulk_mark_read""",config/routes.rb,1533,
route,用户、身份与沟通,"put ""#{context.pluralize}/:#{context}_id/submissions/:user_id/clear_unread"", action: :submissions_clear_unread, as: ""#{context}_submissions_clear_unread""",config/routes.rb,1534,
route,作业、提交与评分,"get ""#{context.pluralize}/:#{context}_id/assignments/:assignment_id/submissions/:user_id/document_annotations/read"", action: :document_annotations_read_state, as: ""#{path_prefix}_submission_document_annotations_read_stat",config/routes.rb,1535,
route,作业、提交与评分,"put ""#{context.pluralize}/:#{context}_id/assignments/:assignment_id/submissions/:user_id/document_annotations/read"", action: :mark_document_annotations_read, as: ""#{path_prefix}_submission_document_annotations_mark_read""",config/routes.rb,1536,
route,作业、提交与评分,"get ""#{context.pluralize}/:#{context}_id/assignments/:assignment_id/submissions/:user_id/rubric_comments/read"", action: :rubric_assessments_read_state, as: ""#{path_prefix}_submission_rubric_comments_read_state""",config/routes.rb,1537,
route,作业、提交与评分,"put ""#{context.pluralize}/:#{context}_id/assignments/:assignment_id/submissions/:user_id/rubric_comments/read"", action: :mark_rubric_assessments_read, as: ""#{path_prefix}_submission_rubric_comments_mark_read""",config/routes.rb,1538,
route,作业、提交与评分,"get ""#{context.pluralize}/:#{context}_id/assignments/:assignment_id/submissions/:user_id/rubric_assessments/read"", action: :rubric_assessments_read_state, as: ""#{path_prefix}_submission_rubric_assessments_read_state""",config/routes.rb,1539,
route,作业、提交与评分,"put ""#{context.pluralize}/:#{context}_id/assignments/:assignment_id/submissions/:user_id/rubric_assessments/read"", action: :mark_rubric_assessments_read, as: ""#{path_prefix}_submission_rubric_assessments_mark_read""",config/routes.rb,1540,
route,作业、提交与评分,"get ""#{context.pluralize}/:#{context}_id/assignments/:assignment_id/submissions"", action: :index, as: ""#{path_prefix}_assignment_submissions""",config/routes.rb,1541,
route,作业、提交与评分,"get ""#{context.pluralize}/:#{context}_id/students/submissions"", controller: :submissions_api, action: :for_students, as: ""#{path_prefix}_student_submissions""",config/routes.rb,1542,
route,作业、提交与评分,"get ""#{context.pluralize}/:#{context}_id/assignments/:assignment_id/submissions/:user_id"", action: :show, as: ""#{path_prefix}_assignment_submission""",config/routes.rb,1543,
route,作业、提交与评分,"get ""#{context.pluralize}/:#{context}_id/assignments/:assignment_id/anonymous_submissions/:anonymous_id"", action: :show_anonymous",config/routes.rb,1544,
route,作业、提交与评分,"post ""#{context.pluralize}/:#{context}_id/assignments/:assignment_id/submissions"", action: :create, controller: :submissions",config/routes.rb,1545,
route,作业、提交与评分,"post ""#{context.pluralize}/:#{context}_id/assignments/:assignment_id/submissions/:user_id/files"", action: :create_file",config/routes.rb,1546,
route,作业、提交与评分,"put ""#{context.pluralize}/:#{context}_id/assignments/:assignment_id/submissions/:user_id"", action: :update",config/routes.rb,1547,
route,作业、提交与评分,"put ""#{context.pluralize}/:#{context}_id/assignments/:assignment_id/anonymous_submissions/:anonymous_id"", action: :update_anonymous",config/routes.rb,1548,
route,作业、提交与评分,"post ""#{context.pluralize}/:#{context}_id/assignments/:assignment_id/submissions/update_grades"", action: :bulk_update",config/routes.rb,1549,
route,作业、提交与评分,"get ""#{context.pluralize}/:#{context}_id/assignments/:assignment_id/submission_summary"", action: :submission_summary, as: ""#{path_prefix}_assignment_submission_summary""",config/routes.rb,1550,
route,作业、提交与评分,"get ""courses/:course_id/assignments/:assignment_id/gradeable_students"", action: :gradeable_students, as: ""course_assignment_gradeable_students""",config/routes.rb,1552,
route,作业、提交与评分,scope(controller: :anonymous_provisional_grades) do,config/routes.rb,1555,
route,作业、提交与评分,"get ""courses/:course_id/assignments/:assignment_id/anonymous_provisional_grades/status"",",config/routes.rb,1556,
route,作业、提交与评分,scope(controller: :provisional_grades) do,config/routes.rb,1561,
route,作业、提交与评分,"put ""courses/:course_id/assignments/:assignment_id/provisional_grades/bulk_select"",",config/routes.rb,1562,
route,作业、提交与评分,"get ""courses/:course_id/assignments/:assignment_id/provisional_grades/status"",",config/routes.rb,1565,
route,作业、提交与评分,"post ""courses/:course_id/assignments/:assignment_id/provisional_grades/publish"",",config/routes.rb,1568,
route,作业、提交与评分,"put ""courses/:course_id/assignments/:assignment_id/provisional_grades/:provisional_grade_id/select"",",config/routes.rb,1571,
route,作业、提交与评分,scope(controller: :submission_comments_api) do,config/routes.rb,1576,
route,作业、提交与评分,"post ""/courses/:course_id/assignments/:assignment_id/submissions/:user_id/comments/files"", action: :create_file",config/routes.rb,1577,
route,作业、提交与评分,"put ""courses/:course_id/assignments/:assignment_id/submissions/:user_id/comments/:id"", action: :update",config/routes.rb,1578,
route,作业、提交与评分,"delete ""courses/:course_id/assignments/:assignment_id/submissions/:user_id/comments/:id"", action: :destroy",config/routes.rb,1579,
route,用户、身份与沟通,"post ""/courses/:course_id/assignments/:assignment_id/submissions/:user_id/annotation_notification"", action: :annotation_notification, controller: :submission_comments_api",config/routes.rb,1582,
route,作业、提交与评分,scope(controller: :gradebook_history_api) do,config/routes.rb,1584,
route,作业、提交与评分,"get ""courses/:course_id/gradebook_history/days"", action: :days, as: ""gradebook_history""",config/routes.rb,1585,
route,作业、提交与评分,"get ""courses/:course_id/gradebook_history/feed"", action: :feed, as: ""gradebook_history_feed""",config/routes.rb,1586,
route,作业、提交与评分,"get ""courses/:course_id/gradebook_history/:date"", action: :day_details, as: ""gradebook_history_for_day""",config/routes.rb,1587,
route,作业、提交与评分,"get ""courses/:course_id/gradebook_history/:date/graders/:grader_id/assignments/:assignment_id/submissions"", action: :submissions, as: ""gradebook_history_submissions""",config/routes.rb,1588,
route,课程、班级与选课,"get ""courses/:course_id/assignment_groups"", controller: :assignment_groups, action: :index",config/routes.rb,1591,
route,作业、提交与评分,scope(controller: :assignment_groups_api) do,config/routes.rb,1592,
route,课程、班级与选课,"resources :assignment_groups, path: ""courses/:course_id/assignment_groups"", name_prefix: ""course_"", except: :index",config/routes.rb,1593,
route,讨论、公告与协作,scope(controller: :discussion_topics) do,config/routes.rb,1596,
route,课程、班级与选课,"get ""courses/:course_id/discussion_topics"", action: :index, as: ""course_discussion_topics""",config/routes.rb,1597,
route,讨论、公告与协作,"get ""groups/:group_id/discussion_topics"", action: :index, as: ""group_discussion_topics""",config/routes.rb,1598,
route,内容、文件与模块,scope(controller: :content_migrations) do,config/routes.rb,1601,
route,内容、文件与模块,"get ""#{context.pluralize}/:#{context}_id/content_migrations/migrators"", action: :available_migrators, as: ""#{context}_content_migration_migrators_list""",config/routes.rb,1603,
route,内容、文件与模块,"get ""#{context.pluralize}/:#{context}_id/content_migrations/:id"", action: :show, as: ""#{context}_content_migration""",config/routes.rb,1604,
route,内容、文件与模块,"get ""#{context.pluralize}/:#{context}_id/content_migrations"", action: :index, as: ""#{context}_content_migration_list""",config/routes.rb,1605,
route,内容、文件与模块,"post ""#{context.pluralize}/:#{context}_id/content_migrations"", action: :create, as: ""#{context}_content_migration_create""",config/routes.rb,1606,
route,内容、文件与模块,"put ""#{context.pluralize}/:#{context}_id/content_migrations/:id"", action: :update, as: ""#{context}_content_migration_update""",config/routes.rb,1607,
route,内容、文件与模块,"get ""#{context.pluralize}/:#{context}_id/content_migrations/:id/selective_data"", action: :content_list, as: ""#{context}_content_migration_selective_data""",config/routes.rb,1608,
route,课程、班级与选课,"get ""courses/:course_id/content_migrations/:id/asset_id_mapping"", action: :asset_id_mapping",config/routes.rb,1610,
route,SIS、导入导出与报表,scope(controller: :migration_issues) do,config/routes.rb,1613,
route,内容、文件与模块,"get ""#{context.pluralize}/:#{context}_id/content_migrations/:content_migration_id/migration_issues/:id"", action: :show, as: ""#{context}_content_migration_migration_issue""",config/routes.rb,1615,
route,内容、文件与模块,"get ""#{context.pluralize}/:#{context}_id/content_migrations/:content_migration_id/migration_issues"", action: :index, as: ""#{context}_content_migration_migration_issue_list""",config/routes.rb,1616,
route,内容、文件与模块,"post ""#{context.pluralize}/:#{context}_id/content_migrations/:content_migration_id/migration_issues"", action: :create, as: ""#{context}_content_migration_migration_issue_create""",config/routes.rb,1617,
route,内容、文件与模块,"put ""#{context.pluralize}/:#{context}_id/content_migrations/:content_migration_id/migration_issues/:id"", action: :update, as: ""#{context}_content_migration_migration_issue_update""",config/routes.rb,1618,
route,讨论、公告与协作,scope(controller: :discussion_topics_api) do,config/routes.rb,1622,
route,课程、班级与选课,"put ""courses/:course_id/discussion_topics/migrate_disallow"", action: :migrate_disallow",config/routes.rb,1623,
route,课程、班级与选课,"put ""courses/:course_id/discussion_topics/update_discussion_types"", action: :update_discussion_types",config/routes.rb,1624,
route,讨论、公告与协作,"put ""#{context.pluralize}/:#{context}_id/discussion_topics/read_all"", action: :mark_all_topic_read, as: ""#{context}_discussion_mark_all_read""",config/routes.rb,1627,
route,讨论、公告与协作,"put ""#{context.pluralize}/:#{context}_id/discussion_topics/:topic_id/read"", action: :mark_topic_read, as: ""#{context}_discussion_topic_mark_read""",config/routes.rb,1628,
route,讨论、公告与协作,"delete ""#{context.pluralize}/:#{context}_id/discussion_topics/:topic_id/read"", action: :mark_topic_unread, as: ""#{context}_discussion_topic_mark_unread""",config/routes.rb,1629,
route,讨论、公告与协作,"put ""#{context.pluralize}/:#{context}_id/discussion_topics/:topic_id/read_all"", action: :mark_all_read, as: ""#{context}_discussion_topic_mark_all_read""",config/routes.rb,1630,
route,讨论、公告与协作,"delete ""#{context.pluralize}/:#{context}_id/discussion_topics/:topic_id/read_all"", action: :mark_all_unread, as: ""#{context}_discussion_topic_mark_all_unread""",config/routes.rb,1631,
route,讨论、公告与协作,"put ""#{context.pluralize}/:#{context}_id/discussion_topics/:topic_id/entries/:entry_id/read"", action: :mark_entry_read, as: ""#{context}_discussion_topic_discussion_entry_mark_read""",config/routes.rb,1632,
route,讨论、公告与协作,"delete ""#{context.pluralize}/:#{context}_id/discussion_topics/:topic_id/entries/:entry_id/read"", action: :mark_entry_unread, as: ""#{context}_discussion_topic_discussion_entry_mark_unread""",config/routes.rb,1633,
route,讨论、公告与协作,"get ""#{context.pluralize}/:#{context}_id/discussion_topics/:topic_id"", action: :show, as: ""#{context}_discussion_topic""",config/routes.rb,1635,
route,讨论、公告与协作,"post ""#{context.pluralize}/:#{context}_id/discussion_topics"", controller: :discussion_topics, action: :create",config/routes.rb,1636,
route,讨论、公告与协作,"put ""#{context.pluralize}/:#{context}_id/discussion_topics/:topic_id"", controller: :discussion_topics, action: :update",config/routes.rb,1637,
route,讨论、公告与协作,"post ""#{context.pluralize}/:#{context}_id/discussion_topics/reorder"", controller: :discussion_topics, action: :reorder",config/routes.rb,1638,
route,讨论、公告与协作,"delete ""#{context.pluralize}/:#{context}_id/discussion_topics/:topic_id"", controller: :discussion_topics, action: :destroy",config/routes.rb,1639,
route,讨论、公告与协作,"get ""#{context.pluralize}/:#{context}_id/discussion_topics/:topic_id/view"", action: :view, as: ""#{context}_discussion_topic_view""",config/routes.rb,1641,
route,讨论、公告与协作,"get ""#{context.pluralize}/:#{context}_id/discussion_topics/:topic_id/summaries"", action: :find_summary, as: ""#{context}_discussion_topic_summary""",config/routes.rb,1642,
route,讨论、公告与协作,"post ""#{context.pluralize}/:#{context}_id/discussion_topics/:topic_id/summaries"", action: :find_or_create_summary, as: ""#{context}_discussion_topic_create_summary""",config/routes.rb,1643,
route,讨论、公告与协作,"put ""#{context.pluralize}/:#{context}_id/discussion_topics/:topic_id/summaries/disable"", action: :disable_summary, as: ""#{context}_discussion_topic_disable_summary""",config/routes.rb,1644,
route,讨论、公告与协作,"post ""#{context.pluralize}/:#{context}_id/discussion_topics/:topic_id/summaries/:summary_id/feedback"", action: :summary_feedback, as: ""#{context}_discussion_topic_summary_feedback""",config/routes.rb,1645,
route,讨论、公告与协作,"get ""#{context.pluralize}/:#{context}_id/discussion_topics/:topic_id/insights"", action: :insight, as: ""#{context}_discussion_topic_insight""",config/routes.rb,1646,
route,讨论、公告与协作,"post ""#{context.pluralize}/:#{context}_id/discussion_topics/:topic_id/insights"", action: :insight_generation, as: ""#{context}_discussion_topic_insight_generation""",config/routes.rb,1647,
route,讨论、公告与协作,"get ""#{context.pluralize}/:#{context}_id/discussion_topics/:topic_id/insights/entries"", action: :insight_entries, as: ""#{context}_discussion_topic_insight_entries""",config/routes.rb,1648,
route,讨论、公告与协作,"put ""#{context.pluralize}/:#{context}_id/discussion_topics/:topic_id/insights/entries/:entry_id"", action: :insight_entry_update, as: ""#{context}_discussion_topic_insight_entry_update""",config/routes.rb,1649,
route,讨论、公告与协作,"post ""#{context.pluralize}/:#{context}_id/discussion_topics/:topic_id/duplicate"", action: :duplicate",config/routes.rb,1650,
route,讨论、公告与协作,"post ""#{context.pluralize}/:#{context}_id/discussion_topics/:topic_id/accessibility/queue_scan"", action: :accessibility_queue_scan, as: ""#{context}_discussion_topic_accessibility_queue_scan""",config/routes.rb,1651,
route,讨论、公告与协作,"post ""#{context.pluralize}/:#{context}_id/discussion_topics/:topic_id/accessibility/scan"", action: :accessibility_scan, as: ""#{context}_discussion_topic_accessibility_scan""",config/routes.rb,1652,
route,讨论、公告与协作,"get ""#{context.pluralize}/:#{context}_id/discussion_topics/:topic_id/entry_list"", action: :entry_list, as: ""#{context}_discussion_topic_entry_list""",config/routes.rb,1653,
route,讨论、公告与协作,"post ""#{context.pluralize}/:#{context}_id/discussion_topics/:topic_id/entries"", action: :add_entry, as: ""#{context}_discussion_add_entry""",config/routes.rb,1654,
route,讨论、公告与协作,"get ""#{context.pluralize}/:#{context}_id/discussion_topics/:topic_id/entries"", action: :entries, as: ""#{context}_discussion_entries""",config/routes.rb,1655,
route,讨论、公告与协作,"post ""#{context.pluralize}/:#{context}_id/discussion_topics/:topic_id/entries/:entry_id/replies"", action: :add_reply, as: ""#{context}_discussion_add_reply""",config/routes.rb,1656,
route,讨论、公告与协作,"get ""#{context.pluralize}/:#{context}_id/discussion_topics/:topic_id/entries/:entry_id/replies"", action: :replies, as: ""#{context}_discussion_replies""",config/routes.rb,1657,
route,讨论、公告与协作,"put ""#{context.pluralize}/:#{context}_id/discussion_topics/:topic_id/entries/:id"", controller: :discussion_entries, action: :update, as: ""#{context}_discussion_update_reply""",config/routes.rb,1658,
route,讨论、公告与协作,"delete ""#{context.pluralize}/:#{context}_id/discussion_topics/:topic_id/entries/:id"", controller: :discussion_entries, action: :destroy, as: ""#{context}_discussion_delete_reply""",config/routes.rb,1659,
route,讨论、公告与协作,"post ""#{context.pluralize}/:#{context}_id/discussion_topics/:topic_id/entries/:entry_id/rating"",",config/routes.rb,1661,
route,讨论、公告与协作,"put ""#{context.pluralize}/:#{context}_id/discussion_topics/:topic_id/subscribed"", action: :subscribe_topic, as: ""#{context}_discussion_topic_subscribe""",config/routes.rb,1664,
route,讨论、公告与协作,"delete ""#{context.pluralize}/:#{context}_id/discussion_topics/:topic_id/subscribed"", action: :unsubscribe_topic, as: ""#{context}_discussion_topic_unsubscribe""",config/routes.rb,1665,
route,用户、身份与沟通,scope(controller: :discussion_topic_users) do,config/routes.rb,1669,
route,用户、身份与沟通,"get ""courses/:course_id/discussion_topics/:topic_id/messageable_users"", action: :search, as: ""course_discussion_messageable_users""",config/routes.rb,1670,
route,用户、身份与沟通,"get ""groups/:group_id/discussion_topics/:topic_id/messageable_users"", action: :search, as: ""group_discussion_messageable_users""",config/routes.rb,1671,
route,讨论、公告与协作,scope(controller: :collaborations) do,config/routes.rb,1674,
route,讨论、公告与协作,"get ""collaborations/:id/members"", action: :members, as: ""collaboration_members""",config/routes.rb,1675,
route,课程、班级与选课,"get ""courses/:course_id/potential_collaborators"", action: :potential_collaborators, as: ""course_potential_collaborators""",config/routes.rb,1676,
route,讨论、公告与协作,"get ""groups/:group_id/potential_collaborators"", action: :potential_collaborators, as: ""group_potential_collaborators""",config/routes.rb,1677,
route,讨论、公告与协作,"scope(controller: ""microsoft_sync/groups"") do",config/routes.rb,1680,
route,课程、班级与选课,"post ""courses/:course_id/microsoft_sync/group"", action: :create",config/routes.rb,1681,
route,课程、班级与选课,"get ""courses/:course_id/microsoft_sync/group"", action: :show",config/routes.rb,1682,
route,课程、班级与选课,"delete ""courses/:course_id/microsoft_sync/group"", action: :destroy",config/routes.rb,1683,
route,课程、班级与选课,"post ""courses/:course_id/microsoft_sync/schedule_sync"", action: :sync",config/routes.rb,1684,
route,LTI、外部工具与集成,scope(controller: :external_tools) do,config/routes.rb,1687,
route,账户与租户管理,"post ""/accounts/:account_id/external_tools/rce_favorites/:id"", action: :mark_rce_favorite, as: :account_external_tools_mark_rce_favorite",config/routes.rb,1688,
route,账户与租户管理,"delete ""/accounts/:account_id/external_tools/rce_favorites/:id"", action: :unmark_rce_favorite, as: :account_external_tools_unmark_rce_favorite",config/routes.rb,1689,
route,账户与租户管理,"post ""/accounts/:account_id/external_tools/top_nav_favorites/:id"", action: :add_top_nav_favorite, as: :account_external_tools_add_top_nav_favorite",config/routes.rb,1691,
route,账户与租户管理,"delete ""/accounts/:account_id/external_tools/top_nav_favorites/:id"", action: :remove_top_nav_favorite, as: :account_external_tools_remove_top_nav_favorite",config/routes.rb,1692,
route,课程、班级与选课,"get ""/courses/:course_id/external_tools/visible_course_nav_tools"", action: :visible_course_nav_tools, as: :visible_course_nav_tools",config/routes.rb,1694,
route,课程、班级与选课,"get ""/external_tools/visible_course_nav_tools"", action: :all_visible_nav_tools, as: :all_visible_nav_tools",config/routes.rb,1695,
route,LTI、外部工具与集成,"get ""#{context}s/:#{context}_id/external_tools/sessionless_launch"", action: :generate_sessionless_launch, as: ""#{context}_external_tool_sessionless_launch""",config/routes.rb,1698,
route,LTI、外部工具与集成,"get ""#{context}s/:#{context}_id/external_tools/:external_tool_id"", action: :show, as: ""#{context}_external_tool_show""",config/routes.rb,1700,
route,LTI、外部工具与集成,"get ""#{context}s/:#{context}_id/external_tools/:external_tool_id/migration_info"", action: :migration_info, as: ""#{context}_external_tool_migration_info""",config/routes.rb,1703,
route,LTI、外部工具与集成,"get ""#{context}s/:#{context}_id/external_tools"", action: :index, as: ""#{context}_external_tools""",config/routes.rb,1705,
route,LTI、外部工具与集成,"post ""#{context}s/:#{context}_id/external_tools"", action: :create, as: ""#{context}_external_tools_create""",config/routes.rb,1706,
route,其他,"post ""#{context}s/:#{context}_id/create_tool_with_verification"", action: :create_tool_with_verification, as: ""#{context}_create_tool_with_verification""",config/routes.rb,1707,
route,LTI、外部工具与集成,"put ""#{context}s/:#{context}_id/external_tools/:external_tool_id"", action: :update, as: ""#{context}_external_tools_update""",config/routes.rb,1708,
route,LTI、外部工具与集成,"delete ""#{context}s/:#{context}_id/external_tools/:external_tool_id"", action: :destroy, as: ""#{context}_external_tools_delete""",config/routes.rb,1709,
route,讨论、公告与协作,"get ""groups/:group_id/external_tools"", action: :index, as: ""group_external_tools""",config/routes.rb,1712,
route,LTI、外部工具与集成,"scope(controller: ""lti/lti_apps"") do",config/routes.rb,1715,
route,LTI、外部工具与集成,"get ""#{context}s/:#{context}_id/lti_apps/launch_definitions"", action: :launch_definitions, as: ""#{context}_launch_definitions""",config/routes.rb,1717,
route,LTI、外部工具与集成,"get ""#{context}s/:#{context}_id/lti_apps"", action: :index, as: ""#{context}_app_definitions""",config/routes.rb,1718,
route,LTI、外部工具与集成,"scope(controller: ""lti/tool_proxy"") do",config/routes.rb,1722,
route,LTI、外部工具与集成,"delete ""#{context}s/:#{context}_id/tool_proxies/:tool_proxy_id"",",config/routes.rb,1724,
route,LTI、外部工具与集成,"put ""#{context}s/:#{context}_id/tool_proxies/:tool_proxy_id"",",config/routes.rb,1727,
route,LTI、外部工具与集成,"delete ""#{context}s/:#{context}_id/tool_proxies/:tool_proxy_id/update"",",config/routes.rb,1731,
route,LTI、外部工具与集成,"put ""#{context}s/:#{context}_id/tool_proxies/:tool_proxy_id/update"",",config/routes.rb,1734,
route,其他,scope(controller: :external_feeds) do,config/routes.rb,1740,
route,其他,"get ""#{context}s/:#{context}_id/external_feeds"", action: :index, as: ""#{context}_external_feeds""",config/routes.rb,1742,
route,其他,"post ""#{context}s/:#{context}_id/external_feeds"", action: :create, as: ""#{context}_external_feeds_create""",config/routes.rb,1743,
route,其他,"delete ""#{context}s/:#{context}_id/external_feeds/:external_feed_id"", action: :destroy, as: ""#{context}_external_feeds_delete""",config/routes.rb,1744,
route,SIS、导入导出与报表,scope(controller: :sis_imports_api) do,config/routes.rb,1748,
route,SIS、导入导出与报表,"post ""accounts/:account_id/sis_imports"", action: :create",config/routes.rb,1749,
route,SIS、导入导出与报表,"put ""accounts/:account_id/sis_imports/abort_all_pending"", action: :abort_all_pending",config/routes.rb,1750,
route,SIS、导入导出与报表,"get ""accounts/:account_id/sis_imports/importing"", action: :importing",config/routes.rb,1751,
route,SIS、导入导出与报表,"get ""accounts/:account_id/sis_imports/:id"", action: :show",config/routes.rb,1752,
route,SIS、导入导出与报表,"get ""accounts/:account_id/sis_imports"", action: :index, as: ""account_sis_imports""",config/routes.rb,1753,
route,SIS、导入导出与报表,"put ""accounts/:account_id/sis_imports/:id/abort"", action: :abort",config/routes.rb,1754,
route,SIS、导入导出与报表,"put ""accounts/:account_id/sis_imports/:id/restore_states"", action: :restore_states",config/routes.rb,1755,
route,SIS、导入导出与报表,scope(controller: :sis_import_errors_api) do,config/routes.rb,1758,
route,SIS、导入导出与报表,"get ""accounts/:account_id/sis_imports/:id/errors"", action: :index, as: :sis_batch_import_errors",config/routes.rb,1759,
route,SIS、导入导出与报表,"get ""accounts/:account_id/sis_import_errors"", action: :index, as: :account_sis_import_errors",config/routes.rb,1760,
route,学习成果与能力,scope(controller: :outcome_imports_api) do,config/routes.rb,1763,
route,学习成果与能力,"post ""#{context}s/:#{context}_id/outcome_imports(/group/:learning_outcome_group_id)"", action: :create",config/routes.rb,1765,
route,学习成果与能力,"get ""#{context}s/:#{context}_id/outcome_imports/:id"", action: :show",config/routes.rb,1766,
route,讨论、公告与协作,"get ""#{context}s/:#{context}_id/outcome_imports/:id/created_group_ids"", action: :created_group_ids",config/routes.rb,1767,
route,学习成果与能力,scope(controller: :outcome_proficiency_api) do,config/routes.rb,1771,
route,学习成果与能力,"post ""accounts/:account_id/outcome_proficiency"", action: :create",config/routes.rb,1772,
route,学习成果与能力,"get ""accounts/:account_id/outcome_proficiency"", action: :show",config/routes.rb,1773,
route,学习成果与能力,"post ""courses/:course_id/outcome_proficiency"", action: :create",config/routes.rb,1774,
route,学习成果与能力,"get ""courses/:course_id/outcome_proficiency"", action: :show",config/routes.rb,1775,
route,用户、身份与沟通,scope(controller: :users) do,config/routes.rb,1778,
route,用户、身份与沟通,"get ""users/self/activity_stream"", action: :activity_stream, as: ""user_activity_stream""",config/routes.rb,1779,
route,用户、身份与沟通,"get ""users/activity_stream"", action: :activity_stream # deprecated",config/routes.rb,1780,
route,用户、身份与沟通,"get ""users/self/activity_stream/summary"", action: :activity_stream_summary, as: ""user_activity_stream_summary""",config/routes.rb,1781,
route,用户、身份与沟通,"delete ""users/self/activity_stream/:id"", action: ""ignore_stream_item""",config/routes.rb,1782,
route,用户、身份与沟通,"delete ""users/self/activity_stream"", action: ""ignore_all_stream_items""",config/routes.rb,1783,
route,用户、身份与沟通,"get ""users/self/todo"", action: :todo_items, as: ""user_todo_list_items""",config/routes.rb,1785,
route,用户、身份与沟通,"get ""users/self/todo_item_count"", action: :todo_item_count",config/routes.rb,1786,
route,用户、身份与沟通,"get ""users/self/upcoming_events"", action: :upcoming_events",config/routes.rb,1787,
route,用户、身份与沟通,"get ""users/:user_id/missing_submissions"", action: :missing_submissions, as: ""user_missing_submissions""",config/routes.rb,1788,
route,用户、身份与沟通,"delete ""users/self/todo/:asset_string/:purpose"", action: :ignore_item, as: ""users_todo_ignore""",config/routes.rb,1790,
route,账户与租户管理,"post ""accounts/:account_id/users"", action: :create",config/routes.rb,1791,
route,账户与租户管理,"post ""accounts/:account_id/self_registration"", action: :create_self_registered_user",config/routes.rb,1792,
route,账户与租户管理,"get ""accounts/:account_id/users"", action: :api_index, as: ""account_users""",config/routes.rb,1793,
route,用户、身份与沟通,"get ""users/:id"", action: :api_show",config/routes.rb,1795,
route,用户、身份与沟通,"put ""users/:id"", action: :update",config/routes.rb,1796,
route,用户、身份与沟通,"delete ""users/mobile_sessions"", action: :expire_mobile_sessions",config/routes.rb,1797,
route,用户、身份与沟通,"delete ""users/:id"", action: :destroy, as: ""destroy_user""",config/routes.rb,1798,
route,用户、身份与沟通,"delete ""users/:id/sessions"", action: :terminate_sessions",config/routes.rb,1799,
route,用户、身份与沟通,"delete ""users/:id/mobile_sessions"", action: :expire_mobile_sessions",config/routes.rb,1800,
route,用户、身份与沟通,"post ""users/:user_id/files"", action: :create_file",config/routes.rb,1802,
route,用户、身份与沟通,"get  ""users/:user_id/files"", controller: :files, action: :api_index, as: ""user_files""",config/routes.rb,1803,
route,用户、身份与沟通,"get ""users/:user_id/folders"", controller: :folders, action: :list_all_folders, as: ""user_folders""",config/routes.rb,1804,
route,内容、文件与模块,"get ""users/:user_id/folders_and_files"", controller: :folders, action: :list_all_folders_and_files, as: ""user_folders_and_files""",config/routes.rb,1805,
route,用户、身份与沟通,"post ""users/:user_id/folders"", controller: :folders, action: :create",config/routes.rb,1806,
route,用户、身份与沟通,"get ""users/:user_id/folders/by_path/*full_path"", controller: :folders, action: :resolve_path",config/routes.rb,1807,
route,用户、身份与沟通,"get ""users/:user_id/folders/by_path"", controller: :folders, action: :resolve_path",config/routes.rb,1808,
route,用户、身份与沟通,"get ""users/:user_id/folders/:id/duplicates"", controller: :folders, action: :duplicates",config/routes.rb,1809,
route,用户、身份与沟通,"get ""users/:user_id/folders/:id"", controller: :folders, action: :show, as: ""user_folder""",config/routes.rb,1810,
route,用户、身份与沟通,"get ""users/:id/settings"", controller: ""users"", action: ""settings""",config/routes.rb,1812,
route,用户、身份与沟通,"put ""users/:id/settings"", controller: ""users"", action: ""settings"", as: ""user_settings""",config/routes.rb,1813,
route,用户、身份与沟通,"get ""users/:id/colors"", controller: ""users"", action: ""get_custom_colors""",config/routes.rb,1815,
route,用户、身份与沟通,"get ""users/:id/colors/:asset_string"", controller: ""users"", action: ""get_custom_color""",config/routes.rb,1816,
route,用户、身份与沟通,"put ""users/:id/colors/:asset_string"", controller: ""users"", action: ""set_custom_color""",config/routes.rb,1817,
route,用户、身份与沟通,"put ""users/:id/text_editor_preference"", controller: ""users"", action: ""set_text_editor_preference""",config/routes.rb,1819,
route,用户、身份与沟通,"put ""users/:id/files_ui_version_preference"", controller: ""users"", action: ""set_files_ui_version_preference""",config/routes.rb,1821,
route,用户、身份与沟通,"get ""users/:id/new_user_tutorial_statuses"", action: ""get_new_user_tutorial_statuses""",config/routes.rb,1823,
route,用户、身份与沟通,"put ""users/:id/new_user_tutorial_statuses/:page_name"", action: ""set_new_user_tutorial_status""",config/routes.rb,1824,
route,用户、身份与沟通,"get ""users/:id/dashboard_positions"", controller: ""users"", action: ""get_dashboard_positions""",config/routes.rb,1826,
route,用户、身份与沟通,"put ""users/:id/dashboard_positions"", controller: ""users"", action: ""set_dashboard_positions""",config/routes.rb,1827,
route,用户、身份与沟通,"put ""users/:id/merge_into/:destination_user_id"", controller: ""users"", action: ""merge_into""",config/routes.rb,1829,
route,账户与租户管理,"put ""users/:id/merge_into/accounts/:destination_account_id/users/:destination_user_id"", controller: ""users"", action: ""merge_into""",config/routes.rb,1830,
route,用户、身份与沟通,"post ""users/:id/split"", controller: ""users"", action: ""split"", as: ""split""",config/routes.rb,1831,
route,用户、身份与沟通,"post ""users/self/pandata_events_token"", controller: ""users"", action: ""pandata_events_token""",config/routes.rb,1833,
route,用户、身份与沟通,"get ""dashboard/dashboard_cards"", controller: ""users"", action: ""dashboard_cards"", as: :dashboard_dashboard_cards",config/routes.rb,1835,
route,作业、提交与评分,"get ""users/:id/graded_submissions"", controller: ""users"", action: ""user_graded_submissions"", as: :user_submissions",config/routes.rb,1837,
route,用户、身份与沟通,"get ""show_k5_dashboard"", controller: ""users"", action: ""show_k5_dashboard""",config/routes.rb,1839,
route,用户、身份与沟通,"post ""users/:id/clear_cache"", action: :clear_cache, as: ""clear_cache""",config/routes.rb,1841,
route,用户、身份与沟通,scope(controller: :user_observees) do,config/routes.rb,1843,
route,用户、身份与沟通,"get    ""users/:user_id/observers"", action: :observers, as: ""user_observers""",config/routes.rb,1844,
route,用户、身份与沟通,"get    ""users/:user_id/observees"", action: :index, as: ""user_observees""",config/routes.rb,1845,
route,用户、身份与沟通,"post   ""users/:user_id/observees"", action: :create",config/routes.rb,1846,
route,用户、身份与沟通,"get    ""users/:user_id/observees/:observee_id"", action: :show, as: ""user_observee""",config/routes.rb,1847,
route,用户、身份与沟通,"get    ""users/:user_id/observers/:observer_id"", action: :show_observer, as: ""user_observer""",config/routes.rb,1848,
route,用户、身份与沟通,"put    ""users/:user_id/observees/:observee_id"", action: :update",config/routes.rb,1849,
route,用户、身份与沟通,"delete ""users/:user_id/observees/:observee_id"", action: :destroy",config/routes.rb,1850,
route,其他,scope(controller: :learning_object_dates) do,config/routes.rb,1853,
route,课程、班级与选课,"get ""courses/:course_id/modules/:context_module_id/date_details"", action: :show, as: ""course_context_module_date_details""",config/routes.rb,1854,
route,课程、班级与选课,"get ""courses/:course_id/assignments/:assignment_id/date_details"", action: :show, as: ""course_assignment_date_details""",config/routes.rb,1855,
route,测验与题库,"get ""courses/:course_id/quizzes/:quiz_id/date_details"", action: :show, as: ""course_quizzes_quiz_date_details""",config/routes.rb,1856,
route,课程、班级与选课,"get ""courses/:course_id/discussion_topics/:discussion_topic_id/date_details"", action: :show, as: ""course_discussion_topic_date_details""",config/routes.rb,1857,
route,内容、文件与模块,"get ""courses/:course_id/pages/:url_or_id/date_details"", action: :show, as: ""course_wiki_page_date_details""",config/routes.rb,1858,
route,内容、文件与模块,"get ""courses/:course_id/files/:attachment_id/date_details"", action: :show, as: ""course_attachment_date_details""",config/routes.rb,1859,
route,课程、班级与选课,"put ""courses/:course_id/assignments/:assignment_id/date_details"", action: :update",config/routes.rb,1861,
route,测验与题库,"put ""courses/:course_id/quizzes/:quiz_id/date_details"", action: :update",config/routes.rb,1862,
route,课程、班级与选课,"put ""courses/:course_id/discussion_topics/:discussion_topic_id/date_details"", action: :update",config/routes.rb,1863,
route,课程、班级与选课,"put ""courses/:course_id/pages/:url_or_id/date_details"", action: :update",config/routes.rb,1864,
route,内容、文件与模块,"put ""courses/:course_id/files/:attachment_id/date_details"", action: :update",config/routes.rb,1865,
route,课程、班级与选课,"put ""courses/:course_id/assignments/:assignment_id/date_details/convert_tag_overrides"", action: :convert_tag_overrides_to_adhoc_overrides",config/routes.rb,1867,
route,测验与题库,"put ""courses/:course_id/quizzes/:quiz_id/date_details/convert_tag_overrides"", action: :convert_tag_overrides_to_adhoc_overrides",config/routes.rb,1868,
route,课程、班级与选课,"put ""courses/:course_id/discussion_topics/:discussion_topic_id/date_details/convert_tag_overrides"", action: :convert_tag_overrides_to_adhoc_overrides",config/routes.rb,1869,
route,课程、班级与选课,"put ""courses/:course_id/pages/:url_or_id/date_details/convert_tag_overrides"", action: :convert_tag_overrides_to_adhoc_overrides",config/routes.rb,1870,
route,课程、班级与选课,scope(controller: :course_tag_conversion) do,config/routes.rb,1873,
route,课程、班级与选课,"put ""courses/:course_id/convert_tag_overrides"", action: :convert_tag_overrides_to_adhoc_overrides",config/routes.rb,1874,
route,课程、班级与选课,"get ""courses/:course_id/convert_tag_overrides/status"", action: :conversion_job_status",config/routes.rb,1875,
route,账户与租户管理,scope(controller: :login) do,config/routes.rb,1878,
route,账户与租户管理,"get ""login/session_token"", action: :session_token, as: :login_session_token",config/routes.rb,1879,
route,用户、身份与沟通,scope(controller: :observer_alerts_api) do,config/routes.rb,1882,
route,用户、身份与沟通,"get ""users/:user_id/observer_alerts/unread_count"", action: :alerts_count",config/routes.rb,1883,
route,用户、身份与沟通,"get ""users/:user_id/observer_alerts/:student_id"", action: :alerts_by_student, as: ""observer_alerts_by_student""",config/routes.rb,1884,
route,用户、身份与沟通,"put ""users/:user_id/observer_alerts/:observer_alert_id/:workflow_state"", action: :update",config/routes.rb,1885,
route,用户、身份与沟通,scope(controller: :observer_alert_thresholds_api) do,config/routes.rb,1888,
route,用户、身份与沟通,"get ""users/:user_id/observer_alert_thresholds"", action: :index",config/routes.rb,1889,
route,用户、身份与沟通,"post ""users/:user_id/observer_alert_thresholds"", action: :create",config/routes.rb,1890,
route,用户、身份与沟通,"get ""users/:user_id/observer_alert_thresholds/:observer_alert_threshold_id"", action: :show",config/routes.rb,1891,
route,用户、身份与沟通,"put ""users/:user_id/observer_alert_thresholds/:observer_alert_threshold_id"", action: :update",config/routes.rb,1892,
route,用户、身份与沟通,"delete ""users/:user_id/observer_alert_thresholds/:observer_alert_threshold_id"", action: :destroy",config/routes.rb,1893,
route,用户、身份与沟通,scope(controller: :observer_pairing_codes_api) do,config/routes.rb,1896,
route,用户、身份与沟通,"post ""users/:user_id/observer_pairing_codes"", action: :create",config/routes.rb,1897,
route,其他,scope(controller: :custom_data) do,config/routes.rb,1901,
route,其他,"glob = ""(/*scope)""",config/routes.rb,1902,
route,用户、身份与沟通,"get ""users/:user_id/custom_data#{glob}"", action: ""get_data""",config/routes.rb,1903,
route,用户、身份与沟通,"put ""users/:user_id/custom_data#{glob}"", action: ""set_data""",config/routes.rb,1904,
route,用户、身份与沟通,"delete ""users/:user_id/custom_data#{glob}"", action: ""delete_data""",config/routes.rb,1905,
route,账户与租户管理,scope(controller: :pseudonyms) do,config/routes.rb,1908,
route,账户与租户管理,"get ""accounts/:account_id/logins"", action: :index, as: ""account_pseudonyms""",config/routes.rb,1909,
route,账户与租户管理,"get ""users/:user_id/logins"", action: :index, as: ""user_pseudonyms""",config/routes.rb,1910,
route,账户与租户管理,"post ""accounts/:account_id/logins"", action: :create",config/routes.rb,1911,
route,账户与租户管理,"put ""accounts/:account_id/logins/:id"", action: :update",config/routes.rb,1912,
route,账户与租户管理,"delete ""users/:user_id/logins/:id"", action: :destroy",config/routes.rb,1913,
route,用户、身份与沟通,"post ""users/reset_password"", action: :forgot_password",config/routes.rb,1914,
route,账户与租户管理,scope(controller: :accounts) do,config/routes.rb,1917,
route,账户与租户管理,"get ""accounts"", action: :index, as: :accounts",config/routes.rb,1918,
route,账户与租户管理,"get ""course_accounts"", action: :course_accounts, as: :course_accounts",config/routes.rb,1919,
route,账户与租户管理,"get ""manageable_accounts"", action: :manageable_accounts, as: :manageable_accounts",config/routes.rb,1920,
route,账户与租户管理,"get ""horizon_accounts"", action: :horizon_accounts, as: :horizon_accounts",config/routes.rb,1921,
route,账户与租户管理,"get ""course_creation_accounts"", action: :course_creation_accounts, as: :course_creation_accounts",config/routes.rb,1922,
route,账户与租户管理,"get ""accounts/:id"", action: :show, as: :account",config/routes.rb,1923,
route,账户与租户管理,"put ""accounts/:id"", action: :update",config/routes.rb,1924,
route,账户与租户管理,"get ""accounts/:account_id/terms_of_service"", action: :terms_of_service",config/routes.rb,1925,
route,账户与租户管理,"get ""accounts/:account_id/help_links"", action: :help_links",config/routes.rb,1926,
route,账户与租户管理,"get ""accounts/:account_id/courses"", action: :courses_api, as: ""account_courses""",config/routes.rb,1927,
route,账户与租户管理,"get ""accounts/:account_id/sub_accounts"", action: :sub_accounts, as: ""sub_accounts""",config/routes.rb,1928,
route,账户与租户管理,"get ""accounts/:account_id/courses/:id"", controller: :courses, action: :show, as: ""account_course_show""",config/routes.rb,1929,
route,账户与租户管理,"get ""accounts/:account_id/permissions"", action: :permissions",config/routes.rb,1930,
route,账户与租户管理,"get ""accounts/:account_id/settings"", action: :show_settings",config/routes.rb,1931,
route,账户与租户管理,"get ""manually_created_courses_account"", action: :manually_created_courses_account",config/routes.rb,1932,
route,账户与租户管理,"delete ""accounts/:account_id/users"", action: :remove_users",config/routes.rb,1933,
route,账户与租户管理,"delete ""accounts/:account_id/users/:user_id"", action: :remove_user",config/routes.rb,1934,
route,账户与租户管理,"put ""accounts/:account_id/users/bulk_update"", action: :update_users",config/routes.rb,1935,
route,账户与租户管理,"put ""accounts/:account_id/users/:user_id/restore"", action: :restore_user",config/routes.rb,1936,
route,账户与租户管理,"get ""accounts/:account_id/quiz_ip_filters"", action: :quiz_ip_filters, as: ""quiz_ip_filters""",config/routes.rb,1937,
route,课程、班级与选课,"get ""acceptable_use_policy"", action: :acceptable_use_policy",config/routes.rb,1938,
route,账户与租户管理,"get ""accounts/:account_id/accessibility_issue_summary"", action: :accessibility_issue_summary, as: ""account_accessibility_issue_summary""",config/routes.rb,1939,
route,课程、班级与选课,scope(controller: :accessibility_course_statistics) do,config/routes.rb,1942,
route,用户、身份与沟通,"get ""users/:user_id/educator_accessibility_course_statistics"", action: :index, as: ""user_educator_accessibility_course_statistics""",config/routes.rb,1943,
route,账户与租户管理,scope(controller: :sub_accounts) do,config/routes.rb,1946,
route,账户与租户管理,"post ""accounts/:account_id/sub_accounts"", action: :create",config/routes.rb,1947,
route,账户与租户管理,"delete ""accounts/:account_id/sub_accounts/:id"", action: :destroy",config/routes.rb,1948,
route,账户与租户管理,scope(controller: :role_overrides) do,config/routes.rb,1951,
route,账户与租户管理,"get ""accounts/:account_id/roles"", action: :api_index, as: ""account_roles""",config/routes.rb,1952,
route,账户与租户管理,"get ""accounts/:account_id/roles/permissions"", action: :manageable_permissions",config/routes.rb,1953,
route,账户与租户管理,"get ""accounts/:account_id/roles/:id"", action: :show",config/routes.rb,1954,
route,账户与租户管理,"post ""accounts/:account_id/roles"", action: :add_role",config/routes.rb,1955,
route,账户与租户管理,"post ""accounts/:account_id/roles/:id/activate"", action: :activate_role",config/routes.rb,1956,
route,账户与租户管理,"put ""accounts/:account_id/roles/:id"", action: :update",config/routes.rb,1957,
route,账户与租户管理,"delete ""accounts/:account_id/roles/:id"", action: :remove_role",config/routes.rb,1958,
route,账户与租户管理,"get ""accounts/:account_id/permissions/:permission"", action: :check_account_permission",config/routes.rb,1959,
route,其他,scope(controller: :permissions_help) do,config/routes.rb,1962,
route,讨论、公告与协作,"get ""permissions/groups"", action: :groups",config/routes.rb,1963,
route,其他,"get ""permissions/:context_type/:permission/help"", action: :help",config/routes.rb,1964,
route,SIS、导入导出与报表,scope(controller: :account_reports) do,config/routes.rb,1967,
route,账户与租户管理,"get ""accounts/:account_id/reports/:report"", action: :index",config/routes.rb,1968,
route,账户与租户管理,"get ""accounts/:account_id/reports"", action: :available_reports",config/routes.rb,1969,
route,SIS、导入导出与报表,"get ""accounts/:account_id/reports/:report/:id"", action: :show, as: ""account_report""",config/routes.rb,1970,
route,账户与租户管理,"post ""accounts/:account_id/reports/:report"", action: :create, as: ""account_create_report""",config/routes.rb,1971,
route,账户与租户管理,"delete ""accounts/:account_id/reports/:report/:id"", action: :destroy",config/routes.rb,1972,
route,账户与租户管理,"put ""accounts/:account_id/reports/:report/:id/abort"", action: :abort",config/routes.rb,1973,
route,课程、班级与选课,scope(controller: :course_reports) do,config/routes.rb,1976,
route,课程、班级与选课,"get ""courses/:course_id/reports/:report_type"", action: :last",config/routes.rb,1977,
route,课程、班级与选课,"get ""courses/:course_id/reports/:report_type/:id"", action: :show",config/routes.rb,1978,
route,课程、班级与选课,"post ""courses/:course_id/reports/:report_type"", action: :create",config/routes.rb,1979,
route,账户与租户管理,scope(controller: :admins) do,config/routes.rb,1982,
route,账户与租户管理,"post ""accounts/:account_id/admins"", action: :create",config/routes.rb,1983,
route,账户与租户管理,"delete ""accounts/:account_id/admins/:user_id"", action: :destroy",config/routes.rb,1984,
route,账户与租户管理,"get ""accounts/:account_id/admins"", action: :index, as: ""account_admins""",config/routes.rb,1985,
route,账户与租户管理,"get ""accounts/:account_id/admins/self"", action: :self_roles, as: ""account_self_roles""",config/routes.rb,1986,
route,账户与租户管理,scope(controller: :authentication_providers) do,config/routes.rb,1989,
route,账户与租户管理,"get ""accounts/:account_id/sso_settings"", action: :show_sso_settings, as: ""account_show_sso_settings_url""",config/routes.rb,1990,
route,账户与租户管理,"put ""accounts/:account_id/sso_settings"", action: :update_sso_settings, as: ""account_update_sso_settings_url""",config/routes.rb,1991,
route,账户与租户管理,"get ""accounts/:account_id/authentication_providers"", action: :index",config/routes.rb,1993,
route,账户与租户管理,"get ""accounts/:account_id/authentication_providers/:id"", action: :show",config/routes.rb,1994,
route,账户与租户管理,"post ""accounts/:account_id/authentication_providers"", action: :create, as: ""account_create_ap""",config/routes.rb,1995,
route,账户与租户管理,"put ""accounts/:account_id/authentication_providers/:id"", action: :update, as: ""account_update_ap""",config/routes.rb,1996,
route,账户与租户管理,"delete ""accounts/:account_id/authentication_providers/:id"", action: :destroy, as: ""account_delete_ap""",config/routes.rb,1997,
route,账户与租户管理,"put ""accounts/:account_id/authentication_providers/:id/restore"", action: :restore, as: ""account_restore_ap""",config/routes.rb,1998,
route,内容、文件与模块,scope(controller: :page_views) do,config/routes.rb,2001,
route,用户、身份与沟通,"get ""users/:user_id/page_views"", action: :index, as: ""user_page_views""",config/routes.rb,2002,
route,用户、身份与沟通,"post ""users/:user_id/page_views/query"", action: :query, as: ""user_page_views_enqueue_query""",config/routes.rb,2003,
route,用户、身份与沟通,"get ""users/:user_id/page_views/query/:query_id"", action: :poll_query, as: ""page_views_poll_query_status""",config/routes.rb,2004,
route,用户、身份与沟通,"get ""users/:user_id/page_views/query/:query_id/results"", action: :query_results, as: ""page_views_get_query_results""",config/routes.rb,2005,
route,用户、身份与沟通,"post ""users/page_views/query"", action: :batch_query, as: ""page_views_enqueue_batch_query""",config/routes.rb,2008,
route,用户、身份与沟通,"get ""users/page_views/query/:query_id"", action: :poll_batch_query, as: ""page_views_poll_batch_query_status""",config/routes.rb,2009,
route,用户、身份与沟通,"get ""users/page_views/query/:query_id/results"", action: :batch_query_results, as: ""page_views_get_batch_query_results""",config/routes.rb,2010,
route,用户、身份与沟通,"get ""users/:user_id/profile"", controller: :profile, action: :settings",config/routes.rb,2013,
route,用户、身份与沟通,"get ""users/:user_id/avatars"", controller: :profile, action: :profile_pics",config/routes.rb,2014,
route,用户、身份与沟通,"get ""conversations/find_recipients"", controller: :search, action: :recipients",config/routes.rb,2017,
route,用户、身份与沟通,"get ""conversations/find_recipients"", controller: :conversations, action: :find_recipients",config/routes.rb,2018,
route,用户、身份与沟通,scope(controller: :conversations) do,config/routes.rb,2020,
route,用户、身份与沟通,"get ""conversations"", action: :index, as: ""conversations""",config/routes.rb,2021,
route,用户、身份与沟通,"post ""conversations"", action: :create",config/routes.rb,2022,
route,用户、身份与沟通,"get ""conversations/deleted"", action: :deleted_index, as: ""deleted_conversations""",config/routes.rb,2023,
route,用户、身份与沟通,"put ""conversations/restore"", action: :restore_message",config/routes.rb,2024,
route,用户、身份与沟通,"post ""conversations/mark_all_as_read"", action: :mark_all_as_read",config/routes.rb,2025,
route,用户、身份与沟通,"get ""conversations/batches"", action: :batches, as: ""conversations_batches""",config/routes.rb,2026,
route,用户、身份与沟通,"get ""conversations/unread_count"", action: :unread_count",config/routes.rb,2027,
route,用户、身份与沟通,"get ""conversations/:id"", action: :show",config/routes.rb,2028,
route,用户、身份与沟通,"put ""conversations/:id"", action: :update # stars, subscribed-ness, workflow_state",config/routes.rb,2029,
route,用户、身份与沟通,"delete ""conversations/:id"", action: :destroy",config/routes.rb,2030,
route,用户、身份与沟通,"post ""conversations/:id/add_message"", action: :add_message",config/routes.rb,2031,
route,用户、身份与沟通,"post ""conversations/:id/add_recipients"", action: :add_recipients",config/routes.rb,2032,
route,用户、身份与沟通,"post ""conversations/:id/remove_messages"", action: :remove_messages",config/routes.rb,2033,
route,用户、身份与沟通,"put ""conversations"", action: :batch_update",config/routes.rb,2034,
route,用户、身份与沟通,"delete ""conversations/:id/delete_for_all"", action: :delete_for_all",config/routes.rb,2035,
route,用户、身份与沟通,scope(controller: :communication_channels) do,config/routes.rb,2038,
route,用户、身份与沟通,"get ""users/:user_id/communication_channels"", action: :index, as: ""communication_channels""",config/routes.rb,2039,
route,用户、身份与沟通,"post ""users/:user_id/communication_channels"", action: :create",config/routes.rb,2040,
route,用户、身份与沟通,"post ""users/:user_id/communication_channels/:id"", action: :reset_bounce_count, as: ""reset_bounce_count""",config/routes.rb,2041,
route,SIS、导入导出与报表,"get ""accounts/:account_id/bounced_communication_channels.csv"", action: :bouncing_channel_report, defaults: { format: :csv }",config/routes.rb,2042,
route,账户与租户管理,"get ""accounts/:account_id/bounced_communication_channels"", action: :bouncing_channel_report",config/routes.rb,2043,
route,账户与租户管理,"post ""accounts/:account_id/bounced_communication_channels/reset"", action: :bulk_reset_bounce_counts",config/routes.rb,2044,
route,SIS、导入导出与报表,"get ""accounts/:account_id/unconfirmed_communication_channels.csv"", action: :unconfirmed_channel_report, defaults: { format: :csv }",config/routes.rb,2045,
route,账户与租户管理,"get ""accounts/:account_id/unconfirmed_communication_channels"", action: :unconfirmed_channel_report",config/routes.rb,2046,
route,账户与租户管理,"post ""accounts/:account_id/unconfirmed_communication_channels/confirm"", action: :bulk_confirm",config/routes.rb,2047,
route,用户、身份与沟通,"delete ""users/self/communication_channels/push"", action: :delete_push_token",config/routes.rb,2048,
route,用户、身份与沟通,"delete ""users/:user_id/communication_channels/:id"", action: :destroy",config/routes.rb,2049,
route,用户、身份与沟通,"delete ""users/:user_id/communication_channels/:type/:address"", action: :destroy, constraints: { address: %r{[^/?]+} }",config/routes.rb,2050,
route,用户、身份与沟通,scope(controller: :notification_preferences) do,config/routes.rb,2053,
route,用户、身份与沟通,"get ""users/:user_id/communication_channels/:communication_channel_id/notification_preferences"", action: :index",config/routes.rb,2054,
route,用户、身份与沟通,"get ""users/:user_id/communication_channels/:communication_channel_id/notification_preference_categories"", action: :category_index",config/routes.rb,2055,
route,用户、身份与沟通,"get ""users/:user_id/communication_channels/:type/:address/notification_preferences"", action: :index, constraints: { address: %r{[^/?]+} }",config/routes.rb,2056,
route,用户、身份与沟通,"get ""users/:user_id/communication_channels/:communication_channel_id/notification_preferences/:notification"", action: :show",config/routes.rb,2057,
route,用户、身份与沟通,"get ""users/:user_id/communication_channels/:type/:address/notification_preferences/:notification"", action: :show, constraints: { address: %r{[^/?]+} }",config/routes.rb,2058,
route,用户、身份与沟通,"put ""users/self/communication_channels/:communication_channel_id/notification_preferences/:notification"", action: :update",config/routes.rb,2059,
route,用户、身份与沟通,"put ""users/self/communication_channels/:type/:address/notification_preferences/:notification"", action: :update, constraints: { address: %r{[^/?]+} }",config/routes.rb,2060,
route,用户、身份与沟通,"put ""users/self/communication_channels/:communication_channel_id/notification_preferences"", action: :update_all",config/routes.rb,2061,
route,用户、身份与沟通,"put ""users/self/communication_channels/:type/:address/notification_preferences"", action: :update_all, constraints: { address: %r{[^/?]+} }",config/routes.rb,2062,
route,用户、身份与沟通,"put ""users/self/communication_channels/:communication_channel_id/notification_preference_categories/:category"", action: :update_preferences_by_category",config/routes.rb,2063,
route,用户、身份与沟通,scope(controller: :comm_messages_api) do,config/routes.rb,2066,
route,用户、身份与沟通,"get ""comm_messages"", action: :index, as: ""comm_messages""",config/routes.rb,2067,
route,其他,scope(controller: :services_api) do,config/routes.rb,2070,
route,LTI、外部工具与集成,"get ""services/kaltura"", action: :show_kaltura_config",config/routes.rb,2071,
route,LTI、外部工具与集成,"post ""services/kaltura_session"", action: :start_kaltura_session",config/routes.rb,2072,
route,其他,"get ""services/rce_config"", action: :rce_config",config/routes.rb,2073,
route,内容、文件与模块,scope(controller: :calendar_events_api) do,config/routes.rb,2076,
route,内容、文件与模块,"get ""calendar_events"", action: :index, as: ""calendar_events""",config/routes.rb,2077,
route,用户、身份与沟通,"get ""users/:user_id/calendar_events"", action: :user_index, as: ""user_calendar_events""",config/routes.rb,2078,
route,内容、文件与模块,"post ""calendar_events"", action: :create",config/routes.rb,2079,
route,内容、文件与模块,"get ""calendar_events/visible_contexts"", action: :visible_contexts",config/routes.rb,2080,
route,内容、文件与模块,"get ""calendar_events/:id"", action: :show, as: ""calendar_event""",config/routes.rb,2081,
route,内容、文件与模块,"put ""calendar_events/:id"", action: :update",config/routes.rb,2082,
route,内容、文件与模块,"delete ""calendar_events/:id"", action: :destroy",config/routes.rb,2083,
route,内容、文件与模块,"post ""calendar_events/:id/reservations"", action: :reserve",config/routes.rb,2084,
route,内容、文件与模块,"post ""calendar_events/:id/reservations/:participant_id"", action: :reserve, as: ""calendar_event_reserve""",config/routes.rb,2085,
route,内容、文件与模块,"get ""calendar_events/:id/participants"", action: :participants, as: ""calendar_event_participants""",config/routes.rb,2086,
route,内容、文件与模块,"post ""calendar_events/save_selected_contexts"", action: :save_selected_contexts",config/routes.rb,2087,
route,账户与租户管理,"post ""calendar_events/save_enabled_account_calendars"", action: :save_enabled_account_calendars",config/routes.rb,2088,
route,课程、班级与选课,"get ""courses/:course_id/calendar_events/timetable"", action: :get_course_timetable",config/routes.rb,2090,
route,课程、班级与选课,"post ""courses/:course_id/calendar_events/timetable"", action: :set_course_timetable",config/routes.rb,2091,
route,课程、班级与选课,"post ""courses/:course_id/calendar_events/timetable_events"", action: :set_course_timetable_events",config/routes.rb,2092,
route,讨论、公告与协作,scope(controller: :appointment_groups) do,config/routes.rb,2095,
route,讨论、公告与协作,"get ""appointment_groups"", action: :index, as: ""appointment_groups""",config/routes.rb,2096,
route,讨论、公告与协作,"post ""appointment_groups"", action: :create",config/routes.rb,2097,
route,讨论、公告与协作,"get ""appointment_groups/next_appointment"", action: :next_appointment",config/routes.rb,2098,
route,讨论、公告与协作,"get ""appointment_groups/:id"", action: :show, as: ""appointment_group""",config/routes.rb,2099,
route,讨论、公告与协作,"put ""appointment_groups/:id"", action: :update",config/routes.rb,2100,
route,讨论、公告与协作,"delete ""appointment_groups/:id"", action: :destroy",config/routes.rb,2101,
route,用户、身份与沟通,"get ""appointment_groups/:id/users"", action: :users, as: ""appointment_group_users""",config/routes.rb,2102,
route,讨论、公告与协作,"get ""appointment_groups/:id/groups"", action: :groups, as: ""appointment_group_groups""",config/routes.rb,2103,
route,讨论、公告与协作,scope(controller: :groups) do,config/routes.rb,2106,
route,讨论、公告与协作,"resources :groups, except: :index",config/routes.rb,2107,
route,用户、身份与沟通,"get ""users/self/groups"", action: :index, as: ""current_user_groups""",config/routes.rb,2108,
route,账户与租户管理,"get ""accounts/:account_id/groups"", action: :context_index, as: ""account_user_groups""",config/routes.rb,2109,
route,用户、身份与沟通,"get ""courses/:course_id/groups"", action: :context_index, as: ""course_user_groups""",config/routes.rb,2110,
route,用户、身份与沟通,"get ""groups/:group_id/users"", action: :users, as: ""group_users""",config/routes.rb,2111,
route,讨论、公告与协作,"get ""groups/:group_id/permissions"", action: :permissions",config/routes.rb,2112,
route,讨论、公告与协作,"post ""groups/:group_id/invite"", action: :invite",config/routes.rb,2113,
route,讨论、公告与协作,"post ""groups/:group_id/files"", action: :create_file",config/routes.rb,2114,
route,讨论、公告与协作,"post ""groups/:group_id/preview_html"", action: :preview_html",config/routes.rb,2115,
route,讨论、公告与协作,"post ""group_categories/:group_category_id/groups"", action: :create",config/routes.rb,2116,
route,讨论、公告与协作,"get ""groups/:group_id/activity_stream"", action: :activity_stream, as: ""group_activity_stream""",config/routes.rb,2117,
route,讨论、公告与协作,"get ""groups/:group_id/activity_stream/summary"", action: :activity_stream_summary, as: ""group_activity_stream_summary""",config/routes.rb,2118,
route,讨论、公告与协作,"get ""groups/:group_id/collaborations"", controller: :collaborations, action: :api_index, as: ""group_collaborations_index""",config/routes.rb,2119,
route,讨论、公告与协作,"delete ""groups/:group_id/collaborations/:id"", controller: :collaborations, action: :destroy",config/routes.rb,2120,
route,用户、身份与沟通,"get ""courses/:course_id/bulk_user_tags"", to: ""groups#bulk_user_tags""",config/routes.rb,2121,
route,讨论、公告与协作,scope(controller: :group_memberships) do,config/routes.rb,2123,
route,讨论、公告与协作,"resources :memberships, path: ""groups/:group_id/memberships"", name_prefix: ""group_"", controller: :group_memberships",config/routes.rb,2124,
route,用户、身份与沟通,"resources :users, path: ""groups/:group_id/users"", name_prefix: ""group_"", controller: :group_memberships, except: [:index, :create]",config/routes.rb,2125,
route,用户、身份与沟通,"delete ""groups/:group_id/users"", to: ""group_memberships#destroy_bulk""",config/routes.rb,2127,
route,讨论、公告与协作,"get ""groups/:group_id/files"", controller: :files, action: :api_index, as: ""group_files""",config/routes.rb,2130,
route,讨论、公告与协作,"get ""groups/:group_id/folders"", controller: :folders, action: :list_all_folders, as: ""group_folders""",config/routes.rb,2131,
route,内容、文件与模块,"get ""groups/:group_id/folders_and_files"", controller: :folders, action: :list_all_folders_and_files, as: ""group_folders_and_files""",config/routes.rb,2132,
route,讨论、公告与协作,"post ""groups/:group_id/folders"", controller: :folders, action: :create",config/routes.rb,2133,
route,讨论、公告与协作,"get ""groups/:group_id/folders/by_path/*full_path"", controller: :folders, action: :resolve_path",config/routes.rb,2134,
route,讨论、公告与协作,"get ""groups/:group_id/folders/by_path"", controller: :folders, action: :resolve_path",config/routes.rb,2135,
route,讨论、公告与协作,"get ""groups/:group_id/folders/media"", controller: :folders, action: :media_folder",config/routes.rb,2136,
route,讨论、公告与协作,"get ""groups/:group_id/folders/:id/duplicates"", controller: :folders, action: :duplicates",config/routes.rb,2137,
route,讨论、公告与协作,"get ""groups/:group_id/folders/:id"", controller: :folders, action: :show, as: ""group_folder""",config/routes.rb,2138,
route,账户与租户管理,scope(controller: :developer_key_account_bindings) do,config/routes.rb,2141,
route,账户与租户管理,"post ""accounts/:account_id/developer_keys/:developer_key_id/developer_key_account_bindings"", action: :create_or_update",config/routes.rb,2142,
route,账户与租户管理,scope(controller: :developer_keys) do,config/routes.rb,2145,
route,账户与租户管理,"delete ""developer_keys/:id"", action: :destroy",config/routes.rb,2146,
route,账户与租户管理,"put ""developer_keys/:id"", action: :update",config/routes.rb,2147,
route,账户与租户管理,"get ""accounts/:account_id/developer_keys"", action: :index, as: ""account_developer_keys""",config/routes.rb,2149,
route,账户与租户管理,"post ""accounts/:account_id/developer_keys"", action: :create",config/routes.rb,2150,
route,账户与租户管理,"get ""accounts/:account_id/developer_keys/lookup_utids"", action: :lookup_utids",config/routes.rb,2151,
route,LTI、外部工具与集成,"scope(controller: ""lti/registrations"") do",config/routes.rb,2154,
route,账户与租户管理,"get ""accounts/:account_id/lti_registrations"", action: :list",config/routes.rb,2155,
route,账户与租户管理,"post ""accounts/:account_id/lti_registrations"", action: :create",config/routes.rb,2156,
route,账户与租户管理,"post ""accounts/:account_id/lti_registrations/configuration/validate"", action: :validate_lti_configuration",config/routes.rb,2157,
route,账户与租户管理,"get ""accounts/:account_id/lti_registrations/check_domain_duplicates"", action: :check_domain_duplicates",config/routes.rb,2158,
route,账户与租户管理,"delete ""accounts/:account_id/lti_registrations/:id"", action: :destroy",config/routes.rb,2159,
route,账户与租户管理,"get ""accounts/:account_id/lti_registrations/:registration_id/deployments/:deployment_id/context_search"", action: :context_search, as: ""lti_registration_context_search""",config/routes.rb,2160,
route,账户与租户管理,"get ""accounts/:account_id/lti_registrations/:id"", action: :show",config/routes.rb,2161,
route,账户与租户管理,"get ""accounts/:account_id/lti_registrations/:id/overlay_history"", action: :overlay_history",config/routes.rb,2162,
route,账户与租户管理,"get ""accounts/:account_id/lti_registrations/:id/history"", action: :history, as: :lti_registration_history",config/routes.rb,2163,
route,账户与租户管理,"get ""accounts/:account_id/lti_registration_by_client_id/:client_id"", action: :show_by_client_id",config/routes.rb,2164,
route,账户与租户管理,"get ""accounts/:account_id/lti_registrations/by_utid/:utid"", action: :show_by_utid",config/routes.rb,2165,
route,账户与租户管理,"get ""accounts/:account_id/lti_registrations/install_status/:client_id"", action: :install_status",config/routes.rb,2166,
route,账户与租户管理,"get ""accounts/:account_id/lti_registrations/:id/update_requests/:update_request_id"", action: :show_registration_update_request, as: ""lti_registration_update_request""",config/routes.rb,2167,
route,账户与租户管理,"get ""accounts/:account_id/lti_registrations/:id/latest_update_request"", action: :latest_registration_update_request, as: ""latest_lti_registration_update_request""",config/routes.rb,2168,
route,账户与租户管理,"put ""accounts/:account_id/lti_registrations/:id/update_requests/:update_request_id/apply"", action: :apply_registration_update_request, as: ""apply_lti_registration_update_request""",config/routes.rb,2169,
route,账户与租户管理,"put ""accounts/:account_id/lti_registrations/:id"", action: :update",config/routes.rb,2170,
route,账户与租户管理,"put ""accounts/:account_id/lti_registrations/:id/reset"", action: :reset",config/routes.rb,2171,
route,账户与租户管理,"post ""accounts/:account_id/lti_registrations/:id/bind"", action: :bind",config/routes.rb,2172,
route,账户与租户管理,"post ""accounts/:account_id/lti_registrations/:id/install_from_template"", action: :install_from_template",config/routes.rb,2173,
route,LTI、外部工具与集成,"scope(controller: ""lti/deployments"") do",config/routes.rb,2176,
route,账户与租户管理,"get ""accounts/:account_id/lti_registrations/:registration_id/deployments"", action: :list, as: :list_deployments",config/routes.rb,2177,
route,账户与租户管理,"post ""accounts/:account_id/lti_registrations/:registration_id/deployments"", action: :create",config/routes.rb,2178,
route,账户与租户管理,"delete ""accounts/:account_id/lti_registrations/:registration_id/deployments/:id"", action: :destroy",config/routes.rb,2179,
route,账户与租户管理,"get ""accounts/:account_id/lti_registrations/:registration_id/deployments/:id"", action: :show",config/routes.rb,2180,
route,账户与租户管理,"get ""accounts/:account_id/lti_registrations/:registration_id/deployments/:id/controls"", action: :list_controls, as: :list_deployment_controls",config/routes.rb,2181,
route,LTI、外部工具与集成,"scope(controller: ""lti/context_controls"") do",config/routes.rb,2184,
route,账户与租户管理,"get ""accounts/:account_id/lti_registrations/:registration_id/controls"", action: :index, as: :lti_context_controls_index",config/routes.rb,2185,
route,账户与租户管理,"post ""accounts/:current_account_id/lti_registrations/:registration_id/controls"", action: :create # avoid param name conflict",config/routes.rb,2186,
route,账户与租户管理,"post ""accounts/:account_id/lti_registrations/:registration_id/controls/bulk"", action: :create_many",config/routes.rb,2187,
route,账户与租户管理,"get ""accounts/:account_id/lti_registrations/:registration_id/controls/:id"", action: :show",config/routes.rb,2188,
route,账户与租户管理,"put ""accounts/:account_id/lti_registrations/:registration_id/controls/:id"", action: :update",config/routes.rb,2189,
route,账户与租户管理,"delete ""accounts/:account_id/lti_registrations/:registration_id/controls/:id"", action: :delete",config/routes.rb,2190,
route,LTI、外部工具与集成,"scope(controller: ""lti/resource_links"") do",config/routes.rb,2193,
route,LTI、外部工具与集成,"get ""courses/:course_id/lti_resource_links"", action: :index",config/routes.rb,2194,
route,LTI、外部工具与集成,"post ""courses/:course_id/lti_resource_links"", action: :create",config/routes.rb,2195,
route,LTI、外部工具与集成,"post ""courses/:course_id/lti_resource_links/bulk"", action: :bulk_create",config/routes.rb,2196,
route,LTI、外部工具与集成,"get ""courses/:course_id/lti_resource_links/:id"", action: :show",config/routes.rb,2197,
route,LTI、外部工具与集成,"put ""courses/:course_id/lti_resource_links/:id"", action: :update",config/routes.rb,2198,
route,LTI、外部工具与集成,"delete ""courses/:course_id/lti_resource_links/:id"", action: :destroy",config/routes.rb,2199,
route,LTI、外部工具与集成,"scope(controller: ""lti/asset_processor_tii_migrations_api"") do",config/routes.rb,2202,
route,账户与租户管理,"get ""accounts/:account_id/asset_processors/tii_migrations"", action: :index",config/routes.rb,2203,
route,账户与租户管理,"post ""accounts/:account_id/asset_processors/tii_migrations"", action: :create",config/routes.rb,2204,
route,账户与租户管理,"post ""accounts/:account_id/asset_processors/tii_migrations/migrate_all"", action: :migrate_all",config/routes.rb,2205,
route,搜索、AI 与无障碍,scope(controller: :immersive_reader) do,config/routes.rb,2208,
route,搜索、AI 与无障碍,"get ""immersive_reader/authenticate"", action: :authenticate",config/routes.rb,2209,
route,搜索、AI 与无障碍,scope(controller: :search) do,config/routes.rb,2212,
route,作业、提交与评分,"get ""search/rubrics"", action: ""rubrics"", as: ""search_rubrics""",config/routes.rb,2213,
route,搜索、AI 与无障碍,"get ""search/recipients"", action: ""recipients"", as: ""search_recipients""",config/routes.rb,2214,
route,课程、班级与选课,"get ""search/all_courses"", action: ""all_courses"", as: ""search_all_courses""",config/routes.rb,2215,
route,内容、文件与模块,"post ""files/:id/create_success"", controller: :files, action: :api_create_success, as: ""files_create_success""",config/routes.rb,2218,
route,内容、文件与模块,"get ""files/:id/create_success"", controller: :files, action: :api_create_success",config/routes.rb,2219,
route,内容、文件与模块,scope(controller: :files) do,config/routes.rb,2221,
route,内容、文件与模块,"post ""files/:id/create_success"", action: :api_create_success",config/routes.rb,2222,
route,内容、文件与模块,"get ""files/:id/create_success"", action: :api_create_success",config/routes.rb,2223,
route,内容、文件与模块,"post ""files/capture"", action: :api_capture, as: ""files_capture""",config/routes.rb,2225,
route,内容、文件与模块,"get ""files/:id"", action: :api_show, as: ""attachment""",config/routes.rb,2228,
route,内容、文件与模块,"get ""files/:id/icon_metadata"", action: :icon_metadata",config/routes.rb,2229,
route,内容、文件与模块,"delete ""files/:id"", action: :destroy",config/routes.rb,2230,
route,内容、文件与模块,"put ""files/:id"", action: :api_update",config/routes.rb,2231,
route,内容、文件与模块,"post ""files/:id/reset_verifier"", action: :reset_verifier",config/routes.rb,2232,
route,内容、文件与模块,"post ""files/update_word_count"", action: :update_word_count",config/routes.rb,2233,
route,内容、文件与模块,"post ""rce_linked_file_instfs_ids"", action: :rce_linked_file_instfs_ids",config/routes.rb,2234,
route,内容、文件与模块,"post ""files/:id"", action: :api_show",config/routes.rb,2249,
route,内容、文件与模块,"get ""files/:id/public_url"", action: :public_url",config/routes.rb,2251,
route,课程、班级与选课,"get ""courses/:course_id/files/file_ref/:migration_id"", action: :file_ref",config/routes.rb,2252,
route,内容、文件与模块,"get ""#{context}s/:#{context}_id/files/quota"", action: :api_quota",config/routes.rb,2254,
route,内容、文件与模块,"get ""#{context}s/:#{context}_id/files/:id"", action: :api_show, as: ""#{context}_attachment""",config/routes.rb,2255,
route,内容、文件与模块,scope(controller: :folders) do,config/routes.rb,2259,
route,内容、文件与模块,"get ""folders/:id"", action: :show",config/routes.rb,2260,
route,内容、文件与模块,"get ""folders/:id/folders"", action: :api_index, as: ""list_folders""",config/routes.rb,2261,
route,内容、文件与模块,"get ""folders/:id/all"", action: :list_folders_and_files, as: ""list_folders_and_files""",config/routes.rb,2262,
route,内容、文件与模块,"get ""folders/:id/files"", controller: :files, action: :api_index, as: ""list_files""",config/routes.rb,2263,
route,内容、文件与模块,"delete ""folders/:id"", action: :api_destroy",config/routes.rb,2264,
route,内容、文件与模块,"put ""folders/:id"", action: :update",config/routes.rb,2265,
route,内容、文件与模块,"post ""folders/:folder_id/folders"", action: :create, as: ""create_folder""",config/routes.rb,2266,
route,账户与租户管理,"post ""accounts/:account_id/folders"", action: :create",config/routes.rb,2267,
route,内容、文件与模块,"post ""folders/:folder_id/files"", action: :create_file",config/routes.rb,2268,
route,内容、文件与模块,"post ""folders/:dest_folder_id/copy_file"", action: :copy_file",config/routes.rb,2269,
route,内容、文件与模块,"post ""folders/:dest_folder_id/copy_folder"", action: :copy_folder",config/routes.rb,2270,
route,其他,scope(controller: :favorites) do,config/routes.rb,2273,
route,用户、身份与沟通,"get ""users/self/favorites/courses"", action: :list_favorite_courses, as: :list_favorite_courses",config/routes.rb,2274,
route,用户、身份与沟通,"post ""users/self/favorites/courses/:id"", action: :add_favorite_course, as: :add_favorite_course",config/routes.rb,2275,
route,用户、身份与沟通,"delete ""users/self/favorites/courses/:id"", action: :remove_favorite_course, as: :remove_favorite_course",config/routes.rb,2276,
route,用户、身份与沟通,"delete ""users/self/favorites/courses"", action: :reset_course_favorites",config/routes.rb,2277,
route,用户、身份与沟通,"get ""users/self/favorites/groups"", action: :list_favorite_groups, as: :list_favorite_groups",config/routes.rb,2278,
route,用户、身份与沟通,"post ""users/self/favorites/groups/:id"", action: :add_favorite_groups, as: :add_favorite_groups",config/routes.rb,2279,
route,用户、身份与沟通,"delete ""users/self/favorites/groups/:id"", action: :remove_favorite_groups, as: :remove_favorite_groups",config/routes.rb,2280,
route,用户、身份与沟通,"delete ""users/self/favorites/groups"", action: :reset_groups_favorites",config/routes.rb,2281,
route,内容、文件与模块,scope(controller: :wiki_pages_api) do,config/routes.rb,2284,
route,课程、班级与选课,"get ""courses/:course_id/front_page"", action: :show_front_page",config/routes.rb,2285,
route,讨论、公告与协作,"get ""groups/:group_id/front_page"", action: :show_front_page",config/routes.rb,2286,
route,课程、班级与选课,"put ""courses/:course_id/front_page"", action: :update_front_page",config/routes.rb,2287,
route,讨论、公告与协作,"put ""groups/:group_id/front_page"", action: :update_front_page",config/routes.rb,2288,
route,课程、班级与选课,"post ""courses/:course_id/pages/:url_or_id/duplicate"", action: :duplicate",config/routes.rb,2289,
route,内容、文件与模块,"get ""courses/:course_id/pages"", action: :index, as: ""course_wiki_pages""",config/routes.rb,2291,
route,内容、文件与模块,"get ""groups/:group_id/pages"", action: :index, as: ""group_wiki_pages""",config/routes.rb,2292,
route,内容、文件与模块,"get ""courses/:course_id/pages/:url_or_id"", action: :show, as: ""course_wiki_page""",config/routes.rb,2293,
route,内容、文件与模块,"get ""groups/:group_id/pages/:url_or_id"", action: :show, as: ""group_wiki_page""",config/routes.rb,2294,
route,内容、文件与模块,"get ""courses/:course_id/pages/:url_or_id/revisions"", action: :revisions, as: ""course_wiki_page_revisions""",config/routes.rb,2295,
route,内容、文件与模块,"get ""groups/:group_id/pages/:url_or_id/revisions"", action: :revisions, as: ""group_wiki_page_revisions""",config/routes.rb,2296,
route,课程、班级与选课,"get ""courses/:course_id/pages/:url_or_id/revisions/latest"", action: :show_revision",config/routes.rb,2297,
route,讨论、公告与协作,"get ""groups/:group_id/pages/:url_or_id/revisions/latest"", action: :show_revision",config/routes.rb,2298,
route,课程、班级与选课,"get ""courses/:course_id/pages/:url_or_id/revisions/:revision_id"", action: :show_revision",config/routes.rb,2299,
route,讨论、公告与协作,"get ""groups/:group_id/pages/:url_or_id/revisions/:revision_id"", action: :show_revision",config/routes.rb,2300,
route,课程、班级与选课,"post ""courses/:course_id/pages/:url_or_id/revisions/:revision_id"", action: :revert",config/routes.rb,2301,
route,讨论、公告与协作,"post ""groups/:group_id/pages/:url_or_id/revisions/:revision_id"", action: :revert",config/routes.rb,2302,
route,课程、班级与选课,"post ""courses/:course_id/pages"", action: :create",config/routes.rb,2303,
route,讨论、公告与协作,"post ""groups/:group_id/pages"", action: :create",config/routes.rb,2304,
route,课程、班级与选课,"put ""courses/:course_id/pages/:url_or_id"", action: :update",config/routes.rb,2305,
route,讨论、公告与协作,"put ""groups/:group_id/pages/:url_or_id"", action: :update",config/routes.rb,2306,
route,课程、班级与选课,"delete ""courses/:course_id/pages/:url_or_id"", action: :destroy",config/routes.rb,2307,
route,讨论、公告与协作,"delete ""groups/:group_id/pages/:url_or_id"", action: :destroy",config/routes.rb,2308,
route,课程、班级与选课,"get ""courses/:course_id/page_title_availability"", action: :check_title_availability, as: ""course_page_title_availability""",config/routes.rb,2309,
route,讨论、公告与协作,"get ""groups/:group_id/page_title_availability"", action: :check_title_availability, as: ""group_page_title_availability""",config/routes.rb,2310,
route,课程、班级与选课,"post ""courses/:course_id/pages_ai/alt_text"", action: :ai_generate_alt_text",config/routes.rb,2311,
route,讨论、公告与协作,"post ""groups/:group_id/pages_ai/alt_text"", action: :ai_generate_alt_text",config/routes.rb,2312,
route,课程、班级与选课,"post ""courses/:course_id/pages/:url_or_id/accessibility/scan"", action: :accessibility_scan, as: ""pages_accessibility_scan""",config/routes.rb,2313,
route,课程、班级与选课,"post ""courses/:course_id/pages/:url_or_id/accessibility/queue_scan"", action: :accessibility_queue_scan, as: ""pages_accessibility_queue_scan""",config/routes.rb,2314,
route,内容、文件与模块,scope(controller: :context_modules_api) do,config/routes.rb,2317,
route,课程、班级与选课,"get ""courses/:course_id/modules"", action: :index, as: ""course_context_modules""",config/routes.rb,2318,
route,课程、班级与选课,"get ""courses/:course_id/modules/:id"", action: :show, as: ""course_context_module""",config/routes.rb,2319,
route,课程、班级与选课,"put ""courses/:course_id/modules"", action: :batch_update",config/routes.rb,2320,
route,课程、班级与选课,"post ""courses/:course_id/modules/:module_id/duplicate"", action: :duplicate",config/routes.rb,2321,
route,课程、班级与选课,"post ""courses/:course_id/modules"", action: :create, as: ""course_context_module_create""",config/routes.rb,2322,
route,课程、班级与选课,"put ""courses/:course_id/modules/:id"", action: :update, as: ""course_context_module_update""",config/routes.rb,2323,
route,课程、班级与选课,"delete ""courses/:course_id/modules/:id"", action: :destroy",config/routes.rb,2324,
route,课程、班级与选课,"put ""courses/:course_id/modules/:id/relock"", action: :relock",config/routes.rb,2325,
route,内容、文件与模块,scope(controller: :context_module_items_api) do,config/routes.rb,2328,
route,内容、文件与模块,"get ""courses/:course_id/modules/:module_id/items"", action: :index, as: ""course_context_module_items""",config/routes.rb,2329,
route,内容、文件与模块,"get ""courses/:course_id/modules/:module_id/items/:id"", action: :show, as: ""course_context_module_item""",config/routes.rb,2330,
route,内容、文件与模块,"put ""courses/:course_id/modules/:module_id/items/:id/done"", action: :mark_as_done, as: ""course_context_module_item_done""",config/routes.rb,2331,
route,内容、文件与模块,"delete ""courses/:course_id/modules/:module_id/items/:id/done"", action: :mark_as_not_done, as: ""course_context_module_item_not_done""",config/routes.rb,2332,
route,内容、文件与模块,"get ""courses/:course_id/module_item_redirect/:id"", action: :redirect, as: ""course_context_module_item_redirect""",config/routes.rb,2333,
route,课程、班级与选课,"get ""courses/:course_id/module_item_sequence"", action: :item_sequence",config/routes.rb,2334,
route,内容、文件与模块,"post ""courses/:course_id/modules/:module_id/items"", action: :create, as: ""course_context_module_items_create""",config/routes.rb,2335,
route,内容、文件与模块,"put ""courses/:course_id/modules/:module_id/items/:id"", action: :update, as: ""course_context_module_item_update""",config/routes.rb,2336,
route,课程、班级与选课,"delete ""courses/:course_id/modules/:module_id/items/:id"", action: :destroy",config/routes.rb,2337,
route,课程、班级与选课,"post ""courses/:course_id/modules/:module_id/items/:id/mark_read"", action: :mark_item_read",config/routes.rb,2338,
route,课程、班级与选课,"post ""courses/:course_id/modules/:module_id/items/:id/select_mastery_path"", action: :select_mastery_path",config/routes.rb,2339,
route,内容、文件与模块,"post ""courses/:course_id/modules/items/:id/duplicate"", action: :duplicate, as: :course_context_module_item_duplicate",config/routes.rb,2340,
route,作业、提交与评分,scope(controller: :module_assignment_overrides) do,config/routes.rb,2343,
route,课程、班级与选课,"get ""courses/:course_id/modules/:context_module_id/assignment_overrides"", action: :index, as: ""module_assignment_overrides_index""",config/routes.rb,2344,
route,课程、班级与选课,"put ""courses/:course_id/modules/:context_module_id/assignment_overrides"", action: :bulk_update",config/routes.rb,2345,
route,课程、班级与选课,"put ""courses/:course_id/modules/:context_module_id/assignment_overrides/convert_tag_overrides"", action: :convert_tag_overrides_to_adhoc_overrides",config/routes.rb,2346,
route,测验与题库,"scope(controller: ""quizzes/quiz_assignment_overrides"") do",config/routes.rb,2349,
route,测验与题库,"get ""courses/:course_id/quizzes/assignment_overrides"", action: :index, as: ""course_quiz_assignment_overrides""",config/routes.rb,2350,
route,测验与题库,"get ""courses/:course_id/new_quizzes/assignment_overrides"", action: :new_quizzes, as: ""course_new_quizzes_assignment_overrides""",config/routes.rb,2351,
route,测验与题库,"scope(controller: ""quizzes/quizzes_api"") do",config/routes.rb,2354,
route,测验与题库,"get ""courses/:course_id/quizzes"", action: :index, as: ""course_quizzes""",config/routes.rb,2355,
route,测验与题库,"post ""courses/:course_id/quizzes"", action: :create, as: ""course_quiz_create""",config/routes.rb,2356,
route,测验与题库,"get ""courses/:course_id/quizzes/:id"", action: :show, as: ""course_quiz""",config/routes.rb,2357,
route,测验与题库,"put ""courses/:course_id/quizzes/:id"", action: :update, as: ""course_quiz_update""",config/routes.rb,2358,
route,测验与题库,"delete ""courses/:course_id/quizzes/:id"", action: :destroy, as: ""course_quiz_destroy""",config/routes.rb,2359,
route,测验与题库,"post ""courses/:course_id/quizzes/:id/reorder"", action: :reorder, as: ""course_quiz_reorder""",config/routes.rb,2360,
route,测验与题库,"post ""courses/:course_id/quizzes/:id/validate_access_code"", action: :validate_access_code, as: ""course_quiz_validate_access_code""",config/routes.rb,2361,
route,测验与题库,"scope(controller: ""quizzes_next/quizzes_api"") do",config/routes.rb,2364,
route,测验与题库,"get ""courses/:course_id/all_quizzes"", action: :index, as: ""course_all_quizzes""",config/routes.rb,2365,
route,测验与题库,"scope(controller: ""quizzes/quiz_submission_users"") do",config/routes.rb,2368,
route,测验与题库,"get ""courses/:course_id/quizzes/:id/submission_users"", action: :index, as: ""course_quiz_submission_users""",config/routes.rb,2369,
route,用户、身份与沟通,"post ""courses/:course_id/quizzes/:id/submission_users/message"", action: :message, as: ""course_quiz_submission_users_message""",config/routes.rb,2370,
route,测验与题库,"scope(controller: ""quizzes/quiz_groups"") do",config/routes.rb,2373,
route,测验与题库,"get ""courses/:course_id/quizzes/:quiz_id/groups"", action: :index, as: ""course_quiz_groups""",config/routes.rb,2374,
route,测验与题库,"get ""courses/:course_id/quizzes/:quiz_id/groups/:id"", action: :show, as: ""course_quiz_group""",config/routes.rb,2375,
route,测验与题库,"post ""courses/:course_id/quizzes/:quiz_id/groups"", action: :create, as: ""course_quiz_group_create""",config/routes.rb,2376,
route,测验与题库,"put ""courses/:course_id/quizzes/:quiz_id/groups/:id"", action: :update, as: ""course_quiz_group_update""",config/routes.rb,2377,
route,测验与题库,"delete ""courses/:course_id/quizzes/:quiz_id/groups/:id"", action: :destroy, as: ""course_quiz_group_destroy""",config/routes.rb,2378,
route,测验与题库,"post ""courses/:course_id/quizzes/:quiz_id/groups/:id/reorder"", action: :reorder, as: ""course_quiz_group_reorder""",config/routes.rb,2379,
route,测验与题库,"scope(controller: ""quizzes/quiz_questions"") do",config/routes.rb,2382,
route,测验与题库,"get ""courses/:course_id/quizzes/:quiz_id/questions"", action: :index, as: ""course_quiz_questions""",config/routes.rb,2383,
route,测验与题库,"get ""courses/:course_id/quizzes/:quiz_id/questions/:id"", action: :show, as: ""course_quiz_question""",config/routes.rb,2384,
route,测验与题库,"post ""courses/:course_id/quizzes/:quiz_id/questions"", action: :create, as: ""course_quiz_question_create""",config/routes.rb,2385,
route,测验与题库,"put ""courses/:course_id/quizzes/:quiz_id/questions/:id"", action: :update, as: ""course_quiz_question_update""",config/routes.rb,2386,
route,测验与题库,"delete ""courses/:course_id/quizzes/:quiz_id/questions/:id"", action: :destroy, as: ""course_quiz_question_destroy""",config/routes.rb,2387,
route,测验与题库,"scope(controller: ""quizzes/quiz_reports"") do",config/routes.rb,2390,
route,测验与题库,"post ""courses/:course_id/quizzes/:quiz_id/reports"", action: :create, as: ""course_quiz_reports_create""",config/routes.rb,2391,
route,测验与题库,"delete ""courses/:course_id/quizzes/:quiz_id/reports/:id"", action: :abort, as: ""course_quiz_reports_abort""",config/routes.rb,2392,
route,测验与题库,"get ""courses/:course_id/quizzes/:quiz_id/reports"", action: :index, as: ""course_quiz_reports""",config/routes.rb,2393,
route,测验与题库,"get ""courses/:course_id/quizzes/:quiz_id/reports/:id"", action: :show, as: ""course_quiz_report""",config/routes.rb,2394,
route,测验与题库,"scope(controller: ""quizzes/quiz_submission_files"") do",config/routes.rb,2397,
route,测验与题库,"post ""courses/:course_id/quizzes/:quiz_id/submissions/self/files"", action: :create, as: ""quiz_submission_files""",config/routes.rb,2398,
route,测验与题库,"scope(controller: ""quizzes/quiz_submissions_api"") do",config/routes.rb,2401,
route,测验与题库,"get ""courses/:course_id/quizzes/:quiz_id/submission"", action: :submission, as: ""course_quiz_user_submission""",config/routes.rb,2402,
route,测验与题库,"get ""courses/:course_id/quizzes/:quiz_id/submissions"", action: :index, as: ""course_quiz_submissions""",config/routes.rb,2403,
route,测验与题库,"get ""courses/:course_id/quizzes/:quiz_id/submissions/:id"", action: :show, as: ""course_quiz_submission""",config/routes.rb,2404,
route,测验与题库,"get ""courses/:course_id/quizzes/:quiz_id/submissions/:id/time"", action: :time, as: ""course_quiz_submission_time""",config/routes.rb,2405,
route,测验与题库,"post ""courses/:course_id/quizzes/:quiz_id/submissions"", action: :create, as: ""course_quiz_submission_create""",config/routes.rb,2406,
route,测验与题库,"put ""courses/:course_id/quizzes/:quiz_id/submissions/:id"", action: :update, as: ""course_quiz_submission_update""",config/routes.rb,2407,
route,测验与题库,"post ""courses/:course_id/quizzes/:quiz_id/submissions/:id/complete"", action: :complete, as: ""course_quiz_submission_complete""",config/routes.rb,2408,
route,测验与题库,"scope(controller: ""quizzes/outstanding_quiz_submissions"") do",config/routes.rb,2411,
route,测验与题库,"get ""courses/:course_id/quizzes/:quiz_id/outstanding_quiz_submissions"", action: :index, path_name: ""outstanding_quiz_submission_index""",config/routes.rb,2412,
route,作业、提交与评分,"post ""courses/:course_id/quizzes/:quiz_id/outstanding_quiz_submissions"", action: :grade, path_name: ""outstanding_quiz_submission_grade""",config/routes.rb,2413,
route,测验与题库,"scope(controller: ""quizzes/quiz_extensions"") do",config/routes.rb,2416,
route,测验与题库,"post ""courses/:course_id/quizzes/:quiz_id/extensions"", action: :create, as: ""course_quiz_extensions_create""",config/routes.rb,2417,
route,测验与题库,"scope(controller: ""quizzes/course_quiz_extensions"") do",config/routes.rb,2420,
route,课程、班级与选课,"post ""courses/:course_id/quiz_extensions"", action: :create",config/routes.rb,2421,
route,测验与题库,"scope(controller: ""quizzes/quiz_submission_events_api"") do",config/routes.rb,2424,
route,测验与题库,"get ""courses/:course_id/quizzes/:quiz_id/submissions/:id/events"", action: :index, as: ""course_quiz_submission_events""",config/routes.rb,2425,
route,测验与题库,"post ""courses/:course_id/quizzes/:quiz_id/submissions/:id/events"", action: :create, as: ""create_quiz_submission_events""",config/routes.rb,2426,
route,测验与题库,"scope(controller: ""quizzes/quiz_submission_questions"") do",config/routes.rb,2429,
route,作业、提交与评分,"get ""/quiz_submissions/:quiz_submission_id/questions"", action: :index, as: ""quiz_submission_questions""",config/routes.rb,2430,
route,作业、提交与评分,"post ""/quiz_submissions/:quiz_submission_id/questions"", action: :answer, as: ""quiz_submission_question_answer""",config/routes.rb,2431,
route,作业、提交与评分,"get ""/quiz_submissions/:quiz_submission_id/questions/:id/formatted_answer"", action: :formatted_answer, as: ""quiz_submission_question_formatted_answer""",config/routes.rb,2432,
route,作业、提交与评分,"get ""/quiz_submissions/:quiz_submission_id/questions/:id"", action: :show, as: ""quiz_submission_question""",config/routes.rb,2433,
route,作业、提交与评分,"put ""/quiz_submissions/:quiz_submission_id/questions/:id/flag"", action: :flag, as: ""quiz_submission_question_flag""",config/routes.rb,2434,
route,作业、提交与评分,"put ""/quiz_submissions/:quiz_submission_id/questions/:id/unflag"", action: :unflag, as: ""quiz_submission_question_unflag""",config/routes.rb,2435,
route,测验与题库,"scope(controller: ""quizzes/quiz_ip_filters"") do",config/routes.rb,2438,
route,测验与题库,"get ""courses/:course_id/quizzes/:quiz_id/ip_filters"", action: :index, as: ""course_quiz_ip_filters""",config/routes.rb,2439,
route,测验与题库,"scope(controller: ""quizzes/quiz_statistics"") do",config/routes.rb,2442,
route,测验与题库,"get ""courses/:course_id/quizzes/:quiz_id/statistics"", action: :index, as: ""course_quiz_statistics""",config/routes.rb,2443,
route,其他,"scope(controller: ""polling/polls"") do",config/routes.rb,2446,
route,其他,"get ""polls"", action: :index, as: ""polls""",config/routes.rb,2447,
route,其他,"post ""polls"", action: :create, as: ""poll_create""",config/routes.rb,2448,
route,其他,"get ""polls/:id"", action: :show, as: ""poll""",config/routes.rb,2449,
route,其他,"put ""polls/:id"", action: :update, as: ""poll_update""",config/routes.rb,2450,
route,其他,"delete ""polls/:id"", action: :destroy, as: ""poll_destroy""",config/routes.rb,2451,
route,其他,"scope(controller: ""polling/poll_choices"") do",config/routes.rb,2454,
route,其他,"get ""polls/:poll_id/poll_choices"", action: :index, as: ""poll_choices""",config/routes.rb,2455,
route,其他,"post ""polls/:poll_id/poll_choices"", action: :create, as: ""poll_choices_create""",config/routes.rb,2456,
route,其他,"get ""polls/:poll_id/poll_choices/:id"", action: :show, as: ""poll_choice""",config/routes.rb,2457,
route,其他,"put ""polls/:poll_id/poll_choices/:id"", action: :update, as: ""poll_choice_update""",config/routes.rb,2458,
route,其他,"delete ""polls/:poll_id/poll_choices/:id"", action: :destroy, as: ""poll_choice_destroy""",config/routes.rb,2459,
route,其他,"scope(controller: ""polling/poll_sessions"") do",config/routes.rb,2462,
route,其他,"get ""polls/:poll_id/poll_sessions"", action: :index, as: ""poll_sessions""",config/routes.rb,2463,
route,其他,"post ""polls/:poll_id/poll_sessions"", action: :create, as: ""poll_sessions_create""",config/routes.rb,2464,
route,其他,"get ""polls/:poll_id/poll_sessions/:id"", action: :show, as: ""poll_session""",config/routes.rb,2465,
route,其他,"put ""polls/:poll_id/poll_sessions/:id"", action: :update, as: ""poll_session_update""",config/routes.rb,2466,
route,其他,"delete ""polls/:poll_id/poll_sessions/:id"", action: :destroy, as: ""poll_session_destroy""",config/routes.rb,2467,
route,其他,"get ""polls/:poll_id/poll_sessions/:id/open"", action: :open, as: ""poll_session_publish""",config/routes.rb,2468,
route,其他,"get ""polls/:poll_id/poll_sessions/:id/close"", action: :close, as: ""poll_session_close""",config/routes.rb,2469,
route,其他,"get ""poll_sessions/opened"", action: :opened, as: ""poll_sessions_opened""",config/routes.rb,2471,
route,其他,"get ""poll_sessions/closed"", action: :closed, as: ""poll_sessions_closed""",config/routes.rb,2472,
route,作业、提交与评分,"scope(controller: ""polling/poll_submissions"") do",config/routes.rb,2475,
route,作业、提交与评分,"post ""polls/:poll_id/poll_sessions/:poll_session_id/poll_submissions"", action: :create, as: ""poll_submissions_create""",config/routes.rb,2476,
route,作业、提交与评分,"get ""polls/:poll_id/poll_sessions/:poll_session_id/poll_submissions/:id"", action: :show, as: ""poll_submission""",config/routes.rb,2477,
route,其他,"scope(controller: ""live_assessments/assessments"") do",config/routes.rb,2480,
route,课程、班级与选课,"get ""courses/:course_id/live_assessments"", action: :index, as: ""course_live_assessments""",config/routes.rb,2481,
route,课程、班级与选课,"post ""courses/:course_id/live_assessments"", action: :create, as: ""course_live_assessment_create""",config/routes.rb,2482,
route,其他,"scope(controller: ""live_assessments/results"") do",config/routes.rb,2485,
route,课程、班级与选课,"get ""courses/:course_id/live_assessments/:assessment_id/results"", action: :index, as: ""course_live_assessment_results""",config/routes.rb,2486,
route,课程、班级与选课,"post ""courses/:course_id/live_assessments/:assessment_id/results"", action: :create, as: ""course_live_assessment_result_create""",config/routes.rb,2487,
route,测验与题库,scope(controller: :assessment_question_banks) do,config/routes.rb,2490,
route,测验与题库,"get ""question_banks"", action: :index, as: ""question_banks""",config/routes.rb,2491,
route,测验与题库,"get ""question_banks/:id"", action: :show, as: ""question_bank""",config/routes.rb,2492,
route,测验与题库,"get ""question_banks/:id/questions"", action: :questions, as: ""question_bank_questions""",config/routes.rb,2493,
route,LTI、外部工具与集成,"scope(controller: ""support_helpers/turnitin"") do",config/routes.rb,2496,
route,LTI、外部工具与集成,"get ""support_helpers/turnitin/md5"", action: :md5",config/routes.rb,2497,
route,LTI、外部工具与集成,"get ""support_helpers/turnitin/error2305"", action: :error2305",config/routes.rb,2498,
route,LTI、外部工具与集成,"get ""support_helpers/turnitin/shard"", action: :shard",config/routes.rb,2499,
route,作业、提交与评分,"get ""support_helpers/turnitin/assignment"", action: :assignment",config/routes.rb,2500,
route,LTI、外部工具与集成,"get ""support_helpers/turnitin/pending"", action: :pending",config/routes.rb,2501,
route,LTI、外部工具与集成,"get ""support_helpers/turnitin/expired"", action: :expired",config/routes.rb,2502,
route,LTI、外部工具与集成,"get ""support_helpers/turnitin/refresh_lti_attachment"", action: :lti_attachment",config/routes.rb,2503,
route,LTI、外部工具与集成,"scope(controller: ""support_helpers/plagiarism_platform"") do",config/routes.rb,2506,
route,LTI、外部工具与集成,"get ""support_helpers/plagiarism_platform/add_service"", action: :add_service",config/routes.rb,2507,
route,作业、提交与评分,"get ""support_helpers/plagiarism_platform/resubmit_for_assignment/:assignment_id"", action: :resubmit_for_assignment",config/routes.rb,2508,
route,作业、提交与评分,"scope(controller: ""support_helpers/submission_lifecycle_manage"") do",config/routes.rb,2511,
route,课程、班级与选课,"get ""support_helpers/submission_lifecycle_manage/course"", action: :course",config/routes.rb,2512,
route,LTI、外部工具与集成,"scope(controller: ""support_helpers/asset_processor"") do",config/routes.rb,2515,
route,作业、提交与评分,"get ""support_helpers/asset_processor/submission_details"", action: :submission_details",config/routes.rb,2516,
route,LTI、外部工具与集成,"post ""support_helpers/asset_processor/bulk_resubmit"", action: :bulk_resubmit",config/routes.rb,2517,
route,讨论、公告与协作,"post ""support_helpers/asset_processor_discussion/bulk_resubmit"", action: :bulk_resubmit_discussion",config/routes.rb,2518,
route,讨论、公告与协作,scope(controller: :outcome_groups_api) do,config/routes.rb,2521,
route,讨论、公告与协作,"get ""#{prefix}/outcome_groups"", action: :index, as: ""#{context}_outcome_groups""",config/routes.rb,2525,
route,讨论、公告与协作,"get ""#{prefix}/outcome_group_links"", action: :link_index, as: ""#{context}_outcome_group_links""",config/routes.rb,2526,
route,讨论、公告与协作,"get ""#{prefix}/root_outcome_group"", action: :redirect, as: ""#{context}_redirect""",config/routes.rb,2528,
route,账户与租户管理,"get ""#{prefix}/outcome_groups/account_chain"", action: :account_chain, as: ""#{context}_account_chain""",config/routes.rb,2529,
route,讨论、公告与协作,"get ""#{prefix}/outcome_groups/:id"", action: :show, as: ""#{context}_outcome_group""",config/routes.rb,2530,
route,讨论、公告与协作,"put ""#{prefix}/outcome_groups/:id"", action: :update",config/routes.rb,2531,
route,讨论、公告与协作,"delete ""#{prefix}/outcome_groups/:id"", action: :destroy",config/routes.rb,2532,
route,讨论、公告与协作,"get ""#{prefix}/outcome_groups/:id/outcomes"", action: :outcomes, as: ""#{context}_outcome_group_outcomes""",config/routes.rb,2533,
route,讨论、公告与协作,"post ""#{prefix}/outcome_groups/:id/outcomes"", action: :link",config/routes.rb,2534,
route,讨论、公告与协作,"put ""#{prefix}/outcome_groups/:id/outcomes/:outcome_id"", action: :link, as: ""#{context}_outcome_link""",config/routes.rb,2535,
route,讨论、公告与协作,"delete ""#{prefix}/outcome_groups/:id/outcomes/:outcome_id"", action: :unlink",config/routes.rb,2536,
route,讨论、公告与协作,"get ""#{prefix}/outcome_groups/:id/subgroups"", action: :subgroups, as: ""#{context}_outcome_group_subgroups""",config/routes.rb,2537,
route,讨论、公告与协作,"post ""#{prefix}/outcome_groups/:id/subgroups"", action: :create",config/routes.rb,2538,
route,讨论、公告与协作,"post ""#{prefix}/outcome_groups/:id/import"", action: :import, as: ""#{context}_outcome_group_import""",config/routes.rb,2539,
route,学习成果与能力,scope(controller: :outcomes_api) do,config/routes.rb,2543,
route,学习成果与能力,"get ""outcomes/:id"", action: :show, as: ""outcome""",config/routes.rb,2544,
route,学习成果与能力,"put ""outcomes/:id"", action: :update",config/routes.rb,2545,
route,学习成果与能力,"delete ""outcomes/:id"", action: :destroy",config/routes.rb,2546,
route,课程、班级与选课,"get ""courses/:course_id/outcome_alignments"", action: :outcome_alignments",config/routes.rb,2547,
route,学习成果与能力,scope(controller: :outcome_results) do,config/routes.rb,2550,
route,课程、班级与选课,"get ""courses/:course_id/outcome_rollups"", action: :rollups, as: ""course_outcome_rollups""",config/routes.rb,2551,
route,学习成果与能力,"get ""courses/:course_id/outcome_results"", action: :index, as: ""course_outcome_results""",config/routes.rb,2552,
route,学习成果与能力,"get ""courses/:course_id/outcome_mastery_distribution"", action: :mastery_distribution",config/routes.rb,2553,
route,课程、班级与选课,"get ""courses/:course_id/outcomes/:outcome_id/contributing_scores"", action: :contributing_scores, as: ""course_outcome_contributing_scores""",config/routes.rb,2554,
route,课程、班级与选课,"post ""courses/:course_id/assign_outcome_order"", action: :outcome_order, as: ""course_outcomes_order""",config/routes.rb,2555,
route,学习成果与能力,"post ""enqueue_outcome_rollup_calculation"", action: :enqueue_outcome_rollup_calculation",config/routes.rb,2556,
route,用户、身份与沟通,scope(controller: :lmgb_user_details) do,config/routes.rb,2559,
route,用户、身份与沟通,"get ""courses/:course_id/users/:id/lmgb_user_details"", action: :show, as: ""course_lmgb_user_details""",config/routes.rb,2560,
route,学习成果与能力,scope(controller: :outcomes_academic_benchmark_import_api) do,config/routes.rb,2563,
route,学习成果与能力,"get  ""global/outcomes_import/available"",  action: :available",config/routes.rb,2569,
route,学习成果与能力,"post ""global/outcomes_import"",            action: :create",config/routes.rb,2570,
route,学习成果与能力,"get  ""global/outcomes_import/migration_status/:migration_id"", action: :migration_status",config/routes.rb,2571,
route,讨论、公告与协作,scope(controller: :group_categories) do,config/routes.rb,2574,
route,讨论、公告与协作,"resources :group_categories, except: [:index, :create]",config/routes.rb,2575,
route,账户与租户管理,"get ""accounts/:account_id/group_categories"", action: :index, as: ""account_group_categories""",config/routes.rb,2576,
route,课程、班级与选课,"get ""courses/:course_id/group_categories"", action: :index, as: ""course_group_categories""",config/routes.rb,2577,
route,账户与租户管理,"post ""accounts/:account_id/group_categories"", action: :create",config/routes.rb,2578,
route,课程、班级与选课,"post ""courses/:course_id/group_categories"", action: :create",config/routes.rb,2579,
route,讨论、公告与协作,"post ""group_categories/:group_category_id/import"", action: :import",config/routes.rb,2580,
route,讨论、公告与协作,"get ""group_categories/:group_category_id/groups"", action: :groups, as: ""group_category_groups""",config/routes.rb,2581,
route,讨论、公告与协作,"get ""group_categories/:group_category_id/users"", action: :users, as: ""group_category_users""",config/routes.rb,2582,
route,讨论、公告与协作,"get ""group_categories/:group_category_id/export"", action: :export, as: ""group_category_export"", defaults: { format: :csv }",config/routes.rb,2583,
route,讨论、公告与协作,"post ""group_categories/:group_category_id/assign_unassigned_members"", action: ""assign_unassigned_members"", as: ""group_category_assign_unassigned_members""",config/routes.rb,2584,
route,课程、班级与选课,"post ""courses/:course_id/group_categories/bulk_manage_differentiation_tag"", action: :bulk_manage_differentiation_tag",config/routes.rb,2585,
route,课程、班级与选课,"post ""courses/:course_id/group_categories/import_tags"", action: :import_tags",config/routes.rb,2586,
route,SIS、导入导出与报表,"get ""courses/:course_id/group_categories/export_tags"", action: :export_tags, as: ""differentiation_tags_export"", defaults: { format: :csv }",config/routes.rb,2587,
route,其他,scope(controller: :progress) do,config/routes.rb,2590,
route,其他,"get ""progress/:id"", action: :show, as: ""progress""",config/routes.rb,2591,
route,其他,"post ""progress/:id/cancel"", action: :cancel",config/routes.rb,2592,
route,其他,scope(controller: :app_center) do,config/routes.rb,2595,
route,其他,"get ""#{prefix}/apps"", action: :index, as: ""#{context}_app_center_apps""",config/routes.rb,2598,
route,其他,scope(controller: :learn_platform) do,config/routes.rb,2602,
route,其他,"get  ""#{prefix}/products"", action: :index",config/routes.rb,2604,
route,其他,"get  ""#{prefix}/products_categories"", action: :index_by_category",config/routes.rb,2605,
route,其他,"get  ""#{prefix}/products/:id"", action: :show",config/routes.rb,2606,
route,其他,"get  ""#{prefix}/filters"", action: :filters",config/routes.rb,2607,
route,其他,"get  ""#{prefix}/organizations/:organization_salesforce_id/products"", action: :index_by_organization",config/routes.rb,2608,
route,其他,"get  ""#{prefix}/custom_filters"", action: :custom_filters",config/routes.rb,2609,
route,分析、审计与运维,scope(controller: :feature_flags) do,config/routes.rb,2612,
route,其他,"get prefix.to_s, action: :index, as: ""#{context}_features""",config/routes.rb,2615,
route,其他,"get ""#{prefix}/enabled"", action: :enabled_features, as: ""#{context}_enabled_features""",config/routes.rb,2616,
route,其他,"get ""#{prefix}/flags/:feature"", action: :show",config/routes.rb,2617,
route,其他,"put ""#{prefix}/flags/:feature"", action: :update",config/routes.rb,2618,
route,其他,"delete ""#{prefix}/flags/:feature"", action: :delete",config/routes.rb,2619,
route,账户与租户管理,"post ""accounts/:account_id/features/early_access_program"", action: :accept_early_access_terms",config/routes.rb,2621,
route,其他,"get ""features/environment"", action: :environment",config/routes.rb,2622,
route,讨论、公告与协作,scope(controller: :conferences) do,config/routes.rb,2625,
route,讨论、公告与协作,"get prefix, action: :index, as: ""#{context}_conferences""",config/routes.rb,2628,
route,其他,"post prefix.to_s, action: :create",config/routes.rb,2629,
route,讨论、公告与协作,"post ""#{prefix}/:conference_id/recording_ready"", action: :recording_ready, as: ""#{context}_conferences_recording_ready""",config/routes.rb,2630,
route,用户、身份与沟通,"get ""conferences"", action: :for_user, as: ""conferences""",config/routes.rb,2633,
route,作业、提交与评分,scope(controller: :custom_gradebook_columns_api) do,config/routes.rb,2636,
route,作业、提交与评分,"get prefix, action: :index, as: ""course_custom_gradebook_columns""",config/routes.rb,2638,
route,其他,"post prefix, action: :create",config/routes.rb,2639,
route,作业、提交与评分,"post ""#{prefix}/reorder"", action: :reorder, as: ""custom_gradebook_columns_reorder""",config/routes.rb,2640,
route,作业、提交与评分,"put ""#{prefix}/:id"", action: :update, as: ""course_custom_gradebook_column""",config/routes.rb,2641,
route,其他,"delete ""#{prefix}/:id"", action: :destroy",config/routes.rb,2642,
route,作业、提交与评分,scope(controller: :custom_gradebook_column_data_api) do,config/routes.rb,2645,
route,作业、提交与评分,"get prefix, action: :index, as: ""course_custom_gradebook_column_data""",config/routes.rb,2647,
route,作业、提交与评分,"put ""#{prefix}/:user_id"", action: :update, as: ""course_custom_gradebook_column_datum""",config/routes.rb,2648,
route,作业、提交与评分,"put ""courses/:course_id/custom_gradebook_column_data"", action: :bulk_update, as: ""course_custom_gradebook_column_bulk_data""",config/routes.rb,2649,
route,内容、文件与模块,scope(controller: :content_exports_api) do,config/routes.rb,2652,
route,内容、文件与模块,"get prefix, action: :index, as: ""#{context}_content_exports""",config/routes.rb,2656,
route,其他,"post prefix, action: :create",config/routes.rb,2657,
route,其他,"get ""#{prefix}/:id"", action: :show",config/routes.rb,2658,
route,其他,"put ""#{prefix}/:id/fail"", action: :fail",config/routes.rb,2659,
route,课程、班级与选课,"get ""courses/:course_id/content_list"", action: :content_list, as: ""course_content_list""",config/routes.rb,2661,
route,课程、班级与选课,"put ""courses/:course_id/content_exports/:id"", action: :update",config/routes.rb,2662,
route,SIS、导入导出与报表,scope(controller: :epub_exports) do,config/routes.rb,2665,
route,课程、班级与选课,"get ""courses/:course_id/epub_exports/:id"", {",config/routes.rb,2666,
route,SIS、导入导出与报表,"get ""epub_exports"", {",config/routes.rb,2669,
route,课程、班级与选课,"post ""courses/:course_id/epub_exports"", {",config/routes.rb,2672,
route,SIS、导入导出与报表,scope(controller: :web_zip_exports) do,config/routes.rb,2677,
route,课程、班级与选课,"get ""courses/:course_id/web_zip_exports"", action: :index, as: ""web_zip_exports""",config/routes.rb,2678,
route,课程、班级与选课,"get ""courses/:course_id/web_zip_exports/:id"", action: :show",config/routes.rb,2679,
route,其他,scope(controller: :grading_standards_api) do,config/routes.rb,2682,
route,课程、班级与选课,"get ""courses/:course_id/grading_standards"", action: :context_index",config/routes.rb,2683,
route,账户与租户管理,"get ""accounts/:account_id/grading_standards"", action: :context_index",config/routes.rb,2684,
route,课程、班级与选课,"get ""courses/:course_id/grading_standards/:grading_standard_id"", action: :context_show",config/routes.rb,2685,
route,账户与租户管理,"get ""accounts/:account_id/grading_standards/:grading_standard_id"", action: :context_show",config/routes.rb,2686,
route,账户与租户管理,"post ""accounts/:account_id/grading_standards"", action: :create",config/routes.rb,2687,
route,课程、班级与选课,"post ""courses/:course_id/grading_standards"", action: :create",config/routes.rb,2688,
route,课程、班级与选课,"put ""courses/:course_id/grading_standards/:grading_standard_id"", action: :update",config/routes.rb,2689,
route,账户与租户管理,"put ""accounts/:account_id/grading_standards/:grading_standard_id"", action: :update",config/routes.rb,2690,
route,课程、班级与选课,"delete ""courses/:course_id/grading_standards/:grading_standard_id"", action: :destroy",config/routes.rb,2691,
route,账户与租户管理,"delete ""accounts/:account_id/grading_standards/:grading_standard_id"", action: :destroy",config/routes.rb,2692,
route,其他,"get ""/canvadoc_session"", controller: ""canvadoc_sessions"", action: ""show"", as: :canvadoc_session",config/routes.rb,2695,
route,其他,"post ""/canvadoc_session"", controller: ""canvadoc_sessions"", action: ""create""",config/routes.rb,2696,
route,课程、班级与选课,scope(controller: :grading_period_sets) do,config/routes.rb,2698,
route,账户与租户管理,"get ""accounts/:account_id/grading_period_sets"", action: :index, as: :account_grading_period_sets",config/routes.rb,2699,
route,账户与租户管理,"post ""accounts/:account_id/grading_period_sets"", action: :create",config/routes.rb,2700,
route,账户与租户管理,"patch ""accounts/:account_id/grading_period_sets/:id"", action: :update, as: :account_grading_period_set",config/routes.rb,2701,
route,账户与租户管理,"delete ""accounts/:account_id/grading_period_sets/:id"", action: :destroy",config/routes.rb,2702,
route,课程、班级与选课,scope(controller: :grading_periods) do,config/routes.rb,2705,
route,账户与租户管理,"get ""accounts/:account_id/grading_periods"", action: :index, as: :account_grading_periods",config/routes.rb,2707,
route,课程、班级与选课,"get ""courses/:course_id/grading_periods"", action: :index, as: :course_grading_periods",config/routes.rb,2709,
route,课程、班级与选课,"get ""courses/:course_id/grading_periods/:id"", action: :show, as: :course_grading_period",config/routes.rb,2710,
route,课程、班级与选课,"patch ""courses/:course_id/grading_periods/batch_update"",",config/routes.rb,2711,
route,课程、班级与选课,"put ""courses/:course_id/grading_periods/:id"", action: :update, as: :course_grading_period_update",config/routes.rb,2714,
route,课程、班级与选课,"delete ""courses/:course_id/grading_periods/:id"", action: :destroy, as: :course_grading_period_destroy",config/routes.rb,2715,
route,账户与租户管理,"delete ""accounts/:account_id/grading_periods/:id"", action: :destroy, as: :account_grading_period_destroy",config/routes.rb,2716,
route,课程、班级与选课,"patch ""grading_period_sets/:set_id/grading_periods/batch_update"",",config/routes.rb,2718,
route,其他,scope(controller: :usage_rights) do,config/routes.rb,2723,
route,其他,"put ""#{content_prefix}/usage_rights"", action: :set_usage_rights",config/routes.rb,2726,
route,其他,"delete ""#{content_prefix}/usage_rights"", action: :remove_usage_rights",config/routes.rb,2727,
route,其他,"get ""#{content_prefix}/content_licenses"", action: :licenses",config/routes.rb,2728,
route,其他,"scope(controller: ""bookmarks/bookmarks"") do",config/routes.rb,2732,
route,用户、身份与沟通,"get ""users/self/bookmarks/"", action: :index, as: :bookmarks",config/routes.rb,2733,
route,用户、身份与沟通,"get ""users/self/bookmarks/:id"", action: :show",config/routes.rb,2734,
route,用户、身份与沟通,"post ""users/self/bookmarks"", action: :create",config/routes.rb,2735,
route,用户、身份与沟通,"delete ""users/self/bookmarks/:id"", action: :destroy",config/routes.rb,2736,
route,用户、身份与沟通,"put ""users/self/bookmarks/:id"", action: :update",config/routes.rb,2737,
route,课程、班级与选课,scope(controller: :course_nicknames) do,config/routes.rb,2740,
route,课程、班级与选课,"get ""users/self/course_nicknames"", action: :index, as: :course_nicknames",config/routes.rb,2741,
route,课程、班级与选课,"get ""users/self/course_nicknames/:course_id"", action: :show",config/routes.rb,2742,
route,课程、班级与选课,"put ""users/self/course_nicknames/:course_id"", action: :update",config/routes.rb,2743,
route,课程、班级与选课,"delete ""users/self/course_nicknames/:course_id"", action: :delete",config/routes.rb,2744,
route,课程、班级与选课,"delete ""users/self/course_nicknames"", action: :clear",config/routes.rb,2745,
route,账户与租户管理,scope(controller: :shared_brand_configs) do,config/routes.rb,2748,
route,账户与租户管理,"post ""accounts/:account_id/shared_brand_configs"", action: :create",config/routes.rb,2749,
route,账户与租户管理,"put ""accounts/:account_id/shared_brand_configs/:id"", action: :update",config/routes.rb,2750,
route,账户与租户管理,"delete ""shared_brand_configs/:id"", action: :destroy",config/routes.rb,2751,
route,分析、审计与运维,scope(controller: :errors) do,config/routes.rb,2754,
route,SIS、导入导出与报表,"post ""error_reports"", action: :create",config/routes.rb,2755,
route,其他,scope(controller: :jwts) do,config/routes.rb,2758,
route,其他,"post ""jwts"", action: :create",config/routes.rb,2759,
route,其他,"post ""jwts/refresh"", action: :refresh",config/routes.rb,2760,
route,其他,scope(controller: :inst_access_tokens) do,config/routes.rb,2763,
route,其他,"post ""inst_access_tokens"", action: :create",config/routes.rb,2764,
route,作业、提交与评分,scope(controller: :gradebook_settings) do,config/routes.rb,2767,
route,作业、提交与评分,"put ""courses/:course_id/gradebook_settings"", action: :update, as: :course_gradebook_settings_update",config/routes.rb,2768,
route,作业、提交与评分,scope(controller: :learning_mastery_gradebook_settings_api) do,config/routes.rb,2771,
route,作业、提交与评分,"get ""courses/:course_id/learning_mastery_gradebook_settings"", action: :show",config/routes.rb,2772,
route,作业、提交与评分,"put ""courses/:course_id/learning_mastery_gradebook_settings"", action: :update",config/routes.rb,2773,
route,讨论、公告与协作,scope(controller: :announcements_api) do,config/routes.rb,2776,
route,讨论、公告与协作,"get ""announcements"", action: :index, as: :announcements",config/routes.rb,2777,
route,课程、班级与选课,"post ""courses/:course_id/announcements/:announcement_id/accessibility/scan"", action: :accessibility_scan, as: ""course_announcement_accessibility_scan""",config/routes.rb,2778,
route,课程、班级与选课,"post ""courses/:course_id/announcements/:announcement_id/accessibility/queue_scan"", action: :accessibility_queue_scan, as: ""course_announcement_accessibility_queue_scan""",config/routes.rb,2779,
route,内容、文件与模块,scope(controller: :syllabus_api) do,config/routes.rb,2782,
route,课程、班级与选课,"post ""courses/:course_id/syllabus/accessibility/scan"", action: :accessibility_scan, as: ""course_syllabus_accessibility_scan""",config/routes.rb,2783,
route,课程、班级与选课,"post ""courses/:course_id/syllabus/accessibility/queue_scan"", action: :accessibility_queue_scan, as: ""course_syllabus_accessibility_queue_scan""",config/routes.rb,2784,
route,其他,scope(controller: :release_notes) do,config/routes.rb,2787,
route,其他,"get ""release_notes"", action: :index, as: :release_notes",config/routes.rb,2788,
route,其他,"post ""release_notes"", action: :create",config/routes.rb,2789,
route,其他,"get ""release_notes/latest"", action: :latest",config/routes.rb,2790,
route,其他,"get ""release_notes/unread_count"", action: :unread_count",config/routes.rb,2791,
route,其他,"put ""release_notes/:id"", action: :update",config/routes.rb,2792,
route,其他,"delete ""release_notes/:id"", action: :destroy",config/routes.rb,2793,
route,其他,"put ""release_notes/:id/published"", action: :publish",config/routes.rb,2794,
route,其他,"delete ""release_notes/:id/published"", action: :unpublish",config/routes.rb,2795,
route,作业、提交与评分,scope(controller: :rubrics_api) do,config/routes.rb,2798,
route,账户与租户管理,"get ""rubrics/upload_template"", action: ""upload_template"", as: ""rubrics_account_upload_template""",config/routes.rb,2799,
route,账户与租户管理,"post ""courses/:course_id/rubrics/download_rubrics"", action: ""download_rubrics"", as: ""rubrics_account_download_rubrics""",config/routes.rb,2800,
route,账户与租户管理,"post ""accounts/:account_id/rubrics/download_rubrics"", action: ""download_rubrics"", as: ""rubrics_course_download_rubrics""",config/routes.rb,2801,
route,账户与租户管理,"get ""accounts/:account_id/rubrics"", action: :index, as: :account_rubrics",config/routes.rb,2802,
route,账户与租户管理,"get ""accounts/:account_id/rubrics/:id"", action: :show",config/routes.rb,2803,
route,课程、班级与选课,"get ""courses/:course_id/rubrics"", action: :index, as: :course_rubrics",config/routes.rb,2804,
route,课程、班级与选课,"get ""courses/:course_id/rubrics/:id"", action: :show",config/routes.rb,2805,
route,课程、班级与选课,"get ""courses/:course_id/rubrics/:id/used_locations"", action: ""used_locations"", as: ""rubrics_course_used_locations""",config/routes.rb,2806,
route,账户与租户管理,"get ""accounts/:account_id/rubrics/:id/used_locations"", action: ""used_locations"", as: ""rubrics_account_used_locations""",config/routes.rb,2807,
route,课程、班级与选课,"post ""courses/:course_id/rubrics/upload"", action: ""upload"", as: ""rubrics_course_upload""",config/routes.rb,2808,
route,账户与租户管理,"post ""accounts/:account_id/rubrics/upload"", action: ""upload"", as: ""rubrics_account_upload""",config/routes.rb,2809,
route,课程、班级与选课,"get ""courses/:course_id/rubrics/upload/:id"", action: ""upload_status"", as: ""rubrics_course_upload_status""",config/routes.rb,2810,
route,账户与租户管理,"get ""accounts/:account_id/rubrics/upload/:id"", action: ""upload_status"", as: ""rubrics_account_upload_status""",config/routes.rb,2811,
route,课程、班级与选课,"get ""courses/:course_id/rubrics/upload/:id/rubrics"", action: ""rubrics_by_import_id"", as: ""rubrics_course_upload_rubrics""",config/routes.rb,2812,
route,账户与租户管理,"get ""accounts/:account_id/rubrics/upload/:id/rubrics"", action: ""rubrics_by_import_id"", as: ""rubrics_account_upload_rubrics""",config/routes.rb,2813,
route,课程、班级与选课,"post ""courses/:course_id/rubrics"", controller: :rubrics, action: :create",config/routes.rb,2814,
route,课程、班级与选课,"put ""courses/:course_id/rubrics/:id"", controller: :rubrics, action: :update",config/routes.rb,2815,
route,课程、班级与选课,"delete ""courses/:course_id/rubrics/:id"", controller: :rubrics, action: :destroy",config/routes.rb,2816,
route,作业、提交与评分,scope(controller: :rubric_associations) do,config/routes.rb,2819,
route,课程、班级与选课,"post ""courses/:course_id/rubric_associations"", action: :create",config/routes.rb,2820,
route,课程、班级与选课,"put ""courses/:course_id/rubric_associations/:id"", action: :update",config/routes.rb,2821,
route,课程、班级与选课,"delete ""courses/:course_id/rubric_associations/:id"", action: :destroy",config/routes.rb,2822,
route,作业、提交与评分,scope(controller: :rubric_assessment_api) do,config/routes.rb,2825,
route,课程、班级与选课,"post ""courses/:course_id/rubric_associations/:rubric_association_id/rubric_assessments"", controller: :rubric_assessments, action: :create",config/routes.rb,2826,
route,课程、班级与选课,"put ""courses/:course_id/rubric_associations/:rubric_association_id/rubric_assessments/:id"", controller: :rubric_assessments, action: :update",config/routes.rb,2827,
route,课程、班级与选课,"delete ""courses/:course_id/rubric_associations/:rubric_association_id/rubric_assessments/:id"", controller: :rubric_assessments, action: :destroy",config/routes.rb,2828,
route,课程、班级与选课,"scope(controller: ""master_courses/master_templates"") do",config/routes.rb,2831,
route,课程、班级与选课,"get ""courses/:course_id/blueprint_templates/:template_id"", action: :show",config/routes.rb,2832,
route,课程、班级与选课,"get ""courses/:course_id/blueprint_templates/:template_id/associated_courses"", action: :associated_courses, as: :course_blueprint_associated_courses",config/routes.rb,2833,
route,课程、班级与选课,"put ""courses/:course_id/blueprint_templates/:template_id/update_associations"", action: :update_associations",config/routes.rb,2834,
route,课程、班级与选课,"get ""courses/:course_id/blueprint_templates/:template_id/unsynced_changes"", action: :unsynced_changes, as: :course_blueprint_unsynced_changes",config/routes.rb,2835,
route,课程、班级与选课,"post ""courses/:course_id/blueprint_templates/:template_id/migrations"", action: :queue_migration",config/routes.rb,2837,
route,课程、班级与选课,"get ""courses/:course_id/blueprint_templates/:template_id/migrations"", action: :migrations_index, as: :course_blueprint_migrations",config/routes.rb,2838,
route,课程、班级与选课,"get ""courses/:course_id/blueprint_templates/:template_id/migrations/:id"", action: :migrations_show",config/routes.rb,2839,
route,课程、班级与选课,"get ""courses/:course_id/blueprint_templates/:template_id/migrations/:id/details"", action: :migration_details",config/routes.rb,2840,
route,课程、班级与选课,"put ""courses/:course_id/blueprint_templates/:template_id/restrict_item"", action: :restrict_item",config/routes.rb,2842,
route,课程、班级与选课,"get ""courses/:course_id/blueprint_subscriptions"", action: :subscriptions_index, as: :course_blueprint_subscriptions",config/routes.rb,2844,
route,课程、班级与选课,"get ""courses/:course_id/blueprint_subscriptions/:subscription_id/migrations"", action: :imports_index, as: :course_blueprint_imports",config/routes.rb,2845,
route,课程、班级与选课,"get ""courses/:course_id/blueprint_subscriptions/:subscription_id/migrations/:id"", action: :imports_show",config/routes.rb,2846,
route,课程、班级与选课,"get ""courses/:course_id/blueprint_subscriptions/:subscription_id/migrations/:id/details"", action: :import_details",config/routes.rb,2847,
route,作业、提交与评分,scope(controller: :late_policy) do,config/routes.rb,2850,
route,课程、班级与选课,"get ""courses/:id/late_policy"", action: :show",config/routes.rb,2851,
route,课程、班级与选课,"post ""courses/:id/late_policy"", action: :create",config/routes.rb,2852,
route,课程、班级与选课,"patch ""courses/:id/late_policy"", action: :update",config/routes.rb,2853,
route,内容、文件与模块,scope(controller: :planner) do,config/routes.rb,2856,
route,内容、文件与模块,"get ""planner/items"", action: :index, as: :planner_items",config/routes.rb,2857,
route,用户、身份与沟通,"get ""users/:user_id/planner/items"", action: :index, as: :user_planner_items",config/routes.rb,2858,
route,内容、文件与模块,scope(controller: :planner_overrides) do,config/routes.rb,2861,
route,内容、文件与模块,"get ""planner/overrides"", action: :index, as: :planner_overrides",config/routes.rb,2862,
route,内容、文件与模块,"get ""planner/overrides/:id"", action: :show",config/routes.rb,2863,
route,内容、文件与模块,"put ""planner/overrides/:id"", action: :update",config/routes.rb,2864,
route,内容、文件与模块,"post ""planner/overrides"", action: :create",config/routes.rb,2865,
route,内容、文件与模块,"delete ""planner/overrides/:id"", action: :destroy",config/routes.rb,2866,
route,内容、文件与模块,scope(controller: :planner_notes) do,config/routes.rb,2869,
route,内容、文件与模块,"get ""planner_notes"", action: :index, as: :planner_notes",config/routes.rb,2870,
route,内容、文件与模块,"get ""planner_notes/:id"", action: :show, as: :planner_notes_show",config/routes.rb,2871,
route,内容、文件与模块,"put ""planner_notes/:id"", action: :update",config/routes.rb,2872,
route,内容、文件与模块,"post ""planner_notes"", action: :create",config/routes.rb,2873,
route,内容、文件与模块,"delete ""planner_notes/:id"", action: :destroy",config/routes.rb,2874,
route,其他,scope(controller: :content_shares) do,config/routes.rb,2877,
route,用户、身份与沟通,"post ""users/:user_id/content_shares"", action: :create",config/routes.rb,2878,
route,用户、身份与沟通,"get ""users/:user_id/content_shares/sent"", action: :index, defaults: { list: ""sent"" }, as: :user_sent_content_shares",config/routes.rb,2879,
route,用户、身份与沟通,"get ""users/:user_id/content_shares/received"", action: :index, defaults: { list: ""received"" }, as: :user_received_content_shares",config/routes.rb,2880,
route,用户、身份与沟通,"get ""users/:user_id/content_shares/unread_count"", action: :unread_count",config/routes.rb,2881,
route,用户、身份与沟通,"get ""users/:user_id/content_shares/:id"", action: :show",config/routes.rb,2882,
route,用户、身份与沟通,"delete ""users/:user_id/content_shares/:id"", action: :destroy",config/routes.rb,2883,
route,用户、身份与沟通,"post ""users/:user_id/content_shares/:id/add_users"", action: :add_users",config/routes.rb,2884,
route,用户、身份与沟通,"put ""users/:user_id/content_shares/:id"", action: :update",config/routes.rb,2885,
route,账户与租户管理,scope(controller: :csp_settings) do,config/routes.rb,2888,
route,账户与租户管理,"get ""#{context.pluralize}/:#{context}_id/csp_settings"", action: :get_csp_settings",config/routes.rb,2890,
route,账户与租户管理,"put ""#{context.pluralize}/:#{context}_id/csp_settings"", action: :set_csp_setting",config/routes.rb,2891,
route,账户与租户管理,"put ""accounts/:account_id/csp_settings/lock"", action: :set_csp_lock",config/routes.rb,2893,
route,账户与租户管理,"post ""accounts/:account_id/csp_settings/domains"", action: :add_domain",config/routes.rb,2894,
route,账户与租户管理,"post ""accounts/:account_id/csp_settings/domains/batch_create"", action: :add_multiple_domains",config/routes.rb,2895,
route,账户与租户管理,"delete ""accounts/:account_id/csp_settings/domains"", action: :remove_domain",config/routes.rb,2896,
route,其他,scope(controller: :media_objects) do,config/routes.rb,2899,
route,其他,"put ""media_objects/:media_object_id"", action: ""update_media_object"", as: :update_media_object",config/routes.rb,2900,
route,其他,"post ""media_objects"", action: ""create_media_object"", as: :create_media_object",config/routes.rb,2901,
route,内容、文件与模块,"put ""media_attachments/:attachment_id"", action: ""update_media_object"", as: :update_media_attachment",config/routes.rb,2902,
route,内容、文件与模块,"post ""media_attachments"", action: ""create_media_object"", as: :create_media_attachment",config/routes.rb,2903,
route,其他,scope(controller: :media_tracks) do,config/routes.rb,2906,
route,其他,"get ""media_objects/:media_object_id/media_tracks"", action: ""index"", as: :list_media_tracks",config/routes.rb,2907,
route,其他,"put ""media_objects/:media_object_id/media_tracks"", action: ""update"", as: :update_media_tracks",config/routes.rb,2908,
route,其他,"post ""media_objects/:media_object_id/asr"", action: ""create_asr""",config/routes.rb,2909,
route,内容、文件与模块,"get ""media_attachments/:attachment_id/media_tracks"", action: ""index"", as: :list_media_attachment_tracks",config/routes.rb,2911,
route,内容、文件与模块,"put ""media_attachments/:attachment_id/media_tracks"", action: ""update"", as: :update_media_attachment_tracks",config/routes.rb,2912,
route,内容、文件与模块,"post ""media_attachments/:attachment_id/asr"", action: ""create_asr""",config/routes.rb,2913,
route,其他,"scope(controller: ""conditional_release/rules"") do",config/routes.rb,2916,
route,课程、班级与选课,"get ""courses/:course_id/mastery_paths/rules"", action: ""index""",config/routes.rb,2918,
route,课程、班级与选课,"get ""courses/:course_id/mastery_paths/rules/:id"", action: ""show""",config/routes.rb,2919,
route,课程、班级与选课,"post ""courses/:course_id/mastery_paths/rules"", action: ""create""",config/routes.rb,2920,
route,课程、班级与选课,"put ""courses/:course_id/mastery_paths/rules/:id"", action: ""update""",config/routes.rb,2921,
route,课程、班级与选课,"delete ""courses/:course_id/mastery_paths/rules/:id"", action: ""destroy""",config/routes.rb,2922,
route,分析、审计与运维,"scope(controller: ""conditional_release/stats"") do",config/routes.rb,2925,
route,课程、班级与选课,"get ""courses/:course_id/mastery_paths/stats/students_per_range"", action: ""students_per_range""",config/routes.rb,2927,
route,课程、班级与选课,"get ""courses/:course_id/mastery_paths/stats/student_details"", action: ""student_details""",config/routes.rb,2928,
route,其他,scope(controller: :history) do,config/routes.rb,2931,
route,用户、身份与沟通,"get ""users/:user_id/history"", action: ""index"", as: :user_history",config/routes.rb,2932,
route,作业、提交与评分,scope(controller: :gradebooks) do,config/routes.rb,2935,
route,课程、班级与选课,"put ""courses/:course_id/update_final_grade_overrides"", action: ""update_final_grade_overrides""",config/routes.rb,2936,
route,作业、提交与评分,"put ""courses/:course_id/apply_score_to_ungraded_submissions"", action: ""apply_score_to_ungraded_submissions""",config/routes.rb,2937,
route,课程、班级与选课,scope(controller: :course_paces) do,config/routes.rb,2940,
route,课程、班级与选课,"post ""courses/:course_id/course_pacing"", action: :create",config/routes.rb,2941,
route,课程、班级与选课,"get ""courses/:course_id/course_pacing/new"", action: :new",config/routes.rb,2942,
route,课程、班级与选课,"get ""courses/:course_id/course_pacing/:id"", action: :api_show",config/routes.rb,2943,
route,课程、班级与选课,"put ""courses/:course_id/course_pacing/:id"", action: :update",config/routes.rb,2944,
route,课程、班级与选课,"delete ""courses/:course_id/course_pacing/:id"", action: :destroy",config/routes.rb,2945,
route,课程、班级与选课,"post ""courses/:course_id/course_pacing/:id/publish"", action: :publish",config/routes.rb,2946,
route,课程、班级与选课,"post ""courses/:course_id/course_pacing/compress_dates"", action: :compress_dates",config/routes.rb,2947,
route,课程、班级与选课,"post ""courses/:course_id/course_pacing/bulk_create_enrollment_paces"", action: :bulk_create_enrollment_paces",config/routes.rb,2948,
route,其他,scope(controller: :blackout_dates) do,config/routes.rb,2951,
route,课程、班级与选课,"get ""courses/:course_id/blackout_dates"", action: :index",config/routes.rb,2952,
route,账户与租户管理,"get ""accounts/:account_id/blackout_dates"", action: :index",config/routes.rb,2953,
route,课程、班级与选课,"post ""courses/:course_id/blackout_dates"", action: :create",config/routes.rb,2954,
route,账户与租户管理,"post ""accounts/:account_id/blackout_dates"", action: :create",config/routes.rb,2955,
route,课程、班级与选课,"get ""courses/:course_id/blackout_dates/new"", action: :new",config/routes.rb,2956,
route,账户与租户管理,"get ""accounts/:account_id/blackout_dates/new"", action: :new",config/routes.rb,2957,
route,课程、班级与选课,"get ""courses/:course_id/blackout_dates/:id"", action: :show",config/routes.rb,2958,
route,账户与租户管理,"get ""accounts/:account_id/blackout_dates/:id"", action: :show",config/routes.rb,2959,
route,课程、班级与选课,"put ""courses/:course_id/blackout_dates/:id"", action: :update",config/routes.rb,2960,
route,账户与租户管理,"put ""accounts/:account_id/blackout_dates/:id"", action: :update",config/routes.rb,2961,
route,课程、班级与选课,"delete ""courses/:course_id/blackout_dates/:id"", action: :destroy",config/routes.rb,2962,
route,账户与租户管理,"delete ""accounts/:account_id/blackout_dates/:id"", action: :destroy",config/routes.rb,2963,
route,课程、班级与选课,"put ""courses/:course_id/blackout_dates"", action: :bulk_update",config/routes.rb,2964,
route,讨论、公告与协作,scope(controller: :eportfolios_api) do,config/routes.rb,2967,
route,用户、身份与沟通,"get ""users/:user_id/eportfolios"", action: :index, as: :eportfolios",config/routes.rb,2968,
route,讨论、公告与协作,"get ""eportfolios/:id"", action: :show",config/routes.rb,2969,
route,讨论、公告与协作,"delete ""eportfolios/:id"", action: :delete",config/routes.rb,2970,
route,讨论、公告与协作,"get ""eportfolios/:eportfolio_id/pages"", action: :pages, as: :eportfolio_pages",config/routes.rb,2971,
route,讨论、公告与协作,"put ""eportfolios/:eportfolio_id/moderate"", action: :moderate",config/routes.rb,2972,
route,用户、身份与沟通,"put ""users/:user_id/eportfolios"", action: :moderate_all",config/routes.rb,2973,
route,讨论、公告与协作,"put ""eportfolios/:eportfolio_id/restore"", action: :restore",config/routes.rb,2974,
route,课程、班级与选课,"scope(controller: ""course_pacing/section_paces_api"") do",config/routes.rb,2977,
route,课程、班级与选课,"get ""courses/:course_id/sections/:course_section_id/pace"", action: :show, as: :section_pace",config/routes.rb,2978,
route,课程、班级与选课,"post ""courses/:course_id/sections/:course_section_id/paces"", action: :create, as: :new_section_pace",config/routes.rb,2979,
route,课程、班级与选课,"patch ""courses/:course_id/sections/:course_section_id/pace"", action: :update, as: :patch_section_pace",config/routes.rb,2980,
route,课程、班级与选课,"delete ""courses/:course_id/sections/:course_section_id/pace"", action: :delete, as: :delete_section_pace",config/routes.rb,2981,
route,课程、班级与选课,"scope(controller: ""course_pacing/student_enrollment_paces_api"") do",config/routes.rb,2984,
route,课程、班级与选课,"get ""courses/:course_id/student_enrollments/:student_enrollment_id/pace"", action: :show, as: :student_enrollment_pace",config/routes.rb,2985,
route,课程、班级与选课,"post ""courses/:course_id/student_enrollments/:student_enrollment_id/paces"", action: :create, as: :new_student_enrollment_pace",config/routes.rb,2986,
route,课程、班级与选课,"patch ""courses/:course_id/student_enrollments/:student_enrollment_id/pace"", action: :update, as: :patch_student_enrollment_pace",config/routes.rb,2987,
route,课程、班级与选课,"delete ""courses/:course_id/student_enrollments/:student_enrollment_id/pace"", action: :delete, as: :delete_student_enrollment_pace",config/routes.rb,2988,
route,课程、班级与选课,"scope(controller: ""course_pacing/bulk_student_enrollment_paces_api"") do",config/routes.rb,2991,
route,课程、班级与选课,"get ""courses/:course_id/bulk_student_enrollments/student_bulk_pace_edit_view"", action: :student_bulk_pace_edit_view, as: :student_bulk_pace_edit_view",config/routes.rb,2992,
route,课程、班级与选课,"scope(controller: ""course_pacing/pace_contexts_api"") do",config/routes.rb,2995,
route,课程、班级与选课,"get ""courses/:course_id/pace_contexts"", action: :index, as: :pace_contexts",config/routes.rb,2996,
route,搜索、AI 与无障碍,"scope(controller: ""smart_search"") do",config/routes.rb,2999,
route,搜索、AI 与无障碍,"get ""courses/:course_id/smartsearch"", action: :search, as: :course_smart_search_query",config/routes.rb,3000,
route,课程、班级与选课,"get ""courses/:course_id/smartsearch/log"", action: :log",config/routes.rb,3001,
route,课程、班级与选课,"get ""courses/:course_id/smartsearch/index_status"", action: :index_status",config/routes.rb,3002,
route,作业、提交与评分,scope(controller: :what_if_grades_api) do,config/routes.rb,3006,
route,作业、提交与评分,"put ""submissions/:id/what_if_grades"", action: :update",config/routes.rb,3007,
route,课程、班级与选课,"put ""courses/:course_id/what_if_grades/reset"", action: :reset_for_student_course",config/routes.rb,3008,
route,其他,scope(controller: :plugins) do,config/routes.rb,3011,
route,其他,"put ""plugins/:id"", action: :update",config/routes.rb,3012,
route,其他,"get ""plugins/:id"", action: :show",config/routes.rb,3013,
route,其他,scope(controller: :block_editor_templates_api) do,config/routes.rb,3016,
route,课程、班级与选课,"get ""courses/:course_id/block_editor_templates"", action: :index",config/routes.rb,3017,
route,课程、班级与选课,"post ""courses/:course_id/block_editor_templates"", action: :create",config/routes.rb,3018,
route,课程、班级与选课,"put ""courses/:course_id/block_editor_templates/:id"", action: :update",config/routes.rb,3019,
route,课程、班级与选课,"delete ""courses/:course_id/block_editor_templates/:id"", action: :destroy",config/routes.rb,3020,
route,课程、班级与选课,"post ""courses/:course_id/block_editor_templates/:id/publish"", action: :publish",config/routes.rb,3021,
route,课程、班级与选课,"get ""courses/:course_id/block_editor_templates/can_edit"", action: :can_edit",config/routes.rb,3022,
route,搜索、AI 与无障碍,scope(controller: :career_experience) do,config/routes.rb,3025,
route,搜索、AI 与无障碍,"get ""career/enabled"", action: :enabled",config/routes.rb,3026,
route,搜索、AI 与无障碍,"get ""career/experience_summary"", action: :experience_summary",config/routes.rb,3027,
route,搜索、AI 与无障碍,"post ""career/switch_experience"", action: :switch_experience",config/routes.rb,3028,
route,账户与租户管理,"post ""career/switch_role"", action: :switch_role",config/routes.rb,3029,
route,用户、身份与沟通,"scope(controller: ""canvas_career/user_experiences"") do",config/routes.rb,3032,
route,用户、身份与沟通,"post ""career/user_experiences"", action: :create",config/routes.rb,3033,
route,用户、身份与沟通,"delete ""career/user_experiences"", action: :destroy",config/routes.rb,3034,
route,分析、审计与运维,scope(controller: :jobs) do,config/routes.rb,3043,
route,分析、审计与运维,"get ""jobs"", action: :index",config/routes.rb,3044,
route,分析、审计与运维,"get ""jobs/:id"", action: :show",config/routes.rb,3045,
route,分析、审计与运维,"post ""jobs/batch_update"", action: :batch_update",config/routes.rb,3046,
route,分析、审计与运维,scope(controller: :jobs_v2) do,config/routes.rb,3051,
route,讨论、公告与协作,"get ""jobs2/:bucket/by_:group/search"", action: :search",config/routes.rb,3052,
route,讨论、公告与协作,"get ""jobs2/:bucket/by_:group"", action: :grouped_info, as: :jobs_grouped_info",config/routes.rb,3053,
route,分析、审计与运维,"get ""jobs2/:bucket"", action: :list, as: :jobs_list, constraints: { bucket: /running|queued|future|failed/ }",config/routes.rb,3054,
route,分析、审计与运维,"get ""jobs2/clusters"", action: :clusters, as: :job_clusters",config/routes.rb,3055,
route,分析、审计与运维,"get ""jobs2/:id"", action: :lookup, constraints: { id: /\d+/ }",config/routes.rb,3056,
route,分析、审计与运维,"post ""jobs2/:id/requeue"", action: :requeue",config/routes.rb,3057,
route,分析、审计与运维,"put ""jobs2/manage"", action: :manage",config/routes.rb,3058,
route,分析、审计与运维,"put ""jobs2/unstuck"", action: :unstuck",config/routes.rb,3059,
route,分析、审计与运维,"get ""jobs2/throttle/check"", action: :throttle_check",config/routes.rb,3060,
route,分析、审计与运维,"put ""jobs2/throttle"", action: :throttle",config/routes.rb,3061,
route,分析、审计与运维,"get ""jobs2/stuck/strands"", action: :stuck_strands, as: :jobs_stuck_strands",config/routes.rb,3062,
route,分析、审计与运维,"get ""jobs2/stuck/singletons"", action: :stuck_singletons, as: :jobs_stuck_singletons",config/routes.rb,3063,
route,内容、文件与模块,"post ""files_api"" => ""files#api_create"", :as => :api_v1_files_create",config/routes.rb,3071,
route,账户与租户管理,"get ""login/oauth2/auth"" => ""oauth2_provider#auth"", :as => :oauth2_auth",config/routes.rb,3073,
route,账户与租户管理,"post ""login/oauth2/token"" => ""oauth2_provider#token"", :as => :oauth2_token",config/routes.rb,3074,
route,账户与租户管理,"get ""login/oauth2/confirm"" => ""oauth2_provider#confirm"", :as => :oauth2_auth_confirm",config/routes.rb,3075,
route,账户与租户管理,"post ""login/oauth2/accept"" => ""oauth2_provider#accept"", :as => :oauth2_auth_accept",config/routes.rb,3076,
route,账户与租户管理,"get ""login/oauth2/deny"" => ""oauth2_provider#deny"", :as => :oauth2_auth_deny",config/routes.rb,3077,
route,账户与租户管理,"post ""login/oauth2/deny"" => ""oauth2_provider#deny"", :as => :oauth2_auth_deny_post",config/routes.rb,3078,
route,账户与租户管理,"delete ""login/oauth2/token"" => ""oauth2_provider#destroy"", :as => :oauth2_logout",config/routes.rb,3079,
route,账户与租户管理,"get ""login/oauth2/jwks"" => ""security#jwks"", :as => :oauth2_jwks",config/routes.rb,3080,
route,LTI、外部工具与集成,"get ""post_message_forwarding"", controller: ""lti/platform_storage"", action: :post_message_forwarding, as: :lti_post_message_forwarding",config/routes.rb,3082,
route,LTI、外部工具与集成,"get ""lti/tool_default_icon"" => ""lti/tool_default_icon#show""",config/routes.rb,3084,
route,作业、提交与评分,"post ""tools/:tool_id/grade_passback"", controller: :lti_api, action: :grade_passback, as: ""lti_grade_passback_api""",config/routes.rb,3087,
route,作业、提交与评分,"post ""tools/:tool_id/ext_grade_passback"", controller: :lti_api, action: :legacy_grade_passback, as: ""blti_legacy_grade_passback_api""",config/routes.rb,3088,
route,LTI、外部工具与集成,"post ""xapi/:token"", controller: :lti_api, action: :xapi_service, as: ""lti_xapi""",config/routes.rb,3089,
route,LTI、外部工具与集成,"post ""caliper/:token"", controller: :lti_api, action: :caliper_service, as: ""lti_caliper""",config/routes.rb,3090,
route,LTI、外部工具与集成,"post ""logout_service/:token"", controller: :lti_api, action: :logout_service, as: ""lti_logout_service""",config/routes.rb,3091,
route,LTI、外部工具与集成,"post ""turnitin/outcomes_placement/:tool_id"", controller: :lti_api, action: :turnitin_outcomes_placement, as: ""lti_turnitin_outcomes_placement""",config/routes.rb,3092,
route,LTI、外部工具与集成,"scope(controller: ""lti/tool_configurations_api"") do",config/routes.rb,3096,
route,账户与租户管理,"put ""developer_keys/:developer_key_id/tool_configuration"", action: :update",config/routes.rb,3097,
route,账户与租户管理,"post ""accounts/:account_id/developer_keys/tool_configuration"", action: :create",config/routes.rb,3098,
route,账户与租户管理,"delete ""developer_keys/:developer_key_id/tool_configuration"", action: :destroy",config/routes.rb,3099,
route,账户与租户管理,"get ""#{context}s/:#{context}_id/developer_keys/:developer_key_id/tool_configuration"", action: :show, as: ""#{context}_show_tool_configuration""",config/routes.rb,3102,
route,LTI、外部工具与集成,"scope(controller: ""lti/subscriptions_api"") do",config/routes.rb,3106,
route,其他,"post ""subscriptions"", action: :create",config/routes.rb,3107,
route,其他,"delete ""subscriptions/:id"", action: :destroy",config/routes.rb,3108,
route,其他,"get ""subscriptions/:id"", action: :show",config/routes.rb,3109,
route,其他,"put ""subscriptions/:id"", action: :update",config/routes.rb,3110,
route,其他,"get ""subscriptions"", action: :index",config/routes.rb,3111,
route,用户、身份与沟通,"scope(controller: ""lti/users_api"") do",config/routes.rb,3114,
route,用户、身份与沟通,"get ""users/:id"", action: :show",config/routes.rb,3115,
route,用户、身份与沟通,"get ""groups/:group_id/users"", action: :group_index, as: ""lti_user_group_index""",config/routes.rb,3116,
route,LTI、外部工具与集成,"scope(controller: ""lti/plagiarism_assignments_api"") do",config/routes.rb,3119,
route,作业、提交与评分,"get ""assignments/:assignment_id"", action: :show",config/routes.rb,3120,
route,LTI、外部工具与集成,"scope(controller: ""lti/ims/authentication"") do",config/routes.rb,3123,
route,其他,"post ""authorize_redirect"", action: :authorize_redirect",config/routes.rb,3124,
route,LTI、外部工具与集成,"get ""authorize_redirect"", action: :authorize_redirect, as: ""lti_authorize_redirect""",config/routes.rb,3125,
route,LTI、外部工具与集成,"get ""authorize"", action: :authorize, as: :lti_1_3_authorization",config/routes.rb,3126,
route,账户与租户管理,"post ""#{prefix}/authorize"", controller: ""lti/ims/authorization"", action: :authorize, as: ""#{context}_lti_oauth2_authorize""",config/routes.rb,3132,
route,用户、身份与沟通,"get  ""#{prefix}/tool_consumer_profile(/:tool_consumer_profile_id)"",",config/routes.rb,3133,
route,LTI、外部工具与集成,"post ""#{prefix}/tool_proxy"",",config/routes.rb,3137,
route,LTI、外部工具与集成,"post ""#{prefix}/tool_proxy"",",config/routes.rb,3142,
route,LTI、外部工具与集成,"get ""#{prefix}/jwt_token"", controller: ""external_tools"", action: :jwt_token",config/routes.rb,3146,
route,LTI、外部工具与集成,"get ""tool_proxy/:tool_proxy_guid/#{prefix}/tool_setting"", controller: ""lti/ims/tool_setting"", action: :show, as: ""show_#{context}_tool_setting""",config/routes.rb,3147,
route,LTI、外部工具与集成,"get ""tool_proxy/:tool_proxy_guid/#{prefix}/resource_link_id/:resource_link_id/tool_setting"", controller: ""lti/ims/tool_setting"", action: :show, as: ""show_#{context}_resource_link_id_tool_setting""",config/routes.rb,3148,
route,LTI、外部工具与集成,"put ""tool_proxy/:tool_proxy_guid/#{prefix}/tool_setting"", controller: ""lti/ims/tool_setting"", action: :update, as: ""update_#{context}_tool_setting""",config/routes.rb,3149,
route,LTI、外部工具与集成,"put ""tool_proxy/:tool_proxy_guid/#{prefix}/resource_link_id/:resource_link_id/tool_setting"", controller: ""lti/ims/tool_setting"", action: :update, as: ""update_#{context}_update_resource_link_id_tool_setting""",config/routes.rb,3150,
route,LTI、外部工具与集成,"get ""tool_settings/:tool_setting_id"", controller: ""lti/ims/tool_setting"", action: :show, as: :show_lti_tool_settings",config/routes.rb,3153,
route,LTI、外部工具与集成,"get ""tool_proxy/:tool_proxy_guid/tool_setting"", controller: ""lti/ims/tool_setting"", action: :show, as: :show_tool_proxy_lti_tool_settings",config/routes.rb,3154,
route,LTI、外部工具与集成,"put ""tool_settings/:tool_setting_id"", controller: ""lti/ims/tool_setting"", action: :update, as: :update_lti_tool_settings",config/routes.rb,3155,
route,LTI、外部工具与集成,"put ""tool_proxy/:tool_proxy_guid/tool_setting"", controller: ""lti/ims/tool_setting"", action: :update, as: :update_tool_proxy_lti_tool_settings",config/routes.rb,3156,
route,LTI、外部工具与集成,"get ""tool_proxy/:tool_proxy_guid"", controller: ""lti/ims/tool_proxy"", action: :show, as: ""show_lti_tool_proxy""",config/routes.rb,3159,
route,课程、班级与选课,"get ""courses/:course_id/membership_service"", controller: ""lti/membership_service"", action: :course_index, as: :course_membership_service",config/routes.rb,3162,
route,讨论、公告与协作,"get ""groups/:group_id/membership_service"", controller: ""lti/membership_service"", action: :group_index, as: :group_membership_service",config/routes.rb,3163,
route,作业、提交与评分,"scope(controller: ""lti/submissions_api"") do",config/routes.rb,3166,
route,作业、提交与评分,"get ""assignments/:assignment_id/submissions/:submission_id"", action: :show",config/routes.rb,3167,
route,作业、提交与评分,"get ""assignments/:assignment_id/submissions/:submission_id/history"", action: :history",config/routes.rb,3168,
route,作业、提交与评分,"get ""assignments/:assignment_id/submissions/:submission_id/attachment/:attachment_id"", action: :attachment, as: :lti_submission_attachment_download",config/routes.rb,3169,
route,LTI、外部工具与集成,"scope(controller: ""lti/originality_reports_api"") do",config/routes.rb,3173,
route,作业、提交与评分,"post ""assignments/:assignment_id/submissions/:submission_id/originality_report"", action: :create",config/routes.rb,3174,
route,作业、提交与评分,"put ""assignments/:assignment_id/submissions/:submission_id/originality_report/:id"", action: :update",config/routes.rb,3175,
route,作业、提交与评分,"put ""assignments/:assignment_id/files/:file_id/originality_report"", action: :update",config/routes.rb,3176,
route,作业、提交与评分,"get ""assignments/:assignment_id/submissions/:submission_id/originality_report/:id"", action: :show",config/routes.rb,3177,
route,作业、提交与评分,"get ""assignments/:assignment_id/files/:file_id/originality_report"", action: :show",config/routes.rb,3178,
route,LTI、外部工具与集成,"scope(controller: ""lti/ims/line_items"") do",config/routes.rb,3182,
route,课程、班级与选课,"post ""courses/:course_id/line_items"", action: :create, as: :lti_line_item_create",config/routes.rb,3183,
route,课程、班级与选课,"get ""courses/:course_id/line_items/:id"", action: :show, as: :lti_line_item_show",config/routes.rb,3184,
route,课程、班级与选课,"get ""courses/:course_id/line_items"", action: :index, as: :lti_line_item_index",config/routes.rb,3185,
route,课程、班级与选课,"put ""courses/:course_id/line_items/:id"", action: :update, as: :lti_line_item_edit",config/routes.rb,3186,
route,课程、班级与选课,"delete ""courses/:course_id/line_items/:id"", action: :destroy, as: :lti_line_item_delete",config/routes.rb,3187,
route,LTI、外部工具与集成,"scope(controller: ""lti/ims/scores"") do",config/routes.rb,3191,
route,课程、班级与选课,"post ""courses/:course_id/line_items/:line_item_id/scores"", action: :create, as: :lti_result_create",config/routes.rb,3192,
route,LTI、外部工具与集成,"scope(controller: ""lti/ims/results"") do",config/routes.rb,3196,
route,课程、班级与选课,"get ""courses/:course_id/line_items/:line_item_id/results/:id"", action: :show, as: :lti_result_show",config/routes.rb,3197,
route,课程、班级与选课,"get ""courses/:course_id/line_items/:line_item_id/results"", action: :index",config/routes.rb,3198,
route,LTI、外部工具与集成,"scope(controller: ""lti/ims/progress"") do",config/routes.rb,3202,
route,课程、班级与选课,"get ""courses/:course_id/progress/:id"", action: :show, as: :lti_progress_show",config/routes.rb,3203,
route,LTI、外部工具与集成,"scope(controller: ""lti/ims/asset_processor"") do",config/routes.rb,3207,
route,LTI、外部工具与集成,"post ""asset_processors/:asset_processor_id/reports"", action: :create_report, as: :lti_asset_processor_create_report",config/routes.rb,3208,
route,LTI、外部工具与集成,"get ""asset_processors/:asset_processor_id/assets/:asset_id"", action: :lti_asset_show, as: :lti_asset_processor_asset_show",config/routes.rb,3209,
route,LTI、外部工具与集成,"scope(controller: ""lti/ims/asset_processor_eula"") do",config/routes.rb,3213,
route,LTI、外部工具与集成,"put ""asset_processor_eulas/:context_external_tool_id/deployment"", action: :update_tool_eula, as: :update_tool_eula",config/routes.rb,3214,
route,LTI、外部工具与集成,"delete ""asset_processor_eulas/:context_external_tool_id/user"", action: :delete_acceptances, as: :delete_tool_eula_acceptances",config/routes.rb,3215,
route,LTI、外部工具与集成,"post ""asset_processor_eulas/:context_external_tool_id/user"", action: :create_acceptance, as: :create_user_eula_acceptance",config/routes.rb,3216,
route,LTI、外部工具与集成,"scope(controller: ""lti/asset_processor"") do",config/routes.rb,3220,
route,LTI、外部工具与集成,"post ""asset_processors/:asset_processor_id/notices/:student_id/attempts/:attempt"", action: :resubmit_notice, as: :lti_asset_processor_notice_resubmit",config/routes.rb,3221,
route,作业、提交与评分,"post ""asset_processors/discussion_notices/:assignment_id/:student_id/resubmit_all"", action: :resubmit_discussion_notices_all",config/routes.rb,3222,
route,LTI、外部工具与集成,"scope(controller: ""lti/ims/dynamic_registration"") do",config/routes.rb,3226,
route,账户与租户管理,"get ""accounts/:account_id/registration_token"", action: :registration_token",config/routes.rb,3227,
route,账户与租户管理,"get ""accounts/:account_id/registrations/uuid/:registration_uuid"", action: :ims_registration_by_uuid",config/routes.rb,3228,
route,账户与租户管理,"get ""accounts/:account_id/lti_registrations/uuid/:registration_uuid"", action: :lti_registration_by_uuid",config/routes.rb,3229,
route,账户与租户管理,"get ""accounts/:account_id/lti_registration_update_request/uuid/:registration_uuid"", action: :lti_registration_update_request_by_uuid",config/routes.rb,3230,
route,账户与租户管理,"get ""accounts/:account_id/registrations/:registration_id"", action: :show",config/routes.rb,3231,
route,账户与租户管理,"put ""accounts/:account_id/registrations/:registration_id/overlay"", action: :update_registration_overlay",config/routes.rb,3232,
route,账户与租户管理,"get ""accounts/:account_id/dr_iframe"", action: :dr_iframe",config/routes.rb,3233,
route,账户与租户管理,"get ""accounts/:account_id/registrations/:registration_id/view"", action: :registration_view, as: :lti_registration_config",config/routes.rb,3234,
route,LTI、外部工具与集成,"post ""registrations"", action: :create, as: :create_lti_registration",config/routes.rb,3235,
route,LTI、外部工具与集成,"put ""registrations/:registration_id"", action: :update, as: :update_lti_registration",config/routes.rb,3236,
route,LTI、外部工具与集成,"get ""registrations/:registration_id"", action: :show_configuration, as: :get_lti_registration",config/routes.rb,3237,
route,LTI、外部工具与集成,"scope(controller: ""lti/public_jwk"") do",config/routes.rb,3241,
route,账户与租户管理,"put ""/developer_key/update_public_jwk"", action: :update, as: :public_jwk_update",config/routes.rb,3242,
route,LTI、外部工具与集成,"scope(controller: ""lti/account_external_tools"") do",config/routes.rb,3246,
route,账户与租户管理,"post ""/accounts/:account_id/external_tools"", action: :create, as: :account_external_tools_create",config/routes.rb,3247,
route,账户与租户管理,"get ""/accounts/:account_id/external_tools/:external_tool_id"", action: :show, as: :account_external_tools_show",config/routes.rb,3248,
route,账户与租户管理,"get ""/accounts/:account_id/external_tools"", action: :index, as: :account_external_tools_index",config/routes.rb,3249,
route,账户与租户管理,"delete ""/accounts/:account_id/external_tools/:external_tool_id"", action: :destroy, as: :account_external_tools_destroy",config/routes.rb,3250,
route,LTI、外部工具与集成,"scope(controller: ""lti/data_services"") do",config/routes.rb,3254,
route,账户与租户管理,"post ""/accounts/:account_id/data_services"", action: :create, as: :data_services_create",config/routes.rb,3255,
route,账户与租户管理,"get ""/accounts/:account_id/data_services/:id"", action: :show, as: :data_services_show",config/routes.rb,3256,
route,账户与租户管理,"put ""/accounts/:account_id/data_services/:id"", action: :update, as: :data_services_update",config/routes.rb,3257,
route,账户与租户管理,"get ""/accounts/:account_id/data_services"", action: :index, as: :data_services_index",config/routes.rb,3258,
route,账户与租户管理,"delete ""/accounts/:account_id/data_services/:id"", action: :destroy, as: :data_services_destroy",config/routes.rb,3259,
route,账户与租户管理,"scope(controller: ""lti/account_lookup"") do",config/routes.rb,3263,
route,账户与租户管理,"get ""/accounts/:account_id"", action: :show",config/routes.rb,3264,
route,账户与租户管理,"scope(controller: ""lti/ims/names_and_roles"") do",config/routes.rb,3268,
route,账户与租户管理,"get ""courses/:course_id/names_and_roles"", controller: ""lti/ims/names_and_roles"", action: :course_index, as: :course_names_and_roles",config/routes.rb,3269,
route,账户与租户管理,"get ""groups/:group_id/names_and_roles"", controller: ""lti/ims/names_and_roles"", action: :group_index, as: :group_names_and_roles",config/routes.rb,3270,
route,LTI、外部工具与集成,"scope(controller: ""lti/ims/notice_handlers"") do",config/routes.rb,3274,
route,LTI、外部工具与集成,"get ""notice-handlers/:context_external_tool_id"", action: :index, as: :lti_notice_handlers",config/routes.rb,3275,
route,LTI、外部工具与集成,"put ""notice-handlers/:context_external_tool_id"", action: :update, as: :update_lti_notice_handlers",config/routes.rb,3276,
route,其他,"scope(controller: ""security"") do",config/routes.rb,3280,
route,LTI、外部工具与集成,"get ""security/jwks"", action: :jwks, as: :lti_jwks",config/routes.rb,3281,
route,其他,"get ""security/openid-configuration"", action: :openid_configuration, as: :openid_configuration",config/routes.rb,3282,
route,LTI、外部工具与集成,"scope(controller: ""lti/feature_flags"") do",config/routes.rb,3286,
route,分析、审计与运维,"get ""/#{prefix}/feature_flags/:feature"", action: :show",config/routes.rb,3289,
route,账户与租户管理,"get ""lti_2_token"", controller: ""lti/token"", action: :lti_2_token, as: :lti_2_token_site_admin",config/routes.rb,3294,
route,账户与租户管理,"get ""advantage_token"", controller: ""lti/token"", action: :advantage_access_token, as: :lti_advantage_token_site_admin",config/routes.rb,3295,
route,SIS、导入导出与报表,scope(controller: :sis_api) do,config/routes.rb,3299,
route,账户与租户管理,"get ""accounts/:account_id/assignments"", action: ""sis_assignments"", as: :sis_account_assignments",config/routes.rb,3300,
route,课程、班级与选课,"get ""courses/:course_id/assignments"", action: ""sis_assignments"", as: :sis_course_assignments",config/routes.rb,3301,
route,SIS、导入导出与报表,scope(controller: :disable_post_to_sis_api) do,config/routes.rb,3303,
route,课程、班级与选课,"put ""courses/:course_id/disable_post_to_sis"", action: ""disable_post_to_sis"", as: :disable_post_to_sis_course_assignments",config/routes.rb,3304,
model,账户与租户管理,OAuthClientConfig,app/models/oauth_client_config.rb,25,311
model,讨论、公告与协作,DiscussionTopicSummary,app/models/discussion_topic_summary.rb,19,36
model,讨论、公告与协作,Announcement,app/models/announcement.rb,21,317
model,其他,Mailer,app/models/mailer.rb,23,91
model,课程、班级与选课,CourseSection,app/models/course_section.rb,21,461
model,用户、身份与沟通,ConversationMessageParticipant,app/models/conversation_message_participant.rb,21,58
model,账户与租户管理,AccountNotification,app/models/account_notification.rb,20,445
model,作业、提交与评分,AssignmentGroup,app/models/assignment_group.rb,21,349
model,SIS、导入导出与报表,ErrorReport,app/models/error_report.rb,21,285
model,讨论、公告与协作,EtherpadCollaboration,app/models/etherpad_collaboration.rb,21,45
model,其他,BlockEditor,app/models/block_editor.rb,21,51
model,学习成果与能力,LearningOutcomeResult,app/models/learning_outcome_result.rb,21,277
model,内容、文件与模块,Wiki,app/models/wiki.rb,21,245
model,其他,Collaborator,app/models/collaborator.rb,21,63
model,其他,ContentParticipation,app/models/content_participation.rb,21,227
model,用户、身份与沟通,UserPastLtiId,app/models/user_past_lti_id.rb,45,76
model,其他,MediaObject,app/models/media_object.rb,21,471
model,内容、文件与模块,ContextModule,app/models/context_module.rb,21,1167
model,作业、提交与评分,RubricAssessmentImport,app/models/rubric_assessment_import.rb,21,158
model,讨论、公告与协作,DiscussionTopicInsight,app/models/discussion_topic_insight.rb,19,234
model,账户与租户管理,Account,app/models/account.rb,21,3094
model,讨论、公告与协作,DiscussionEntryVersion,app/models/discussion_entry_version.rb,19,37
model,其他,AllocationRule,app/models/allocation_rule.rb,20,142
model,其他,AssessmentRequest,app/models/assessment_request.rb,21,217
model,其他,Alert,app/models/alert.rb,21,106
model,用户、身份与沟通,UserProfile,app/models/user_profile.rb,21,216
model,SIS、导入导出与报表,WebZipExport,app/models/web_zip_export.rb,20,67
model,其他,UsageRights,app/models/usage_rights.rb,21,52
model,其他,Score,app/models/score.rb,21,144
model,其他,AlertCriterion,app/models/alert_criterion.rb,21,25
model,账户与租户管理,DeveloperKeyAccountBinding,app/models/developer_key_account_binding.rb,21,194
model,其他,CustomData,app/models/custom_data.rb,21,126
model,账户与租户管理,ImpossibleCredentialsError,app/models/pseudonym.rb,20,891
model,用户、身份与沟通,UserMergeData,app/models/user_merge_data.rb,20,64
model,作业、提交与评分,RubricCriterion,app/models/rubric_criterion.rb,20,35
model,内容、文件与模块,PlannerNote,app/models/planner_note.rb,21,40
model,内容、文件与模块,WikiPageEmbedding,app/models/wiki_page_embedding.rb,19,25
model,其他,provides,app/models/alignment_with_metadata.rb,22,101
model,作业、提交与评分,GradebookUpload,app/models/gradebook_upload.rb,21,49
model,用户、身份与沟通,UserMergeDataRecord,app/models/user_merge_data_record.rb,20,35
model,讨论、公告与协作,WebConferenceParticipant,app/models/web_conference_participant.rb,21,30
model,其他,ContentParticipationCount,app/models/content_participation_count.rb,21,161
model,讨论、公告与协作,GroupMembership,app/models/group_membership.rb,21,467
model,用户、身份与沟通,CourseProfile,app/models/course_profile.rb,20,22
model,作业、提交与评分,CustomGradebookColumnDatum,app/models/custom_gradebook_column_datum.rb,21,73
model,其他,Progress,app/models/progress.rb,21,172
model,其他,NavMenuLink,app/models/nav_menu_link.rb,21,128
model,课程、班级与选课,EnrollmentTerm,app/models/enrollment_term.rb,21,242
model,分析、审计与运维,AuditEventService,app/models/audit_event_service.rb,20,59
model,课程、班级与选课,TeacherEnrollment,app/models/teacher_enrollment.rb,21,25
model,用户、身份与沟通,UserLmgbOutcomeOrderings,app/models/user_lmgb_outcome_orderings.rb,21,52
model,内容、文件与模块,ContextModuleProgression,app/models/context_module_progression.rb,21,546
model,搜索、AI 与无障碍,LLMConfig,app/models/llm_config.rb,20,69
model,课程、班级与选课,GradingPeriod,app/models/grading_period.rb,21,298
model,内容、文件与模块,AttachmentUploadStatus,app/models/attachment_upload_status.rb,19,62
model,其他,SentContentShare,app/models/sent_content_share.rb,21,24
model,账户与租户管理,UserAccountAssociation,app/models/user_account_association.rb,21,53
model,课程、班级与选课,StudentViewEnrollment,app/models/student_view_enrollment.rb,21,25
model,SIS、导入导出与报表,MigrationIssue,app/models/migration_issue.rb,20,44
model,其他,Canvadoc,app/models/canvadoc.rb,21,191
model,其他,Mention,app/models/mention.rb,19,60
model,课程、班级与选课,CourseProgress,app/models/course_progress.rb,21,273
model,作业、提交与评分,is,app/models/rubric_association.rb,24,461
model,搜索、AI 与无障碍,AccessibilityIssue,app/models/accessibility_issue.rb,19,55
model,其他,ReleaseNote,app/models/release_note.rb,43,388
model,作业、提交与评分,LatePolicy,app/models/late_policy.rb,21,87
model,学习成果与能力,OutcomeProficiencyRating,app/models/outcome_proficiency_rating.rb,21,68
model,讨论、公告与协作,Collaboration,app/models/collaboration.rb,21,423
model,SIS、导入导出与报表,AccountReportRow,app/models/account_report_row.rb,21,24
model,用户、身份与沟通,ObserverEnrollment,app/models/observer_enrollment.rb,21,91
model,课程、班级与选课,DesignerEnrollment,app/models/designer_enrollment.rb,21,25
model,用户、身份与沟通,ObserverAlertThreshold,app/models/observer_alert_threshold.rb,20,114
model,其他,ScoreStatistic,app/models/score_statistic.rb,20,25
model,内容、文件与模块,ContentMigration,app/models/content_migration.rb,21,1686
model,SIS、导入导出与报表,AccountReport,app/models/account_report.rb,21,197
model,作业、提交与评分,AssignmentOverrideStudent,app/models/assignment_override_student.rb,21,166
model,用户、身份与沟通,BounceNotificationProcessor,app/models/bounce_notification_processor.rb,23,142
model,其他,Favorite,app/models/favorite.rb,20,41
model,讨论、公告与协作,AppointmentGroupContext,app/models/appointment_group_context.rb,21,30
model,搜索、AI 与无障碍,AiExperience,app/models/ai_experience.rb,20,269
model,讨论、公告与协作,DiscussionTopicEmbedding,app/models/discussion_topic_embedding.rb,19,25
model,用户、身份与沟通,ObserverAlert,app/models/observer_alert.rb,20,140
model,用户、身份与沟通,ObserverPairingCode,app/models/observer_pairing_code.rb,21,31
model,课程、班级与选课,Enrollment,app/models/enrollment.rb,21,1725
model,用户、身份与沟通,UserService,app/models/user_service.rb,21,199
model,用户、身份与沟通,SplitUsers,app/models/split_users.rb,20,544
model,用户、身份与沟通,ConfigurationMissingError,app/models/notification_failure_processor.rb,23,112
model,作业、提交与评分,SubmissionText,app/models/submission_text.rb,21,30
model,课程、班级与选课,StudentEnrollment,app/models/student_enrollment.rb,21,175
model,内容、文件与模块,CalendarEvent,app/models/calendar_event.rb,25,905
model,其他,ContentShare,app/models/content_share.rb,21,59
model,作业、提交与评分,SisPostGradesStatus,app/models/sis_post_grades_status.rb,21,31
model,作业、提交与评分,CustomGradeStatus,app/models/custom_grade_status.rb,20,99
model,LTI、外部工具与集成,ContextExternalTool,app/models/context_external_tool.rb,21,1492
model,作业、提交与评分,Assignment,app/models/assignment.rb,21,381
model,讨论、公告与协作,Group,app/models/group.rb,21,1122
model,作业、提交与评分,StandardGradeStatus,app/models/standard_grade_status.rb,20,34
model,账户与租户管理,SharedBrandConfig,app/models/shared_brand_config.rb,20,30
model,其他,CanvasMetadatum,app/models/canvas_metadatum.rb,20,58
model,讨论、公告与协作,DiscussionEntry,app/models/discussion_entry.rb,21,862
model,其他,ExternalIntegrationKey,app/models/external_integration_key.rb,21,103
model,测验与题库,AssessmentQuestionBank,app/models/assessment_question_bank.rb,21,172
model,账户与租户管理,PseudonymSession,app/models/pseudonym_session.rb,21,190
model,用户、身份与沟通,NotificationPolicyOverride,app/models/notification_policy_override.rb,21,118
model,学习成果与能力,OutcomeImportError,app/models/outcome_import_error.rb,21,30
model,用户、身份与沟通,UserPreferenceValue,app/models/user_preference_value.rb,26,241
model,账户与租户管理,AccountNotificationRole,app/models/account_notification_role.rb,21,37
model,作业、提交与评分,CustomGradebookColumn,app/models/custom_gradebook_column.rb,21,77
model,用户、身份与沟通,DelayedNotification,app/models/delayed_notification.rb,21,127
model,用户、身份与沟通,NotificationEndpoint,app/models/notification_endpoint.rb,23,125
model,账户与租户管理,AccountUser,app/models/account_user.rb,21,245
model,其他,ExternalFeed,app/models/external_feed.rb,21,177
model,作业、提交与评分,RubricImport,app/models/rubric_import.rb,21,200
model,LTI、外部工具与集成,ContextExternalToolPlacement,app/models/context_external_tool_placement.rb,20,26
model,作业、提交与评分,RubricAssessmentExport,app/models/rubric_assessment_export.rb,21,142
model,搜索、AI 与无障碍,AccessibilityResourceScan,app/models/accessibility_resource_scan.rb,19,136
model,其他,OneTimePassword,app/models/one_time_password.rb,21,32
model,学习成果与能力,OutcomeProficiency,app/models/outcome_proficiency.rb,21,201
model,讨论、公告与协作,DiscussionTopicParticipant,app/models/discussion_topic_participant.rb,21,65
model,课程、班级与选课,TemporaryEnrollmentPairing,app/models/temporary_enrollment_pairing.rb,21,33
model,其他,InvalidVerifier,app/models/access_verifier.rb,25,123
model,其他,CommentBankItem,app/models/comment_bank_item.rb,21,39
model,内容、文件与模块,WikiPage,app/models/wiki_page.rb,21,888
model,内容、文件与模块,Attachment,app/models/attachment.rb,22,2829
model,其他,Ignore,app/models/ignore.rb,21,56
model,测验与题库,QuizMigrationAlert,app/models/quiz_migration_alert.rb,21,32
model,搜索、AI 与无障碍,LLMResponse,app/models/llm_response.rb,21,24
model,用户、身份与沟通,UserMergeDataItem,app/models/user_merge_data_item.rb,20,25
model,账户与租户管理,TermsOfServiceContent,app/models/terms_of_service_content.rb,21,83
model,讨论、公告与协作,DiscussionTopic,app/models/discussion_topic.rb,20,2346
model,其他,MediaTrack,app/models/media_track.rb,20,134
model,用户、身份与沟通,AssetUserAccess,app/models/asset_user_access.rb,24,357
model,讨论、公告与协作,BigBlueButtonConference,app/models/big_blue_button_conference.rb,23,425
model,内容、文件与模块,WikiPageLookup,app/models/wiki_page_lookup.rb,21,36
model,其他,InstitutionalTagAssociation,app/models/institutional_tag_association.rb,20,33
model,SIS、导入导出与报表,ParallelImporter,app/models/parallel_importer.rb,21,64
model,学习成果与能力,OutcomeCalculationMethod,app/models/outcome_calculation_method.rb,21,151
model,用户、身份与沟通,CommunicationChannel,app/models/communication_channel.rb,21,640
model,SIS、导入导出与报表,AccountReportRunner,app/models/account_report_runner.rb,21,80
model,SIS、导入导出与报表,OriginalityReport,app/models/originality_report.rb,20,189
model,用户、身份与沟通,UserProfileLink,app/models/user_profile_link.rb,20,28
model,SIS、导入导出与报表,ReportSnapshot,app/models/report_snapshot.rb,21,107
model,账户与租户管理,AuthenticationProvider,app/models/authentication_provider.rb,24,606
model,用户、身份与沟通,Message,app/models/message.rb,21,1190
model,内容、文件与模块,PlannerOverride,app/models/planner_override.rb,21,125
model,其他,ClonedItem,app/models/cloned_item.rb,21,37
model,其他,PluginSetting,app/models/plugin_setting.rb,21,150
model,其他,InstitutionalTag,app/models/institutional_tag.rb,20,84
model,其他,ScheduledSmartAlert,app/models/scheduled_smart_alert.rb,21,49
model,其他,Thumbnail,app/models/thumbnail.rb,21,82
model,内容、文件与模块,ContentExport,app/models/content_export.rb,22,745
model,其他,Setting,app/models/setting.rb,21,87
model,作业、提交与评分,AssignmentEmbedding,app/models/assignment_embedding.rb,19,25
model,作业、提交与评分,GradebookFilter,app/models/gradebook_filter.rb,21,41
model,作业、提交与评分,SubmissionComment,app/models/submission_comment.rb,21,630
model,内容、文件与模块,AttachmentAssociation,app/models/attachment_association.rb,21,145
model,用户、身份与沟通,AiConversation,app/models/ai_conversation.rb,20,72
model,其他,CanvadocsAnnotationContext,app/models/canvadocs_annotation_context.rb,20,76
model,其他,BlockEditorTemplate,app/models/block_editor_template.rb,21,51
model,账户与租户管理,CourseAccountAssociation,app/models/course_account_association.rb,21,39
model,作业、提交与评分,SubmissionVersion,app/models/submission_version.rb,21,70
model,内容、文件与模块,PageView,app/models/page_view.rb,21,291
model,作业、提交与评分,GradebookCSV,app/models/gradebook_csv.rb,20,38
model,其他,BookmarkService,app/models/bookmark_service.rb,23,77
model,SIS、导入导出与报表,Importer,app/models/importers.rb,44,66
model,学习成果与能力,LearningOutcome,app/models/learning_outcome.rb,21,741
model,学习成果与能力,LearningOutcomeGroup,app/models/learning_outcome_group.rb,21,379
model,账户与租户管理,Role,app/models/role.rb,21,327
model,用户、身份与沟通,Notification,app/models/notification.rb,21,689
model,内容、文件与模块,PageComment,app/models/page_comment.rb,21,31
model,作业、提交与评分,AssignmentValidator,app/models/horizon_validators.rb,21,81
model,课程、班级与选课,CourseReport,app/models/course_report.rb,21,104
model,内容、文件与模块,Folder,app/models/folder.rb,21,695
model,账户与租户管理,SisPseudonym,app/models/sis_pseudonym.rb,20,284
model,讨论、公告与协作,WebConference,app/models/web_conference.rb,21,659
model,SIS、导入导出与报表,SisBatchError,app/models/sis_batch_error.rb,20,36
model,其他,ReceivedContentShare,app/models/received_content_share.rb,21,23
model,学习成果与能力,LearningOutcomeQuestionResult,app/models/learning_outcome_question_result.rb,21,89
model,课程、班级与选课,GradingPeriodGroup,app/models/grading_period_group.rb,21,156
model,其他,EstimatedDuration,app/models/estimated_duration.rb,21,47
model,讨论、公告与协作,AnnouncementEmbedding,app/models/announcement_embedding.rb,19,20
model,其他,PostPolicy,app/models/post_policy.rb,20,75
model,讨论、公告与协作,GroupLeadership,app/models/group_leadership.rb,20,96
model,其他,Purgatory,app/models/purgatory.rb,20,42
model,用户、身份与沟通,Conversation,app/models/conversation.rb,21,838
model,课程、班级与选课,CourseScoreStatistic,app/models/course_score_statistic.rb,21,31
model,作业、提交与评分,AbstractAssignment,app/models/abstract_assignment.rb,23,4812
model,课程、班级与选课,CoursePaceModuleItem,app/models/course_pace_module_item.rb,21,53
model,学习成果与能力,OutcomeRollup,app/models/outcome_rollup.rb,20,33
model,用户、身份与沟通,ConversationMessage,app/models/conversation_message.rb,21,426
model,讨论、公告与协作,EportfolioCategory,app/models/eportfolio_category.rb,21,52
model,学习成果与能力,OutcomeImport,app/models/outcome_import.rb,21,228
model,作业、提交与评分,Submission,app/models/submission.rb,23,3903
model,内容、文件与模块,that,app/models/context_module_item.rb,27,68
model,作业、提交与评分,PeerReviewSubAssignment,app/models/peer_review_sub_assignment.rb,21,207
model,测验与题库,AssessmentQuestion,app/models/assessment_question.rb,21,431
model,课程、班级与选课,DiscussionTopicSectionVisibility,app/models/discussion_topic_section_visibility.rb,20,69
model,用户、身份与沟通,NotificationFinder,app/models/notification_finder.rb,21,44
model,其他,ScoreMetadata,app/models/score_metadata.rb,21,28
model,其他,Notifier,app/models/notifier.rb,20,52
model,账户与租户管理,DeveloperKey,app/models/developer_key.rb,23,754
model,账户与租户管理,BrandConfig,app/models/brand_config.rb,20,315
model,讨论、公告与协作,DiscussionEntryParticipant,app/models/discussion_entry_participant.rb,21,207
model,作业、提交与评分,ViewedSubmissionComment,app/models/viewed_submission_comment.rb,21,33
model,用户、身份与沟通,Profile,app/models/profile.rb,20,113
model,其他,ExternalFeedEntry,app/models/external_feed_entry.rb,21,63
model,学习成果与能力,OutcomeFriendlyDescription,app/models/outcome_friendly_description.rb,21,32
model,用户、身份与沟通,AssetUserAccessLog,app/models/asset_user_access_log.rb,20,458
model,讨论、公告与协作,EportfolioEntry,app/models/eportfolio_entry.rb,23,188
model,SIS、导入导出与报表,EpubExport,app/models/epub_export.rb,20,219
model,其他,DocumentService,app/models/document_service.rb,21,22
model,其他,ExternalContentReference,app/models/external_content_reference.rb,21,35
model,讨论、公告与协作,WimbaConference,app/models/wimba_conference.rb,21,242
model,讨论、公告与协作,GoogleDocsCollaboration,app/models/google_docs_collaboration.rb,21,132
model,讨论、公告与协作,Eportfolio,app/models/eportfolio.rb,21,171
model,用户、身份与沟通,DelayedMessage,app/models/delayed_message.rb,21,225
model,讨论、公告与协作,ExternalToolCollaboration,app/models/external_tool_collaboration.rb,21,72
model,课程、班级与选课,AbstractCourse,app/models/abstract_course.rb,21,47
model,作业、提交与评分,SubAssignment,app/models/sub_assignment.rb,21,193
model,课程、班级与选课,EnrollmentDatesOverride,app/models/enrollment_dates_override.rb,21,46
model,SIS、导入导出与报表,SisBatchRollBackData,app/models/sis_batch_roll_back_data.rb,20,122
model,讨论、公告与协作,AppointmentGroup,app/models/appointment_group.rb,21,582
model,作业、提交与评分,RubricAssessment,app/models/rubric_assessment.rb,24,345
model,分析、审计与运维,FeatureFlag,app/models/feature_flag.rb,21,159
model,SIS、导入导出与报表,SisBatch,app/models/sis_batch.rb,21,1069
model,课程、班级与选课,EnrollmentState,app/models/enrollment_state.rb,20,364
model,账户与租户管理,OAuthRequest,app/models/oauth_request.rb,21,27
model,用户、身份与沟通,ConversationBatch,app/models/conversation_batch.rb,20,171
model,讨论、公告与协作,AppointmentGroupSubContext,app/models/appointment_group_sub_context.rb,21,37
model,讨论、公告与协作,LtiConference,app/models/lti_conference.rb,21,33
model,其他,TranslationFeedback,app/models/translation_feedback.rb,20,43
model,账户与租户管理,TermsOfService,app/models/terms_of_service.rb,21,97
model,课程、班级与选课,CourseDateRange,app/models/course_date_range.rb,20,35
model,作业、提交与评分,AssignmentConfigurationToolLookup,app/models/assignment_configuration_tool_lookup.rb,20,126
model,SIS、导入导出与报表,SessionPersistenceToken,app/models/session_persistence_token.rb,41,99
model,用户、身份与沟通,NotificationPolicy,app/models/notification_policy.rb,21,204
model,内容、文件与模块,AiExperienceContextFile,app/models/ai_experience_context_file.rb,20,50
model,课程、班级与选课,CoursePace,app/models/course_pace.rb,21,495
model,作业、提交与评分,SubmissionDraftAttachment,app/models/submission_draft_attachment.rb,21,49
model,作业、提交与评分,ModerationGrader,app/models/moderation_grader.rb,21,35
model,用户、身份与沟通,ConversationParticipant,app/models/conversation_participant.rb,21,658
model,课程、班级与选课,Course,app/models/course.rb,21,5057
model,作业、提交与评分,CanvadocsSubmission,app/models/canvadocs_submission.rb,20,25
model,其他,ApplicationRecord,app/models/application_record.rb,21,23
model,作业、提交与评分,SubmissionCommentInteraction,app/models/submission_comment_interaction.rb,21,34
model,其他,GradingStandard,app/models/grading_standard.rb,21,408
model,其他,MediaSourceFetcher,app/models/media_source_fetcher.rb,20,54
model,其他,InstitutionalTagCategory,app/models/institutional_tag_category.rb,20,79
model,作业、提交与评分,AnonymousOrModerationEvent,app/models/anonymous_or_moderation_event.rb,21,188
model,其他,StreamItem,app/models/stream_item.rb,21,496
model,作业、提交与评分,AutoGradeResult,app/models/auto_grade_result.rb,21,28
model,作业、提交与评分,Rubric,app/models/rubric.rb,21,705
model,课程、班级与选课,AccessibilityCourseStatistic,app/models/accessibility_course_statistic.rb,19,44
model,其他,ScheduledPost,app/models/scheduled_post.rb,20,168
model,作业、提交与评分,AssignmentOverride,app/models/assignment_override.rb,21,606
model,其他,RollupScore,app/models/rollup_score.rb,20,199
model,其他,ContentTag,app/models/content_tag.rb,20,897
model,作业、提交与评分,SubmissionDraft,app/models/submission_draft.rb,21,143
model,测验与题库,AssessmentQuestionBankUser,app/models/assessment_question_bank_user.rb,21,26
model,账户与租户管理,RoleOverride,app/models/role_override.rb,21,469
model,用户、身份与沟通,User,app/models/user.rb,21,4124
model,讨论、公告与协作,GroupCategory,app/models/group_category.rb,21,746
model,其他,BlackoutDate,app/models/blackout_date.rb,21,40
model,其他,AccessToken,app/models/access_token.rb,20,443
model,内容、文件与模块,KalturaMediaFileHandler,app/models/kaltura_media_file_handler.rb,21,88
model,其他,StreamItemInstance,app/models/stream_item_instance.rb,21,56
model,用户、身份与沟通,UserObservationLink,app/models/user_observation_link.rb,25,169
model,讨论、公告与协作,GroupAndMembershipImporter,app/models/group_and_membership_importer.rb,21,238
model,课程、班级与选课,TaEnrollment,app/models/ta_enrollment.rb,21,25
model,讨论、公告与协作,DiscussionTopicInsight,app/models/discussion_topic_insight/entry.rb,20,52
model,其他,ScoringRange,app/models/conditional_release/scoring_range.rb,21,72
model,作业、提交与评分,AssignmentSetAssociation,app/models/conditional_release/assignment_set_association.rb,21,71
model,其他,Rule,app/models/conditional_release/rule.rb,21,92
model,作业、提交与评分,AssignmentSet,app/models/conditional_release/assignment_set.rb,21,42
model,作业、提交与评分,AssignmentSetAction,app/models/conditional_release/assignment_set_action.rb,21,59
model,其他,MigrationService,app/models/conditional_release/migration_service.rb,21,122
model,分析、审计与运维,ServiceError,app/models/conditional_release/service.rb,22,254
model,作业、提交与评分,RubricCriterion,app/models/rubric_criterion/trackable.rb,21,47
model,作业、提交与评分,Assignment,app/models/speed_grader/assignment.rb,22,634
model,作业、提交与评分,StudentGroupSelection,app/models/speed_grader/student_group_selection.rb,22,98
model,账户与租户管理,Auditors::Pseudonym,app/models/auditors/pseudonym.rb,21,70
model,分析、审计与运维,Auditors::Authentication,app/models/auditors/authentication.rb,21,125
model,分析、审计与运维,Record,app/models/auditors/record.rb,22,29
model,账户与租户管理,Auditors::AccountUser,app/models/auditors/account_user.rb,21,66
model,作业、提交与评分,Auditors::GradeChange,app/models/auditors/grade_change.rb,21,432
model,分析、审计与运维,Auditors::FeatureFlag,app/models/auditors/feature_flag.rb,21,126
model,课程、班级与选课,Auditors::Course,app/models/auditors/course.rb,21,227
model,测验与题库,ExportService,app/models/quizzes_next/export_service.rb,20,107
model,测验与题库,Service,app/models/quizzes_next/service.rb,20,39
model,用户、身份与沟通,NameHelper,app/models/messages/name_helper.rb,21,121
model,用户、身份与沟通,Partitioner,app/models/messages/partitioner.rb,4,50
model,用户、身份与沟通,ScopedToUser,app/models/assignments/scoped_to_user.rb,21,34
model,课程、班级与选课,CourseProxy,app/models/assignments/needs_grading_count_query.rb,23,491
model,其他,PollSession,app/models/polling/poll_session.rb,22,87
model,其他,PollChoice,app/models/polling/poll_choice.rb,22,31
model,其他,Poll,app/models/polling/poll.rb,22,97
model,作业、提交与评分,PollSubmission,app/models/polling/poll_submission.rb,22,69
model,作业、提交与评分,ModeratedGrading::NullProvisionalGrade,app/models/moderated_grading/null_provisional_grade.rb,20,47
model,其他,ModeratedGrading::Selection,app/models/moderated_grading/selection.rb,20,39
model,作业、提交与评分,ModeratedGrading::ProvisionalGrade,app/models/moderated_grading/provisional_grade.rb,20,244
model,用户、身份与沟通,UserExperience,app/models/canvas_career/user_experience.rb,21,31
model,SIS、导入导出与报表,BlueprintSettingsImporter,app/models/importers/blueprint_settings_importer.rb,21,61
model,测验与题库,QuizImporter,app/models/importers/quiz_importer.rb,22,451
model,作业、提交与评分,LatePolicyImporter,app/models/importers/late_policy_importer.rb,22,34
model,测验与题库,AssessmentQuestionImporter,app/models/importers/assessment_question_importer.rb,21,233
model,讨论、公告与协作,GroupImporter,app/models/importers/group_importer.rb,21,58
model,SIS、导入导出与报表,ContentTagImporter,app/models/importers/content_tag_importer.rb,26,86
model,LTI、外部工具与集成,LtiContextControlImporter,app/models/importers/lti_context_control_importer.rb,20,71
model,内容、文件与模块,AttachmentImporter,app/models/importers/attachment_importer.rb,22,109
model,作业、提交与评分,AssignmentImporter,app/models/importers/assignment_importer.rb,21,851
model,LTI、外部工具与集成,ContextExternalToolImporter,app/models/importers/context_external_tool_importer.rb,21,332
model,SIS、导入导出与报表,ExternalFeedImporter,app/models/importers/external_feed_importer.rb,21,75
model,内容、文件与模块,WikiPageImporter,app/models/importers/wiki_page_importer.rb,21,284
model,课程、班级与选课,CourseContentImporter,app/models/importers/course_content_importer.rb,21,747
model,内容、文件与模块,CalendarEventImporter,app/models/importers/calendar_event_importer.rb,22,161
model,作业、提交与评分,AssignmentGroupImporter,app/models/importers/assignment_group_importer.rb,21,127
model,测验与题库,QuizGroupImporter,app/models/importers/quiz_group_importer.rb,21,83
model,SIS、导入导出与报表,GradingStandardImporter,app/models/importers/grading_standard_importer.rb,21,67
model,用户、身份与沟通,MissingRequiredToolProfileValuesError,app/models/importers/tool_profile_importer.rb,21,72
model,课程、班级与选课,CoursePaceImporter,app/models/importers/course_pace_importer.rb,21,73
model,SIS、导入导出与报表,encapsulates,app/models/importers/db_migration_query_service.rb,21,138
model,测验与题库,QuizQuestionImporter,app/models/importers/quiz_question_importer.rb,21,74
model,账户与租户管理,AccountContentImporter,app/models/importers/account_content_importer.rb,21,38
model,学习成果与能力,LearningOutcomeGroupImporter,app/models/importers/learning_outcome_group_importer.rb,21,133
model,作业、提交与评分,RubricImporter,app/models/importers/rubric_importer.rb,21,161
model,SIS、导入导出与报表,ContentImporterHelper,app/models/importers/content_importer_helper.rb,21,61
model,内容、文件与模块,ContextModuleImporter,app/models/importers/context_module_importer.rb,21,408
model,LTI、外部工具与集成,LtiResourceLinkImporter,app/models/importers/lti_resource_link_importer.rb,21,100
model,学习成果与能力,LearningOutcomeImporter,app/models/importers/learning_outcome_importer.rb,25,200
model,讨论、公告与协作,DiscussionTopicImporter,app/models/importers/discussion_topic_importer.rb,21,261
model,测验与题库,AssessmentQuestionBankImporter,app/models/importers/assessment_question_bank_importer.rb,21,61
model,SIS、导入导出与报表,MediaTrackImporter,app/models/importers/media_track_importer.rb,22,72
model,SIS、导入导出与报表,NavMenuLinkImporter,app/models/importers/nav_menu_link_importer.rb,21,138
model,课程、班级与选课,Enrollment::BulkUpdate,app/models/enrollment/bulk_update.rb,20,64
model,课程、班级与选课,Enrollment,app/models/enrollment/recent_activity.rb,21,96
model,课程、班级与选课,Enrollment::BatchStateUpdater,app/models/enrollment/batch_state_updater.rb,21,288
model,课程、班级与选课,Enrollment,app/models/enrollment/query_builder.rb,20,172
model,SIS、导入导出与报表,ZipExporter,app/models/exporters/zip_exporter.rb,22,202
model,作业、提交与评分,SubmissionExporter,app/models/exporters/submission_exporter.rb,21,51
model,用户、身份与沟通,UserDataExporter,app/models/exporters/user_data_exporter.rb,21,58
model,测验与题库,Quizzes2Exporter,app/models/exporters/quizzes2_exporter.rb,23,124
model,其他,Result,app/models/live_assessments/result.rb,22,40
model,作业、提交与评分,Submission,app/models/live_assessments/submission.rb,22,65
model,其他,Assessment,app/models/live_assessments/assessment.rb,22,75
model,其他,SimplyVersioned::Partitioner,app/models/simply_versioned/partitioner.rb,20,54
model,作业、提交与评分,Assignment,app/models/assignment/hard_coded.rb,21,48
model,作业、提交与评分,Assignment,app/models/assignment/grade_error.rb,21,43
model,作业、提交与评分,Assignment::BulkUpdate,app/models/assignment/bulk_update.rb,20,124
model,作业、提交与评分,Assignment,app/models/assignment/max_graders_reached_error.rb,21,28
model,作业、提交与评分,RubricAssessment,app/models/rubric_assessment/trackable.rb,21,54
model,作业、提交与评分,UngradedCount,app/models/alerts/ungraded_count.rb,21,39
model,分析、审计与运维,DelayedAlertSender,app/models/alerts/delayed_alert_sender.rb,21,104
model,作业、提交与评分,UngradedTimespan,app/models/alerts/ungraded_timespan.rb,21,40
model,其他,Interaction,app/models/alerts/interaction.rb,21,53
model,讨论、公告与协作,MicrosoftSync::Group,app/models/microsoft_sync/group.rb,37,145
model,LTI、外部工具与集成,MicrosoftSync::PartialSyncChange,app/models/microsoft_sync/partial_sync_change.rb,20,86
model,用户、身份与沟通,MicrosoftSync::UserMapping,app/models/microsoft_sync/user_mapping.rb,37,196
model,课程、班级与选课,TimetableEventBuilder,app/models/courses/timetable_event_builder.rb,21,205
model,课程、班级与选课,TeacherStudentMapper,app/models/courses/teacher_student_mapper.rb,22,69
model,其他,Bookmarks::Bookmark,app/models/bookmarks/bookmark.rb,20,33
model,讨论、公告与协作,DiscussionTopicSummary,app/models/discussion_topic_summary/feedback.rb,20,56
model,用户、身份与沟通,ToolConsumerProfileCreator,app/models/lti/tool_consumer_profile_creator.rb,23,134
model,LTI、外部工具与集成,Lti::AssetProcessor,app/models/lti/asset_processor.rb,20,116
model,LTI、外部工具与集成,AnalyticsService,app/models/lti/analytics_service.rb,23,80
model,LTI、外部工具与集成,Lti::ResourceLink,app/models/lti/resource_link.rb,21,121
model,LTI、外部工具与集成,XapiService,app/models/lti/xapi_service.rb,21,28
model,LTI、外部工具与集成,LtiOutboundAdapter,app/models/lti/lti_outbound_adapter.rb,21,166
model,账户与租户管理,LtiAccountCreator,app/models/lti/lti_account_creator.rb,21,54
model,LTI、外部工具与集成,Lti::OverlayVersion,app/models/lti/overlay_version.rb,20,31
model,LTI、外部工具与集成,Lti::RegistrationHistoryEntry,app/models/lti/registration_history_entry.rb,21,346
model,LTI、外部工具与集成,ResourceHandler,app/models/lti/resource_handler.rb,22,53
model,作业、提交与评分,LtiAssignmentCreator,app/models/lti/lti_assignment_creator.rb,21,45
model,LTI、外部工具与集成,Lti::ContextExternalToolErrors,app/models/lti/context_external_tool_errors.rb,19,26
model,LTI、外部工具与集成,ToolProxyService,app/models/lti/tool_proxy_service.rb,23,225
model,LTI、外部工具与集成,Lti::Result,app/models/lti/result.rb,21,118
model,LTI、外部工具与集成,ToolSetting,app/models/lti/tool_setting.rb,22,56
model,LTI、外部工具与集成,Lti::RegistrationUpdateRequest,app/models/lti/registration_update_request.rb,20,68
model,LTI、外部工具与集成,Launch,app/models/lti/launch.rb,21,67
model,LTI、外部工具与集成,Lti::ContextControl,app/models/lti/context_control.rb,19,318
model,LTI、外部工具与集成,LtiToolCreator,app/models/lti/lti_tool_creator.rb,21,43
model,LTI、外部工具与集成,ToolProxyBinding,app/models/lti/tool_proxy_binding.rb,22,29
model,账户与租户管理,Lti::RegistrationAccountBinding,app/models/lti/registration_account_binding.rb,20,163
model,LTI、外部工具与集成,LtiContextCreator,app/models/lti/lti_context_creator.rb,21,67
model,LTI、外部工具与集成,serves,app/models/lti/lti_advantage_adapter.rb,26,315
model,LTI、外部工具与集成,ToolProxy,app/models/lti/tool_proxy.rb,22,217
model,LTI、外部工具与集成,Lti::ToolConfigurationCleaner,app/models/lti/tool_configuration_cleaner.rb,25,144
model,LTI、外部工具与集成,LogoutService,app/models/lti/logout_service.rb,21,103
model,LTI、外部工具与集成,NavigationCache,app/models/lti/navigation_cache.rb,22,39
model,LTI、外部工具与集成,Lti::Asset,app/models/lti/asset.rb,35,205
model,LTI、外部工具与集成,Lti::AssetReport,app/models/lti/asset_report.rb,22,171
model,用户、身份与沟通,ToolConsumerProfile,app/models/lti/tool_consumer_profile.rb,21,114
model,用户、身份与沟通,LtiUserCreator,app/models/lti/lti_user_creator.rb,21,114
model,LTI、外部工具与集成,Lti::Overlay,app/models/lti/overlay.rb,22,185
model,LTI、外部工具与集成,Lti::LineItem,app/models/lti/line_item.rb,21,145
model,LTI、外部工具与集成,Link,app/models/lti/link.rb,22,48
model,LTI、外部工具与集成,Lti::Registration,app/models/lti/registration.rb,20,363
model,LTI、外部工具与集成,Lti::NoticeHandler,app/models/lti/notice_handler.rb,20,54
model,LTI、外部工具与集成,Lti::AssetProcessorEulaAcceptance,app/models/lti/asset_processor_eula_acceptance.rb,20,32
model,用户、身份与沟通,MessageHandler,app/models/lti/message_handler.rb,22,115
model,LTI、外部工具与集成,Lti::ImportHistory,app/models/lti/import_history.rb,26,91
model,课程、班级与选课,that,app/models/lti/migratable.rb,20,87
model,LTI、外部工具与集成,RegistrationRequestService,app/models/lti/registration_request_service.rb,23,56
model,用户、身份与沟通,InvalidMessageTypeForPlacementError,app/models/lti/resource_placement.rb,26,185
model,LTI、外部工具与集成,ProductFamily,app/models/lti/product_family.rb,22,30
model,LTI、外部工具与集成,ToolConfiguration,app/models/lti/tool_configuration.rb,21,187
model,LTI、外部工具与集成,CaliperService,app/models/lti/caliper_service.rb,21,30
model,讨论、公告与协作,DiscussionTopic,app/models/discussion_topic/prompt_presenter.rb,20,189
model,用户、身份与沟通,DiscussionTopic::ScopedToUser,app/models/discussion_topic/scoped_to_user.rb,20,44
model,课程、班级与选课,DiscussionTopic::ScopedToSections,app/models/discussion_topic/scoped_to_sections.rb,20,57
model,讨论、公告与协作,DiscussionTopic::MaterializedView,app/models/discussion_topic/materialized_view.rb,23,212
model,SIS、导入导出与报表,PersistedQuery,app/models/graphql/persisted_query.rb,22,53
model,用户、身份与沟通,CreationNotifyPolicy,app/models/users/creation_notify_policy.rb,21,69
model,课程、班级与选课,MasterCourses::FolderHelper,app/models/master_courses/folder_helper.rb,20,104
model,课程、班级与选课,MasterCourses::MasterMigration,app/models/master_courses/master_migration.rb,20,364
model,课程、班级与选课,MasterCourses::ChildSubscription,app/models/master_courses/child_subscription.rb,20,146
model,课程、班级与选课,MasterCourses::MasterTemplate,app/models/master_courses/master_template.rb,20,401
model,课程、班级与选课,MasterCourses::TagValidator,app/models/master_courses/tag_validator.rb,20,32
model,课程、班级与选课,MasterCourses::MigrationResult,app/models/master_courses/migration_result.rb,21,38
model,课程、班级与选课,MasterCourses::ChildContentTag,app/models/master_courses/child_content_tag.rb,20,64
model,课程、班级与选课,MasterCourses::MasterContentTag,app/models/master_courses/master_content_tag.rb,20,133
model,账户与租户管理,AuthenticationProvider::Apple,app/models/authentication_provider/apple.rb,22,126
model,账户与租户管理,AuthenticationProvider::Clever,app/models/authentication_provider/clever.rb,21,145
model,账户与租户管理,AuthenticationProvider::LinkedIn,app/models/authentication_provider/linked_in.rb,21,117
model,账户与租户管理,AuthenticationProvider::Canvas,app/models/authentication_provider/canvas.rb,21,84
model,账户与租户管理,AuthenticationProvider::OAuth,app/models/authentication_provider/oauth.rb,23,55
model,账户与租户管理,AuthenticationProvider::GitHub,app/models/authentication_provider/git_hub.rb,21,98
model,账户与租户管理,AuthenticationProvider::Delegated,app/models/authentication_provider/delegated.rb,21,46
model,账户与租户管理,AuthenticationProvider::CAS,app/models/authentication_provider/cas.rb,23,75
model,账户与租户管理,AuthenticationProvider::SamlIdpDiscovery,app/models/authentication_provider/saml_idp_discovery.rb,21,41
model,账户与租户管理,AuthenticationProvider::Facebook,app/models/authentication_provider/facebook.rb,21,112
model,账户与租户管理,AuthenticationProvider::Google,app/models/authentication_provider/google.rb,21,137
model,账户与租户管理,AuthenticationProvider,app/models/authentication_provider/open_id_connect.rb,21,462
model,账户与租户管理,AuthenticationProvider::ProviderRefresher,app/models/authentication_provider/provider_refresher.rb,21,70
model,账户与租户管理,OAuthValidationError,app/models/authentication_provider/oauth2.rb,23,97
model,账户与租户管理,AuthenticationProvider::SAML,app/models/authentication_provider/saml.rb,23,619
model,账户与租户管理,AuthenticationProvider::LDAP,app/models/authentication_provider/ldap.rb,21,351
model,账户与租户管理,AuthenticationProvider::Microsoft,app/models/authentication_provider/microsoft.rb,21,219
model,账户与租户管理,Csp::Domain,app/models/csp/domain.rb,20,88
model,账户与租户管理,PageView,app/models/page_view/account_filter.rb,21,44
model,内容、文件与模块,PageView,app/models/page_view/pv4_client.rb,21,168
model,SIS、导入导出与报表,PageView,app/models/page_view/csv_report.rb,21,64
model,内容、文件与模块,WikiPages::ScopedToUser,app/models/wiki_pages/scoped_to_user.rb,21,34
model,用户、身份与沟通,CommunicationChannel,app/models/communication_channel/bulk_actions.rb,21,152
model,分析、审计与运维,ReplyFrom,app/models/incoming_mail/errors.rb,22,40
model,其他,IncomingMail::ReplyToAddress,app/models/incoming_mail/reply_to_address.rb,22,85
model,用户、身份与沟通,MessageHandler,app/models/incoming_mail/message_handler.rb,22,201
model,账户与租户管理,AccountSettingsValidator,app/models/validators/account_settings_validator.rb,22,103
model,内容、文件与模块,Finder,app/models/context_module_progressions/finder.rb,22,48
model,账户与租户管理,Account::BulkUpdate,app/models/account/bulk_update.rb,20,75
model,账户与租户管理,Account::SettingsWrapper,app/models/account/settings_wrapper.rb,20,44
model,账户与租户管理,Account::HelpLinks,app/models/account/help_links.rb,20,167
model,课程、班级与选课,CourseEpubExportsPresenter,app/models/epub_exports/course_epub_exports_presenter.rb,21,70
model,SIS、导入导出与报表,CreateService,app/models/epub_exports/create_service.rb,21,60
model,作业、提交与评分,AssignmentParticipants,app/models/broadcast_policies/assignment_participants.rb,21,44
model,作业、提交与评分,QuizSubmissionPolicy,app/models/broadcast_policies/quiz_submission_policy.rb,21,90
model,作业、提交与评分,AssignmentPolicy,app/models/broadcast_policies/assignment_policy.rb,21,95
model,内容、文件与模块,WikiPagePolicy,app/models/broadcast_policies/wiki_page_policy.rb,21,48
model,作业、提交与评分,SubmissionPolicy,app/models/broadcast_policies/submission_policy.rb,21,174
model,内容、文件与模块,Attachments::GarbageCollector,app/models/attachments/garbage_collector.rb,20,225
model,用户、身份与沟通,ScopedToUser,app/models/attachments/scoped_to_user.rb,22,49
model,内容、文件与模块,Attachments::Storage,app/models/attachments/storage.rb,20,56
model,内容、文件与模块,Attachments::S3Storage,app/models/attachments/s3_storage.rb,20,129
model,内容、文件与模块,Attachments::LocalStorage,app/models/attachments/local_storage.rb,20,81
model,内容、文件与模块,Attachments::Verification,app/models/attachments/verification.rb,20,194
model,搜索、AI 与无障碍,generates,app/models/accessibility/issue.rb,21,145
model,搜索、AI 与无障碍,ContentLoader,app/models/accessibility/content_loader.rb,21,104
model,搜索、AI 与无障碍,Rule,app/models/accessibility/rule.rb,21,130
model,搜索、AI 与无障碍,Accessibility::AiGenerationService,app/models/accessibility/ai_generation_service.rb,20,182
model,搜索、AI 与无障碍,FormField,app/models/accessibility/form_field.rb,21,50
model,内容、文件与模块,SyllabusResource,app/models/accessibility/syllabus_resource.rb,24,72
model,作业、提交与评分,Rubric,app/models/rubric/trackable.rb,21,45
model,测验与题库,Quizzes::QuizSubmissionEventPartitioner,app/models/quizzes/quiz_submission_event_partitioner.rb,20,65
model,测验与题库,Quizzes::QuizSubmissionZipper,app/models/quizzes/quiz_submission_zipper.rb,20,101
model,作业、提交与评分,SubmissionGrader,app/models/quizzes/submission_grader.rb,20,179
model,测验与题库,QuizUserFinder,app/models/quizzes/quiz_user_finder.rb,21,65
model,用户、身份与沟通,QuizUserMessager,app/models/quizzes/quiz_user_messager.rb,22,83
model,测验与题库,Quizzes::QuizSubmissionEvent,app/models/quizzes/quiz_submission_event.rb,21,57
model,测验与题库,QuizOutcomeResultBuilder,app/models/quizzes/quiz_outcome_result_builder.rb,21,156
model,测验与题库,Quizzes::QuizParticipant,app/models/quizzes/quiz_participant.rb,20,64
model,测验与题库,Quizzes::QuizSubmissionSnapshot,app/models/quizzes/quiz_submission_snapshot.rb,21,24
model,测验与题库,Quizzes::QuizQuestionBuilder,app/models/quizzes/quiz_question_builder.rb,20,256
model,测验与题库,ScopedToUser,app/models/quizzes/scoped_to_user.rb,21,29
model,测验与题库,Quizzes::QuizGroup,app/models/quizzes/quiz_group.rb,21,101
model,测验与题库,Quizzes::QuizSubmissionService,app/models/quizzes/quiz_submission_service.rb,20,358
model,测验与题库,Quizzes::QuizSubmission,app/models/quizzes/quiz_submission.rb,23,1030
model,测验与题库,Quizzes::QuizRegradeRun,app/models/quizzes/quiz_regrade_run.rb,20,53
model,测验与题库,Quizzes::QuizQuestion,app/models/quizzes/quiz_question.rb,32,316
model,测验与题库,Quizzes::QuizEligibility,app/models/quizzes/quiz_eligibility.rb,26,134
model,测验与题库,Quizzes::QuizSubmissionAttempt,app/models/quizzes/quiz_submission_attempt.rb,20,27
model,测验与题库,SubmissionManager,app/models/quizzes/submission_manager.rb,21,58
model,测验与题库,Quizzes::QuizRegrade,app/models/quizzes/quiz_regrade.rb,20,34
model,测验与题库,Quizzes::QuizStatisticsService,app/models/quizzes/quiz_statistics_service.rb,20,42
model,测验与题库,Quizzes::QuizExtension,app/models/quizzes/quiz_extension.rb,20,93
model,测验与题库,OutstandingQuizSubmissionManager,app/models/quizzes/outstanding_quiz_submission_manager.rb,30,60
model,测验与题库,Quizzes::QuizSubmissionHistory,app/models/quizzes/quiz_submission_history.rb,25,111
model,测验与题库,Quizzes::QuizQuestionRegrade,app/models/quizzes/quiz_question_regrade.rb,20,30
model,测验与题库,Quizzes::QuizSortables,app/models/quizzes/quiz_sortables.rb,21,75
model,测验与题库,Quizzes::QuizStatistics,app/models/quizzes/quiz_statistics.rb,21,164
model,测验与题库,Quizzes::Quiz,app/models/quizzes/quiz.rb,21,1595
model,学习成果与能力,MigrationExtractor,app/models/outcomes_service/migration_extractor.rb,21,72
model,学习成果与能力,MigrationService,app/models/outcomes_service/migration_service.rb,21,190
model,学习成果与能力,Service,app/models/outcomes_service/service.rb,22,125
model,讨论、公告与协作,ParamsPolicy,app/models/group_categories/params_policy.rb,21,48
model,测验与题库,QuestionAnsweredEventOptimizer,app/models/quizzes/log_auditing/question_answered_event_optimizer.rb,21,67
model,测验与题库,SnapshotEventParser,app/models/quizzes/log_auditing/snapshot_scraper.rb,21,89
model,测验与题库,QuestionAnsweredEventExtractor,app/models/quizzes/log_auditing/question_answered_event_extractor.rb,21,109
model,测验与题库,EventAggregator,app/models/quizzes/log_auditing/event_aggregator.rb,22,120
model,测验与题库,Quizzes::QuizSubmission::QuestionReferenceDataFixer,app/models/quizzes/quiz_submission/question_reference_data_fixer.rb,21,206
model,测验与题库,Quizzes::QuizStatistics::Report,app/models/quizzes/quiz_statistics/report.rb,20,44
model,测验与题库,Quizzes::QuizStatistics::StudentAnalysis,app/models/quizzes/quiz_statistics/student_analysis.rb,21,428
model,测验与题库,Quizzes::QuizStatistics::ItemAnalysis,app/models/quizzes/quiz_statistics/item_analysis.rb,21,136
model,测验与题库,Quizzes::QuizRegrader::AttemptVersion,app/models/quizzes/quiz_regrader/attempt_version.rb,21,36
model,测验与题库,Regrader,app/models/quizzes/quiz_regrader/regrader.rb,22,73
model,作业、提交与评分,Quizzes::QuizRegrader::Submission,app/models/quizzes/quiz_regrader/submission.rb,21,108
model,测验与题库,Quizzes::QuizRegrader::Answer,app/models/quizzes/quiz_regrader/answer.rb,21,122
model,测验与题库,Quizzes::QuizQuestion::Base,app/models/quizzes/quiz_question/base.rb,21,170
model,测验与题库,Quizzes::QuizQuestion::MatchingQuestion,app/models/quizzes/quiz_question/matching_question.rb,21,87
model,测验与题库,Quizzes::QuizQuestion::RawFields,app/models/quizzes/quiz_question/raw_fields.rb,23,63
model,测验与题库,Quizzes::QuizQuestion::FileUploadAnswer,app/models/quizzes/quiz_question/file_upload_answer.rb,21,33
model,测验与题库,Quizzes::QuizQuestion::MatchGroup,app/models/quizzes/quiz_question/match_group.rb,21,85
model,测验与题库,Quizzes::QuizQuestion::CalculatedQuestion,app/models/quizzes/quiz_question/calculated_question.rb,21,75
model,测验与题库,Quizzes::QuizQuestion::AnswerGroup,app/models/quizzes/quiz_question/answer_group.rb,21,117
model,测验与题库,Quizzes::QuizQuestion::NumericalQuestion,app/models/quizzes/quiz_question/numerical_question.rb,21,119
model,测验与题库,Quizzes::QuizQuestion::MultipleAnswersQuestion,app/models/quizzes/quiz_question/multiple_answers_question.rb,21,75
model,测验与题库,Quizzes::QuizQuestion::UnknownQuestion,app/models/quizzes/quiz_question/unknown_question.rb,21,22
model,测验与题库,Quizzes::QuizQuestion::EssayQuestion,app/models/quizzes/quiz_question/essay_question.rb,23,47
model,测验与题库,Quizzes::QuizQuestion::MultipleChoiceQuestion,app/models/quizzes/quiz_question/multiple_choice_question.rb,21,40
model,测验与题库,Quizzes::QuizQuestion::TextOnlyQuestion,app/models/quizzes/quiz_question/text_only_question.rb,21,25
model,测验与题库,Error,app/models/quizzes/quiz_question/answer_serializers.rb,21,53
model,测验与题库,Quizzes::QuizQuestion::FileUploadQuestion,app/models/quizzes/quiz_question/file_upload_question.rb,21,47
model,测验与题库,Quizzes::QuizQuestion::ShortAnswerQuestion,app/models/quizzes/quiz_question/short_answer_question.rb,21,48
model,测验与题库,Quizzes::QuizQuestion::MultipleDropdownsQuestion,app/models/quizzes/quiz_question/multiple_dropdowns_question.rb,21,49
model,测验与题库,Quizzes::QuizQuestion::QuestionData,app/models/quizzes/quiz_question/question_data.rb,21,143
model,测验与题库,Quizzes::QuizQuestion::FillInMultipleBlanksQuestion,app/models/quizzes/quiz_question/fill_in_multiple_blanks_question.rb,21,139
model,测验与题库,Quizzes::QuizQuestionBuilder,app/models/quizzes/quiz_question_builder/group_pool.rb,20,59
model,测验与题库,Quizzes::QuizQuestionBuilder,app/models/quizzes/quiz_question_builder/bank_pool.rb,20,47
model,测验与题库,Unknown,app/models/quizzes/quiz_question/answer_serializers/unknown.rb,21,26
model,测验与题库,AnswerSerializer,app/models/quizzes/quiz_question/answer_serializers/answer_serializer.rb,21,119
model,测验与题库,ShortAnswer,app/models/quizzes/quiz_question/answer_serializers/short_answer.rb,21,54
model,测验与题库,FileUpload,app/models/quizzes/quiz_question/answer_serializers/file_upload.rb,21,48
model,测验与题库,MultipleAnswers,app/models/quizzes/quiz_question/answer_serializers/multiple_answers.rb,21,103
model,测验与题库,Essay,app/models/quizzes/quiz_question/answer_serializers/essay.rb,21,54
model,测验与题库,Matching,app/models/quizzes/quiz_question/answer_serializers/matching.rb,21,131
model,测验与题库,MultipleDropdowns,app/models/quizzes/quiz_question/answer_serializers/multiple_dropdowns.rb,21,43
model,测验与题库,Numerical,app/models/quizzes/quiz_question/answer_serializers/numerical.rb,21,56
model,测验与题库,FillInMultipleBlanks,app/models/quizzes/quiz_question/answer_serializers/fill_in_multiple_blanks.rb,53,157
model,测验与题库,Quizzes::QuizQuestion::AnswerSerializers::SerializedAnswer,app/models/quizzes/quiz_question/answer_serializers/serialized_answer.rb,21,67
model,测验与题库,TextOnly,app/models/quizzes/quiz_question/answer_serializers/text_only.rb,21,26
model,测验与题库,TrueFalse,app/models/quizzes/quiz_question/answer_serializers/true_false.rb,21,23
model,测验与题库,Calculated,app/models/quizzes/quiz_question/answer_serializers/calculated.rb,21,23
model,测验与题库,MultipleChoice,app/models/quizzes/quiz_question/answer_serializers/multiple_choice.rb,21,60
model,测验与题库,ShortAnswer,app/models/quizzes/quiz_question/answer_parsers/short_answer.rb,22,43
model,测验与题库,MultipleAnswers,app/models/quizzes/quiz_question/answer_parsers/multiple_answers.rb,22,47
model,测验与题库,Essay,app/models/quizzes/quiz_question/answer_parsers/essay.rb,22,35
model,测验与题库,MissingWord,app/models/quizzes/quiz_question/answer_parsers/missing_word.rb,22,50
model,测验与题库,Matching,app/models/quizzes/quiz_question/answer_parsers/matching.rb,22,69
model,测验与题库,MultipleDropdowns,app/models/quizzes/quiz_question/answer_parsers/multiple_dropdowns.rb,22,61
model,测验与题库,Numerical,app/models/quizzes/quiz_question/answer_parsers/numerical.rb,22,58
model,测验与题库,FillInMultipleBlanks,app/models/quizzes/quiz_question/answer_parsers/fill_in_multiple_blanks.rb,22,44
model,测验与题库,TextOnly,app/models/quizzes/quiz_question/answer_parsers/text_only.rb,22,28
model,测验与题库,TrueFalse,app/models/quizzes/quiz_question/answer_parsers/true_false.rb,22,46
model,测验与题库,Calculated,app/models/quizzes/quiz_question/answer_parsers/calculated.rb,22,101
model,测验与题库,MultipleChoice,app/models/quizzes/quiz_question/answer_parsers/multiple_choice.rb,22,45
model,测验与题库,AnswerParser,app/models/quizzes/quiz_question/answer_parsers/answer_parser.rb,22,32
model,测验与题库,Quizzes::QuizStatistics::ItemAnalysis::Item,app/models/quizzes/quiz_statistics/item_analysis/item.rb,21,163
model,测验与题库,Quizzes::QuizStatistics::ItemAnalysis::Summary,app/models/quizzes/quiz_statistics/item_analysis/summary.rb,21,125
model,搜索、AI 与无障碍,TextInputField,app/models/accessibility/forms/text_input_field.rb,22,61
model,搜索、AI 与无障碍,ColorPickerField,app/models/accessibility/forms/color_picker_field.rb,22,58
model,搜索、AI 与无障碍,CheckboxField,app/models/accessibility/forms/checkbox_field.rb,22,44
model,讨论、公告与协作,RadioInputGroupField,app/models/accessibility/forms/radio_input_group_field.rb,22,56
model,搜索、AI 与无障碍,Button,app/models/accessibility/forms/button.rb,22,41
model,搜索、AI 与无障碍,TextInputWithCheckboxField,app/models/accessibility/forms/text_input_with_checkbox_field.rb,22,76
model,讨论、公告与协作,Issue,app/models/accessibility/issue/announcement_issues.rb,20,43
model,讨论、公告与协作,Issue,app/models/accessibility/issue/discussion_topic_issues.rb,20,43
model,内容、文件与模块,Issue,app/models/accessibility/issue/wiki_page_issues.rb,21,44
model,搜索、AI 与无障碍,Issue,app/models/accessibility/issue/html_fixer.rb,21,158
model,作业、提交与评分,Issue,app/models/accessibility/issue/assignment_issues.rb,21,45
model,内容、文件与模块,Issue,app/models/accessibility/issue/attachment_issues.rb,21,50
model,内容、文件与模块,Issue,app/models/accessibility/issue/syllabus_issues.rb,21,55
model,搜索、AI 与无障碍,Issue,app/models/accessibility/issue/content_checker.rb,21,72
model,搜索、AI 与无障碍,ListStructureRule,app/models/accessibility/rules/list_structure_rule.rb,22,229
model,搜索、AI 与无障碍,ImgAltRule,app/models/accessibility/rules/img_alt_rule.rb,22,76
model,搜索、AI 与无障碍,ParagraphsForHeadingsRule,app/models/accessibility/rules/paragraphs_for_headings_rule.rb,22,75
model,搜索、AI 与无障碍,AdjacentLinksRule,app/models/accessibility/rules/adjacent_links_rule.rb,22,167
model,搜索、AI 与无障碍,ImgAltRuleHelper,app/models/accessibility/rules/img_alt_rule_helper.rb,22,77
model,搜索、AI 与无障碍,LargeTextContrastRule,app/models/accessibility/rules/large_text_contrast_rule.rb,22,152
model,课程、班级与选课,TableHeaderScopeRule,app/models/accessibility/rules/table_header_scope_rule.rb,22,117
model,课程、班级与选课,TableHeaderRule,app/models/accessibility/rules/table_header_rule.rb,22,91
model,搜索、AI 与无障碍,ImgAltLengthRule,app/models/accessibility/rules/img_alt_length_rule.rb,22,77
model,搜索、AI 与无障碍,HeadingsStartAtH2Rule,app/models/accessibility/rules/headings_start_at_h2_rule.rb,22,82
model,搜索、AI 与无障碍,SmallTextContrastRule,app/models/accessibility/rules/small_text_contrast_rule.rb,22,153
model,课程、班级与选课,TableCaptionRule,app/models/accessibility/rules/table_caption_rule.rb,22,72
model,内容、文件与模块,ImgAltFilenameRule,app/models/accessibility/rules/img_alt_filename_rule.rb,22,81
model,搜索、AI 与无障碍,HasLangEntryRule,app/models/accessibility/rules/has_lang_entry_rule.rb,22,52
model,课程、班级与选课,TableCaptionRuleHelper,app/models/accessibility/rules/table_caption_rule_helper.rb,22,139
model,搜索、AI 与无障碍,HeadingsSequenceRule,app/models/accessibility/rules/headings_sequence_rule.rb,22,164
model,搜索、AI 与无障碍,Issue,app/models/accessibility/issue/content_checker/pdf_checker.rb,21,47
model,搜索、AI 与无障碍,Issue,app/models/accessibility/issue/content_checker/html_checker.rb,21,78
model,账户与租户管理,AuthenticationProvider::OpenIDConnect::DiscoveryRefresher,app/models/authentication_provider/open_id_connect/discovery_refresher.rb,21,33
model,账户与租户管理,AuthenticationProvider::OpenIDConnect::JwksRefresher,app/models/authentication_provider/open_id_connect/jwks_refresher.rb,22,41
model,账户与租户管理,AuthenticationProvider::SAML::Federation,app/models/authentication_provider/saml/federation.rb,23,105
model,账户与租户管理,AuthenticationProvider::SAML::InCommon,app/models/authentication_provider/saml/in_common.rb,23,38
model,账户与租户管理,AuthenticationProvider::SAML::MetadataRefresher,app/models/authentication_provider/saml/metadata_refresher.rb,23,46
model,账户与租户管理,AuthenticationProvider::SAML::UKFederation,app/models/authentication_provider/saml/uk_federation.rb,23,37
model,内容、文件与模块,Migrator,app/models/lti/content_migration_service/migrator.rb,22,54
model,内容、文件与模块,Exporter,app/models/lti/content_migration_service/exporter.rb,32,136
model,内容、文件与模块,Importer,app/models/lti/content_migration_service/importer.rb,31,116
model,LTI、外部工具与集成,NoticeTypes,app/models/lti/pns/notice_types.rb,22,31
model,LTI、外部工具与集成,LtiAssetProcessorContributionNoticeBuilder,app/models/lti/pns/lti_asset_processor_contribution_notice_builder.rb,22,173
model,LTI、外部工具与集成,for,app/models/lti/pns/notice_builder.rb,22,122
model,LTI、外部工具与集成,LtiContextCopyNoticeBuilder,app/models/lti/pns/lti_context_copy_notice_builder.rb,22,78
model,LTI、外部工具与集成,LtiHelloWorldNoticeBuilder,app/models/lti/pns/lti_hello_world_notice_builder.rb,22,64
model,LTI、外部工具与集成,is,app/models/lti/pns/lti_asset_processor_submission_notice_builder.rb,22,125
model,LTI、外部工具与集成,Lti::IMS::Registration,app/models/lti/ims/registration.rb,20,473
model,用户、身份与沟通,SummaryPresenter,app/models/messages/submission_comment_for_teacher/summary_presenter.rb,22,69
model,用户、身份与沟通,SMSPresenter,app/models/messages/submission_comment_for_teacher/sms_presenter.rb,22,59
model,用户、身份与沟通,AnnotationPresenter,app/models/messages/submission_comment_for_teacher/annotation_presenter.rb,22,64
model,用户、身份与沟通,EmailPresenter,app/models/messages/submission_comment_for_teacher/email_presenter.rb,22,75
model,用户、身份与沟通,Presenter,app/models/messages/submission_comment_for_teacher/presenter.rb,22,83
model,用户、身份与沟通,SummaryPresenter,app/models/messages/assignment_resubmitted/summary_presenter.rb,22,47
model,用户、身份与沟通,SMSPresenter,app/models/messages/assignment_resubmitted/sms_presenter.rb,22,45
model,用户、身份与沟通,EmailPresenter,app/models/messages/assignment_resubmitted/email_presenter.rb,22,55
model,用户、身份与沟通,Presenter,app/models/messages/assignment_resubmitted/presenter.rb,22,59
model,用户、身份与沟通,SummaryPresenter,app/models/messages/assignment_submitted_late/summary_presenter.rb,22,47
model,用户、身份与沟通,SMSPresenter,app/models/messages/assignment_submitted_late/sms_presenter.rb,22,45
model,用户、身份与沟通,EmailPresenter,app/models/messages/assignment_submitted_late/email_presenter.rb,22,55
model,用户、身份与沟通,Presenter,app/models/messages/assignment_submitted_late/presenter.rb,22,59
model,用户、身份与沟通,SummaryPresenter,app/models/messages/assignment_submitted/summary_presenter.rb,22,47
model,用户、身份与沟通,SMSPresenter,app/models/messages/assignment_submitted/sms_presenter.rb,22,45
model,用户、身份与沟通,EmailPresenter,app/models/messages/assignment_submitted/email_presenter.rb,22,55
model,用户、身份与沟通,Presenter,app/models/messages/assignment_submitted/presenter.rb,22,59
model,测验与题库,CourseContentImporter,app/models/quizzes_next/importers/course_content_importer.rb,21,126
model,账户与租户管理,PseudonymRecord,app/models/auditors/active_record/pseudonym_record.rb,21,53
model,分析、审计与运维,AuthenticationRecord,app/models/auditors/active_record/authentication_record.rb,21,50
model,作业、提交与评分,GradeChangeRecord,app/models/auditors/active_record/grade_change_record.rb,21,88
model,分析、审计与运维,FeatureFlagRecord,app/models/auditors/active_record/feature_flag_record.rb,21,53
model,账户与租户管理,AccountUserRecord,app/models/auditors/active_record/account_user_record.rb,21,51
model,分析、审计与运维,Partitioner,app/models/auditors/active_record/partitioner.rb,21,84
model,课程、班级与选课,CourseRecord,app/models/auditors/active_record/course_record.rb,21,54
association,账户与租户管理,OAuthClientConfig.belongs_to,root_account,app/models/oauth_client_config.rb,36,
association,账户与租户管理,OAuthClientConfig.belongs_to,updated_by,app/models/oauth_client_config.rb,37,
association,讨论、公告与协作,DiscussionTopicSummary.belongs_to,root_account,app/models/discussion_topic_summary.rb,20,
association,讨论、公告与协作,DiscussionTopicSummary.belongs_to,user,app/models/discussion_topic_summary.rb,21,
association,讨论、公告与协作,DiscussionTopicSummary.belongs_to,discussion_topic,app/models/discussion_topic_summary.rb,22,
association,讨论、公告与协作,DiscussionTopicSummary.belongs_to,parent,app/models/discussion_topic_summary.rb,23,
association,讨论、公告与协作,DiscussionTopicSummary.has_many,feedback,app/models/discussion_topic_summary.rb,25,
association,讨论、公告与协作,Announcement.belongs_to,context,app/models/announcement.rb,22,
association,课程、班级与选课,CourseSection.belongs_to,course,app/models/course_section.rb,26,
association,课程、班级与选课,CourseSection.belongs_to,nonxlist_course,app/models/course_section.rb,27,
association,课程、班级与选课,CourseSection.belongs_to,root_account,app/models/course_section.rb,28,
association,课程、班级与选课,CourseSection.belongs_to,enrollment_term,app/models/course_section.rb,29,
association,课程、班级与选课,CourseSection.has_many,enrollments,app/models/course_section.rb,30,
association,课程、班级与选课,CourseSection.has_many,all_enrollments,app/models/course_section.rb,31,
association,课程、班级与选课,CourseSection.has_many,student_enrollments,app/models/course_section.rb,32,
association,课程、班级与选课,CourseSection.has_many,students,app/models/course_section.rb,33,
association,课程、班级与选课,CourseSection.has_many,all_student_enrollments,app/models/course_section.rb,34,
association,课程、班级与选课,CourseSection.has_many,all_students,app/models/course_section.rb,35,
association,课程、班级与选课,CourseSection.has_many,instructor_enrollments,app/models/course_section.rb,36,
association,课程、班级与选课,CourseSection.has_many,admin_enrollments,app/models/course_section.rb,37,
association,课程、班级与选课,CourseSection.has_many,users,app/models/course_section.rb,38,
association,课程、班级与选课,CourseSection.has_many,course_account_associations,app/models/course_section.rb,39,
association,课程、班级与选课,CourseSection.has_many,calendar_events,app/models/course_section.rb,40,
association,课程、班级与选课,CourseSection.has_many,assignment_overrides,app/models/course_section.rb,41,
association,课程、班级与选课,CourseSection.has_many,discussion_topic_section_visibilities,app/models/course_section.rb,42,
association,课程、班级与选课,CourseSection.has_many,discussion_topics,app/models/course_section.rb,47,
association,课程、班级与选课,CourseSection.has_many,course_paces,app/models/course_section.rb,48,
association,课程、班级与选课,CourseSection.has_many,sis_post_grades_statuses,app/models/course_section.rb,56,
association,用户、身份与沟通,ConversationMessageParticipant.belongs_to,conversation_message,app/models/conversation_message_participant.rb,26,
association,用户、身份与沟通,ConversationMessageParticipant.belongs_to,user,app/models/conversation_message_participant.rb,27,
association,用户、身份与沟通,ConversationMessageParticipant.belongs_to,conversation_participant,app/models/conversation_message_participant.rb,29,
association,账户与租户管理,AccountNotification.belongs_to,account,app/models/account_notification.rb,27,
association,账户与租户管理,AccountNotification.belongs_to,user,app/models/account_notification.rb,28,
association,账户与租户管理,AccountNotification.has_many,account_notification_roles,app/models/account_notification.rb,29,
association,账户与租户管理,AccountNotification.has_many,attachment_associations,app/models/account_notification.rb,30,
association,作业、提交与评分,AssignmentGroup.belongs_to,context,app/models/assignment_group.rb,39,
association,作业、提交与评分,AssignmentGroup.has_many,scores,app/models/assignment_group.rb,44,
association,作业、提交与评分,AssignmentGroup.has_many,assignments,app/models/assignment_group.rb,45,
association,作业、提交与评分,AssignmentGroup.has_many,active_assignments,app/models/assignment_group.rb,47,
association,作业、提交与评分,AssignmentGroup.has_many,published_assignments,app/models/assignment_group.rb,54,
association,SIS、导入导出与报表,ErrorReport.belongs_to,user,app/models/error_report.rb,22,
association,SIS、导入导出与报表,ErrorReport.belongs_to,account,app/models/error_report.rb,23,
association,其他,BlockEditor.belongs_to,context,app/models/block_editor.rb,22,
association,学习成果与能力,LearningOutcomeResult.belongs_to,user,app/models/learning_outcome_result.rb,25,
association,学习成果与能力,LearningOutcomeResult.belongs_to,learning_outcome,app/models/learning_outcome_result.rb,26,
association,学习成果与能力,LearningOutcomeResult.belongs_to,alignment,app/models/learning_outcome_result.rb,27,
association,学习成果与能力,LearningOutcomeResult.belongs_to,association_object,app/models/learning_outcome_result.rb,28,
association,学习成果与能力,LearningOutcomeResult.belongs_to,artifact,app/models/learning_outcome_result.rb,36,
association,学习成果与能力,LearningOutcomeResult.belongs_to,associated_asset,app/models/learning_outcome_result.rb,42,
association,学习成果与能力,LearningOutcomeResult.belongs_to,context,app/models/learning_outcome_result.rb,48,
association,学习成果与能力,LearningOutcomeResult.belongs_to,root_account,app/models/learning_outcome_result.rb,49,
association,学习成果与能力,LearningOutcomeResult.has_many,learning_outcome_question_results,app/models/learning_outcome_result.rb,50,
association,内容、文件与模块,Wiki.has_many,wiki_pages,app/models/wiki.rb,22,
association,内容、文件与模块,Wiki.has_one,course,app/models/wiki.rb,23,
association,内容、文件与模块,Wiki.has_one,group,app/models/wiki.rb,24,
association,内容、文件与模块,Wiki.belongs_to,root_account,app/models/wiki.rb,25,
association,其他,Collaborator.belongs_to,collaboration,app/models/collaborator.rb,22,
association,其他,Collaborator.belongs_to,group,app/models/collaborator.rb,23,
association,其他,Collaborator.belongs_to,user,app/models/collaborator.rb,24,
association,其他,ContentParticipation.belongs_to,content,app/models/content_participation.rb,27,
association,其他,ContentParticipation.belongs_to,user,app/models/content_participation.rb,28,
association,用户、身份与沟通,UserPastLtiId.belongs_to,user,app/models/user_past_lti_id.rb,46,
association,用户、身份与沟通,UserPastLtiId.belongs_to,context,app/models/user_past_lti_id.rb,47,
association,其他,MediaObject.belongs_to,user,app/models/media_object.rb,42,
association,其他,MediaObject.belongs_to,context,app/models/media_object.rb,43,
association,其他,MediaObject.belongs_to,attachment,app/models/media_object.rb,53,
association,其他,MediaObject.belongs_to,root_account,app/models/media_object.rb,54,
association,其他,MediaObject.has_many,media_tracks,app/models/media_object.rb,59,
association,其他,MediaObject.has_many,attachments_by_media_id,app/models/media_object.rb,60,
association,内容、文件与模块,ContextModule.belongs_to,context,app/models/context_module.rb,33,
association,内容、文件与模块,ContextModule.belongs_to,root_account,app/models/context_module.rb,34,
association,内容、文件与模块,ContextModule.has_many,context_module_progressions,app/models/context_module.rb,35,
association,内容、文件与模块,ContextModule.has_many,content_tags,app/models/context_module.rb,36,
association,内容、文件与模块,ContextModule.has_many,assignment_overrides,app/models/context_module.rb,37,
association,内容、文件与模块,ContextModule.has_many,assignment_override_students,app/models/context_module.rb,38,
association,内容、文件与模块,ContextModule.has_one,master_content_tag,app/models/context_module.rb,39,
association,作业、提交与评分,RubricAssessmentImport.belongs_to,course,app/models/rubric_assessment_import.rb,25,
association,作业、提交与评分,RubricAssessmentImport.belongs_to,assignment,app/models/rubric_assessment_import.rb,26,
association,作业、提交与评分,RubricAssessmentImport.belongs_to,attachment,app/models/rubric_assessment_import.rb,27,
association,作业、提交与评分,RubricAssessmentImport.belongs_to,root_account,app/models/rubric_assessment_import.rb,28,
association,作业、提交与评分,RubricAssessmentImport.belongs_to,user,app/models/rubric_assessment_import.rb,29,
association,讨论、公告与协作,DiscussionTopicInsight.belongs_to,root_account,app/models/discussion_topic_insight.rb,22,
association,讨论、公告与协作,DiscussionTopicInsight.belongs_to,user,app/models/discussion_topic_insight.rb,23,
association,讨论、公告与协作,DiscussionTopicInsight.belongs_to,discussion_topic,app/models/discussion_topic_insight.rb,24,
association,讨论、公告与协作,DiscussionTopicInsight.has_many,entries,app/models/discussion_topic_insight.rb,25,
association,账户与租户管理,Account.belongs_to,root_account,app/models/account.rb,37,
association,账户与租户管理,Account.belongs_to,parent_account,app/models/account.rb,38,
association,账户与租户管理,Account.has_many,courses,app/models/account.rb,40,
association,账户与租户管理,Account.has_many,custom_grade_statuses,app/models/account.rb,41,
association,账户与租户管理,Account.has_many,standard_grade_statuses,app/models/account.rb,42,
association,账户与租户管理,Account.has_many,favorites,app/models/account.rb,43,
association,账户与租户管理,Account.has_many,all_courses,app/models/account.rb,44,
association,账户与租户管理,Account.has_one,terms_of_service,app/models/account.rb,45,
association,账户与租户管理,Account.has_one,terms_of_service_content,app/models/account.rb,46,
association,账户与租户管理,Account.has_many,group_categories,app/models/account.rb,47,
association,账户与租户管理,Account.has_many,all_group_categories,app/models/account.rb,48,
association,账户与租户管理,Account.has_many,groups,app/models/account.rb,49,
association,账户与租户管理,Account.has_many,all_groups,app/models/account.rb,50,
association,账户与租户管理,Account.has_many,all_group_memberships,app/models/account.rb,51,
association,账户与租户管理,Account.has_many,differentiation_tag_categories,app/models/account.rb,52,
association,账户与租户管理,Account.has_many,all_differentiation_tag_categories,app/models/account.rb,53,
association,账户与租户管理,Account.has_many,differentiation_tags,app/models/account.rb,54,
association,账户与租户管理,Account.has_many,all_differentiation_tags,app/models/account.rb,55,
association,账户与租户管理,Account.has_many,all_differentiation_tag_memberships,app/models/account.rb,56,
association,账户与租户管理,Account.has_many,combined_groups_and_differentiation_tags,app/models/account.rb,57,
association,账户与租户管理,Account.has_many,combined_group_and_differentiation_tag_categories,app/models/account.rb,58,
association,账户与租户管理,Account.has_many,active_combined_group_and_differentiation_tag_categories,app/models/account.rb,59,
association,账户与租户管理,Account.has_many,enrollment_terms,app/models/account.rb,60,
association,账户与租户管理,Account.has_many,active_enrollment_terms,app/models/account.rb,61,
association,账户与租户管理,Account.has_many,grading_period_groups,app/models/account.rb,62,
association,账户与租户管理,Account.has_many,grading_periods,app/models/account.rb,63,
association,账户与租户管理,Account.has_many,enrollments,app/models/account.rb,64,
association,账户与租户管理,Account.has_many,all_enrollments,app/models/account.rb,65,
association,账户与租户管理,Account.has_many,temporary_enrollment_pairings,app/models/account.rb,66,
association,账户与租户管理,Account.has_many,sub_accounts,app/models/account.rb,67,
association,账户与租户管理,Account.has_many,all_accounts,app/models/account.rb,68,
association,账户与租户管理,Account.has_many,account_users,app/models/account.rb,69,
association,账户与租户管理,Account.has_many,active_account_users,app/models/account.rb,70,
association,账户与租户管理,Account.has_many,course_sections,app/models/account.rb,71,
association,账户与租户管理,Account.has_many,sis_batches,app/models/account.rb,72,
association,账户与租户管理,Account.has_many,abstract_courses,app/models/account.rb,73,
association,账户与租户管理,Account.has_many,root_abstract_courses,app/models/account.rb,74,
association,账户与租户管理,Account.has_many,user_account_associations,app/models/account.rb,75,
association,账户与租户管理,Account.has_many,all_users,app/models/account.rb,76,
association,账户与租户管理,Account.has_many,users,app/models/account.rb,77,
association,账户与租户管理,Account.has_many,user_past_lti_ids,app/models/account.rb,78,
association,账户与租户管理,Account.has_many,pseudonyms,app/models/account.rb,79,
association,账户与租户管理,Account.has_many,pseudonym_users,app/models/account.rb,80,
association,账户与租户管理,Account.has_many,role_overrides,app/models/account.rb,81,
association,账户与租户管理,Account.has_many,course_account_associations,app/models/account.rb,82,
association,账户与租户管理,Account.has_many,child_courses,app/models/account.rb,83,
association,账户与租户管理,Account.has_many,attachments,app/models/account.rb,84,
association,账户与租户管理,Account.has_many,active_assignments,app/models/account.rb,85,
association,账户与租户管理,Account.has_many,attachment_associations,app/models/account.rb,86,
association,账户与租户管理,Account.has_many,folders,app/models/account.rb,87,
association,账户与租户管理,Account.has_many,active_folders,app/models/account.rb,88,
association,账户与租户管理,Account.has_many,developer_keys,app/models/account.rb,89,
association,账户与租户管理,Account.has_many,developer_key_account_bindings,app/models/account.rb,90,
association,账户与租户管理,Account.has_many,lti_registration_account_bindings,app/models/account.rb,91,
association,账户与租户管理,Account.has_many,lti_overlays,app/models/account.rb,92,
association,账户与租户管理,Account.has_many,lti_overlay_versions,app/models/account.rb,93,
association,账户与租户管理,Account.has_many,lti_registration_history_entries,app/models/account.rb,94,
association,账户与租户管理,Account.has_many,lti_notice_handlers,app/models/account.rb,95,
association,账户与租户管理,Account.has_many,authentication_providers,app/models/account.rb,96,
association,账户与租户管理,Account.has_many,calendar_events,app/models/account.rb,100,
association,账户与租户管理,Account.has_many,account_reports,app/models/account.rb,102,
association,账户与租户管理,Account.has_many,institutional_tag_categories,app/models/account.rb,103,
association,账户与租户管理,Account.has_many,grading_standards,app/models/account.rb,104,
association,账户与租户管理,Account.has_many,assessment_question_banks,app/models/account.rb,105,
association,账户与租户管理,Account.has_many,assessment_questions,app/models/account.rb,106,
association,账户与租户管理,Account.has_many,roles,app/models/account.rb,107,
association,账户与租户管理,Account.has_many,all_roles,app/models/account.rb,108,
association,账户与租户管理,Account.has_many,progresses,app/models/account.rb,109,
association,账户与租户管理,Account.has_many,content_migrations,app/models/account.rb,110,
association,账户与租户管理,Account.has_many,sis_batch_errors,app/models/account.rb,111,
association,账户与租户管理,Account.has_many,canvadocs_annotation_contexts,app/models/account.rb,112,
association,账户与租户管理,Account.has_one,outcome_proficiency,app/models/account.rb,113,
association,账户与租户管理,Account.has_one,outcome_calculation_method,app/models/account.rb,114,
association,账户与租户管理,Account.has_many,rubric_imports,app/models/account.rb,115,
association,账户与租户管理,Account.has_many,rubric_assessment_imports,app/models/account.rb,116,
association,账户与租户管理,Account.has_many,auditor_account_user_records,app/models/account.rb,118,
association,账户与租户管理,Account.has_many,auditor_authentication_records,app/models/account.rb,122,
association,账户与租户管理,Account.has_many,auditor_course_records,app/models/account.rb,126,
association,账户与租户管理,Account.has_many,auditor_grade_change_records,app/models/account.rb,130,
association,账户与租户管理,Account.has_many,auditor_root_grade_change_records,app/models/account.rb,134,
association,账户与租户管理,Account.has_many,auditor_feature_flag_records,app/models/account.rb,139,
association,账户与租户管理,Account.has_many,auditor_pseudonym_records,app/models/account.rb,144,
association,账户与租户管理,Account.has_many,lti_resource_links,app/models/account.rb,148,
association,账户与租户管理,Account.has_many,lti_registrations,app/models/account.rb,153,
association,账户与租户管理,Account.has_many,block_editor_templates,app/models/account.rb,154,
association,账户与租户管理,Account.has_many,oauth_client_configs,app/models/account.rb,155,
association,账户与租户管理,Account.belongs_to,course_template,app/models/account.rb,156,
association,账户与租户管理,Account.belongs_to,grading_standard,app/models/account.rb,157,
association,账户与租户管理,Account.has_many,context_external_tools,app/models/account.rb,174,
association,账户与租户管理,Account.has_many,error_reports,app/models/account.rb,175,
association,账户与租户管理,Account.has_many,announcements,app/models/account.rb,176,
association,账户与租户管理,Account.has_many,alerts,app/models/account.rb,177,
association,账户与租户管理,Account.has_many,report_snapshots,app/models/account.rb,178,
association,账户与租户管理,Account.has_many,external_integration_keys,app/models/account.rb,179,
association,账户与租户管理,Account.has_many,shared_brand_configs,app/models/account.rb,180,
association,账户与租户管理,Account.belongs_to,brand_config,app/models/account.rb,181,
association,账户与租户管理,Account.has_many,blackout_dates,app/models/account.rb,182,
association,讨论、公告与协作,DiscussionEntryVersion.belongs_to,discussion_entry,app/models/discussion_entry_version.rb,20,
association,讨论、公告与协作,DiscussionEntryVersion.belongs_to,root_account,app/models/discussion_entry_version.rb,21,
association,讨论、公告与协作,DiscussionEntryVersion.belongs_to,user,app/models/discussion_entry_version.rb,22,
association,讨论、公告与协作,DiscussionEntryVersion.has_many,discussion_topic_insight_entries,app/models/discussion_entry_version.rb,23,
association,讨论、公告与协作,DiscussionEntryVersion.has_one,lti_asset,app/models/discussion_entry_version.rb,24,
association,其他,AllocationRule.belongs_to,course,app/models/allocation_rule.rb,25,
association,其他,AllocationRule.belongs_to,assignment,app/models/allocation_rule.rb,26,
association,其他,AllocationRule.belongs_to,assessor,app/models/allocation_rule.rb,27,
association,其他,AllocationRule.belongs_to,assessee,app/models/allocation_rule.rb,28,
association,其他,AssessmentRequest.belongs_to,user,app/models/assessment_request.rb,26,
association,其他,AssessmentRequest.belongs_to,asset,app/models/assessment_request.rb,27,
association,其他,AssessmentRequest.belongs_to,submission,app/models/assessment_request.rb,28,
association,其他,AssessmentRequest.belongs_to,assessor_asset,app/models/assessment_request.rb,29,
association,其他,AssessmentRequest.belongs_to,assessor,app/models/assessment_request.rb,30,
association,其他,AssessmentRequest.belongs_to,rubric_association,app/models/assessment_request.rb,31,
association,其他,AssessmentRequest.belongs_to,peer_review_sub_assignment,app/models/assessment_request.rb,32,
association,其他,AssessmentRequest.has_many,submission_comments,app/models/assessment_request.rb,33,
association,其他,AssessmentRequest.has_many,ignores,app/models/assessment_request.rb,34,
association,其他,AssessmentRequest.belongs_to,rubric_assessment,app/models/assessment_request.rb,35,
association,其他,Alert.belongs_to,context,app/models/alert.rb,22,
association,其他,Alert.has_many,criteria,app/models/alert.rb,23,
association,用户、身份与沟通,UserProfile.belongs_to,user,app/models/user_profile.rb,22,
association,用户、身份与沟通,UserProfile.has_many,links,app/models/user_profile.rb,26,
association,其他,UsageRights.belongs_to,context,app/models/usage_rights.rb,26,
association,其他,Score.belongs_to,enrollment,app/models/score.rb,24,
association,其他,Score.belongs_to,grading_period,app/models/score.rb,25,
association,其他,Score.belongs_to,assignment_group,app/models/score.rb,26,
association,其他,Score.belongs_to,custom_grade_status,app/models/score.rb,27,
association,其他,Score.has_one,course,app/models/score.rb,28,
association,其他,Score.has_one,score_metadata,app/models/score.rb,29,
association,其他,AlertCriterion.belongs_to,alert,app/models/alert_criterion.rb,22,
association,账户与租户管理,DeveloperKeyAccountBinding.belongs_to,account,app/models/developer_key_account_binding.rb,31,
association,账户与租户管理,DeveloperKeyAccountBinding.belongs_to,developer_key,app/models/developer_key_account_binding.rb,32,
association,账户与租户管理,DeveloperKeyAccountBinding.belongs_to,root_account,app/models/developer_key_account_binding.rb,33,
association,账户与租户管理,DeveloperKeyAccountBinding.has_one,lti_registration_account_binding,app/models/developer_key_account_binding.rb,34,
association,其他,CustomData.belongs_to,user,app/models/custom_data.rb,43,
association,账户与租户管理,ImpossibleCredentialsError.has_many,session_persistence_tokens,app/models/pseudonym.rb,33,
association,账户与租户管理,ImpossibleCredentialsError.belongs_to,account,app/models/pseudonym.rb,34,
association,账户与租户管理,ImpossibleCredentialsError.belongs_to,user,app/models/pseudonym.rb,37,
association,账户与租户管理,ImpossibleCredentialsError.has_many,communication_channels,app/models/pseudonym.rb,38,
association,账户与租户管理,ImpossibleCredentialsError.has_many,sis_enrollments,app/models/pseudonym.rb,39,
association,账户与租户管理,ImpossibleCredentialsError.has_many,auditor_authentication_records,app/models/pseudonym.rb,40,
association,账户与租户管理,ImpossibleCredentialsError.has_many,auditor_records,app/models/pseudonym.rb,44,
association,账户与租户管理,ImpossibleCredentialsError.belongs_to,communication_channel,app/models/pseudonym.rb,48,
association,账户与租户管理,ImpossibleCredentialsError.belongs_to,sis_communication_channel,app/models/pseudonym.rb,49,
association,账户与租户管理,ImpossibleCredentialsError.belongs_to,authentication_provider,app/models/pseudonym.rb,50,
association,用户、身份与沟通,UserMergeData.belongs_to,user,app/models/user_merge_data.rb,21,
association,用户、身份与沟通,UserMergeData.belongs_to,from_user,app/models/user_merge_data.rb,22,
association,用户、身份与沟通,UserMergeData.has_many,records,app/models/user_merge_data.rb,23,
association,用户、身份与沟通,UserMergeData.has_many,items,app/models/user_merge_data.rb,24,
association,作业、提交与评分,RubricCriterion.belongs_to,rubric,app/models/rubric_criterion.rb,24,
association,作业、提交与评分,RubricCriterion.belongs_to,learning_outcome,app/models/rubric_criterion.rb,25,
association,作业、提交与评分,RubricCriterion.belongs_to,created_by,app/models/rubric_criterion.rb,26,
association,作业、提交与评分,RubricCriterion.belongs_to,deleted_by,app/models/rubric_criterion.rb,27,
association,内容、文件与模块,PlannerNote.belongs_to,user,app/models/planner_note.rb,25,
association,内容、文件与模块,PlannerNote.belongs_to,course,app/models/planner_note.rb,26,
association,内容、文件与模块,PlannerNote.belongs_to,linked_object,app/models/planner_note.rb,27,
association,内容、文件与模块,WikiPageEmbedding.belongs_to,wiki_page,app/models/wiki_page_embedding.rb,20,
association,作业、提交与评分,GradebookUpload.belongs_to,course,app/models/gradebook_upload.rb,22,
association,作业、提交与评分,GradebookUpload.belongs_to,user,app/models/gradebook_upload.rb,23,
association,作业、提交与评分,GradebookUpload.belongs_to,progress,app/models/gradebook_upload.rb,24,
association,作业、提交与评分,GradebookUpload.has_many,attachments,app/models/gradebook_upload.rb,25,
association,用户、身份与沟通,UserMergeDataRecord.belongs_to,previous_user,app/models/user_merge_data_record.rb,21,
association,用户、身份与沟通,UserMergeDataRecord.belongs_to,merge_data,app/models/user_merge_data_record.rb,22,
association,用户、身份与沟通,UserMergeDataRecord.belongs_to,context,app/models/user_merge_data_record.rb,23,
association,讨论、公告与协作,WebConferenceParticipant.belongs_to,web_conference,app/models/web_conference_participant.rb,22,
association,讨论、公告与协作,WebConferenceParticipant.belongs_to,user,app/models/web_conference_participant.rb,23,
association,其他,ContentParticipationCount.belongs_to,context,app/models/content_participation_count.rb,24,
association,其他,ContentParticipationCount.belongs_to,user,app/models/content_participation_count.rb,25,
association,讨论、公告与协作,GroupMembership.belongs_to,group,app/models/group_membership.rb,25,
association,讨论、公告与协作,GroupMembership.belongs_to,user,app/models/group_membership.rb,26,
association,作业、提交与评分,CustomGradebookColumnDatum.belongs_to,custom_gradebook_column,app/models/custom_gradebook_column_datum.rb,22,
association,其他,Progress.belongs_to,context,app/models/progress.rb,22,
association,其他,Progress.belongs_to,user,app/models/progress.rb,39,
association,其他,Progress.belongs_to,delayed_job,app/models/progress.rb,40,
association,其他,NavMenuLink.belongs_to,context,app/models/nav_menu_link.rb,30,
association,课程、班级与选课,EnrollmentTerm.belongs_to,root_account,app/models/enrollment_term.rb,25,
association,课程、班级与选课,EnrollmentTerm.belongs_to,grading_period_group,app/models/enrollment_term.rb,26,
association,课程、班级与选课,EnrollmentTerm.has_many,grading_periods,app/models/enrollment_term.rb,27,
association,课程、班级与选课,EnrollmentTerm.has_many,enrollment_dates_overrides,app/models/enrollment_term.rb,28,
association,课程、班级与选课,EnrollmentTerm.has_many,courses,app/models/enrollment_term.rb,29,
association,课程、班级与选课,EnrollmentTerm.has_many,enrollments,app/models/enrollment_term.rb,30,
association,课程、班级与选课,EnrollmentTerm.has_many,course_sections,app/models/enrollment_term.rb,31,
association,用户、身份与沟通,UserLmgbOutcomeOrderings.belongs_to,user,app/models/user_lmgb_outcome_orderings.rb,22,
association,用户、身份与沟通,UserLmgbOutcomeOrderings.belongs_to,course,app/models/user_lmgb_outcome_orderings.rb,23,
association,用户、身份与沟通,UserLmgbOutcomeOrderings.belongs_to,learning_outcome,app/models/user_lmgb_outcome_orderings.rb,24,
association,内容、文件与模块,ContextModuleProgression.belongs_to,context_module,app/models/context_module_progression.rb,24,
association,内容、文件与模块,ContextModuleProgression.belongs_to,user,app/models/context_module_progression.rb,25,
association,内容、文件与模块,ContextModuleProgression.belongs_to,root_account,app/models/context_module_progression.rb,26,
association,课程、班级与选课,GradingPeriod.belongs_to,grading_period_group,app/models/grading_period.rb,24,
association,课程、班级与选课,GradingPeriod.has_many,scores,app/models/grading_period.rb,25,
association,课程、班级与选课,GradingPeriod.has_many,submissions,app/models/grading_period.rb,26,
association,课程、班级与选课,GradingPeriod.has_many,auditor_grade_change_records,app/models/grading_period.rb,27,
association,内容、文件与模块,AttachmentUploadStatus.belongs_to,attachment,app/models/attachment_upload_status.rb,20,
association,其他,SentContentShare.has_many,received_content_shares,app/models/sent_content_share.rb,22,
association,其他,SentContentShare.has_many,receivers,app/models/sent_content_share.rb,23,
association,账户与租户管理,UserAccountAssociation.belongs_to,user,app/models/user_account_association.rb,24,
association,账户与租户管理,UserAccountAssociation.belongs_to,account,app/models/user_account_association.rb,25,
association,SIS、导入导出与报表,MigrationIssue.belongs_to,content_migration,app/models/migration_issue.rb,23,
association,SIS、导入导出与报表,MigrationIssue.belongs_to,error_report,app/models/migration_issue.rb,24,
association,其他,Canvadoc.belongs_to,attachment,app/models/canvadoc.rb,28,
association,其他,Canvadoc.has_many,canvadocs_submissions,app/models/canvadoc.rb,30,
association,其他,Mention.belongs_to,user,app/models/mention.rb,23,
association,其他,Mention.belongs_to,discussion_entry,app/models/mention.rb,24,
association,其他,Mention.belongs_to,root_account,app/models/mention.rb,25,
association,其他,Mention.has_one,discussion_topic,app/models/mention.rb,26,
association,作业、提交与评分,is.belongs_to,rubric,app/models/rubric_association.rb,31,
association,作业、提交与评分,is.belongs_to,association_object,app/models/rubric_association.rb,32,
association,作业、提交与评分,is.belongs_to,context,app/models/rubric_association.rb,38,
association,作业、提交与评分,is.has_many,rubric_assessments,app/models/rubric_association.rb,39,
association,作业、提交与评分,is.has_many,assessment_requests,app/models/rubric_association.rb,40,
association,搜索、AI 与无障碍,AccessibilityIssue.belongs_to,course,app/models/accessibility_issue.rb,25,
association,搜索、AI 与无障碍,AccessibilityIssue.belongs_to,updated_by,app/models/accessibility_issue.rb,26,
association,搜索、AI 与无障碍,AccessibilityIssue.belongs_to,accessibility_resource_scan,app/models/accessibility_issue.rb,27,
association,搜索、AI 与无障碍,AccessibilityIssue.belongs_to,context,app/models/accessibility_issue.rb,28,
association,作业、提交与评分,LatePolicy.belongs_to,course,app/models/late_policy.rb,24,
association,学习成果与能力,OutcomeProficiencyRating.belongs_to,outcome_proficiency,app/models/outcome_proficiency_rating.rb,26,
association,讨论、公告与协作,Collaboration.belongs_to,context,app/models/collaboration.rb,29,
association,讨论、公告与协作,Collaboration.belongs_to,user,app/models/collaboration.rb,30,
association,讨论、公告与协作,Collaboration.has_many,collaborators,app/models/collaboration.rb,31,
association,讨论、公告与协作,Collaboration.has_many,users,app/models/collaboration.rb,32,
association,SIS、导入导出与报表,AccountReportRow.belongs_to,account_report,app/models/account_report_row.rb,22,
association,SIS、导入导出与报表,AccountReportRow.belongs_to,account_report_runner,app/models/account_report_row.rb,23,
association,用户、身份与沟通,ObserverAlertThreshold.belongs_to,student,app/models/observer_alert_threshold.rb,21,
association,用户、身份与沟通,ObserverAlertThreshold.belongs_to,observer,app/models/observer_alert_threshold.rb,22,
association,用户、身份与沟通,ObserverAlertThreshold.has_many,observer_alerts,app/models/observer_alert_threshold.rb,23,
association,其他,ScoreStatistic.belongs_to,assignment,app/models/score_statistic.rb,21,
association,内容、文件与模块,ContentMigration.belongs_to,context,app/models/content_migration.rb,27,
association,内容、文件与模块,ContentMigration.belongs_to,user,app/models/content_migration.rb,29,
association,内容、文件与模块,ContentMigration.belongs_to,attachment,app/models/content_migration.rb,30,
association,内容、文件与模块,ContentMigration.belongs_to,overview_attachment,app/models/content_migration.rb,31,
association,内容、文件与模块,ContentMigration.belongs_to,exported_attachment,app/models/content_migration.rb,32,
association,内容、文件与模块,ContentMigration.belongs_to,asset_map_attachment,app/models/content_migration.rb,33,
association,内容、文件与模块,ContentMigration.belongs_to,source_course,app/models/content_migration.rb,34,
association,内容、文件与模块,ContentMigration.belongs_to,root_account,app/models/content_migration.rb,35,
association,内容、文件与模块,ContentMigration.has_one,content_export,app/models/content_migration.rb,36,
association,内容、文件与模块,ContentMigration.has_many,migration_issues,app/models/content_migration.rb,37,
association,内容、文件与模块,ContentMigration.has_many,quiz_migration_alerts,app/models/content_migration.rb,38,
association,内容、文件与模块,ContentMigration.has_one,job_progress,app/models/content_migration.rb,39,
association,SIS、导入导出与报表,AccountReport.belongs_to,account,app/models/account_report.rb,26,
association,SIS、导入导出与报表,AccountReport.belongs_to,user,app/models/account_report.rb,27,
association,SIS、导入导出与报表,AccountReport.belongs_to,attachment,app/models/account_report.rb,28,
association,SIS、导入导出与报表,AccountReport.has_many,account_report_runners,app/models/account_report.rb,29,
association,SIS、导入导出与报表,AccountReport.has_many,account_report_rows,app/models/account_report.rb,30,
association,作业、提交与评分,AssignmentOverrideStudent.belongs_to,assignment,app/models/assignment_override_student.rb,24,
association,作业、提交与评分,AssignmentOverrideStudent.belongs_to,assignment_override,app/models/assignment_override_student.rb,25,
association,作业、提交与评分,AssignmentOverrideStudent.belongs_to,user,app/models/assignment_override_student.rb,26,
association,作业、提交与评分,AssignmentOverrideStudent.belongs_to,quiz,app/models/assignment_override_student.rb,27,
association,作业、提交与评分,AssignmentOverrideStudent.belongs_to,context_module,app/models/assignment_override_student.rb,28,
association,作业、提交与评分,AssignmentOverrideStudent.belongs_to,wiki_page,app/models/assignment_override_student.rb,29,
association,作业、提交与评分,AssignmentOverrideStudent.belongs_to,discussion_topic,app/models/assignment_override_student.rb,30,
association,作业、提交与评分,AssignmentOverrideStudent.belongs_to,attachment,app/models/assignment_override_student.rb,31,
association,其他,Favorite.belongs_to,context,app/models/favorite.rb,21,
association,其他,Favorite.belongs_to,user,app/models/favorite.rb,22,
association,其他,Favorite.belongs_to,root_account,app/models/favorite.rb,23,
association,讨论、公告与协作,AppointmentGroupContext.belongs_to,appointment_group,app/models/appointment_group_context.rb,22,
association,讨论、公告与协作,AppointmentGroupContext.belongs_to,context,app/models/appointment_group_context.rb,23,
association,搜索、AI 与无障碍,AiExperience.belongs_to,root_account,app/models/ai_experience.rb,21,
association,搜索、AI 与无障碍,AiExperience.belongs_to,account,app/models/ai_experience.rb,22,
association,搜索、AI 与无障碍,AiExperience.belongs_to,course,app/models/ai_experience.rb,23,
association,搜索、AI 与无障碍,AiExperience.has_many,ai_conversations,app/models/ai_experience.rb,25,
association,搜索、AI 与无障碍,AiExperience.has_many,ai_experience_context_files,app/models/ai_experience.rb,26,
association,搜索、AI 与无障碍,AiExperience.has_many,context_files,app/models/ai_experience.rb,32,
association,讨论、公告与协作,DiscussionTopicEmbedding.belongs_to,discussion_topic,app/models/discussion_topic_embedding.rb,20,
association,用户、身份与沟通,ObserverAlert.belongs_to,student,app/models/observer_alert.rb,21,
association,用户、身份与沟通,ObserverAlert.belongs_to,observer,app/models/observer_alert.rb,22,
association,用户、身份与沟通,ObserverAlert.belongs_to,observer_alert_threshold,app/models/observer_alert.rb,23,
association,用户、身份与沟通,ObserverAlert.belongs_to,context,app/models/observer_alert.rb,24,
association,用户、身份与沟通,ObserverPairingCode.belongs_to,user,app/models/observer_pairing_code.rb,22,
association,课程、班级与选课,Enrollment.belongs_to,course,app/models/enrollment.rb,33,
association,课程、班级与选课,Enrollment.belongs_to,course_section,app/models/enrollment.rb,34,
association,课程、班级与选课,Enrollment.belongs_to,root_account,app/models/enrollment.rb,35,
association,课程、班级与选课,Enrollment.belongs_to,user,app/models/enrollment.rb,36,
association,课程、班级与选课,Enrollment.belongs_to,sis_pseudonym,app/models/enrollment.rb,37,
association,课程、班级与选课,Enrollment.belongs_to,associated_user,app/models/enrollment.rb,38,
association,课程、班级与选课,Enrollment.belongs_to,temporary_enrollment_pairing,app/models/enrollment.rb,39,
association,课程、班级与选课,Enrollment.belongs_to,role,app/models/enrollment.rb,41,
association,课程、班级与选课,Enrollment.has_one,enrollment_state,app/models/enrollment.rb,44,
association,课程、班级与选课,Enrollment.has_many,role_overrides,app/models/enrollment.rb,46,
association,课程、班级与选课,Enrollment.has_many,pseudonyms,app/models/enrollment.rb,47,
association,课程、班级与选课,Enrollment.has_many,course_account_associations,app/models/enrollment.rb,48,
association,课程、班级与选课,Enrollment.has_many,scores,app/models/enrollment.rb,49,
association,课程、班级与选课,Enrollment.has_one,through,app/models/enrollment.rb,1279,
association,用户、身份与沟通,UserService.belongs_to,user,app/models/user_service.rb,24,
association,作业、提交与评分,SubmissionText.belongs_to,submission,app/models/submission_text.rb,22,
association,作业、提交与评分,SubmissionText.belongs_to,attachment,app/models/submission_text.rb,23,
association,作业、提交与评分,SubmissionText.belongs_to,root_account,app/models/submission_text.rb,24,
association,课程、班级与选课,StudentEnrollment.belongs_to,student,app/models/student_enrollment.rb,22,
association,课程、班级与选课,StudentEnrollment.has_many,course_paces,app/models/student_enrollment.rb,24,
association,内容、文件与模块,CalendarEvent.belongs_to,context,app/models/calendar_event.rb,76,
association,内容、文件与模块,CalendarEvent.belongs_to,user,app/models/calendar_event.rb,79,
association,内容、文件与模块,CalendarEvent.belongs_to,parent_event,app/models/calendar_event.rb,80,
association,内容、文件与模块,CalendarEvent.has_many,child_events,app/models/calendar_event.rb,81,
association,内容、文件与模块,CalendarEvent.belongs_to,web_conference,app/models/calendar_event.rb,82,
association,内容、文件与模块,CalendarEvent.belongs_to,root_account,app/models/calendar_event.rb,83,
association,内容、文件与模块,CalendarEvent.has_many,attachment_associations,app/models/calendar_event.rb,84,
association,其他,ContentShare.belongs_to,user,app/models/content_share.rb,34,
association,其他,ContentShare.belongs_to,content_export,app/models/content_share.rb,35,
association,其他,ContentShare.has_one,course,app/models/content_share.rb,36,
association,其他,ContentShare.has_one,group,app/models/content_share.rb,37,
association,其他,ContentShare.has_one,context_user,app/models/content_share.rb,38,
association,其他,ContentShare.belongs_to,sender,app/models/content_share.rb,40,
association,其他,ContentShare.belongs_to,root_account,app/models/content_share.rb,41,
association,作业、提交与评分,SisPostGradesStatus.belongs_to,course,app/models/sis_post_grades_status.rb,23,
association,作业、提交与评分,SisPostGradesStatus.belongs_to,course_section,app/models/sis_post_grades_status.rb,24,
association,作业、提交与评分,SisPostGradesStatus.belongs_to,user,app/models/sis_post_grades_status.rb,25,
association,作业、提交与评分,CustomGradeStatus.belongs_to,root_account,app/models/custom_grade_status.rb,25,
association,作业、提交与评分,CustomGradeStatus.belongs_to,created_by,app/models/custom_grade_status.rb,26,
association,作业、提交与评分,CustomGradeStatus.belongs_to,deleted_by,app/models/custom_grade_status.rb,27,
association,作业、提交与评分,CustomGradeStatus.has_many,submissions,app/models/custom_grade_status.rb,29,
association,作业、提交与评分,CustomGradeStatus.has_many,scores,app/models/custom_grade_status.rb,30,
association,LTI、外部工具与集成,ContextExternalTool.has_many,content_tags,app/models/context_external_tool.rb,26,
association,LTI、外部工具与集成,ContextExternalTool.has_many,context_external_tool_placements,app/models/context_external_tool.rb,27,
association,LTI、外部工具与集成,ContextExternalTool.has_many,lti_resource_links,app/models/context_external_tool.rb,28,
association,LTI、外部工具与集成,ContextExternalTool.has_many,progresses,app/models/context_external_tool.rb,29,
association,LTI、外部工具与集成,ContextExternalTool.has_many,lti_notice_handlers,app/models/context_external_tool.rb,30,
association,LTI、外部工具与集成,ContextExternalTool.has_many,lti_asset_processors,app/models/context_external_tool.rb,31,
association,LTI、外部工具与集成,ContextExternalTool.has_many,lti_asset_processor_eula_acceptances,app/models/context_external_tool.rb,32,
association,LTI、外部工具与集成,ContextExternalTool.has_many,context_controls,app/models/context_external_tool.rb,33,
association,LTI、外部工具与集成,ContextExternalTool.has_one,estimated_duration,app/models/context_external_tool.rb,35,
association,LTI、外部工具与集成,ContextExternalTool.belongs_to,context,app/models/context_external_tool.rb,37,
association,LTI、外部工具与集成,ContextExternalTool.belongs_to,developer_key,app/models/context_external_tool.rb,38,
association,LTI、外部工具与集成,ContextExternalTool.belongs_to,root_account,app/models/context_external_tool.rb,39,
association,LTI、外部工具与集成,ContextExternalTool.belongs_to,lti_registration,app/models/context_external_tool.rb,41,
association,LTI、外部工具与集成,ContextExternalTool.belongs_to,app,app/models/context_external_tool.rb,43,
association,作业、提交与评分,Assignment.has_one,peer_review_sub_assignment,app/models/assignment.rb,29,
association,作业、提交与评分,Assignment.has_many,allocation_rules,app/models/assignment.rb,30,
association,讨论、公告与协作,Group.has_many,group_memberships,app/models/group.rb,40,
association,讨论、公告与协作,Group.has_many,users,app/models/group.rb,41,
association,讨论、公告与协作,Group.has_many,user_past_lti_ids,app/models/group.rb,42,
association,讨论、公告与协作,Group.has_many,participating_group_memberships,app/models/group.rb,43,
association,讨论、公告与协作,Group.has_many,participating_users,app/models/group.rb,44,
association,讨论、公告与协作,Group.belongs_to,context,app/models/group.rb,45,
association,讨论、公告与协作,Group.belongs_to,group_category,app/models/group.rb,46,
association,讨论、公告与协作,Group.belongs_to,account,app/models/group.rb,47,
association,讨论、公告与协作,Group.belongs_to,root_account,app/models/group.rb,48,
association,讨论、公告与协作,Group.has_many,assignment_overrides,app/models/group.rb,49,
association,讨论、公告与协作,Group.has_many,calendar_events,app/models/group.rb,50,
association,讨论、公告与协作,Group.has_many,discussion_topics,app/models/group.rb,51,
association,讨论、公告与协作,Group.has_many,active_discussion_topics,app/models/group.rb,52,
association,讨论、公告与协作,Group.has_many,all_discussion_topics,app/models/group.rb,53,
association,讨论、公告与协作,Group.has_many,discussion_entries,app/models/group.rb,54,
association,讨论、公告与协作,Group.has_many,announcements,app/models/group.rb,55,
association,讨论、公告与协作,Group.has_many,active_announcements,app/models/group.rb,56,
association,讨论、公告与协作,Group.has_many,attachments,app/models/group.rb,57,
association,讨论、公告与协作,Group.has_many,active_images,app/models/group.rb,58,
association,讨论、公告与协作,Group.has_many,active_assignments,app/models/group.rb,59,
association,讨论、公告与协作,Group.has_many,all_attachments,app/models/group.rb,60,
association,讨论、公告与协作,Group.has_many,folders,app/models/group.rb,61,
association,讨论、公告与协作,Group.has_many,active_folders,app/models/group.rb,62,
association,讨论、公告与协作,Group.has_many,submissions_folders,app/models/group.rb,63,
association,讨论、公告与协作,Group.has_many,collaborators,app/models/group.rb,64,
association,讨论、公告与协作,Group.has_many,external_feeds,app/models/group.rb,65,
association,讨论、公告与协作,Group.has_many,messages,app/models/group.rb,66,
association,讨论、公告与协作,Group.belongs_to,wiki,app/models/group.rb,67,
association,讨论、公告与协作,Group.has_many,wiki_pages,app/models/group.rb,68,
association,讨论、公告与协作,Group.has_many,wiki_page_lookups,app/models/group.rb,69,
association,讨论、公告与协作,Group.has_many,web_conferences,app/models/group.rb,70,
association,讨论、公告与协作,Group.has_many,collaborations,app/models/group.rb,71,
association,讨论、公告与协作,Group.has_many,media_objects,app/models/group.rb,72,
association,讨论、公告与协作,Group.has_many,content_migrations,app/models/group.rb,73,
association,讨论、公告与协作,Group.has_many,content_exports,app/models/group.rb,74,
association,讨论、公告与协作,Group.has_many,usage_rights,app/models/group.rb,75,
association,讨论、公告与协作,Group.belongs_to,avatar_attachment,app/models/group.rb,76,
association,讨论、公告与协作,Group.belongs_to,leader,app/models/group.rb,77,
association,讨论、公告与协作,Group.has_many,lti_resource_links,app/models/group.rb,78,
association,讨论、公告与协作,Group.has_many,favorites,app/models/group.rb,83,
association,作业、提交与评分,StandardGradeStatus.belongs_to,root_account,app/models/standard_grade_status.rb,23,
association,账户与租户管理,SharedBrandConfig.belongs_to,brand_config,app/models/shared_brand_config.rb,21,
association,账户与租户管理,SharedBrandConfig.belongs_to,account,app/models/shared_brand_config.rb,22,
association,讨论、公告与协作,DiscussionEntry.has_many,discussion_entry_versions,app/models/discussion_entry.rb,37,
association,讨论、公告与协作,DiscussionEntry.has_many,legacy_subentries,app/models/discussion_entry.rb,38,
association,讨论、公告与协作,DiscussionEntry.has_many,root_discussion_replies,app/models/discussion_entry.rb,39,
association,讨论、公告与协作,DiscussionEntry.has_many,discussion_subentries,app/models/discussion_entry.rb,40,
association,讨论、公告与协作,DiscussionEntry.has_many,unordered_discussion_subentries,app/models/discussion_entry.rb,41,
association,讨论、公告与协作,DiscussionEntry.has_many,flattened_discussion_subentries,app/models/discussion_entry.rb,42,
association,讨论、公告与协作,DiscussionEntry.has_many,discussion_entry_participants,app/models/discussion_entry.rb,43,
association,讨论、公告与协作,DiscussionEntry.has_many,discussion_topic_insight_entries,app/models/discussion_entry.rb,44,
association,讨论、公告与协作,DiscussionEntry.has_one,last_discussion_subentry,app/models/discussion_entry.rb,45,
association,讨论、公告与协作,DiscussionEntry.belongs_to,discussion_topic,app/models/discussion_entry.rb,46,
association,讨论、公告与协作,DiscussionEntry.belongs_to,quoted_entry,app/models/discussion_entry.rb,47,
association,讨论、公告与协作,DiscussionEntry.belongs_to,parent_entry,app/models/discussion_entry.rb,49,
association,讨论、公告与协作,DiscussionEntry.belongs_to,root_entry,app/models/discussion_entry.rb,51,
association,讨论、公告与协作,DiscussionEntry.belongs_to,user,app/models/discussion_entry.rb,52,
association,讨论、公告与协作,DiscussionEntry.has_many,mentions,app/models/discussion_entry.rb,53,
association,讨论、公告与协作,DiscussionEntry.belongs_to,attachment,app/models/discussion_entry.rb,54,
association,讨论、公告与协作,DiscussionEntry.belongs_to,editor,app/models/discussion_entry.rb,55,
association,讨论、公告与协作,DiscussionEntry.belongs_to,root_account,app/models/discussion_entry.rb,56,
association,讨论、公告与协作,DiscussionEntry.belongs_to,pinned_by,app/models/discussion_entry.rb,57,
association,讨论、公告与协作,DiscussionEntry.has_one,external_feed_entry,app/models/discussion_entry.rb,58,
association,讨论、公告与协作,DiscussionEntry.has_many,attachment_associations,app/models/discussion_entry.rb,59,
association,其他,ExternalIntegrationKey.belongs_to,context,app/models/external_integration_key.rb,22,
association,测验与题库,AssessmentQuestionBank.belongs_to,context,app/models/assessment_question_bank.rb,25,
association,测验与题库,AssessmentQuestionBank.has_many,assessment_questions,app/models/assessment_question_bank.rb,26,
association,测验与题库,AssessmentQuestionBank.has_many,assessment_question_bank_users,app/models/assessment_question_bank.rb,27,
association,测验与题库,AssessmentQuestionBank.has_many,learning_outcome_alignments,app/models/assessment_question_bank.rb,28,
association,测验与题库,AssessmentQuestionBank.has_many,quiz_groups,app/models/assessment_question_bank.rb,29,
association,用户、身份与沟通,NotificationPolicyOverride.belongs_to,communication_channel,app/models/notification_policy_override.rb,34,
association,用户、身份与沟通,NotificationPolicyOverride.belongs_to,context,app/models/notification_policy_override.rb,35,
association,用户、身份与沟通,NotificationPolicyOverride.belongs_to,notification,app/models/notification_policy_override.rb,36,
association,用户、身份与沟通,NotificationPolicyOverride.has_many,delayed_messages,app/models/notification_policy_override.rb,38,
association,学习成果与能力,OutcomeImportError.belongs_to,outcome_import,app/models/outcome_import_error.rb,22,
association,用户、身份与沟通,UserPreferenceValue.belongs_to,user,app/models/user_preference_value.rb,27,
association,账户与租户管理,AccountNotificationRole.belongs_to,account_notification,app/models/account_notification_role.rb,24,
association,账户与租户管理,AccountNotificationRole.belongs_to,role,app/models/account_notification_role.rb,25,
association,作业、提交与评分,CustomGradebookColumn.belongs_to,course,app/models/custom_gradebook_column.rb,26,
association,作业、提交与评分,CustomGradebookColumn.has_many,custom_gradebook_column_data,app/models/custom_gradebook_column.rb,27,
association,用户、身份与沟通,DelayedNotification.belongs_to,asset,app/models/delayed_notification.rb,24,
association,用户、身份与沟通,NotificationEndpoint.belongs_to,access_token,app/models/notification_endpoint.rb,28,
association,账户与租户管理,AccountUser.belongs_to,account,app/models/account_user.rb,26,
association,账户与租户管理,AccountUser.belongs_to,user,app/models/account_user.rb,27,
association,账户与租户管理,AccountUser.belongs_to,role,app/models/account_user.rb,28,
association,账户与租户管理,AccountUser.has_many,role_overrides,app/models/account_user.rb,30,
association,账户与租户管理,AccountUser.has_many,auditor_records,app/models/account_user.rb,31,
association,其他,ExternalFeed.belongs_to,user,app/models/external_feed.rb,22,
association,其他,ExternalFeed.belongs_to,context,app/models/external_feed.rb,23,
association,其他,ExternalFeed.has_many,external_feed_entries,app/models/external_feed.rb,25,
association,其他,ExternalFeed.has_many,discussion_topics,app/models/external_feed.rb,26,
association,作业、提交与评分,RubricImport.belongs_to,context,app/models/rubric_import.rb,25,
association,作业、提交与评分,RubricImport.belongs_to,attachment,app/models/rubric_import.rb,26,
association,作业、提交与评分,RubricImport.belongs_to,root_account,app/models/rubric_import.rb,27,
association,作业、提交与评分,RubricImport.belongs_to,user,app/models/rubric_import.rb,28,
association,LTI、外部工具与集成,ContextExternalToolPlacement.belongs_to,context_external_tool,app/models/context_external_tool_placement.rb,21,
association,搜索、AI 与无障碍,AccessibilityResourceScan.belongs_to,course,app/models/accessibility_resource_scan.rb,25,
association,搜索、AI 与无障碍,AccessibilityResourceScan.belongs_to,context,app/models/accessibility_resource_scan.rb,26,
association,搜索、AI 与无障碍,AccessibilityResourceScan.has_many,accessibility_issues,app/models/accessibility_resource_scan.rb,28,
association,其他,OneTimePassword.belongs_to,user,app/models/one_time_password.rb,22,
association,学习成果与能力,OutcomeProficiency.has_many,outcome_proficiency_ratings,app/models/outcome_proficiency.rb,29,
association,学习成果与能力,OutcomeProficiency.belongs_to,context,app/models/outcome_proficiency.rb,34,
association,讨论、公告与协作,DiscussionTopicParticipant.belongs_to,discussion_topic,app/models/discussion_topic_participant.rb,24,
association,讨论、公告与协作,DiscussionTopicParticipant.belongs_to,user,app/models/discussion_topic_participant.rb,25,
association,课程、班级与选课,TemporaryEnrollmentPairing.belongs_to,root_account,app/models/temporary_enrollment_pairing.rb,24,
association,课程、班级与选课,TemporaryEnrollmentPairing.belongs_to,created_by,app/models/temporary_enrollment_pairing.rb,25,
association,课程、班级与选课,TemporaryEnrollmentPairing.belongs_to,deleted_by,app/models/temporary_enrollment_pairing.rb,26,
association,课程、班级与选课,TemporaryEnrollmentPairing.has_many,enrollments,app/models/temporary_enrollment_pairing.rb,28,
association,其他,CommentBankItem.belongs_to,course,app/models/comment_bank_item.rb,25,
association,其他,CommentBankItem.belongs_to,user,app/models/comment_bank_item.rb,26,
association,其他,CommentBankItem.belongs_to,assignment,app/models/comment_bank_item.rb,27,
association,内容、文件与模块,WikiPage.belongs_to,wiki,app/models/wiki_page.rb,58,
association,内容、文件与模块,WikiPage.belongs_to,user,app/models/wiki_page.rb,59,
association,内容、文件与模块,WikiPage.belongs_to,context,app/models/wiki_page.rb,61,
association,内容、文件与模块,WikiPage.belongs_to,root_account,app/models/wiki_page.rb,62,
association,内容、文件与模块,WikiPage.belongs_to,current_lookup,app/models/wiki_page.rb,64,
association,内容、文件与模块,WikiPage.has_many,wiki_page_lookups,app/models/wiki_page.rb,65,
association,内容、文件与模块,WikiPage.has_one,master_content_tag,app/models/wiki_page.rb,66,
association,内容、文件与模块,WikiPage.has_one,block_editor,app/models/wiki_page.rb,67,
association,内容、文件与模块,WikiPage.has_one,external_content_reference,app/models/wiki_page.rb,68,
association,内容、文件与模块,WikiPage.has_one,estimated_duration,app/models/wiki_page.rb,69,
association,内容、文件与模块,WikiPage.has_many,attachment_associations,app/models/wiki_page.rb,70,
association,内容、文件与模块,Attachment.belongs_to,context,app/models/attachment.rb,81,
association,内容、文件与模块,Attachment.belongs_to,root_account,app/models/attachment.rb,103,
association,内容、文件与模块,Attachment.belongs_to,cloned_item,app/models/attachment.rb,104,
association,内容、文件与模块,Attachment.belongs_to,folder,app/models/attachment.rb,105,
association,内容、文件与模块,Attachment.belongs_to,user,app/models/attachment.rb,106,
association,内容、文件与模块,Attachment.has_one,account_report,app/models/attachment.rb,107,
association,内容、文件与模块,Attachment.has_one,course_report,app/models/attachment.rb,108,
association,内容、文件与模块,Attachment.has_one,group_and_membership_importer,app/models/attachment.rb,109,
association,内容、文件与模块,Attachment.has_one,media_object,app/models/attachment.rb,110,
association,内容、文件与模块,Attachment.belongs_to,media_object_by_media_id,app/models/attachment.rb,111,
association,内容、文件与模块,Attachment.has_many,media_tracks,app/models/attachment.rb,112,
association,内容、文件与模块,Attachment.has_many,submission_draft_attachments,app/models/attachment.rb,113,
association,内容、文件与模块,Attachment.has_many,submissions,app/models/attachment.rb,115,
association,内容、文件与模块,Attachment.has_many,attachment_associations,app/models/attachment.rb,116,
association,内容、文件与模块,Attachment.has_many,assignment_submissions,app/models/attachment.rb,117,
association,内容、文件与模块,Attachment.belongs_to,root_attachment,app/models/attachment.rb,118,
association,内容、文件与模块,Attachment.belongs_to,replacement_attachment,app/models/attachment.rb,119,
association,内容、文件与模块,Attachment.has_many,replaced_attachments,app/models/attachment.rb,120,
association,内容、文件与模块,Attachment.has_one,sis_batch,app/models/attachment.rb,121,
association,内容、文件与模块,Attachment.has_one,thumbnail,app/models/attachment.rb,122,
association,内容、文件与模块,Attachment.has_many,thumbnails,app/models/attachment.rb,123,
association,内容、文件与模块,Attachment.has_many,children,app/models/attachment.rb,124,
association,内容、文件与模块,Attachment.has_many,attachment_upload_statuses,app/models/attachment.rb,125,
association,内容、文件与模块,Attachment.has_one,last_attachment_upload_status,app/models/attachment.rb,126,
association,内容、文件与模块,Attachment.has_one,canvadoc,app/models/attachment.rb,127,
association,内容、文件与模块,Attachment.belongs_to,usage_rights,app/models/attachment.rb,128,
association,内容、文件与模块,Attachment.has_many,canvadocs_annotation_contexts,app/models/attachment.rb,129,
association,内容、文件与模块,Attachment.has_one,master_content_tag,app/models/attachment.rb,130,
association,内容、文件与模块,Attachment.has_one,estimated_duration,app/models/attachment.rb,131,
association,内容、文件与模块,Attachment.has_many,lti_assets,app/models/attachment.rb,132,
association,内容、文件与模块,Attachment.has_many,attachments,app/models/attachment.rb,203,
association,其他,Ignore.belongs_to,user,app/models/ignore.rb,22,
association,其他,Ignore.belongs_to,asset,app/models/ignore.rb,23,
association,测验与题库,QuizMigrationAlert.belongs_to,user,app/models/quiz_migration_alert.rb,22,
association,测验与题库,QuizMigrationAlert.belongs_to,course,app/models/quiz_migration_alert.rb,23,
association,测验与题库,QuizMigrationAlert.belongs_to,migration,app/models/quiz_migration_alert.rb,24,
association,搜索、AI 与无障碍,LLMResponse.belongs_to,user,app/models/llm_response.rb,22,
association,搜索、AI 与无障碍,LLMResponse.belongs_to,associated_assignment,app/models/llm_response.rb,23,
association,用户、身份与沟通,UserMergeDataItem.belongs_to,user,app/models/user_merge_data_item.rb,21,
association,用户、身份与沟通,UserMergeDataItem.belongs_to,merge_data,app/models/user_merge_data_item.rb,22,
association,账户与租户管理,TermsOfServiceContent.belongs_to,account,app/models/terms_of_service_content.rb,27,
association,账户与租户管理,TermsOfServiceContent.has_many,attachment_associations,app/models/terms_of_service_content.rb,28,
association,讨论、公告与协作,DiscussionTopic.has_many,discussion_entries,app/models/discussion_topic.rb,91,
association,讨论、公告与协作,DiscussionTopic.has_many,rated_discussion_entries,app/models/discussion_topic.rb,92,
association,讨论、公告与协作,DiscussionTopic.has_many,root_discussion_entries,app/models/discussion_topic.rb,99,
association,讨论、公告与协作,DiscussionTopic.has_one,external_feed_entry,app/models/discussion_topic.rb,100,
association,讨论、公告与协作,DiscussionTopic.belongs_to,root_account,app/models/discussion_topic.rb,101,
association,讨论、公告与协作,DiscussionTopic.belongs_to,external_feed,app/models/discussion_topic.rb,102,
association,讨论、公告与协作,DiscussionTopic.belongs_to,context,app/models/discussion_topic.rb,103,
association,讨论、公告与协作,DiscussionTopic.belongs_to,attachment,app/models/discussion_topic.rb,104,
association,讨论、公告与协作,DiscussionTopic.belongs_to,editor,app/models/discussion_topic.rb,105,
association,讨论、公告与协作,DiscussionTopic.belongs_to,root_topic,app/models/discussion_topic.rb,106,
association,讨论、公告与协作,DiscussionTopic.belongs_to,group_category,app/models/discussion_topic.rb,107,
association,讨论、公告与协作,DiscussionTopic.has_many,sub_assignments,app/models/discussion_topic.rb,108,
association,讨论、公告与协作,DiscussionTopic.has_many,child_topics,app/models/discussion_topic.rb,109,
association,讨论、公告与协作,DiscussionTopic.has_many,discussion_topic_participants,app/models/discussion_topic.rb,110,
association,讨论、公告与协作,DiscussionTopic.has_many,discussion_entry_participants,app/models/discussion_topic.rb,111,
association,讨论、公告与协作,DiscussionTopic.has_many,discussion_topic_section_visibilities,app/models/discussion_topic.rb,112,
association,讨论、公告与协作,DiscussionTopic.has_many,course_sections,app/models/discussion_topic.rb,118,
association,讨论、公告与协作,DiscussionTopic.belongs_to,user,app/models/discussion_topic.rb,119,
association,讨论、公告与协作,DiscussionTopic.has_one,master_content_tag,app/models/discussion_topic.rb,120,
association,讨论、公告与协作,DiscussionTopic.has_many,summaries,app/models/discussion_topic.rb,121,
association,讨论、公告与协作,DiscussionTopic.has_many,insights,app/models/discussion_topic.rb,122,
association,讨论、公告与协作,DiscussionTopic.has_many,insight_entries,app/models/discussion_topic.rb,123,
association,讨论、公告与协作,DiscussionTopic.has_one,estimated_duration,app/models/discussion_topic.rb,124,
association,讨论、公告与协作,DiscussionTopic.has_many,attachment_associations,app/models/discussion_topic.rb,125,
association,其他,MediaTrack.belongs_to,user,app/models/media_track.rb,28,
association,其他,MediaTrack.belongs_to,media_object,app/models/media_track.rb,29,
association,其他,MediaTrack.belongs_to,attachment,app/models/media_track.rb,30,
association,其他,MediaTrack.belongs_to,master_content_tags,app/models/media_track.rb,31,
association,用户、身份与沟通,AssetUserAccess.belongs_to,context,app/models/asset_user_access.rb,27,
association,用户、身份与沟通,AssetUserAccess.belongs_to,user,app/models/asset_user_access.rb,28,
association,用户、身份与沟通,AssetUserAccess.has_many,page_views,app/models/asset_user_access.rb,29,
association,内容、文件与模块,WikiPageLookup.belongs_to,wiki_page,app/models/wiki_page_lookup.rb,24,
association,内容、文件与模块,WikiPageLookup.belongs_to,context,app/models/wiki_page_lookup.rb,25,
association,其他,InstitutionalTagAssociation.belongs_to,institutional_tag,app/models/institutional_tag_association.rb,24,
association,其他,InstitutionalTagAssociation.belongs_to,context,app/models/institutional_tag_association.rb,25,
association,其他,InstitutionalTagAssociation.belongs_to,sis_batch,app/models/institutional_tag_association.rb,26,
association,SIS、导入导出与报表,ParallelImporter.belongs_to,sis_batch,app/models/parallel_importer.rb,22,
association,SIS、导入导出与报表,ParallelImporter.belongs_to,attachment,app/models/parallel_importer.rb,23,
association,SIS、导入导出与报表,ParallelImporter.has_many,sis_batch_errors,app/models/parallel_importer.rb,24,
association,学习成果与能力,OutcomeCalculationMethod.belongs_to,context,app/models/outcome_calculation_method.rb,49,
association,用户、身份与沟通,CommunicationChannel.belongs_to,pseudonym,app/models/communication_channel.rb,30,
association,用户、身份与沟通,CommunicationChannel.has_many,pseudonyms,app/models/communication_channel.rb,31,
association,用户、身份与沟通,CommunicationChannel.belongs_to,user,app/models/communication_channel.rb,32,
association,用户、身份与沟通,CommunicationChannel.has_many,notification_policies,app/models/communication_channel.rb,33,
association,用户、身份与沟通,CommunicationChannel.has_many,notification_policy_overrides,app/models/communication_channel.rb,34,
association,用户、身份与沟通,CommunicationChannel.has_many,delayed_messages,app/models/communication_channel.rb,35,
association,用户、身份与沟通,CommunicationChannel.has_many,messages,app/models/communication_channel.rb,36,
association,SIS、导入导出与报表,AccountReportRunner.belongs_to,account_report,app/models/account_report_runner.rb,25,
association,SIS、导入导出与报表,AccountReportRunner.has_many,account_report_rows,app/models/account_report_runner.rb,26,
association,SIS、导入导出与报表,OriginalityReport.belongs_to,submission,app/models/originality_report.rb,28,
association,SIS、导入导出与报表,OriginalityReport.belongs_to,attachment,app/models/originality_report.rb,29,
association,SIS、导入导出与报表,OriginalityReport.belongs_to,originality_report_attachment,app/models/originality_report.rb,30,
association,SIS、导入导出与报表,OriginalityReport.belongs_to,root_account,app/models/originality_report.rb,31,
association,SIS、导入导出与报表,OriginalityReport.has_one,lti_link,app/models/originality_report.rb,33,
association,用户、身份与沟通,UserProfileLink.belongs_to,user_profile,app/models/user_profile_link.rb,21,
association,SIS、导入导出与报表,ReportSnapshot.belongs_to,account,app/models/report_snapshot.rb,25,
association,账户与租户管理,AuthenticationProvider.belongs_to,account,app/models/authentication_provider.rb,106,
association,账户与租户管理,AuthenticationProvider.has_many,pseudonyms,app/models/authentication_provider.rb,109,
association,用户、身份与沟通,Message.belongs_to,communication_channel,app/models/message.rb,75,
association,用户、身份与沟通,Message.belongs_to,context,app/models/message.rb,76,
association,用户、身份与沟通,Message.belongs_to,user,app/models/message.rb,79,
association,用户、身份与沟通,Message.belongs_to,root_account,app/models/message.rb,80,
association,用户、身份与沟通,Message.has_many,attachments,app/models/message.rb,81,
association,内容、文件与模块,PlannerOverride.belongs_to,plannable,app/models/planner_override.rb,28,
association,内容、文件与模块,PlannerOverride.belongs_to,user,app/models/planner_override.rb,39,
association,其他,ClonedItem.belongs_to,original_item,app/models/cloned_item.rb,22,
association,其他,ClonedItem.has_many,attachments,app/models/cloned_item.rb,34,
association,其他,ClonedItem.has_many,discussion_topics,app/models/cloned_item.rb,35,
association,其他,ClonedItem.has_many,wiki_pages,app/models/cloned_item.rb,36,
association,其他,InstitutionalTag.belongs_to,category,app/models/institutional_tag.rb,24,
association,其他,InstitutionalTag.belongs_to,sis_batch,app/models/institutional_tag.rb,25,
association,其他,InstitutionalTag.has_many,institutional_tag_associations,app/models/institutional_tag.rb,26,
association,其他,Thumbnail.belongs_to,attachment,app/models/thumbnail.rb,22,
association,内容、文件与模块,ContentExport.belongs_to,context,app/models/content_export.rb,25,
association,内容、文件与模块,ContentExport.belongs_to,user,app/models/content_export.rb,26,
association,内容、文件与模块,ContentExport.belongs_to,attachment,app/models/content_export.rb,27,
association,内容、文件与模块,ContentExport.belongs_to,content_migration,app/models/content_export.rb,28,
association,内容、文件与模块,ContentExport.has_many,attachments,app/models/content_export.rb,29,
association,内容、文件与模块,ContentExport.has_one,sent_content_share,app/models/content_export.rb,30,
association,内容、文件与模块,ContentExport.has_many,received_content_shares,app/models/content_export.rb,31,
association,内容、文件与模块,ContentExport.has_many,quiz_migration_alerts,app/models/content_export.rb,32,
association,内容、文件与模块,ContentExport.has_one,epub_export,app/models/content_export.rb,33,
association,内容、文件与模块,ContentExport.has_one,job_progress,app/models/content_export.rb,42,
association,作业、提交与评分,AssignmentEmbedding.belongs_to,assignment,app/models/assignment_embedding.rb,20,
association,作业、提交与评分,GradebookFilter.belongs_to,user,app/models/gradebook_filter.rb,22,
association,作业、提交与评分,GradebookFilter.belongs_to,course,app/models/gradebook_filter.rb,23,
association,作业、提交与评分,SubmissionComment.belongs_to,root_account,app/models/submission_comment.rb,44,
association,作业、提交与评分,SubmissionComment.belongs_to,submission,app/models/submission_comment.rb,45,
association,作业、提交与评分,SubmissionComment.belongs_to,author,app/models/submission_comment.rb,46,
association,作业、提交与评分,SubmissionComment.belongs_to,assessment_request,app/models/submission_comment.rb,47,
association,作业、提交与评分,SubmissionComment.belongs_to,context,app/models/submission_comment.rb,48,
association,作业、提交与评分,SubmissionComment.belongs_to,provisional_grade,app/models/submission_comment.rb,49,
association,作业、提交与评分,SubmissionComment.has_many,messages,app/models/submission_comment.rb,50,
association,作业、提交与评分,SubmissionComment.has_many,viewed_submission_comments,app/models/submission_comment.rb,51,
association,内容、文件与模块,AttachmentAssociation.belongs_to,attachment,app/models/attachment_association.rb,22,
association,内容、文件与模块,AttachmentAssociation.belongs_to,context,app/models/attachment_association.rb,23,
association,内容、文件与模块,AttachmentAssociation.belongs_to,user,app/models/attachment_association.rb,44,
association,内容、文件与模块,AttachmentAssociation.belongs_to,root_account,app/models/attachment_association.rb,45,
association,用户、身份与沟通,AiConversation.belongs_to,root_account,app/models/ai_conversation.rb,21,
association,用户、身份与沟通,AiConversation.belongs_to,account,app/models/ai_conversation.rb,22,
association,用户、身份与沟通,AiConversation.belongs_to,course,app/models/ai_conversation.rb,23,
association,用户、身份与沟通,AiConversation.belongs_to,user,app/models/ai_conversation.rb,24,
association,用户、身份与沟通,AiConversation.belongs_to,ai_experience,app/models/ai_conversation.rb,25,
association,其他,CanvadocsAnnotationContext.belongs_to,attachment,app/models/canvadocs_annotation_context.rb,21,
association,其他,CanvadocsAnnotationContext.belongs_to,root_account,app/models/canvadocs_annotation_context.rb,22,
association,其他,CanvadocsAnnotationContext.belongs_to,submission,app/models/canvadocs_annotation_context.rb,23,
association,其他,BlockEditorTemplate.belongs_to,context,app/models/block_editor_template.rb,24,
association,账户与租户管理,CourseAccountAssociation.belongs_to,course,app/models/course_account_association.rb,22,
association,账户与租户管理,CourseAccountAssociation.belongs_to,course_section,app/models/course_account_association.rb,23,
association,账户与租户管理,CourseAccountAssociation.belongs_to,account,app/models/course_account_association.rb,24,
association,账户与租户管理,CourseAccountAssociation.has_many,account_users,app/models/course_account_association.rb,25,
association,作业、提交与评分,SubmissionVersion.belongs_to,assignment,app/models/submission_version.rb,22,
association,作业、提交与评分,SubmissionVersion.belongs_to,context,app/models/submission_version.rb,23,
association,作业、提交与评分,SubmissionVersion.belongs_to,root_account,app/models/submission_version.rb,24,
association,作业、提交与评分,SubmissionVersion.belongs_to,version,app/models/submission_version.rb,31,
association,内容、文件与模块,PageView.belongs_to,developer_key,app/models/page_view.rb,24,
association,内容、文件与模块,PageView.belongs_to,user,app/models/page_view.rb,25,
association,内容、文件与模块,PageView.belongs_to,account,app/models/page_view.rb,26,
association,内容、文件与模块,PageView.belongs_to,real_user,app/models/page_view.rb,27,
association,内容、文件与模块,PageView.belongs_to,asset_user_access,app/models/page_view.rb,28,
association,内容、文件与模块,PageView.belongs_to,context,app/models/page_view.rb,32,
association,作业、提交与评分,GradebookCSV.belongs_to,course,app/models/gradebook_csv.rb,21,
association,作业、提交与评分,GradebookCSV.belongs_to,user,app/models/gradebook_csv.rb,22,
association,作业、提交与评分,GradebookCSV.belongs_to,attachment,app/models/gradebook_csv.rb,23,
association,作业、提交与评分,GradebookCSV.belongs_to,progress,app/models/gradebook_csv.rb,24,
association,学习成果与能力,LearningOutcome.belongs_to,context,app/models/learning_outcome.rb,52,
association,学习成果与能力,LearningOutcome.has_many,learning_outcome_results,app/models/learning_outcome.rb,53,
association,学习成果与能力,LearningOutcome.has_many,alignments,app/models/learning_outcome.rb,54,
association,学习成果与能力,LearningOutcome.has_many,attachment_associations,app/models/learning_outcome.rb,55,
association,学习成果与能力,LearningOutcome.belongs_to,copied_from,app/models/learning_outcome.rb,57,
association,学习成果与能力,LearningOutcome.has_many,cloned_outcomes,app/models/learning_outcome.rb,62,
association,学习成果与能力,LearningOutcomeGroup.belongs_to,learning_outcome_group,app/models/learning_outcome_group.rb,39,
association,学习成果与能力,LearningOutcomeGroup.belongs_to,source_outcome_group,app/models/learning_outcome_group.rb,40,
association,学习成果与能力,LearningOutcomeGroup.has_many,destination_outcome_groups,app/models/learning_outcome_group.rb,41,
association,学习成果与能力,LearningOutcomeGroup.has_many,child_outcome_groups,app/models/learning_outcome_group.rb,42,
association,学习成果与能力,LearningOutcomeGroup.has_many,child_outcome_links,app/models/learning_outcome_group.rb,43,
association,学习成果与能力,LearningOutcomeGroup.belongs_to,context,app/models/learning_outcome_group.rb,44,
association,学习成果与能力,LearningOutcomeGroup.has_many,attachment_associations,app/models/learning_outcome_group.rb,45,
association,账户与租户管理,Role.belongs_to,account,app/models/role.rb,61,
association,账户与租户管理,Role.belongs_to,root_account,app/models/role.rb,62,
association,账户与租户管理,Role.has_many,role_overrides,app/models/role.rb,63,
association,用户、身份与沟通,Notification.has_many,messages,app/models/notification.rb,137,
association,用户、身份与沟通,Notification.has_many,notification_policies,app/models/notification.rb,138,
association,用户、身份与沟通,Notification.has_many,notification_policy_overrides,app/models/notification.rb,139,
association,内容、文件与模块,PageComment.belongs_to,page,app/models/page_comment.rb,22,
association,内容、文件与模块,PageComment.belongs_to,user,app/models/page_comment.rb,23,
association,课程、班级与选课,CourseReport.belongs_to,course,app/models/course_report.rb,25,
association,课程、班级与选课,CourseReport.belongs_to,user,app/models/course_report.rb,26,
association,课程、班级与选课,CourseReport.belongs_to,attachment,app/models/course_report.rb,27,
association,课程、班级与选课,CourseReport.belongs_to,root_account,app/models/course_report.rb,28,
association,课程、班级与选课,CourseReport.has_one,progress,app/models/course_report.rb,29,
association,内容、文件与模块,Folder.belongs_to,context,app/models/folder.rb,38,
association,内容、文件与模块,Folder.belongs_to,cloned_item,app/models/folder.rb,39,
association,内容、文件与模块,Folder.belongs_to,parent_folder,app/models/folder.rb,40,
association,内容、文件与模块,Folder.has_many,file_attachments,app/models/folder.rb,41,
association,内容、文件与模块,Folder.has_many,active_file_attachments,app/models/folder.rb,42,
association,内容、文件与模块,Folder.has_many,visible_file_attachments,app/models/folder.rb,43,
association,内容、文件与模块,Folder.has_many,sub_folders,app/models/folder.rb,44,
association,内容、文件与模块,Folder.has_many,active_sub_folders,app/models/folder.rb,45,
association,讨论、公告与协作,WebConference.belongs_to,context,app/models/web_conference.rb,26,
association,讨论、公告与协作,WebConference.has_one,calendar_event,app/models/web_conference.rb,27,
association,讨论、公告与协作,WebConference.has_many,web_conference_participants,app/models/web_conference.rb,28,
association,讨论、公告与协作,WebConference.has_many,users,app/models/web_conference.rb,29,
association,讨论、公告与协作,WebConference.has_many,invitees,app/models/web_conference.rb,30,
association,讨论、公告与协作,WebConference.has_many,attendees,app/models/web_conference.rb,31,
association,讨论、公告与协作,WebConference.belongs_to,user,app/models/web_conference.rb,32,
association,SIS、导入导出与报表,SisBatchError.belongs_to,sis_batch,app/models/sis_batch_error.rb,21,
association,SIS、导入导出与报表,SisBatchError.belongs_to,parallel_importer,app/models/sis_batch_error.rb,22,
association,SIS、导入导出与报表,SisBatchError.belongs_to,root_account,app/models/sis_batch_error.rb,23,
association,其他,ReceivedContentShare.belongs_to,sender,app/models/received_content_share.rb,22,
association,学习成果与能力,LearningOutcomeQuestionResult.belongs_to,learning_outcome_result,app/models/learning_outcome_question_result.rb,22,
association,学习成果与能力,LearningOutcomeQuestionResult.belongs_to,learning_outcome,app/models/learning_outcome_question_result.rb,23,
association,学习成果与能力,LearningOutcomeQuestionResult.belongs_to,associated_asset,app/models/learning_outcome_question_result.rb,24,
association,学习成果与能力,LearningOutcomeQuestionResult.belongs_to,root_account,app/models/learning_outcome_question_result.rb,25,
association,课程、班级与选课,GradingPeriodGroup.belongs_to,root_account,app/models/grading_period_group.rb,24,
association,课程、班级与选课,GradingPeriodGroup.belongs_to,course,app/models/grading_period_group.rb,25,
association,课程、班级与选课,GradingPeriodGroup.has_many,grading_periods,app/models/grading_period_group.rb,26,
association,课程、班级与选课,GradingPeriodGroup.has_many,enrollment_terms,app/models/grading_period_group.rb,27,
association,其他,EstimatedDuration.belongs_to,context,app/models/estimated_duration.rb,22,
association,其他,PostPolicy.belongs_to,course,app/models/post_policy.rb,21,
association,其他,PostPolicy.belongs_to,assignment,app/models/post_policy.rb,22,
association,其他,PostPolicy.has_one,scheduled_post,app/models/post_policy.rb,23,
association,其他,Purgatory.belongs_to,attachment,app/models/purgatory.rb,21,
association,其他,Purgatory.belongs_to,deleted_by_user,app/models/purgatory.rb,22,
association,用户、身份与沟通,Conversation.has_many,conversation_participants,app/models/conversation.rb,27,
association,用户、身份与沟通,Conversation.has_many,conversation_messages,app/models/conversation.rb,28,
association,用户、身份与沟通,Conversation.has_many,conversation_message_participants,app/models/conversation.rb,29,
association,用户、身份与沟通,Conversation.has_one,stream_item,app/models/conversation.rb,30,
association,用户、身份与沟通,Conversation.belongs_to,context,app/models/conversation.rb,31,
association,课程、班级与选课,CourseScoreStatistic.belongs_to,course,app/models/course_score_statistic.rb,22,
association,作业、提交与评分,AbstractAssignment.has_many,submissions,app/models/abstract_assignment.rb,106,
association,作业、提交与评分,AbstractAssignment.has_many,all_submissions,app/models/abstract_assignment.rb,107,
association,作业、提交与评分,AbstractAssignment.has_many,observer_alerts,app/models/abstract_assignment.rb,108,
association,作业、提交与评分,AbstractAssignment.has_many,provisional_grades,app/models/abstract_assignment.rb,109,
association,作业、提交与评分,AbstractAssignment.belongs_to,annotatable_attachment,app/models/abstract_assignment.rb,110,
association,作业、提交与评分,AbstractAssignment.has_many,attachments,app/models/abstract_assignment.rb,111,
association,作业、提交与评分,AbstractAssignment.has_many,attachment_associations,app/models/abstract_assignment.rb,112,
association,作业、提交与评分,AbstractAssignment.has_one,quiz,app/models/abstract_assignment.rb,113,
association,作业、提交与评分,AbstractAssignment.belongs_to,assignment_group,app/models/abstract_assignment.rb,114,
association,作业、提交与评分,AbstractAssignment.has_one,discussion_topic,app/models/abstract_assignment.rb,115,
association,作业、提交与评分,AbstractAssignment.has_one,wiki_page,app/models/abstract_assignment.rb,116,
association,作业、提交与评分,AbstractAssignment.has_many,learning_outcome_alignments,app/models/abstract_assignment.rb,117,
association,作业、提交与评分,AbstractAssignment.has_one,rubric_association,app/models/abstract_assignment.rb,118,
association,作业、提交与评分,AbstractAssignment.has_one,rubric,app/models/abstract_assignment.rb,119,
association,作业、提交与评分,AbstractAssignment.has_one,teacher_enrollment,app/models/abstract_assignment.rb,120,
association,作业、提交与评分,AbstractAssignment.has_many,ignores,app/models/abstract_assignment.rb,121,
association,作业、提交与评分,AbstractAssignment.has_many,moderated_grading_selections,app/models/abstract_assignment.rb,122,
association,作业、提交与评分,AbstractAssignment.belongs_to,context,app/models/abstract_assignment.rb,123,
association,作业、提交与评分,AbstractAssignment.belongs_to,grading_standard,app/models/abstract_assignment.rb,125,
association,作业、提交与评分,AbstractAssignment.belongs_to,group_category,app/models/abstract_assignment.rb,126,
association,作业、提交与评分,AbstractAssignment.belongs_to,grader_section,app/models/abstract_assignment.rb,127,
association,作业、提交与评分,AbstractAssignment.belongs_to,final_grader,app/models/abstract_assignment.rb,128,
association,作业、提交与评分,AbstractAssignment.has_many,active_groups,app/models/abstract_assignment.rb,129,
association,作业、提交与评分,AbstractAssignment.has_many,group_memberships,app/models/abstract_assignment.rb,130,
association,作业、提交与评分,AbstractAssignment.has_many,assigned_students,app/models/abstract_assignment.rb,131,
association,作业、提交与评分,AbstractAssignment.has_many,enrollments_for_assigned_students,app/models/abstract_assignment.rb,132,
association,作业、提交与评分,AbstractAssignment.has_many,sections_for_assigned_students,app/models/abstract_assignment.rb,133,
association,作业、提交与评分,AbstractAssignment.belongs_to,duplicate_of,app/models/abstract_assignment.rb,135,
association,作业、提交与评分,AbstractAssignment.has_many,duplicates,app/models/abstract_assignment.rb,136,
association,作业、提交与评分,AbstractAssignment.has_many,assignment_configuration_tool_lookups,app/models/abstract_assignment.rb,138,
association,作业、提交与评分,AbstractAssignment.has_many,tool_settings_context_external_tools,app/models/abstract_assignment.rb,139,
association,作业、提交与评分,AbstractAssignment.has_many,line_items,app/models/abstract_assignment.rb,140,
association,作业、提交与评分,AbstractAssignment.has_one,external_tool_tag,app/models/abstract_assignment.rb,142,
association,作业、提交与评分,AbstractAssignment.has_one,score_statistic,app/models/abstract_assignment.rb,143,
association,作业、提交与评分,AbstractAssignment.has_one,post_policy,app/models/abstract_assignment.rb,144,
association,作业、提交与评分,AbstractAssignment.has_one,scheduled_post,app/models/abstract_assignment.rb,145,
association,作业、提交与评分,AbstractAssignment.has_many,moderation_graders,app/models/abstract_assignment.rb,147,
association,作业、提交与评分,AbstractAssignment.has_many,moderation_grader_users,app/models/abstract_assignment.rb,148,
association,作业、提交与评分,AbstractAssignment.has_many,auditor_grade_change_records,app/models/abstract_assignment.rb,150,
association,作业、提交与评分,AbstractAssignment.has_many,lti_resource_links,app/models/abstract_assignment.rb,155,
association,作业、提交与评分,AbstractAssignment.has_many,lti_asset_processors,app/models/abstract_assignment.rb,160,
association,作业、提交与评分,AbstractAssignment.has_many,conditional_release_rules,app/models/abstract_assignment.rb,162,
association,作业、提交与评分,AbstractAssignment.has_many,conditional_release_associations,app/models/abstract_assignment.rb,163,
association,作业、提交与评分,AbstractAssignment.has_one,master_content_tag,app/models/abstract_assignment.rb,164,
association,作业、提交与评分,AbstractAssignment.belongs_to,parent_assignment,app/models/abstract_assignment.rb,166,
association,作业、提交与评分,AbstractAssignment.has_many,sub_assignments,app/models/abstract_assignment.rb,167,
association,作业、提交与评分,AbstractAssignment.has_many,ordered_sub_assignments,app/models/abstract_assignment.rb,169,
association,作业、提交与评分,AbstractAssignment.has_many,sub_assignment_submissions,app/models/abstract_assignment.rb,170,
association,作业、提交与评分,AbstractAssignment.has_many,sub_assignment_overrides,app/models/abstract_assignment.rb,171,
association,作业、提交与评分,AbstractAssignment.has_one,estimated_duration,app/models/abstract_assignment.rb,172,
association,作业、提交与评分,AbstractAssignment.has_many,comment_bank_items,app/models/abstract_assignment.rb,173,
association,课程、班级与选课,CoursePaceModuleItem.belongs_to,course_pace,app/models/course_pace_module_item.rb,22,
association,课程、班级与选课,CoursePaceModuleItem.belongs_to,module_item,app/models/course_pace_module_item.rb,23,
association,课程、班级与选课,CoursePaceModuleItem.belongs_to,root_account,app/models/course_pace_module_item.rb,24,
association,学习成果与能力,OutcomeRollup.belongs_to,course,app/models/outcome_rollup.rb,25,
association,学习成果与能力,OutcomeRollup.belongs_to,user,app/models/outcome_rollup.rb,26,
association,学习成果与能力,OutcomeRollup.belongs_to,outcome,app/models/outcome_rollup.rb,27,
association,用户、身份与沟通,ConversationMessage.belongs_to,conversation,app/models/conversation_message.rb,30,
association,用户、身份与沟通,ConversationMessage.belongs_to,author,app/models/conversation_message.rb,31,
association,用户、身份与沟通,ConversationMessage.belongs_to,context,app/models/conversation_message.rb,32,
association,用户、身份与沟通,ConversationMessage.has_many,conversation_message_participants,app/models/conversation_message.rb,33,
association,用户、身份与沟通,ConversationMessage.has_many,attachment_associations,app/models/conversation_message.rb,34,
association,用户、身份与沟通,ConversationMessage.belongs_to,asset,app/models/conversation_message.rb,37,
association,讨论、公告与协作,EportfolioCategory.has_many,eportfolio_entries,app/models/eportfolio_category.rb,24,
association,讨论、公告与协作,EportfolioCategory.belongs_to,eportfolio,app/models/eportfolio_category.rb,25,
association,学习成果与能力,OutcomeImport.belongs_to,context,app/models/outcome_import.rb,24,
association,学习成果与能力,OutcomeImport.belongs_to,attachment,app/models/outcome_import.rb,25,
association,学习成果与能力,OutcomeImport.belongs_to,user,app/models/outcome_import.rb,26,
association,学习成果与能力,OutcomeImport.has_many,outcome_import_errors,app/models/outcome_import.rb,27,
association,作业、提交与评分,Submission.belongs_to,attachment,app/models/submission.rb,141,
association,作业、提交与评分,Submission.belongs_to,assignment,app/models/submission.rb,142,
association,作业、提交与评分,Submission.belongs_to,course,app/models/submission.rb,143,
association,作业、提交与评分,Submission.belongs_to,custom_grade_status,app/models/submission.rb,144,
association,作业、提交与评分,Submission.has_many,observer_alerts,app/models/submission.rb,145,
association,作业、提交与评分,Submission.has_many,lti_assets,app/models/submission.rb,146,
association,作业、提交与评分,Submission.belongs_to,user,app/models/submission.rb,147,
association,作业、提交与评分,Submission.belongs_to,grader,app/models/submission.rb,149,
association,作业、提交与评分,Submission.belongs_to,proxy_submitter,app/models/submission.rb,150,
association,作业、提交与评分,Submission.belongs_to,grading_period,app/models/submission.rb,151,
association,作业、提交与评分,Submission.belongs_to,group,app/models/submission.rb,152,
association,作业、提交与评分,Submission.belongs_to,media_object,app/models/submission.rb,153,
association,作业、提交与评分,Submission.belongs_to,root_account,app/models/submission.rb,154,
association,作业、提交与评分,Submission.belongs_to,quiz_submission,app/models/submission.rb,156,
association,作业、提交与评分,Submission.belongs_to,real_submitter,app/models/submission.rb,157,
association,作业、提交与评分,Submission.has_many,all_submission_comments,app/models/submission.rb,158,
association,作业、提交与评分,Submission.has_many,all_submission_comments_for_groups,app/models/submission.rb,159,
association,作业、提交与评分,Submission.has_many,group_memberships,app/models/submission.rb,160,
association,作业、提交与评分,Submission.has_many,submission_comments,app/models/submission.rb,161,
association,作业、提交与评分,Submission.has_many,visible_submission_comments,app/models/submission.rb,162,
association,作业、提交与评分,Submission.has_many,hidden_submission_comments,app/models/submission.rb,165,
association,作业、提交与评分,Submission.has_many,assessment_requests,app/models/submission.rb,166,
association,作业、提交与评分,Submission.has_many,assigned_assessments,app/models/submission.rb,167,
association,作业、提交与评分,Submission.has_many,rubric_assessments,app/models/submission.rb,168,
association,作业、提交与评分,Submission.has_many,attachment_associations,app/models/submission.rb,169,
association,作业、提交与评分,Submission.has_many,provisional_grades,app/models/submission.rb,170,
association,作业、提交与评分,Submission.has_many,originality_reports,app/models/submission.rb,171,
association,作业、提交与评分,Submission.has_one,rubric_assessment,app/models/submission.rb,172,
association,作业、提交与评分,Submission.has_one,lti_result,app/models/submission.rb,180,
association,作业、提交与评分,Submission.has_many,submission_drafts,app/models/submission.rb,181,
association,作业、提交与评分,Submission.has_many,conversation_messages,app/models/submission.rb,186,
association,作业、提交与评分,Submission.has_many,content_participations,app/models/submission.rb,188,
association,作业、提交与评分,Submission.has_many,canvadocs_annotation_contexts,app/models/submission.rb,190,
association,作业、提交与评分,Submission.has_many,canvadocs_submissions,app/models/submission.rb,191,
association,作业、提交与评分,Submission.has_many,auditor_grade_change_records,app/models/submission.rb,193,
association,作业、提交与评分,Submission.has_many,submission_texts,app/models/submission.rb,197,
association,作业、提交与评分,Submission.has_many,auto_grade_results,app/models/submission.rb,198,
association,内容、文件与模块,that.has_many,context_module_tags,app/models/context_module_item.rb,29,
association,内容、文件与模块,that.has_many,context_modules,app/models/context_module_item.rb,30,
association,作业、提交与评分,PeerReviewSubAssignment.belongs_to,parent_assignment,app/models/peer_review_sub_assignment.rb,22,
association,作业、提交与评分,PeerReviewSubAssignment.has_many,assessment_requests,app/models/peer_review_sub_assignment.rb,23,
association,测验与题库,AssessmentQuestion.has_many,quiz_questions,app/models/assessment_question.rb,25,
association,测验与题库,AssessmentQuestion.has_many,attachments,app/models/assessment_question.rb,26,
association,测验与题库,AssessmentQuestion.belongs_to,assessment_question_bank,app/models/assessment_question.rb,31,
association,课程、班级与选课,DiscussionTopicSectionVisibility.belongs_to,course_section,app/models/discussion_topic_section_visibility.rb,23,
association,课程、班级与选课,DiscussionTopicSectionVisibility.belongs_to,discussion_topic,app/models/discussion_topic_section_visibility.rb,24,
association,其他,ScoreMetadata.belongs_to,score,app/models/score_metadata.rb,24,
association,账户与租户管理,DeveloperKey.belongs_to,user,app/models/developer_key.rb,54,
association,账户与租户管理,DeveloperKey.belongs_to,account,app/models/developer_key.rb,55,
association,账户与租户管理,DeveloperKey.belongs_to,root_account,app/models/developer_key.rb,56,
association,账户与租户管理,DeveloperKey.belongs_to,service_user,app/models/developer_key.rb,57,
association,账户与租户管理,DeveloperKey.belongs_to,lti_registration,app/models/developer_key.rb,58,
association,账户与租户管理,DeveloperKey.has_many,page_views,app/models/developer_key.rb,59,
association,账户与租户管理,DeveloperKey.has_many,access_tokens,app/models/developer_key.rb,60,
association,账户与租户管理,DeveloperKey.has_many,developer_key_account_bindings,app/models/developer_key.rb,61,
association,账户与租户管理,DeveloperKey.has_many,context_external_tools,app/models/developer_key.rb,62,
association,账户与租户管理,DeveloperKey.has_one,tool_consumer_profile,app/models/developer_key.rb,64,
association,账户与租户管理,DeveloperKey.has_one,tool_configuration,app/models/developer_key.rb,65,
association,账户与租户管理,DeveloperKey.has_one,ims_registration,app/models/developer_key.rb,73,
association,账户与租户管理,BrandConfig.has_many,accounts,app/models/brand_config.rb,41,
association,账户与租户管理,BrandConfig.has_many,shared_brand_configs,app/models/brand_config.rb,42,
association,账户与租户管理,BrandConfig.belongs_to,parent,app/models/brand_config.rb,44,
association,讨论、公告与协作,DiscussionEntryParticipant.belongs_to,discussion_entry,app/models/discussion_entry_participant.rb,24,
association,讨论、公告与协作,DiscussionEntryParticipant.belongs_to,user,app/models/discussion_entry_participant.rb,25,
association,作业、提交与评分,ViewedSubmissionComment.belongs_to,submission_comment,app/models/viewed_submission_comment.rb,22,
association,作业、提交与评分,ViewedSubmissionComment.belongs_to,user,app/models/viewed_submission_comment.rb,23,
association,用户、身份与沟通,Profile.belongs_to,context,app/models/profile.rb,21,
association,用户、身份与沟通,Profile.belongs_to,root_account,app/models/profile.rb,22,
association,用户、身份与沟通,Profile.has_one,profile,app/models/profile.rb,100,
association,其他,ExternalFeedEntry.belongs_to,user,app/models/external_feed_entry.rb,24,
association,其他,ExternalFeedEntry.belongs_to,external_feed,app/models/external_feed_entry.rb,25,
association,其他,ExternalFeedEntry.belongs_to,asset,app/models/external_feed_entry.rb,26,
association,学习成果与能力,OutcomeFriendlyDescription.belongs_to,learning_outcome,app/models/outcome_friendly_description.rb,25,
association,学习成果与能力,OutcomeFriendlyDescription.belongs_to,context,app/models/outcome_friendly_description.rb,26,
association,讨论、公告与协作,EportfolioEntry.belongs_to,eportfolio,app/models/eportfolio_entry.rb,25,
association,讨论、公告与协作,EportfolioEntry.belongs_to,eportfolio_category,app/models/eportfolio_entry.rb,26,
association,讨论、公告与协作,EportfolioEntry.has_many,page_comments,app/models/eportfolio_entry.rb,38,
association,SIS、导入导出与报表,EpubExport.belongs_to,content_export,app/models/epub_export.rb,25,
association,SIS、导入导出与报表,EpubExport.belongs_to,course,app/models/epub_export.rb,26,
association,SIS、导入导出与报表,EpubExport.belongs_to,user,app/models/epub_export.rb,27,
association,SIS、导入导出与报表,EpubExport.has_many,attachments,app/models/epub_export.rb,28,
association,SIS、导入导出与报表,EpubExport.has_one,epub_attachment,app/models/epub_export.rb,29,
association,SIS、导入导出与报表,EpubExport.has_one,zip_attachment,app/models/epub_export.rb,30,
association,SIS、导入导出与报表,EpubExport.has_one,job_progress,app/models/epub_export.rb,31,
association,其他,ExternalContentReference.belongs_to,root_account,app/models/external_content_reference.rb,22,
association,其他,ExternalContentReference.belongs_to,context,app/models/external_content_reference.rb,23,
association,讨论、公告与协作,Eportfolio.has_many,eportfolio_categories,app/models/eportfolio.rb,24,
association,讨论、公告与协作,Eportfolio.has_many,eportfolio_entries,app/models/eportfolio.rb,25,
association,讨论、公告与协作,Eportfolio.has_many,attachments,app/models/eportfolio.rb,26,
association,讨论、公告与协作,Eportfolio.belongs_to,user,app/models/eportfolio.rb,30,
association,用户、身份与沟通,DelayedMessage.belongs_to,notification_policy,app/models/delayed_message.rb,24,
association,用户、身份与沟通,DelayedMessage.belongs_to,notification_policy_override,app/models/delayed_message.rb,25,
association,用户、身份与沟通,DelayedMessage.belongs_to,context,app/models/delayed_message.rb,26,
association,用户、身份与沟通,DelayedMessage.belongs_to,communication_channel,app/models/delayed_message.rb,63,
association,课程、班级与选课,AbstractCourse.belongs_to,root_account,app/models/abstract_course.rb,24,
association,课程、班级与选课,AbstractCourse.belongs_to,account,app/models/abstract_course.rb,25,
association,课程、班级与选课,AbstractCourse.belongs_to,enrollment_term,app/models/abstract_course.rb,26,
association,课程、班级与选课,AbstractCourse.has_many,courses,app/models/abstract_course.rb,27,
association,作业、提交与评分,SubAssignment.has_one,discussion_topic,app/models/sub_assignment.rb,26,
association,课程、班级与选课,EnrollmentDatesOverride.belongs_to,root_account,app/models/enrollment_dates_override.rb,22,
association,课程、班级与选课,EnrollmentDatesOverride.belongs_to,context,app/models/enrollment_dates_override.rb,23,
association,课程、班级与选课,EnrollmentDatesOverride.belongs_to,enrollment_term,app/models/enrollment_dates_override.rb,24,
association,SIS、导入导出与报表,SisBatchRollBackData.belongs_to,sis_batch,app/models/sis_batch_roll_back_data.rb,21,
association,SIS、导入导出与报表,SisBatchRollBackData.belongs_to,context,app/models/sis_batch_roll_back_data.rb,22,
association,讨论、公告与协作,AppointmentGroup.has_many,appointments,app/models/appointment_group.rb,26,
association,讨论、公告与协作,AppointmentGroup.has_many,through,app/models/appointment_group.rb,30,
association,讨论、公告与协作,AppointmentGroup.has_many,_appointments,app/models/appointment_group.rb,33,
association,讨论、公告与协作,AppointmentGroup.has_many,appointments_participants,app/models/appointment_group.rb,34,
association,讨论、公告与协作,AppointmentGroup.has_many,appointment_group_contexts,app/models/appointment_group.rb,35,
association,讨论、公告与协作,AppointmentGroup.has_many,appointment_group_sub_contexts,app/models/appointment_group.rb,36,
association,作业、提交与评分,RubricAssessment.belongs_to,rubric,app/models/rubric_assessment.rb,29,
association,作业、提交与评分,RubricAssessment.belongs_to,rubric_association,app/models/rubric_assessment.rb,30,
association,作业、提交与评分,RubricAssessment.belongs_to,user,app/models/rubric_assessment.rb,31,
association,作业、提交与评分,RubricAssessment.belongs_to,assessor,app/models/rubric_assessment.rb,32,
association,作业、提交与评分,RubricAssessment.belongs_to,artifact,app/models/rubric_assessment.rb,33,
association,作业、提交与评分,RubricAssessment.has_many,assessment_requests,app/models/rubric_assessment.rb,36,
association,作业、提交与评分,RubricAssessment.has_many,learning_outcome_results,app/models/rubric_assessment.rb,37,
association,分析、审计与运维,FeatureFlag.belongs_to,context,app/models/feature_flag.rb,28,
association,SIS、导入导出与报表,SisBatch.belongs_to,account,app/models/sis_batch.rb,25,
association,SIS、导入导出与报表,SisBatch.belongs_to,attachment,app/models/sis_batch.rb,30,
association,SIS、导入导出与报表,SisBatch.belongs_to,errors_attachment,app/models/sis_batch.rb,31,
association,SIS、导入导出与报表,SisBatch.has_many,parallel_importers,app/models/sis_batch.rb,32,
association,SIS、导入导出与报表,SisBatch.has_many,sis_batch_errors,app/models/sis_batch.rb,33,
association,SIS、导入导出与报表,SisBatch.has_many,roll_back_data,app/models/sis_batch.rb,34,
association,SIS、导入导出与报表,SisBatch.has_many,progresses,app/models/sis_batch.rb,35,
association,SIS、导入导出与报表,SisBatch.belongs_to,generated_diff,app/models/sis_batch.rb,36,
association,SIS、导入导出与报表,SisBatch.belongs_to,batch_mode_term,app/models/sis_batch.rb,37,
association,SIS、导入导出与报表,SisBatch.belongs_to,user,app/models/sis_batch.rb,38,
association,SIS、导入导出与报表,SisBatch.has_many,auditor_course_records,app/models/sis_batch.rb,39,
association,课程、班级与选课,EnrollmentState.belongs_to,enrollment,app/models/enrollment_state.rb,40,
association,账户与租户管理,OAuthRequest.belongs_to,user,app/models/oauth_request.rb,22,
association,用户、身份与沟通,ConversationBatch.belongs_to,user,app/models/conversation_batch.rb,24,
association,用户、身份与沟通,ConversationBatch.belongs_to,root_conversation_message,app/models/conversation_batch.rb,25,
association,用户、身份与沟通,ConversationBatch.belongs_to,context,app/models/conversation_batch.rb,26,
association,讨论、公告与协作,AppointmentGroupSubContext.belongs_to,appointment_group,app/models/appointment_group_sub_context.rb,22,
association,讨论、公告与协作,AppointmentGroupSubContext.belongs_to,sub_context,app/models/appointment_group_sub_context.rb,23,
association,其他,TranslationFeedback.belongs_to,root_account,app/models/translation_feedback.rb,25,
association,其他,TranslationFeedback.belongs_to,user,app/models/translation_feedback.rb,26,
association,其他,TranslationFeedback.belongs_to,context,app/models/translation_feedback.rb,27,
association,其他,TranslationFeedback.belongs_to,content,app/models/translation_feedback.rb,28,
association,账户与租户管理,TermsOfService.belongs_to,account,app/models/terms_of_service.rb,24,
association,账户与租户管理,TermsOfService.belongs_to,terms_of_service_content,app/models/terms_of_service.rb,25,
association,作业、提交与评分,AssignmentConfigurationToolLookup.belongs_to,tool,app/models/assignment_configuration_tool_lookup.rb,25,
association,作业、提交与评分,AssignmentConfigurationToolLookup.belongs_to,assignment,app/models/assignment_configuration_tool_lookup.rb,26,
association,SIS、导入导出与报表,SessionPersistenceToken.belongs_to,pseudonym,app/models/session_persistence_token.rb,42,
association,用户、身份与沟通,NotificationPolicy.belongs_to,communication_channel,app/models/notification_policy.rb,24,
association,用户、身份与沟通,NotificationPolicy.has_many,delayed_messages,app/models/notification_policy.rb,25,
association,内容、文件与模块,AiExperienceContextFile.belongs_to,ai_experience,app/models/ai_experience_context_file.rb,21,
association,内容、文件与模块,AiExperienceContextFile.belongs_to,attachment,app/models/ai_experience_context_file.rb,22,
association,内容、文件与模块,AiExperienceContextFile.belongs_to,root_account,app/models/ai_experience_context_file.rb,23,
association,课程、班级与选课,CoursePace.belongs_to,course,app/models/course_pace.rb,35,
association,课程、班级与选课,CoursePace.has_many,course_pace_module_items,app/models/course_pace.rb,36,
association,课程、班级与选课,CoursePace.belongs_to,course_section,app/models/course_pace.rb,40,
association,课程、班级与选课,CoursePace.belongs_to,user,app/models/course_pace.rb,41,
association,课程、班级与选课,CoursePace.belongs_to,root_account,app/models/course_pace.rb,42,
association,作业、提交与评分,SubmissionDraftAttachment.belongs_to,submission_draft,app/models/submission_draft_attachment.rb,22,
association,作业、提交与评分,SubmissionDraftAttachment.belongs_to,attachment,app/models/submission_draft_attachment.rb,23,
association,作业、提交与评分,ModerationGrader.belongs_to,user,app/models/moderation_grader.rb,22,
association,作业、提交与评分,ModerationGrader.belongs_to,assignment,app/models/moderation_grader.rb,23,
association,用户、身份与沟通,ConversationParticipant.belongs_to,conversation,app/models/conversation_participant.rb,28,
association,用户、身份与沟通,ConversationParticipant.belongs_to,user,app/models/conversation_participant.rb,29,
association,用户、身份与沟通,ConversationParticipant.has_many,conversation_message_participants,app/models/conversation_participant.rb,31,
association,课程、班级与选课,Course.belongs_to,root_account,app/models/course.rb,85,
association,课程、班级与选课,Course.belongs_to,abstract_course,app/models/course.rb,86,
association,课程、班级与选课,Course.belongs_to,enrollment_term,app/models/course.rb,87,
association,课程、班级与选课,Course.belongs_to,template_course,app/models/course.rb,88,
association,课程、班级与选课,Course.has_many,templated_courses,app/models/course.rb,89,
association,课程、班级与选课,Course.has_many,templated_accounts,app/models/course.rb,90,
association,课程、班级与选课,Course.has_many,block_editor_templates,app/models/course.rb,91,
association,课程、班级与选课,Course.belongs_to,linked_homeroom_course,app/models/course.rb,93,
association,课程、班级与选课,Course.has_many,course_sections,app/models/course.rb,95,
association,课程、班级与选课,Course.has_many,active_course_sections,app/models/course.rb,96,
association,课程、班级与选课,Course.has_many,moved_sections,app/models/course.rb,97,
association,课程、班级与选课,Course.has_many,enrollments,app/models/course.rb,98,
association,课程、班级与选课,Course.has_many,all_enrollments,app/models/course.rb,100,
association,课程、班级与选课,Course.has_many,current_enrollments,app/models/course.rb,101,
association,课程、班级与选课,Course.has_many,all_current_enrollments,app/models/course.rb,102,
association,课程、班级与选课,Course.has_many,prior_enrollments,app/models/course.rb,103,
association,课程、班级与选课,Course.has_many,prior_users,app/models/course.rb,104,
association,课程、班级与选课,Course.has_many,prior_students,app/models/course.rb,105,
association,课程、班级与选课,Course.has_many,participating_enrollments,app/models/course.rb,107,
association,课程、班级与选课,Course.has_many,participating_students,app/models/course.rb,109,
association,课程、班级与选课,Course.has_many,participating_students_by_date,app/models/course.rb,110,
association,课程、班级与选课,Course.has_many,student_enrollments,app/models/course.rb,119,
association,课程、班级与选课,Course.has_many,student_enrollments_including_completed,app/models/course.rb,120,
association,课程、班级与选课,Course.has_many,students,app/models/course.rb,121,
association,课程、班级与选课,Course.has_many,self_enrolled_students,app/models/course.rb,122,
association,课程、班级与选课,Course.has_many,admin_visible_student_enrollments,app/models/course.rb,123,
association,课程、班级与选课,Course.has_many,admin_visible_students,app/models/course.rb,124,
association,课程、班级与选课,Course.has_many,gradable_student_enrollments,app/models/course.rb,125,
association,课程、班级与选课,Course.has_many,gradable_students,app/models/course.rb,126,
association,课程、班级与选课,Course.has_many,all_student_enrollments,app/models/course.rb,127,
association,课程、班级与选课,Course.has_many,all_student_enrollments_including_deleted,app/models/course.rb,128,
association,课程、班级与选课,Course.has_many,all_students,app/models/course.rb,129,
association,课程、班级与选课,Course.has_many,all_students_including_deleted,app/models/course.rb,130,
association,课程、班级与选课,Course.has_many,all_accepted_student_enrollments,app/models/course.rb,131,
association,课程、班级与选课,Course.has_many,all_accepted_students,app/models/course.rb,132,
association,课程、班级与选课,Course.has_many,all_real_enrollments,app/models/course.rb,133,
association,课程、班级与选课,Course.has_many,all_real_users,app/models/course.rb,134,
association,课程、班级与选课,Course.has_many,all_real_student_enrollments,app/models/course.rb,135,
association,课程、班级与选课,Course.has_many,all_real_students,app/models/course.rb,136,
association,课程、班级与选课,Course.has_many,teacher_enrollments,app/models/course.rb,137,
association,课程、班级与选课,Course.has_many,teachers,app/models/course.rb,138,
association,课程、班级与选课,Course.has_many,active_teacher_enrollments,app/models/course.rb,139,
association,课程、班级与选课,Course.has_many,active_teachers,app/models/course.rb,140,
association,课程、班级与选课,Course.has_many,ta_enrollments,app/models/course.rb,141,
association,课程、班级与选课,Course.has_many,tas,app/models/course.rb,142,
association,课程、班级与选课,Course.has_many,observer_enrollments,app/models/course.rb,143,
association,课程、班级与选课,Course.has_many,observers,app/models/course.rb,144,
association,课程、班级与选课,Course.has_many,non_observer_enrollments,app/models/course.rb,145,
association,课程、班级与选课,Course.has_many,enrollments_excluding_linked_observers,app/models/course.rb,151,
association,课程、班级与选课,Course.has_many,participating_observers,app/models/course.rb,157,
association,课程、班级与选课,Course.has_many,participating_observers_by_date,app/models/course.rb,158,
association,课程、班级与选课,Course.has_many,instructors,app/models/course.rb,167,
association,课程、班级与选课,Course.has_many,instructor_enrollments,app/models/course.rb,168,
association,课程、班级与选课,Course.has_many,participating_instructors,app/models/course.rb,169,
association,课程、班级与选课,Course.has_many,participating_instructors_by_date,app/models/course.rb,170,
association,课程、班级与选课,Course.has_many,admins,app/models/course.rb,179,
association,课程、班级与选课,Course.has_many,admin_enrollments,app/models/course.rb,180,
association,课程、班级与选课,Course.has_many,participating_admins,app/models/course.rb,181,
association,课程、班级与选课,Course.has_many,participating_admins_by_date,app/models/course.rb,182,
association,课程、班级与选课,Course.has_many,student_view_enrollments,app/models/course.rb,191,
association,课程、班级与选课,Course.has_many,student_view_students,app/models/course.rb,192,
association,课程、班级与选课,Course.has_many,custom_gradebook_columns,app/models/course.rb,193,
association,课程、班级与选课,Course.has_many,course_account_associations,app/models/course.rb,198,
association,课程、班级与选课,Course.has_many,users,app/models/course.rb,199,
association,课程、班级与选课,Course.has_many,all_users,app/models/course.rb,200,
association,课程、班级与选课,Course.has_many,current_users,app/models/course.rb,201,
association,课程、班级与选课,Course.has_many,all_current_users,app/models/course.rb,202,
association,课程、班级与选课,Course.has_many,active_users,app/models/course.rb,203,
association,课程、班级与选课,Course.has_many,user_past_lti_ids,app/models/course.rb,204,
association,课程、班级与选课,Course.has_many,group_categories,app/models/course.rb,205,
association,课程、班级与选课,Course.has_many,all_group_categories,app/models/course.rb,206,
association,课程、班级与选课,Course.has_many,combined_group_and_differentiation_tag_categories,app/models/course.rb,207,
association,课程、班级与选课,Course.has_many,active_combined_group_and_differentiation_tag_categories,app/models/course.rb,208,
association,课程、班级与选课,Course.has_many,groups,app/models/course.rb,209,
association,课程、班级与选课,Course.has_many,active_groups,app/models/course.rb,210,
association,课程、班级与选课,Course.has_many,differentiation_tag_categories,app/models/course.rb,211,
association,课程、班级与选课,Course.has_many,all_differentiation_tag_categories,app/models/course.rb,212,
association,课程、班级与选课,Course.has_many,differentiation_tags,app/models/course.rb,213,
association,课程、班级与选课,Course.has_many,active_differentiation_tags,app/models/course.rb,214,
association,课程、班级与选课,Course.has_many,combined_groups_and_differentiation_tags,app/models/course.rb,216,
association,课程、班级与选课,Course.has_many,assignment_groups,app/models/course.rb,217,
association,课程、班级与选课,Course.has_many,assignments,app/models/course.rb,218,
association,课程、班级与选课,Course.has_many,ai_experiences,app/models/course.rb,219,
association,课程、班级与选课,Course.has_many,calendar_events,app/models/course.rb,220,
association,课程、班级与选课,Course.has_many,submissions,app/models/course.rb,221,
association,课程、班级与选课,Course.has_many,submission_comments,app/models/course.rb,222,
association,课程、班级与选课,Course.has_many,discussion_topics,app/models/course.rb,223,
association,课程、班级与选课,Course.has_many,active_discussion_topics,app/models/course.rb,224,
association,课程、班级与选课,Course.has_many,all_discussion_topics,app/models/course.rb,225,
association,课程、班级与选课,Course.has_many,discussion_entries,app/models/course.rb,226,
association,课程、班级与选课,Course.has_many,announcements,app/models/course.rb,227,
association,课程、班级与选课,Course.has_many,active_announcements,app/models/course.rb,228,
association,课程、班级与选课,Course.has_many,attachments,app/models/course.rb,229,
association,课程、班级与选课,Course.has_many,attachment_associations,app/models/course.rb,230,
association,课程、班级与选课,Course.has_many,active_images,app/models/course.rb,231,
association,课程、班级与选课,Course.has_many,active_assignments,app/models/course.rb,232,
association,课程、班级与选课,Course.has_many,folders,app/models/course.rb,233,
association,课程、班级与选课,Course.has_many,active_folders,app/models/course.rb,234,
association,课程、班级与选课,Course.has_many,messages,app/models/course.rb,235,
association,课程、班级与选课,Course.has_many,context_external_tools,app/models/course.rb,236,
association,课程、班级与选课,Course.has_many,tool_proxies,app/models/course.rb,237,
association,课程、班级与选课,Course.belongs_to,wiki,app/models/course.rb,238,
association,课程、班级与选课,Course.has_many,wiki_pages,app/models/course.rb,239,
association,课程、班级与选课,Course.has_many,wiki_page_lookups,app/models/course.rb,240,
association,课程、班级与选课,Course.has_many,quizzes,app/models/course.rb,241,
association,课程、班级与选课,Course.has_many,quiz_questions,app/models/course.rb,242,
association,课程、班级与选课,Course.has_many,active_quizzes,app/models/course.rb,243,
association,课程、班级与选课,Course.has_many,assessment_question_banks,app/models/course.rb,244,
association,课程、班级与选课,Course.has_many,assessment_questions,app/models/course.rb,245,
association,课程、班级与选课,Course.has_many,external_feeds,app/models/course.rb,250,
association,课程、班级与选课,Course.belongs_to,grading_standard,app/models/course.rb,251,
association,课程、班级与选课,Course.has_many,grading_standards,app/models/course.rb,252,
association,课程、班级与选课,Course.has_many,web_conferences,app/models/course.rb,253,
association,课程、班级与选课,Course.has_many,collaborations,app/models/course.rb,254,
association,课程、班级与选课,Course.has_many,context_modules,app/models/course.rb,255,
association,课程、班级与选课,Course.has_many,context_module_progressions,app/models/course.rb,256,
association,课程、班级与选课,Course.has_many,active_context_modules,app/models/course.rb,257,
association,课程、班级与选课,Course.has_many,context_module_tags,app/models/course.rb,258,
association,课程、班级与选课,Course.has_many,media_objects,app/models/course.rb,259,
association,课程、班级与选课,Course.has_many,page_views,app/models/course.rb,260,
association,课程、班级与选课,Course.has_many,asset_user_accesses,app/models/course.rb,261,
association,课程、班级与选课,Course.has_many,role_overrides,app/models/course.rb,262,
association,课程、班级与选课,Course.has_many,content_migrations,app/models/course.rb,263,
association,课程、班级与选课,Course.has_many,content_exports,app/models/course.rb,264,
association,课程、班级与选课,Course.has_many,epub_exports,app/models/course.rb,265,
association,课程、班级与选课,Course.has_many,course_reports,app/models/course.rb,266,
association,课程、班级与选课,Course.has_many,gradebook_filters,app/models/course.rb,268,
association,课程、班级与选课,Course.has_many,web_zip_exports,app/models/course.rb,271,
association,课程、班级与选课,Course.has_many,alerts,app/models/course.rb,272,
association,课程、班级与选课,Course.has_many,appointment_group_contexts,app/models/course.rb,273,
association,课程、班级与选课,Course.has_many,appointment_groups,app/models/course.rb,274,
association,课程、班级与选课,Course.has_many,appointment_participants,app/models/course.rb,275,
association,课程、班级与选课,Course.has_many,content_participation_counts,app/models/course.rb,277,
association,课程、班级与选课,Course.has_many,poll_sessions,app/models/course.rb,278,
association,课程、班级与选课,Course.has_many,grading_period_groups,app/models/course.rb,279,
association,课程、班级与选课,Course.has_many,grading_periods,app/models/course.rb,280,
association,课程、班级与选课,Course.has_many,usage_rights,app/models/course.rb,281,
association,课程、班级与选课,Course.has_many,custom_grade_statuses,app/models/course.rb,283,
association,课程、班级与选课,Course.has_many,sis_post_grades_statuses,app/models/course.rb,284,
association,课程、班级与选课,Course.has_many,progresses,app/models/course.rb,286,
association,课程、班级与选课,Course.has_many,gradebook_csvs,app/models/course.rb,287,
association,课程、班级与选课,Course.has_many,institutional_tag_associations,app/models/course.rb,288,
association,课程、班级与选课,Course.has_many,institutional_tags,app/models/course.rb,289,
association,课程、班级与选课,Course.has_many,master_course_templates,app/models/course.rb,291,
association,课程、班级与选课,Course.has_many,master_course_subscriptions,app/models/course.rb,295,
association,课程、班级与选课,Course.has_one,late_policy,app/models/course.rb,296,
association,课程、班级与选课,Course.has_many,quiz_migration_alerts,app/models/course.rb,297,
association,课程、班级与选课,Course.has_many,notification_policy_overrides,app/models/course.rb,298,
association,课程、班级与选课,Course.has_many,post_policies,app/models/course.rb,300,
association,课程、班级与选课,Course.has_many,assignment_post_policies,app/models/course.rb,301,
association,课程、班级与选课,Course.has_one,default_post_policy,app/models/course.rb,302,
association,课程、班级与选课,Course.has_one,course_score_statistic,app/models/course.rb,304,
association,课程、班级与选课,Course.has_many,auditor_course_records,app/models/course.rb,305,
association,课程、班级与选课,Course.has_many,auditor_grade_change_records,app/models/course.rb,309,
association,课程、班级与选课,Course.has_many,lti_resource_links,app/models/course.rb,314,
association,课程、班级与选课,Course.has_many,conditional_release_rules,app/models/course.rb,320,
association,课程、班级与选课,Course.has_one,outcome_proficiency,app/models/course.rb,321,
association,课程、班级与选课,Course.has_one,outcome_calculation_method,app/models/course.rb,322,
association,课程、班级与选课,Course.has_one,microsoft_sync_group,app/models/course.rb,324,
association,课程、班级与选课,Course.has_many,microsoft_sync_partial_sync_changes,app/models/course.rb,325,
association,课程、班级与选课,Course.has_many,comment_bank_items,app/models/course.rb,327,
association,课程、班级与选课,Course.has_many,course_paces,app/models/course.rb,329,
association,课程、班级与选课,Course.has_many,blackout_dates,app/models/course.rb,330,
association,课程、班级与选课,Course.has_many,favorites,app/models/course.rb,331,
association,课程、班级与选课,Course.has_many,group_and_membership_importers,app/models/course.rb,332,
association,课程、班级与选课,Course.has_many,accessibility_resource_scans,app/models/course.rb,334,
association,课程、班级与选课,Course.has_many,accessibility_issues,app/models/course.rb,335,
association,课程、班级与选课,Course.has_many,allocation_rules,app/models/course.rb,336,
association,课程、班级与选课,Course.has_one,accessibility_course_statistic,app/models/course.rb,338,
association,课程、班级与选课,Course.belongs_to,account,app/models/course.rb,1860,
association,作业、提交与评分,CanvadocsSubmission.belongs_to,canvadoc,app/models/canvadocs_submission.rb,21,
association,作业、提交与评分,CanvadocsSubmission.belongs_to,submission,app/models/canvadocs_submission.rb,22,
association,其他,GradingStandard.belongs_to,context,app/models/grading_standard.rb,24,
association,其他,GradingStandard.belongs_to,user,app/models/grading_standard.rb,25,
association,其他,GradingStandard.has_many,assignments,app/models/grading_standard.rb,26,
association,其他,GradingStandard.has_many,courses,app/models/grading_standard.rb,27,
association,其他,GradingStandard.has_many,accounts,app/models/grading_standard.rb,28,
association,其他,InstitutionalTagCategory.belongs_to,account,app/models/institutional_tag_category.rb,24,
association,其他,InstitutionalTagCategory.belongs_to,sis_batch,app/models/institutional_tag_category.rb,25,
association,其他,InstitutionalTagCategory.has_many,institutional_tags,app/models/institutional_tag_category.rb,26,
association,作业、提交与评分,AnonymousOrModerationEvent.belongs_to,assignment,app/models/anonymous_or_moderation_event.rb,68,
association,作业、提交与评分,AnonymousOrModerationEvent.belongs_to,user,app/models/anonymous_or_moderation_event.rb,69,
association,作业、提交与评分,AnonymousOrModerationEvent.belongs_to,submission,app/models/anonymous_or_moderation_event.rb,70,
association,作业、提交与评分,AnonymousOrModerationEvent.belongs_to,canvadoc,app/models/anonymous_or_moderation_event.rb,71,
association,作业、提交与评分,AnonymousOrModerationEvent.belongs_to,quiz,app/models/anonymous_or_moderation_event.rb,72,
association,作业、提交与评分,AnonymousOrModerationEvent.belongs_to,context_external_tool,app/models/anonymous_or_moderation_event.rb,73,
association,其他,StreamItem.has_many,stream_item_instances,app/models/stream_item.rb,24,
association,其他,StreamItem.has_many,users,app/models/stream_item.rb,25,
association,其他,StreamItem.belongs_to,context,app/models/stream_item.rb,26,
association,其他,StreamItem.belongs_to,asset,app/models/stream_item.rb,27,
association,作业、提交与评分,AutoGradeResult.belongs_to,submission,app/models/auto_grade_result.rb,22,
association,作业、提交与评分,Rubric.belongs_to,user,app/models/rubric.rb,52,
association,作业、提交与评分,Rubric.belongs_to,rubric,app/models/rubric.rb,53,
association,作业、提交与评分,Rubric.belongs_to,context,app/models/rubric.rb,54,
association,作业、提交与评分,Rubric.has_many,rubric_associations,app/models/rubric.rb,55,
association,作业、提交与评分,Rubric.has_many,rubric_associations_with_deleted,app/models/rubric.rb,56,
association,作业、提交与评分,Rubric.has_many,rubric_assessments,app/models/rubric.rb,57,
association,作业、提交与评分,Rubric.has_many,learning_outcome_alignments,app/models/rubric.rb,58,
association,作业、提交与评分,Rubric.has_many,learning_outcome_results,app/models/rubric.rb,59,
association,作业、提交与评分,Rubric.has_many,rubric_criteria,app/models/rubric.rb,60,
association,课程、班级与选课,AccessibilityCourseStatistic.belongs_to,course,app/models/accessibility_course_statistic.rb,25,
association,其他,ScheduledPost.belongs_to,assignment,app/models/scheduled_post.rb,21,
association,其他,ScheduledPost.belongs_to,post_policy,app/models/scheduled_post.rb,22,
association,作业、提交与评分,AssignmentOverride.belongs_to,root_account,app/models/assignment_override.rb,38,
association,作业、提交与评分,AssignmentOverride.belongs_to,assignment,app/models/assignment_override.rb,39,
association,作业、提交与评分,AssignmentOverride.belongs_to,quiz,app/models/assignment_override.rb,40,
association,作业、提交与评分,AssignmentOverride.belongs_to,context_module,app/models/assignment_override.rb,41,
association,作业、提交与评分,AssignmentOverride.belongs_to,wiki_page,app/models/assignment_override.rb,42,
association,作业、提交与评分,AssignmentOverride.belongs_to,discussion_topic,app/models/assignment_override.rb,43,
association,作业、提交与评分,AssignmentOverride.belongs_to,attachment,app/models/assignment_override.rb,44,
association,作业、提交与评分,AssignmentOverride.belongs_to,set,app/models/assignment_override.rb,45,
association,作业、提交与评分,AssignmentOverride.belongs_to,parent_override,app/models/assignment_override.rb,46,
association,作业、提交与评分,AssignmentOverride.has_many,child_overrides,app/models/assignment_override.rb,47,
association,作业、提交与评分,AssignmentOverride.has_many,assignment_override_students,app/models/assignment_override.rb,48,
association,其他,ContentTag.belongs_to,content,app/models/content_tag.rb,52,
association,其他,ContentTag.belongs_to,context,app/models/content_tag.rb,54,
association,其他,ContentTag.belongs_to,associated_asset,app/models/content_tag.rb,60,
association,其他,ContentTag.belongs_to,context_module,app/models/content_tag.rb,63,
association,其他,ContentTag.belongs_to,learning_outcome,app/models/content_tag.rb,64,
association,其他,ContentTag.belongs_to,learning_outcome_content,app/models/content_tag.rb,66,
association,其他,ContentTag.has_many,learning_outcome_results,app/models/content_tag.rb,67,
association,其他,ContentTag.belongs_to,root_account,app/models/content_tag.rb,68,
association,其他,ContentTag.has_one,estimated_duration,app/models/content_tag.rb,69,
association,作业、提交与评分,SubmissionDraft.belongs_to,submission,app/models/submission_draft.rb,22,
association,作业、提交与评分,SubmissionDraft.belongs_to,media_object,app/models/submission_draft.rb,23,
association,作业、提交与评分,SubmissionDraft.has_many,submission_draft_attachments,app/models/submission_draft.rb,24,
association,作业、提交与评分,SubmissionDraft.has_many,attachments,app/models/submission_draft.rb,25,
association,测验与题库,AssessmentQuestionBankUser.belongs_to,assessment_question_bank,app/models/assessment_question_bank_user.rb,22,
association,测验与题库,AssessmentQuestionBankUser.belongs_to,user,app/models/assessment_question_bank_user.rb,23,
association,账户与租户管理,RoleOverride.belongs_to,context,app/models/role_override.rb,24,
association,账户与租户管理,RoleOverride.belongs_to,role,app/models/role_override.rb,26,
association,用户、身份与沟通,User.has_many,communication_channels,app/models/user.rb,78,
association,用户、身份与沟通,User.has_many,notification_policies,app/models/user.rb,79,
association,用户、身份与沟通,User.has_many,notification_policy_overrides,app/models/user.rb,80,
association,用户、身份与沟通,User.has_one,communication_channel,app/models/user.rb,81,
association,用户、身份与沟通,User.has_many,ignores,app/models/user.rb,82,
association,用户、身份与沟通,User.has_many,planner_notes,app/models/user.rb,83,
association,用户、身份与沟通,User.has_many,viewed_submission_comments,app/models/user.rb,84,
association,用户、身份与沟通,User.has_many,enrollments,app/models/user.rb,86,
association,用户、身份与沟通,User.has_many,course_paces,app/models/user.rb,87,
association,用户、身份与沟通,User.has_many,course_reports,app/models/user.rb,88,
association,用户、身份与沟通,User.has_many,not_ended_enrollments,app/models/user.rb,90,
association,用户、身份与沟通,User.has_many,not_removed_enrollments,app/models/user.rb,91,
association,用户、身份与沟通,User.has_many,observer_enrollments,app/models/user.rb,92,
association,用户、身份与沟通,User.has_many,observee_enrollments,app/models/user.rb,93,
association,用户、身份与沟通,User.has_many,observer_pairing_codes,app/models/user.rb,95,
association,用户、身份与沟通,User.has_many,as_student_observation_links,app/models/user.rb,97,
association,用户、身份与沟通,User.has_many,as_observer_observation_links,app/models/user.rb,103,
association,用户、身份与沟通,User.has_many,as_student_observer_alert_thresholds,app/models/user.rb,110,
association,用户、身份与沟通,User.has_many,as_student_observer_alerts,app/models/user.rb,116,
association,用户、身份与沟通,User.has_many,as_observer_observer_alert_thresholds,app/models/user.rb,123,
association,用户、身份与沟通,User.has_many,as_observer_observer_alerts,app/models/user.rb,129,
association,用户、身份与沟通,User.has_many,linked_observers,app/models/user.rb,136,
association,用户、身份与沟通,User.has_many,linked_students,app/models/user.rb,137,
association,用户、身份与沟通,User.has_many,all_courses,app/models/user.rb,139,
association,用户、身份与沟通,User.has_many,all_courses_for_active_enrollments,app/models/user.rb,140,
association,用户、身份与沟通,User.has_many,polls,app/models/user.rb,141,
association,用户、身份与沟通,User.has_many,group_memberships,app/models/user.rb,142,
association,用户、身份与沟通,User.has_many,current_group_memberships,app/models/user.rb,143,
association,用户、身份与沟通,User.has_many,groups,app/models/user.rb,144,
association,用户、身份与沟通,User.has_many,current_groups,app/models/user.rb,145,
association,用户、身份与沟通,User.has_many,current_active_groups,app/models/user.rb,146,
association,用户、身份与沟通,User.has_many,differentiation_tag_memberships,app/models/user.rb,147,
association,用户、身份与沟通,User.has_many,current_differentiation_tag_memberships,app/models/user.rb,148,
association,用户、身份与沟通,User.has_many,differentiation_tags,app/models/user.rb,149,
association,用户、身份与沟通,User.has_many,current_differentiation_tags,app/models/user.rb,150,
association,用户、身份与沟通,User.has_many,user_account_associations,app/models/user.rb,151,
association,用户、身份与沟通,User.has_many,unordered_associated_accounts,app/models/user.rb,152,
association,用户、身份与沟通,User.has_many,associated_accounts,app/models/user.rb,153,
association,用户、身份与沟通,User.has_many,associated_root_accounts,app/models/user.rb,154,
association,用户、身份与沟通,User.has_many,developer_keys,app/models/user.rb,155,
association,用户、身份与沟通,User.has_many,access_tokens,app/models/user.rb,156,
association,用户、身份与沟通,User.has_many,masquerade_tokens,app/models/user.rb,157,
association,用户、身份与沟通,User.has_many,notification_endpoints,app/models/user.rb,158,
association,用户、身份与沟通,User.has_many,context_external_tools,app/models/user.rb,159,
association,用户、身份与沟通,User.has_many,lti_results,app/models/user.rb,160,
association,用户、身份与沟通,User.has_many,lti_registration_history_entries,app/models/user.rb,161,
association,用户、身份与沟通,User.has_many,student_enrollments,app/models/user.rb,163,
association,用户、身份与沟通,User.has_many,ta_enrollments,app/models/user.rb,164,
association,用户、身份与沟通,User.has_many,teacher_enrollments,app/models/user.rb,165,
association,用户、身份与沟通,User.has_many,all_submissions,app/models/user.rb,166,
association,用户、身份与沟通,User.has_many,submissions,app/models/user.rb,167,
association,用户、身份与沟通,User.has_many,group_submissions,app/models/user.rb,168,
association,用户、身份与沟通,User.has_many,pseudonyms,app/models/user.rb,169,
association,用户、身份与沟通,User.has_many,active_pseudonyms,app/models/user.rb,170,
association,用户、身份与沟通,User.has_many,pseudonym_accounts,app/models/user.rb,171,
association,用户、身份与沟通,User.has_one,pseudonym,app/models/user.rb,172,
association,用户、身份与沟通,User.has_many,attachments,app/models/user.rb,173,
association,用户、身份与沟通,User.has_many,active_images,app/models/user.rb,174,
association,用户、身份与沟通,User.has_many,active_assignments,app/models/user.rb,175,
association,用户、身份与沟通,User.has_many,mentions,app/models/user.rb,176,
association,用户、身份与沟通,User.has_many,discussion_entries,app/models/user.rb,177,
association,用户、身份与沟通,User.has_many,discussion_entry_versions,app/models/user.rb,178,
association,用户、身份与沟通,User.has_many,discussion_topic_participants,app/models/user.rb,179,
association,用户、身份与沟通,User.has_many,all_attachments,app/models/user.rb,180,
association,用户、身份与沟通,User.has_many,folders,app/models/user.rb,181,
association,用户、身份与沟通,User.has_many,submissions_folders,app/models/user.rb,182,
association,用户、身份与沟通,User.has_many,active_folders,app/models/user.rb,183,
association,用户、身份与沟通,User.has_many,calendar_events,app/models/user.rb,184,
association,用户、身份与沟通,User.has_many,eportfolios,app/models/user.rb,185,
association,用户、身份与沟通,User.has_many,quiz_submissions,app/models/user.rb,186,
association,用户、身份与沟通,User.has_many,dashboard_messages,app/models/user.rb,187,
association,用户、身份与沟通,User.has_many,user_services,app/models/user.rb,188,
association,用户、身份与沟通,User.has_many,rubric_associations,app/models/user.rb,189,
association,用户、身份与沟通,User.has_many,rubrics,app/models/user.rb,190,
association,用户、身份与沟通,User.has_many,context_rubrics,app/models/user.rb,191,
association,用户、身份与沟通,User.has_many,grading_standards,app/models/user.rb,192,
association,用户、身份与沟通,User.has_many,context_module_progressions,app/models/user.rb,193,
association,用户、身份与沟通,User.has_many,assessment_question_bank_users,app/models/user.rb,194,
association,用户、身份与沟通,User.has_many,assessment_question_banks,app/models/user.rb,195,
association,用户、身份与沟通,User.has_many,learning_outcome_results,app/models/user.rb,196,
association,用户、身份与沟通,User.has_many,collaborators,app/models/user.rb,197,
association,用户、身份与沟通,User.has_many,collaborations,app/models/user.rb,198,
association,用户、身份与沟通,User.has_many,assigned_submission_assessments,app/models/user.rb,199,
association,用户、身份与沟通,User.has_many,assigned_assessments,app/models/user.rb,200,
association,用户、身份与沟通,User.has_many,web_conference_participants,app/models/user.rb,201,
association,用户、身份与沟通,User.has_many,web_conferences,app/models/user.rb,202,
association,用户、身份与沟通,User.has_many,account_users,app/models/user.rb,203,
association,用户、身份与沟通,User.has_many,media_objects,app/models/user.rb,204,
association,用户、身份与沟通,User.has_many,user_generated_media_objects,app/models/user.rb,205,
association,用户、身份与沟通,User.has_many,content_shares,app/models/user.rb,206,
association,用户、身份与沟通,User.has_many,received_content_shares,app/models/user.rb,207,
association,用户、身份与沟通,User.has_many,sent_content_shares,app/models/user.rb,208,
association,用户、身份与沟通,User.has_many,account_reports,app/models/user.rb,209,
association,用户、身份与沟通,User.has_many,stream_item_instances,app/models/user.rb,210,
association,用户、身份与沟通,User.has_many,all_conversations,app/models/user.rb,211,
association,用户、身份与沟通,User.has_many,conversation_batches,app/models/user.rb,212,
association,用户、身份与沟通,User.has_many,authored_conversation_messages,app/models/user.rb,213,
association,用户、身份与沟通,User.has_many,favorites,app/models/user.rb,214,
association,用户、身份与沟通,User.has_many,messages,app/models/user.rb,215,
association,用户、身份与沟通,User.has_many,sis_batches,app/models/user.rb,216,
association,用户、身份与沟通,User.has_many,sis_post_grades_statuses,app/models/user.rb,217,
association,用户、身份与沟通,User.has_many,content_migrations,app/models/user.rb,218,
association,用户、身份与沟通,User.has_many,content_exports,app/models/user.rb,219,
association,用户、身份与沟通,User.has_many,usage_rights,app/models/user.rb,220,
association,用户、身份与沟通,User.has_many,gradebook_csvs,app/models/user.rb,225,
association,用户、身份与沟通,User.has_many,block_editor_templates,app/models/user.rb,226,
association,用户、身份与沟通,User.has_many,asset_user_accesses,app/models/user.rb,229,
association,用户、身份与沟通,User.has_many,wiki_pages,app/models/user.rb,230,
association,用户、身份与沟通,User.has_many,announcements,app/models/user.rb,231,
association,用户、身份与沟通,User.has_many,discussion_topics,app/models/user.rb,232,
association,用户、身份与沟通,User.has_many,submission_comments,app/models/user.rb,233,
association,用户、身份与沟通,User.has_many,all_comment_bank_items,app/models/user.rb,234,
association,用户、身份与沟通,User.has_many,bookmarks,app/models/user.rb,235,
association,用户、身份与沟通,User.has_many,all_group_memberships,app/models/user.rb,236,
association,用户、身份与沟通,User.has_one,profile,app/models/user.rb,238,
association,用户、身份与沟通,User.has_many,profile_links,app/models/user.rb,239,
association,用户、身份与沟通,User.has_many,progresses,app/models/user.rb,241,
association,用户、身份与沟通,User.has_many,one_time_passwords,app/models/user.rb,242,
association,用户、身份与沟通,User.has_many,past_lti_ids,app/models/user.rb,243,
association,用户、身份与沟通,User.has_many,user_preference_values,app/models/user.rb,244,
association,用户、身份与沟通,User.has_many,auditor_authentication_records,app/models/user.rb,246,
association,用户、身份与沟通,User.has_many,auditor_course_records,app/models/user.rb,250,
association,用户、身份与沟通,User.has_many,auditor_student_grade_change_records,app/models/user.rb,254,
association,用户、身份与沟通,User.has_many,auditor_grader_grade_change_records,app/models/user.rb,259,
association,用户、身份与沟通,User.has_many,auditor_feature_flag_records,app/models/user.rb,264,
association,用户、身份与沟通,User.has_many,auditor_performing_user_account_user_records,app/models/user.rb,268,
association,用户、身份与沟通,User.has_many,created_lti_registrations,app/models/user.rb,273,
association,用户、身份与沟通,User.has_many,updated_lti_registrations,app/models/user.rb,274,
association,用户、身份与沟通,User.has_many,created_lti_registration_account_bindings,app/models/user.rb,275,
association,用户、身份与沟通,User.has_many,updated_lti_registration_account_bindings,app/models/user.rb,279,
association,用户、身份与沟通,User.has_many,lti_overlays,app/models/user.rb,283,
association,用户、身份与沟通,User.has_many,lti_overlay_versions,app/models/user.rb,284,
association,用户、身份与沟通,User.has_many,lti_asset_processor_eula_acceptances,app/models/user.rb,285,
association,用户、身份与沟通,User.has_many,comment_bank_items,app/models/user.rb,287,
association,用户、身份与沟通,User.has_many,microsoft_sync_partial_sync_changes,app/models/user.rb,288,
association,用户、身份与沟通,User.has_many,gradebook_filters,app/models/user.rb,290,
association,用户、身份与沟通,User.has_many,quiz_migration_alerts,app/models/user.rb,291,
association,用户、身份与沟通,User.has_many,custom_data,app/models/user.rb,292,
association,用户、身份与沟通,User.has_many,institutional_tag_associations,app/models/user.rb,293,
association,用户、身份与沟通,User.has_many,institutional_tags,app/models/user.rb,294,
association,用户、身份与沟通,User.has_many,assessor_allocation_rules,app/models/user.rb,296,
association,用户、身份与沟通,User.has_many,assessee_allocation_rules,app/models/user.rb,302,
association,用户、身份与沟通,User.belongs_to,otp_communication_channel,app/models/user.rb,308,
association,用户、身份与沟通,User.belongs_to,merged_into_user,app/models/user.rb,310,
association,讨论、公告与协作,GroupCategory.belongs_to,context,app/models/group_category.rb,32,
association,讨论、公告与协作,GroupCategory.belongs_to,sis_batch,app/models/group_category.rb,33,
association,讨论、公告与协作,GroupCategory.belongs_to,root_account,app/models/group_category.rb,34,
association,讨论、公告与协作,GroupCategory.has_many,assignments,app/models/group_category.rb,35,
association,讨论、公告与协作,GroupCategory.has_many,groups,app/models/group_category.rb,36,
association,讨论、公告与协作,GroupCategory.has_many,progresses,app/models/group_category.rb,37,
association,讨论、公告与协作,GroupCategory.has_many,group_and_membership_importers,app/models/group_category.rb,38,
association,讨论、公告与协作,GroupCategory.has_one,current_progress,app/models/group_category.rb,39,
association,其他,BlackoutDate.belongs_to,context,app/models/blackout_date.rb,22,
association,其他,BlackoutDate.belongs_to,root_account,app/models/blackout_date.rb,23,
association,其他,AccessToken.belongs_to,developer_key,app/models/access_token.rb,38,
association,其他,AccessToken.belongs_to,user,app/models/access_token.rb,39,
association,其他,AccessToken.belongs_to,real_user,app/models/access_token.rb,40,
association,其他,AccessToken.has_one,account,app/models/access_token.rb,41,
association,其他,AccessToken.has_many,notification_endpoints,app/models/access_token.rb,48,
association,其他,StreamItemInstance.belongs_to,user,app/models/stream_item_instance.rb,24,
association,其他,StreamItemInstance.belongs_to,stream_item,app/models/stream_item_instance.rb,25,
association,其他,StreamItemInstance.belongs_to,context,app/models/stream_item_instance.rb,26,
association,用户、身份与沟通,UserObservationLink.belongs_to,student,app/models/user_observation_link.rb,28,
association,用户、身份与沟通,UserObservationLink.belongs_to,observer,app/models/user_observation_link.rb,29,
association,用户、身份与沟通,UserObservationLink.belongs_to,root_account,app/models/user_observation_link.rb,30,
association,讨论、公告与协作,GroupAndMembershipImporter.belongs_to,group_category,app/models/group_and_membership_importer.rb,24,
association,讨论、公告与协作,GroupAndMembershipImporter.belongs_to,course,app/models/group_and_membership_importer.rb,25,
association,讨论、公告与协作,GroupAndMembershipImporter.belongs_to,attachment,app/models/group_and_membership_importer.rb,26,
association,讨论、公告与协作,DiscussionTopicInsight.belongs_to,root_account,app/models/discussion_topic_insight/entry.rb,22,
association,讨论、公告与协作,DiscussionTopicInsight.belongs_to,discussion_topic_insight,app/models/discussion_topic_insight/entry.rb,23,
association,讨论、公告与协作,DiscussionTopicInsight.belongs_to,discussion_topic,app/models/discussion_topic_insight/entry.rb,24,
association,讨论、公告与协作,DiscussionTopicInsight.belongs_to,discussion_entry,app/models/discussion_topic_insight/entry.rb,25,
association,讨论、公告与协作,DiscussionTopicInsight.belongs_to,discussion_entry_version,app/models/discussion_topic_insight/entry.rb,26,
association,讨论、公告与协作,DiscussionTopicInsight.belongs_to,ai_evaluation_human_reviewer,app/models/discussion_topic_insight/entry.rb,27,
association,讨论、公告与协作,DiscussionTopicInsight.has_one,user,app/models/discussion_topic_insight/entry.rb,29,
association,其他,ScoringRange.belongs_to,rule,app/models/conditional_release/scoring_range.rb,25,
association,其他,ScoringRange.belongs_to,root_account,app/models/conditional_release/scoring_range.rb,26,
association,其他,ScoringRange.has_many,assignment_sets,app/models/conditional_release/scoring_range.rb,27,
association,其他,ScoringRange.has_many,assignment_set_associations,app/models/conditional_release/scoring_range.rb,28,
association,作业、提交与评分,AssignmentSetAssociation.belongs_to,assignment_set,app/models/conditional_release/assignment_set_association.rb,31,
association,作业、提交与评分,AssignmentSetAssociation.belongs_to,assignment,app/models/conditional_release/assignment_set_association.rb,32,
association,作业、提交与评分,AssignmentSetAssociation.has_one,scoring_range,app/models/conditional_release/assignment_set_association.rb,33,
association,作业、提交与评分,AssignmentSetAssociation.has_one,rule,app/models/conditional_release/assignment_set_association.rb,34,
association,作业、提交与评分,AssignmentSetAssociation.belongs_to,root_account,app/models/conditional_release/assignment_set_association.rb,35,
association,其他,Rule.belongs_to,trigger_assignment,app/models/conditional_release/rule.rb,27,
association,其他,Rule.belongs_to,course,app/models/conditional_release/rule.rb,29,
association,其他,Rule.belongs_to,root_account,app/models/conditional_release/rule.rb,30,
association,其他,Rule.has_many,scoring_ranges,app/models/conditional_release/rule.rb,31,
association,其他,Rule.has_many,assignment_sets,app/models/conditional_release/rule.rb,32,
association,其他,Rule.has_many,assignment_set_associations,app/models/conditional_release/rule.rb,33,
association,作业、提交与评分,AssignmentSet.belongs_to,scoring_range,app/models/conditional_release/assignment_set.rb,24,
association,作业、提交与评分,AssignmentSet.has_many,assignment_set_associations,app/models/conditional_release/assignment_set.rb,25,
association,作业、提交与评分,AssignmentSet.has_one,rule,app/models/conditional_release/assignment_set.rb,28,
association,作业、提交与评分,AssignmentSet.belongs_to,root_account,app/models/conditional_release/assignment_set.rb,29,
association,作业、提交与评分,AssignmentSetAction.belongs_to,assignment_set,app/models/conditional_release/assignment_set_action.rb,29,
association,作业、提交与评分,AssignmentSetAction.belongs_to,root_account,app/models/conditional_release/assignment_set_action.rb,30,
association,其他,PollSession.belongs_to,course,app/models/polling/poll_session.rb,23,
association,其他,PollSession.belongs_to,course_section,app/models/polling/poll_session.rb,24,
association,其他,PollSession.belongs_to,poll,app/models/polling/poll_session.rb,25,
association,其他,PollSession.has_many,poll_submissions,app/models/polling/poll_session.rb,26,
association,其他,PollChoice.belongs_to,poll,app/models/polling/poll_choice.rb,25,
association,其他,PollChoice.has_many,poll_submissions,app/models/polling/poll_choice.rb,26,
association,其他,Poll.belongs_to,user,app/models/polling/poll.rb,23,
association,其他,Poll.has_many,poll_choices,app/models/polling/poll.rb,24,
association,其他,Poll.has_many,poll_submissions,app/models/polling/poll.rb,25,
association,其他,Poll.has_many,poll_sessions,app/models/polling/poll.rb,26,
association,作业、提交与评分,PollSubmission.belongs_to,poll,app/models/polling/poll_submission.rb,23,
association,作业、提交与评分,PollSubmission.belongs_to,poll_choice,app/models/polling/poll_submission.rb,24,
association,作业、提交与评分,PollSubmission.belongs_to,poll_session,app/models/polling/poll_submission.rb,25,
association,作业、提交与评分,PollSubmission.belongs_to,user,app/models/polling/poll_submission.rb,26,
association,其他,ModeratedGrading::Selection.belongs_to,provisional_grade,app/models/moderated_grading/selection.rb,21,
association,其他,ModeratedGrading::Selection.belongs_to,assignment,app/models/moderated_grading/selection.rb,25,
association,其他,ModeratedGrading::Selection.belongs_to,student,app/models/moderated_grading/selection.rb,26,
association,作业、提交与评分,ModeratedGrading::ProvisionalGrade.belongs_to,submission,app/models/moderated_grading/provisional_grade.rb,29,
association,作业、提交与评分,ModeratedGrading::ProvisionalGrade.belongs_to,scorer,app/models/moderated_grading/provisional_grade.rb,30,
association,作业、提交与评分,ModeratedGrading::ProvisionalGrade.has_many,rubric_assessments,app/models/moderated_grading/provisional_grade.rb,32,
association,作业、提交与评分,ModeratedGrading::ProvisionalGrade.has_one,selection,app/models/moderated_grading/provisional_grade.rb,33,
association,作业、提交与评分,ModeratedGrading::ProvisionalGrade.belongs_to,source_provisional_grade,app/models/moderated_grading/provisional_grade.rb,38,
association,用户、身份与沟通,UserExperience.belongs_to,user,app/models/canvas_career/user_experience.rb,26,
association,用户、身份与沟通,UserExperience.belongs_to,root_account,app/models/canvas_career/user_experience.rb,27,
association,其他,Result.belongs_to,assessor,app/models/live_assessments/result.rb,23,
association,其他,Result.belongs_to,user,app/models/live_assessments/result.rb,24,
association,其他,Result.belongs_to,assessment,app/models/live_assessments/result.rb,25,
association,作业、提交与评分,Submission.belongs_to,user,app/models/live_assessments/submission.rb,23,
association,作业、提交与评分,Submission.belongs_to,assessment,app/models/live_assessments/submission.rb,24,
association,其他,Assessment.belongs_to,context,app/models/live_assessments/assessment.rb,23,
association,其他,Assessment.has_many,submissions,app/models/live_assessments/assessment.rb,24,
association,其他,Assessment.has_many,results,app/models/live_assessments/assessment.rb,25,
association,其他,Assessment.has_many,learning_outcome_alignments,app/models/live_assessments/assessment.rb,27,
association,讨论、公告与协作,MicrosoftSync::Group.belongs_to,course,app/models/microsoft_sync/group.rb,52,
association,讨论、公告与协作,MicrosoftSync::Group.belongs_to,last_error_report,app/models/microsoft_sync/group.rb,53,
association,LTI、外部工具与集成,MicrosoftSync::PartialSyncChange.belongs_to,course,app/models/microsoft_sync/partial_sync_change.rb,23,
association,LTI、外部工具与集成,MicrosoftSync::PartialSyncChange.belongs_to,user,app/models/microsoft_sync/partial_sync_change.rb,24,
association,用户、身份与沟通,MicrosoftSync::UserMapping.belongs_to,root_account,app/models/microsoft_sync/user_mapping.rb,38,
association,用户、身份与沟通,MicrosoftSync::UserMapping.belongs_to,user,app/models/microsoft_sync/user_mapping.rb,39,
association,讨论、公告与协作,DiscussionTopicSummary.belongs_to,root_account,app/models/discussion_topic_summary/feedback.rb,22,
association,讨论、公告与协作,DiscussionTopicSummary.belongs_to,discussion_topic_summary,app/models/discussion_topic_summary/feedback.rb,23,
association,讨论、公告与协作,DiscussionTopicSummary.belongs_to,user,app/models/discussion_topic_summary/feedback.rb,24,
association,LTI、外部工具与集成,Lti::AssetProcessor.belongs_to,assignment,app/models/lti/asset_processor.rb,24,
association,LTI、外部工具与集成,Lti::AssetProcessor.belongs_to,context_external_tool,app/models/lti/asset_processor.rb,25,
association,LTI、外部工具与集成,Lti::AssetProcessor.has_many,asset_reports,app/models/lti/asset_processor.rb,33,
association,LTI、外部工具与集成,Lti::ResourceLink.belongs_to,context_external_tool,app/models/lti/resource_link.rb,32,
association,LTI、外部工具与集成,Lti::ResourceLink.belongs_to,context,app/models/lti/resource_link.rb,33,
association,LTI、外部工具与集成,Lti::ResourceLink.belongs_to,root_account,app/models/lti/resource_link.rb,34,
association,LTI、外部工具与集成,Lti::ResourceLink.has_many,line_items,app/models/lti/resource_link.rb,38,
association,LTI、外部工具与集成,Lti::ResourceLink.has_one,content_tag,app/models/lti/resource_link.rb,44,
association,LTI、外部工具与集成,Lti::OverlayVersion.belongs_to,account,app/models/lti/overlay_version.rb,23,
association,LTI、外部工具与集成,Lti::OverlayVersion.belongs_to,lti_overlay,app/models/lti/overlay_version.rb,24,
association,LTI、外部工具与集成,Lti::OverlayVersion.belongs_to,created_by,app/models/lti/overlay_version.rb,25,
association,LTI、外部工具与集成,Lti::RegistrationHistoryEntry.belongs_to,root_account,app/models/lti/registration_history_entry.rb,26,
association,LTI、外部工具与集成,Lti::RegistrationHistoryEntry.belongs_to,lti_registration,app/models/lti/registration_history_entry.rb,28,
association,LTI、外部工具与集成,Lti::RegistrationHistoryEntry.belongs_to,app,app/models/lti/registration_history_entry.rb,30,
association,LTI、外部工具与集成,Lti::RegistrationHistoryEntry.belongs_to,created_by,app/models/lti/registration_history_entry.rb,34,
association,LTI、外部工具与集成,ResourceHandler.belongs_to,tool_proxy,app/models/lti/resource_handler.rb,25,
association,LTI、外部工具与集成,ResourceHandler.has_many,message_handlers,app/models/lti/resource_handler.rb,26,
association,LTI、外部工具与集成,ResourceHandler.has_many,placements,app/models/lti/resource_handler.rb,27,
association,LTI、外部工具与集成,Lti::Result.belongs_to,submission,app/models/lti/result.rb,45,
association,LTI、外部工具与集成,Lti::Result.belongs_to,user,app/models/lti/result.rb,46,
association,LTI、外部工具与集成,Lti::Result.belongs_to,line_item,app/models/lti/result.rb,47,
association,LTI、外部工具与集成,Lti::Result.belongs_to,root_account,app/models/lti/result.rb,48,
association,LTI、外部工具与集成,Lti::Result.has_one,assignment,app/models/lti/result.rb,49,
association,LTI、外部工具与集成,ToolSetting.belongs_to,tool_proxy,app/models/lti/tool_setting.rb,23,
association,LTI、外部工具与集成,ToolSetting.belongs_to,context,app/models/lti/tool_setting.rb,24,
association,LTI、外部工具与集成,Lti::RegistrationUpdateRequest.belongs_to,lti_registration,app/models/lti/registration_update_request.rb,21,
association,LTI、外部工具与集成,Lti::RegistrationUpdateRequest.belongs_to,root_account,app/models/lti/registration_update_request.rb,22,
association,LTI、外部工具与集成,Lti::RegistrationUpdateRequest.belongs_to,created_by,app/models/lti/registration_update_request.rb,23,
association,LTI、外部工具与集成,Lti::RegistrationUpdateRequest.belongs_to,updated_by,app/models/lti/registration_update_request.rb,24,
association,LTI、外部工具与集成,Lti::ContextControl.belongs_to,deployment,app/models/lti/context_control.rb,31,
association,LTI、外部工具与集成,Lti::ContextControl.belongs_to,registration,app/models/lti/context_control.rb,33,
association,LTI、外部工具与集成,Lti::ContextControl.belongs_to,app,app/models/lti/context_control.rb,35,
association,LTI、外部工具与集成,Lti::ContextControl.belongs_to,created_by,app/models/lti/context_control.rb,36,
association,LTI、外部工具与集成,Lti::ContextControl.belongs_to,updated_by,app/models/lti/context_control.rb,37,
association,LTI、外部工具与集成,Lti::ContextControl.belongs_to,context,app/models/lti/context_control.rb,39,
association,LTI、外部工具与集成,ToolProxyBinding.belongs_to,tool_proxy,app/models/lti/tool_proxy_binding.rb,23,
association,LTI、外部工具与集成,ToolProxyBinding.belongs_to,context,app/models/lti/tool_proxy_binding.rb,25,
association,账户与租户管理,Lti::RegistrationAccountBinding.belongs_to,account,app/models/lti/registration_account_binding.rb,33,
association,账户与租户管理,Lti::RegistrationAccountBinding.belongs_to,registration,app/models/lti/registration_account_binding.rb,35,
association,账户与租户管理,Lti::RegistrationAccountBinding.belongs_to,root_account,app/models/lti/registration_account_binding.rb,36,
association,账户与租户管理,Lti::RegistrationAccountBinding.belongs_to,created_by,app/models/lti/registration_account_binding.rb,37,
association,账户与租户管理,Lti::RegistrationAccountBinding.belongs_to,updated_by,app/models/lti/registration_account_binding.rb,38,
association,账户与租户管理,Lti::RegistrationAccountBinding.belongs_to,developer_key_account_binding,app/models/lti/registration_account_binding.rb,39,
association,LTI、外部工具与集成,ToolProxy.has_many,bindings,app/models/lti/tool_proxy.rb,23,
association,LTI、外部工具与集成,ToolProxy.has_many,resources,app/models/lti/tool_proxy.rb,24,
association,LTI、外部工具与集成,ToolProxy.has_many,tool_settings,app/models/lti/tool_proxy.rb,25,
association,LTI、外部工具与集成,ToolProxy.has_many,message_handlers,app/models/lti/tool_proxy.rb,26,
association,LTI、外部工具与集成,ToolProxy.belongs_to,context,app/models/lti/tool_proxy.rb,28,
association,LTI、外部工具与集成,ToolProxy.belongs_to,product_family,app/models/lti/tool_proxy.rb,29,
association,LTI、外部工具与集成,ToolProxy.belongs_to,migrated_to_context_external_tool,app/models/lti/tool_proxy.rb,30,
association,LTI、外部工具与集成,Lti::Asset.has_many,asset_reports,app/models/lti/asset.rb,44,
association,LTI、外部工具与集成,Lti::Asset.belongs_to,attachment,app/models/lti/asset.rb,46,
association,LTI、外部工具与集成,Lti::Asset.belongs_to,submission,app/models/lti/asset.rb,51,
association,LTI、外部工具与集成,Lti::Asset.belongs_to,discussion_entry_version,app/models/lti/asset.rb,58,
association,LTI、外部工具与集成,Lti::AssetReport.belongs_to,asset,app/models/lti/asset_report.rb,31,
association,LTI、外部工具与集成,Lti::AssetReport.belongs_to,asset_processor,app/models/lti/asset_report.rb,37,
association,用户、身份与沟通,ToolConsumerProfile.belongs_to,developer_key,app/models/lti/tool_consumer_profile.rb,22,
association,LTI、外部工具与集成,Lti::Overlay.belongs_to,account,app/models/lti/overlay.rb,27,
association,LTI、外部工具与集成,Lti::Overlay.belongs_to,registration,app/models/lti/overlay.rb,29,
association,LTI、外部工具与集成,Lti::Overlay.belongs_to,updated_by,app/models/lti/overlay.rb,30,
association,LTI、外部工具与集成,Lti::Overlay.has_many,lti_overlay_versions,app/models/lti/overlay.rb,32,
association,LTI、外部工具与集成,Lti::LineItem.belongs_to,resource_link,app/models/lti/line_item.rb,32,
association,LTI、外部工具与集成,Lti::LineItem.belongs_to,assignment,app/models/lti/line_item.rb,36,
association,LTI、外部工具与集成,Lti::LineItem.belongs_to,root_account,app/models/lti/line_item.rb,39,
association,LTI、外部工具与集成,Lti::LineItem.has_many,results,app/models/lti/line_item.rb,41,
association,LTI、外部工具与集成,Link.belongs_to,linkable,app/models/lti/link.rb,23,
association,LTI、外部工具与集成,Lti::Registration.belongs_to,account,app/models/lti/registration.rb,45,
association,LTI、外部工具与集成,Lti::Registration.belongs_to,created_by,app/models/lti/registration.rb,46,
association,LTI、外部工具与集成,Lti::Registration.belongs_to,updated_by,app/models/lti/registration.rb,47,
association,LTI、外部工具与集成,Lti::Registration.belongs_to,template_registration,app/models/lti/registration.rb,49,
association,LTI、外部工具与集成,Lti::Registration.has_many,local_copies,app/models/lti/registration.rb,50,
association,LTI、外部工具与集成,Lti::Registration.has_one,ims_registration,app/models/lti/registration.rb,53,
association,LTI、外部工具与集成,Lti::Registration.has_one,manual_configuration,app/models/lti/registration.rb,56,
association,LTI、外部工具与集成,Lti::Registration.has_many,deployments,app/models/lti/registration.rb,58,
association,LTI、外部工具与集成,Lti::Registration.has_one,developer_key,app/models/lti/registration.rb,59,
association,LTI、外部工具与集成,Lti::Registration.has_many,lti_registration_account_bindings,app/models/lti/registration.rb,61,
association,LTI、外部工具与集成,Lti::Registration.has_many,lti_overlays,app/models/lti/registration.rb,62,
association,LTI、外部工具与集成,Lti::Registration.has_many,lti_registration_history_entries,app/models/lti/registration.rb,63,
association,LTI、外部工具与集成,Lti::Registration.has_many,context_controls,app/models/lti/registration.rb,64,
association,LTI、外部工具与集成,Lti::Registration.has_many,app_deployments,app/models/lti/registration.rb,65,
association,LTI、外部工具与集成,Lti::Registration.has_many,app_context_controls,app/models/lti/registration.rb,66,
association,LTI、外部工具与集成,Lti::Registration.has_many,app_history_entries,app/models/lti/registration.rb,67,
association,LTI、外部工具与集成,Lti::NoticeHandler.belongs_to,account,app/models/lti/notice_handler.rb,24,
association,LTI、外部工具与集成,Lti::NoticeHandler.belongs_to,context_external_tool,app/models/lti/notice_handler.rb,25,
association,LTI、外部工具与集成,Lti::AssetProcessorEulaAcceptance.belongs_to,user,app/models/lti/asset_processor_eula_acceptance.rb,26,
association,LTI、外部工具与集成,Lti::AssetProcessorEulaAcceptance.belongs_to,context_external_tool,app/models/lti/asset_processor_eula_acceptance.rb,27,
association,用户、身份与沟通,MessageHandler.belongs_to,resource_handler,app/models/lti/message_handler.rb,28,
association,用户、身份与沟通,MessageHandler.belongs_to,tool_proxy,app/models/lti/message_handler.rb,29,
association,用户、身份与沟通,MessageHandler.has_many,placements,app/models/lti/message_handler.rb,31,
association,用户、身份与沟通,MessageHandler.has_many,context_module_tags,app/models/lti/message_handler.rb,32,
association,LTI、外部工具与集成,Lti::ImportHistory.belongs_to,root_account,app/models/lti/import_history.rb,29,
association,用户、身份与沟通,InvalidMessageTypeForPlacementError.belongs_to,message_handler,app/models/lti/resource_placement.rb,179,
association,用户、身份与沟通,InvalidMessageTypeForPlacementError.belongs_to,resource_handler,app/models/lti/resource_placement.rb,180,
association,LTI、外部工具与集成,ProductFamily.belongs_to,root_account,app/models/lti/product_family.rb,23,
association,LTI、外部工具与集成,ProductFamily.has_many,tool_proxies,app/models/lti/product_family.rb,24,
association,LTI、外部工具与集成,ProductFamily.belongs_to,developer_key,app/models/lti/product_family.rb,25,
association,LTI、外部工具与集成,ToolConfiguration.belongs_to,developer_key,app/models/lti/tool_configuration.rb,28,
association,LTI、外部工具与集成,ToolConfiguration.belongs_to,lti_registration,app/models/lti/tool_configuration.rb,29,
association,讨论、公告与协作,DiscussionTopic::MaterializedView.belongs_to,discussion_topic,app/models/discussion_topic/materialized_view.rb,37,
association,课程、班级与选课,MasterCourses::MasterMigration.belongs_to,master_template,app/models/master_courses/master_migration.rb,37,
association,课程、班级与选课,MasterCourses::MasterMigration.belongs_to,root_account,app/models/master_courses/master_migration.rb,38,
association,课程、班级与选课,MasterCourses::MasterMigration.belongs_to,user,app/models/master_courses/master_migration.rb,39,
association,课程、班级与选课,MasterCourses::MasterMigration.has_many,migration_results,app/models/master_courses/master_migration.rb,42,
association,课程、班级与选课,MasterCourses::ChildSubscription.belongs_to,master_template,app/models/master_courses/child_subscription.rb,25,
association,课程、班级与选课,MasterCourses::ChildSubscription.belongs_to,child_course,app/models/master_courses/child_subscription.rb,26,
association,课程、班级与选课,MasterCourses::ChildSubscription.belongs_to,root_account,app/models/master_courses/child_subscription.rb,27,
association,课程、班级与选课,MasterCourses::ChildSubscription.has_many,child_content_tags,app/models/master_courses/child_subscription.rb,31,
association,课程、班级与选课,MasterCourses::MasterTemplate.belongs_to,course,app/models/master_courses/master_template.rb,29,
association,课程、班级与选课,MasterCourses::MasterTemplate.belongs_to,root_account,app/models/master_courses/master_template.rb,30,
association,课程、班级与选课,MasterCourses::MasterTemplate.has_many,master_content_tags,app/models/master_courses/master_template.rb,33,
association,课程、班级与选课,MasterCourses::MasterTemplate.has_many,child_subscriptions,app/models/master_courses/master_template.rb,35,
association,课程、班级与选课,MasterCourses::MasterTemplate.has_many,master_migrations,app/models/master_courses/master_template.rb,37,
association,课程、班级与选课,MasterCourses::MasterTemplate.belongs_to,active_migration,app/models/master_courses/master_template.rb,39,
association,课程、班级与选课,MasterCourses::MigrationResult.belongs_to,master_migration,app/models/master_courses/migration_result.rb,22,
association,课程、班级与选课,MasterCourses::MigrationResult.belongs_to,content_migration,app/models/master_courses/migration_result.rb,23,
association,课程、班级与选课,MasterCourses::MigrationResult.belongs_to,child_subscription,app/models/master_courses/migration_result.rb,24,
association,课程、班级与选课,MasterCourses::MigrationResult.belongs_to,root_account,app/models/master_courses/migration_result.rb,25,
association,课程、班级与选课,MasterCourses::ChildContentTag.belongs_to,child_subscription,app/models/master_courses/child_content_tag.rb,27,
association,课程、班级与选课,MasterCourses::ChildContentTag.belongs_to,content,app/models/master_courses/child_content_tag.rb,29,
association,课程、班级与选课,MasterCourses::ChildContentTag.belongs_to,root_account,app/models/master_courses/child_content_tag.rb,48,
association,课程、班级与选课,MasterCourses::MasterContentTag.belongs_to,master_template,app/models/master_courses/master_content_tag.rb,28,
association,课程、班级与选课,MasterCourses::MasterContentTag.belongs_to,content,app/models/master_courses/master_content_tag.rb,29,
association,课程、班级与选课,MasterCourses::MasterContentTag.belongs_to,assignment,app/models/master_courses/master_content_tag.rb,45,
association,课程、班级与选课,MasterCourses::MasterContentTag.belongs_to,attachment,app/models/master_courses/master_content_tag.rb,46,
association,课程、班级与选课,MasterCourses::MasterContentTag.belongs_to,context_module,app/models/master_courses/master_content_tag.rb,47,
association,课程、班级与选课,MasterCourses::MasterContentTag.belongs_to,discussion_topic,app/models/master_courses/master_content_tag.rb,48,
association,课程、班级与选课,MasterCourses::MasterContentTag.belongs_to,quiz,app/models/master_courses/master_content_tag.rb,49,
association,课程、班级与选课,MasterCourses::MasterContentTag.belongs_to,wiki_page,app/models/master_courses/master_content_tag.rb,50,
association,课程、班级与选课,MasterCourses::MasterContentTag.belongs_to,root_account,app/models/master_courses/master_content_tag.rb,52,
association,账户与租户管理,Csp::Domain.belongs_to,account,app/models/csp/domain.rb,23,
association,测验与题库,Quizzes::QuizSubmissionEvent.belongs_to,quiz_submission,app/models/quizzes/quiz_submission_event.rb,31,
association,测验与题库,Quizzes::QuizSubmissionSnapshot.belongs_to,quiz_submission,app/models/quizzes/quiz_submission_snapshot.rb,22,
association,测验与题库,Quizzes::QuizGroup.belongs_to,quiz,app/models/quizzes/quiz_group.rb,28,
association,测验与题库,Quizzes::QuizGroup.belongs_to,assessment_question_bank,app/models/quizzes/quiz_group.rb,29,
association,测验与题库,Quizzes::QuizGroup.has_many,quiz_questions,app/models/quizzes/quiz_group.rb,30,
association,测验与题库,Quizzes::QuizSubmission.belongs_to,quiz,app/models/quizzes/quiz_submission.rb,48,
association,测验与题库,Quizzes::QuizSubmission.belongs_to,user,app/models/quizzes/quiz_submission.rb,49,
association,测验与题库,Quizzes::QuizSubmission.belongs_to,submission,app/models/quizzes/quiz_submission.rb,50,
association,测验与题库,Quizzes::QuizSubmission.has_many,attachments,app/models/quizzes/quiz_submission.rb,59,
association,测验与题库,Quizzes::QuizSubmission.has_many,attachment_associations,app/models/quizzes/quiz_submission.rb,60,
association,测验与题库,Quizzes::QuizSubmission.has_many,events,app/models/quizzes/quiz_submission.rb,61,
association,测验与题库,Quizzes::QuizRegradeRun.belongs_to,quiz_regrade,app/models/quizzes/quiz_regrade_run.rb,23,
association,测验与题库,Quizzes::QuizQuestion.belongs_to,quiz,app/models/quizzes/quiz_question.rb,41,
association,测验与题库,Quizzes::QuizQuestion.belongs_to,assessment_question,app/models/quizzes/quiz_question.rb,42,
association,测验与题库,Quizzes::QuizQuestion.belongs_to,quiz_group,app/models/quizzes/quiz_question.rb,43,
association,测验与题库,Quizzes::QuizQuestion.has_many,attachment_associations,app/models/quizzes/quiz_question.rb,44,
association,测验与题库,Quizzes::QuizRegrade.belongs_to,quiz,app/models/quizzes/quiz_regrade.rb,23,
association,测验与题库,Quizzes::QuizRegrade.belongs_to,user,app/models/quizzes/quiz_regrade.rb,24,
association,测验与题库,Quizzes::QuizRegrade.has_many,quiz_regrade_runs,app/models/quizzes/quiz_regrade.rb,25,
association,测验与题库,Quizzes::QuizRegrade.has_many,quiz_question_regrades,app/models/quizzes/quiz_regrade.rb,26,
association,测验与题库,Quizzes::QuizQuestionRegrade.belongs_to,quiz_question,app/models/quizzes/quiz_question_regrade.rb,23,
association,测验与题库,Quizzes::QuizQuestionRegrade.belongs_to,quiz_regrade,app/models/quizzes/quiz_question_regrade.rb,24,
association,测验与题库,Quizzes::QuizStatistics.belongs_to,quiz,app/models/quizzes/quiz_statistics.rb,27,
association,测验与题库,Quizzes::QuizStatistics.has_one,csv_attachment,app/models/quizzes/quiz_statistics.rb,28,
association,测验与题库,Quizzes::QuizStatistics.has_one,progress,app/models/quizzes/quiz_statistics.rb,32,
association,测验与题库,Quizzes::Quiz.has_many,quiz_questions,app/models/quizzes/quiz.rb,42,
association,测验与题库,Quizzes::Quiz.has_many,quiz_submissions,app/models/quizzes/quiz.rb,43,
association,测验与题库,Quizzes::Quiz.has_many,submissions,app/models/quizzes/quiz.rb,44,
association,测验与题库,Quizzes::Quiz.has_many,quiz_groups,app/models/quizzes/quiz.rb,45,
association,测验与题库,Quizzes::Quiz.has_many,quiz_statistics,app/models/quizzes/quiz.rb,46,
association,测验与题库,Quizzes::Quiz.has_many,attachments,app/models/quizzes/quiz.rb,47,
association,测验与题库,Quizzes::Quiz.has_many,quiz_regrades,app/models/quizzes/quiz.rb,48,
association,测验与题库,Quizzes::Quiz.belongs_to,context,app/models/quizzes/quiz.rb,49,
association,测验与题库,Quizzes::Quiz.belongs_to,assignment,app/models/quizzes/quiz.rb,50,
association,测验与题库,Quizzes::Quiz.belongs_to,assignment_group,app/models/quizzes/quiz.rb,51,
association,测验与题库,Quizzes::Quiz.belongs_to,root_account,app/models/quizzes/quiz.rb,52,
association,测验与题库,Quizzes::Quiz.has_many,ignores,app/models/quizzes/quiz.rb,53,
association,测验与题库,Quizzes::Quiz.has_one,master_content_tag,app/models/quizzes/quiz.rb,54,
association,测验与题库,Quizzes::Quiz.has_one,estimated_duration,app/models/quizzes/quiz.rb,55,
association,测验与题库,Quizzes::Quiz.has_many,attachment_associations,app/models/quizzes/quiz.rb,129,
association,LTI、外部工具与集成,Lti::IMS::Registration.belongs_to,developer_key,app/models/lti/ims/registration.rb,72,
association,LTI、外部工具与集成,Lti::IMS::Registration.belongs_to,lti_registration,app/models/lti/ims/registration.rb,73,
association,账户与租户管理,PseudonymRecord.belongs_to,performing_user,app/models/auditors/active_record/pseudonym_record.rb,30,
association,账户与租户管理,PseudonymRecord.belongs_to,pseudonym,app/models/auditors/active_record/pseudonym_record.rb,32,
association,账户与租户管理,PseudonymRecord.belongs_to,root_account,app/models/auditors/active_record/pseudonym_record.rb,35,
association,分析、审计与运维,AuthenticationRecord.belongs_to,account,app/models/auditors/active_record/authentication_record.rb,30,
association,分析、审计与运维,AuthenticationRecord.belongs_to,user,app/models/auditors/active_record/authentication_record.rb,31,
association,分析、审计与运维,AuthenticationRecord.belongs_to,pseudonym,app/models/auditors/active_record/authentication_record.rb,32,
association,作业、提交与评分,GradeChangeRecord.belongs_to,account,app/models/auditors/active_record/grade_change_record.rb,30,
association,作业、提交与评分,GradeChangeRecord.belongs_to,root_account,app/models/auditors/active_record/grade_change_record.rb,31,
association,作业、提交与评分,GradeChangeRecord.belongs_to,student,app/models/auditors/active_record/grade_change_record.rb,32,
association,作业、提交与评分,GradeChangeRecord.belongs_to,grader,app/models/auditors/active_record/grade_change_record.rb,33,
association,作业、提交与评分,GradeChangeRecord.belongs_to,submission,app/models/auditors/active_record/grade_change_record.rb,34,
association,作业、提交与评分,GradeChangeRecord.belongs_to,course,app/models/auditors/active_record/grade_change_record.rb,35,
association,作业、提交与评分,GradeChangeRecord.belongs_to,assignment,app/models/auditors/active_record/grade_change_record.rb,36,
association,作业、提交与评分,GradeChangeRecord.belongs_to,grading_period,app/models/auditors/active_record/grade_change_record.rb,37,
association,分析、审计与运维,FeatureFlagRecord.belongs_to,user,app/models/auditors/active_record/feature_flag_record.rb,30,
association,分析、审计与运维,FeatureFlagRecord.belongs_to,root_account,app/models/auditors/active_record/feature_flag_record.rb,31,
association,账户与租户管理,AccountUserRecord.belongs_to,root_account,app/models/auditors/active_record/account_user_record.rb,30,
association,账户与租户管理,AccountUserRecord.belongs_to,account_user,app/models/auditors/active_record/account_user_record.rb,31,
association,账户与租户管理,AccountUserRecord.belongs_to,performing_user,app/models/auditors/active_record/account_user_record.rb,32,
association,课程、班级与选课,CourseRecord.belongs_to,course,app/models/auditors/active_record/course_record.rb,30,
association,课程、班级与选课,CourseRecord.belongs_to,user,app/models/auditors/active_record/course_record.rb,31,
association,课程、班级与选课,CourseRecord.belongs_to,account,app/models/auditors/active_record/course_record.rb,32,
association,课程、班级与选课,CourseRecord.belongs_to,sis_batch,app/models/auditors/active_record/course_record.rb,33,
table,用户、身份与沟通,ai_conversations,db/migrate/20251014000001_create_ai_conversations.rb,24,
table,其他,nav_menu_links,db/migrate/20260123151144_create_nav_menu_links.rb,24,
table,内容、文件与模块,ai_experience_context_files,db/migrate/20260130000001_create_ai_experience_context_files.rb,24,
table,讨论、公告与协作,discussion_entry_drafts,db/migrate/20251111085656_remove_discussion_entry_drafts.rb,27,
table,其他,institutional_tags,db/migrate/20260312092459_create_institutional_tags.rb,24,
table,其他,translation_feedback,db/migrate/20260326140109_create_translation_feedback.rb,24,
table,其他,institutional_tag_associations,db/migrate/20260312100330_create_institutional_tag_associations.rb,24,
table,其他,institutional_tag_categories,db/migrate/20260312091756_create_institutional_tag_categories.rb,24,
table,用户、身份与沟通,canvas_career_user_experiences,db/migrate/20260331080000_create_canvas_career_user_experiences.rb,24,
table,分析、审计与运维,delayed_jobs,db/migrate/20101216224513_create_delayed_jobs.rb,26,
table,分析、审计与运维,failed_jobs,db/migrate/20101216224513_create_delayed_jobs.rb,249,
table,其他,external_content_references,db/migrate/20260306122857_create_external_content_references.rb,24,
table,课程、班级与选课,accessibility_course_statistics,db/migrate/20251218132705_create_accessibility_course_statistics.rb,24,
table,账户与租户管理,accounts,db/migrate/20101210192618_init_canvas_db.rb,107,
table,其他,cloned_items,db/migrate/20101210192618_init_canvas_db.rb,170,
table,课程、班级与选课,courses,db/migrate/20101210192618_init_canvas_db.rb,176,
table,课程、班级与选课,course_reports,db/migrate/20101210192618_init_canvas_db.rb,254,
table,SIS、导入导出与报表,sis_batches,db/migrate/20101210192618_init_canvas_db.rb,273,
table,用户、身份与沟通,users,db/migrate/20101210192618_init_canvas_db.rb,304,
table,课程、班级与选课,abstract_courses,db/migrate/20101210192618_init_canvas_db.rb,363,
table,其他,access_tokens,db/migrate/20101210192618_init_canvas_db.rb,378,
table,搜索、AI 与无障碍,accessibility_issues,db/migrate/20101210192618_init_canvas_db.rb,402,
table,搜索、AI 与无障碍,accessibility_resource_scans,db/migrate/20101210192618_init_canvas_db.rb,423,
table,账户与租户管理,account_notifications,db/migrate/20101210192618_init_canvas_db.rb,447,
table,账户与租户管理,account_notification_roles,db/migrate/20101210192618_init_canvas_db.rb,466,
table,SIS、导入导出与报表,account_reports,db/migrate/20101210192618_init_canvas_db.rb,478,
table,SIS、导入导出与报表,account_report_runners,db/migrate/20101210192618_init_canvas_db.rb,499,
table,SIS、导入导出与报表,account_report_rows,db/migrate/20101210192618_init_canvas_db.rb,511,
table,账户与租户管理,account_users,db/migrate/20101210192618_init_canvas_db.rb,520,
table,搜索、AI 与无障碍,ai_experiences,db/migrate/20101210192618_init_canvas_db.rb,532,
table,其他,alerts,db/migrate/20101210192618_init_canvas_db.rb,549,
table,其他,alert_criteria,db/migrate/20101210192618_init_canvas_db.rb,557,
table,其他,allocation_rules,db/migrate/20101210192618_init_canvas_db.rb,563,
table,作业、提交与评分,anonymous_or_moderation_events,db/migrate/20101210192618_init_canvas_db.rb,582,
table,讨论、公告与协作,appointment_groups,db/migrate/20101210192618_init_canvas_db.rb,599,
table,讨论、公告与协作,appointment_group_contexts,db/migrate/20101210192618_init_canvas_db.rb,617,
table,讨论、公告与协作,appointment_group_sub_contexts,db/migrate/20101210192618_init_canvas_db.rb,625,
table,测验与题库,assessment_question_banks,db/migrate/20101210192618_init_canvas_db.rb,633,
table,测验与题库,assessment_question_bank_users,db/migrate/20101210192618_init_canvas_db.rb,647,
table,测验与题库,assessment_questions,db/migrate/20101210192618_init_canvas_db.rb,653,
table,其他,assessment_requests,db/migrate/20101210192618_init_canvas_db.rb,669,
table,用户、身份与沟通,asset_user_accesses,db/migrate/20101210192618_init_canvas_db.rb,687,
table,作业、提交与评分,assignment_groups,db/migrate/20101210192618_init_canvas_db.rb,721,
table,作业、提交与评分,assignments,db/migrate/20101210192618_init_canvas_db.rb,742,
table,作业、提交与评分,assignment_configuration_tool_lookups,db/migrate/20101210192618_init_canvas_db.rb,844,
table,作业、提交与评分,assignment_overrides,db/migrate/20101210192618_init_canvas_db.rb,858,
table,作业、提交与评分,assignment_override_students,db/migrate/20101210192618_init_canvas_db.rb,920,
table,内容、文件与模块,attachments,db/migrate/20101210192618_init_canvas_db.rb,953,
table,内容、文件与模块,attachment_associations,db/migrate/20101210192618_init_canvas_db.rb,1039,
table,内容、文件与模块,attachment_upload_statuses,db/migrate/20101210192618_init_canvas_db.rb,1051,
table,账户与租户管理,auditor_account_user_records,db/migrate/20101210192618_init_canvas_db.rb,1057,
table,分析、审计与运维,auditor_authentication_records,db/migrate/20101210192618_init_canvas_db.rb,1071,
table,课程、班级与选课,auditor_course_records,db/migrate/20101210192618_init_canvas_db.rb,1081,
table,分析、审计与运维,auditor_feature_flag_records,db/migrate/20101210192618_init_canvas_db.rb,1094,
table,作业、提交与评分,auditor_grade_change_records,db/migrate/20101210192618_init_canvas_db.rb,1108,
table,账户与租户管理,auditor_pseudonym_records,db/migrate/20101210192618_init_canvas_db.rb,1140,
table,账户与租户管理,authentication_providers,db/migrate/20101210192618_init_canvas_db.rb,1154,
table,作业、提交与评分,auto_grade_results,db/migrate/20101210192618_init_canvas_db.rb,1186,
table,其他,blackout_dates,db/migrate/20101210192618_init_canvas_db.rb,1199,
table,其他,block_editors,db/migrate/20101210192618_init_canvas_db.rb,1209,
table,其他,block_editor_templates,db/migrate/20101210192618_init_canvas_db.rb,1220,
table,其他,bookmarks_bookmarks,db/migrate/20101210192618_init_canvas_db.rb,1237,
table,账户与租户管理,brand_configs,db/migrate/20101210192618_init_canvas_db.rb,1245,
table,内容、文件与模块,calendar_events,db/migrate/20101210192618_init_canvas_db.rb,1260,
table,其他,canvadocs,db/migrate/20101210192618_init_canvas_db.rb,1297,
table,其他,canvadocs_annotation_contexts,db/migrate/20101210192618_init_canvas_db.rb,1305,
table,作业、提交与评分,canvadocs_submissions,db/migrate/20101210192618_init_canvas_db.rb,1322,
table,其他,canvas_metadata,db/migrate/20101210192618_init_canvas_db.rb,1332,
table,讨论、公告与协作,collaborations,db/migrate/20101210192618_init_canvas_db.rb,1338,
table,其他,collaborators,db/migrate/20101210192618_init_canvas_db.rb,1360,
table,其他,comment_bank_items,db/migrate/20101210192618_init_canvas_db.rb,1368,
table,用户、身份与沟通,communication_channels,db/migrate/20101210192618_init_canvas_db.rb,1383,
table,其他,conditional_release_rules,db/migrate/20101210192618_init_canvas_db.rb,1417,
table,其他,conditional_release_scoring_ranges,db/migrate/20101210192618_init_canvas_db.rb,1430,
table,作业、提交与评分,conditional_release_assignment_sets,db/migrate/20101210192618_init_canvas_db.rb,1448,
table,作业、提交与评分,conditional_release_assignment_set_associations,db/migrate/20101210192618_init_canvas_db.rb,1464,
table,作业、提交与评分,conditional_release_assignment_set_actions,db/migrate/20101210192618_init_canvas_db.rb,1486,
table,内容、文件与模块,content_exports,db/migrate/20101210192618_init_canvas_db.rb,1508,
table,内容、文件与模块,content_migrations,db/migrate/20101210192618_init_canvas_db.rb,1523,
table,其他,content_participations,db/migrate/20101210192618_init_canvas_db.rb,1555,
table,其他,content_participation_counts,db/migrate/20101210192618_init_canvas_db.rb,1571,
table,其他,content_shares,db/migrate/20101210192618_init_canvas_db.rb,1582,
table,其他,content_tags,db/migrate/20101210192618_init_canvas_db.rb,1597,
table,LTI、外部工具与集成,context_external_tools,db/migrate/20101210192618_init_canvas_db.rb,1640,
table,LTI、外部工具与集成,context_external_tool_placements,db/migrate/20101210192618_init_canvas_db.rb,1674,
table,内容、文件与模块,context_modules,db/migrate/20101210192618_init_canvas_db.rb,1681,
table,内容、文件与模块,context_module_progressions,db/migrate/20101210192618_init_canvas_db.rb,1702,
table,用户、身份与沟通,conversations,db/migrate/20101210192618_init_canvas_db.rb,1720,
table,用户、身份与沟通,conversation_batches,db/migrate/20101210192618_init_canvas_db.rb,1732,
table,用户、身份与沟通,conversation_messages,db/migrate/20101210192618_init_canvas_db.rb,1747,
table,用户、身份与沟通,conversation_message_participants,db/migrate/20101210192618_init_canvas_db.rb,1771,
table,用户、身份与沟通,conversation_participants,db/migrate/20101210192618_init_canvas_db.rb,1787,
table,账户与租户管理,course_account_associations,db/migrate/20101210192618_init_canvas_db.rb,1813,
table,课程、班级与选课,course_paces,db/migrate/20101210192618_init_canvas_db.rb,1826,
table,课程、班级与选课,course_pace_module_items,db/migrate/20101210192618_init_canvas_db.rb,1848,
table,课程、班级与选课,course_score_statistics,db/migrate/20101210192618_init_canvas_db.rb,1859,
table,课程、班级与选课,course_sections,db/migrate/20101210192618_init_canvas_db.rb,1866,
table,账户与租户管理,csp_domains,db/migrate/20101210192618_init_canvas_db.rb,1900,
table,其他,custom_data,db/migrate/20101210192618_init_canvas_db.rb,1910,
table,作业、提交与评分,custom_grade_statuses,db/migrate/20101210192618_init_canvas_db.rb,1919,
table,作业、提交与评分,custom_gradebook_columns,db/migrate/20101210192618_init_canvas_db.rb,1934,
table,作业、提交与评分,custom_gradebook_column_data,db/migrate/20101210192618_init_canvas_db.rb,1945,
table,用户、身份与沟通,delayed_messages,db/migrate/20101210192618_init_canvas_db.rb,1957,
table,用户、身份与沟通,delayed_notifications,db/migrate/20101210192618_init_canvas_db.rb,1981,
table,账户与租户管理,developer_keys,db/migrate/20101210192618_init_canvas_db.rb,1990,
table,账户与租户管理,developer_key_account_bindings,db/migrate/20101210192618_init_canvas_db.rb,2037,
table,讨论、公告与协作,discussion_entries,db/migrate/20101210192618_init_canvas_db.rb,2048,
table,讨论、公告与协作,discussion_entry_drafts,db/migrate/20101210192618_init_canvas_db.rb,2081,
table,讨论、公告与协作,discussion_entry_participants,db/migrate/20101210192618_init_canvas_db.rb,2105,
table,讨论、公告与协作,discussion_entry_versions,db/migrate/20101210192618_init_canvas_db.rb,2120,
table,讨论、公告与协作,discussion_topics,db/migrate/20101210192618_init_canvas_db.rb,2131,
table,讨论、公告与协作,discussion_topic_insights,db/migrate/20101210192618_init_canvas_db.rb,2192,
table,讨论、公告与协作,discussion_topic_insight_entries,db/migrate/20101210192618_init_canvas_db.rb,2203,
table,讨论、公告与协作,discussion_topic_materialized_views,db/migrate/20101210192618_init_canvas_db.rb,2227,
table,讨论、公告与协作,discussion_topic_participants,db/migrate/20101210192618_init_canvas_db.rb,2239,
table,课程、班级与选课,discussion_topic_section_visibilities,db/migrate/20101210192618_init_canvas_db.rb,2258,
table,讨论、公告与协作,discussion_topic_summaries,db/migrate/20101210192618_init_canvas_db.rb,2265,
table,讨论、公告与协作,discussion_topic_summary_feedback,db/migrate/20101210192618_init_canvas_db.rb,2290,
table,课程、班级与选课,enrollment_dates_overrides,db/migrate/20101210192618_init_canvas_db.rb,2305,
table,课程、班级与选课,enrollment_states,db/migrate/20101210192618_init_canvas_db.rb,2319,
table,课程、班级与选课,enrollment_terms,db/migrate/20101210192618_init_canvas_db.rb,2337,
table,课程、班级与选课,enrollments,db/migrate/20101210192618_init_canvas_db.rb,2361,
table,讨论、公告与协作,eportfolios,db/migrate/20101210192618_init_canvas_db.rb,2416,
table,讨论、公告与协作,eportfolio_categories,db/migrate/20101210192618_init_canvas_db.rb,2427,
table,讨论、公告与协作,eportfolio_entries,db/migrate/20101210192618_init_canvas_db.rb,2435,
table,SIS、导入导出与报表,epub_exports,db/migrate/20101210192618_init_canvas_db.rb,2447,
table,SIS、导入导出与报表,error_reports,db/migrate/20101210192618_init_canvas_db.rb,2454,
table,其他,estimated_durations,db/migrate/20101210192618_init_canvas_db.rb,2476,
table,其他,event_stream_failures,db/migrate/20101210192618_init_canvas_db.rb,2503,
table,其他,external_feeds,db/migrate/20101210192618_init_canvas_db.rb,2513,
table,其他,external_feed_entries,db/migrate/20101210192618_init_canvas_db.rb,2532,
table,其他,external_integration_keys,db/migrate/20101210192618_init_canvas_db.rb,2548,
table,其他,favorites,db/migrate/20101210192618_init_canvas_db.rb,2558,
table,分析、审计与运维,feature_flags,db/migrate/20101210192618_init_canvas_db.rb,2569,
table,内容、文件与模块,folders,db/migrate/20101210192618_init_canvas_db.rb,2583,
table,作业、提交与评分,gradebook_csvs,db/migrate/20101210192618_init_canvas_db.rb,2632,
table,作业、提交与评分,gradebook_filters,db/migrate/20101210192618_init_canvas_db.rb,2641,
table,作业、提交与评分,gradebook_uploads,db/migrate/20101210192618_init_canvas_db.rb,2651,
table,课程、班级与选课,grading_period_groups,db/migrate/20101210192618_init_canvas_db.rb,2661,
table,课程、班级与选课,grading_periods,db/migrate/20101210192618_init_canvas_db.rb,2672,
table,其他,grading_standards,db/migrate/20101210192618_init_canvas_db.rb,2684,
table,讨论、公告与协作,group_categories,db/migrate/20101210192618_init_canvas_db.rb,2703,
table,讨论、公告与协作,groups,db/migrate/20101210192618_init_canvas_db.rb,2725,
table,讨论、公告与协作,group_memberships,db/migrate/20101210192618_init_canvas_db.rb,2758,
table,讨论、公告与协作,group_and_membership_importers,db/migrate/20101210192618_init_canvas_db.rb,2772,
table,用户、身份与沟通,inbox_settings,db/migrate/20101210192618_init_canvas_db.rb,2780,
table,其他,ignores,db/migrate/20101210192618_init_canvas_db.rb,2794,
table,其他,late_policies,db/migrate/20101210192618_init_canvas_db.rb,2804,
table,学习成果与能力,learning_outcomes,db/migrate/20101210192618_init_canvas_db.rb,2817,
table,学习成果与能力,learning_outcome_groups,db/migrate/20101210192618_init_canvas_db.rb,2843,
table,学习成果与能力,learning_outcome_question_results,db/migrate/20101210192618_init_canvas_db.rb,2871,
table,学习成果与能力,learning_outcome_results,db/migrate/20101210192618_init_canvas_db.rb,2891,
table,其他,live_assessments_assessments,db/migrate/20101210192618_init_canvas_db.rb,2928,
table,其他,live_assessments_results,db/migrate/20101210192618_init_canvas_db.rb,2938,
table,作业、提交与评分,live_assessments_submissions,db/migrate/20101210192618_init_canvas_db.rb,2948,
table,搜索、AI 与无障碍,llm_responses,db/migrate/20101210192618_init_canvas_db.rb,2959,
table,LTI、外部工具与集成,lti_assets,db/migrate/20101210192618_init_canvas_db.rb,2976,
table,LTI、外部工具与集成,lti_asset_processors,db/migrate/20101210192618_init_canvas_db.rb,3013,
table,LTI、外部工具与集成,lti_asset_processor_eula_acceptances,db/migrate/20101210192618_init_canvas_db.rb,3035,
table,LTI、外部工具与集成,lti_asset_reports,db/migrate/20101210192618_init_canvas_db.rb,3050,
table,LTI、外部工具与集成,lti_context_controls,db/migrate/20101210192618_init_canvas_db.rb,3076,
table,LTI、外部工具与集成,lti_import_histories,db/migrate/20101210192618_init_canvas_db.rb,3099,
table,LTI、外部工具与集成,lti_ims_registrations,db/migrate/20101210192618_init_canvas_db.rb,3109,
table,LTI、外部工具与集成,lti_line_items,db/migrate/20101210192618_init_canvas_db.rb,3137,
table,LTI、外部工具与集成,lti_links,db/migrate/20101210192618_init_canvas_db.rb,3156,
table,用户、身份与沟通,lti_message_handlers,db/migrate/20101210192618_init_canvas_db.rb,3170,
table,LTI、外部工具与集成,lti_notice_handlers,db/migrate/20101210192618_init_canvas_db.rb,3187,
table,LTI、外部工具与集成,lti_overlays,db/migrate/20101210192618_init_canvas_db.rb,3201,
table,LTI、外部工具与集成,lti_overlay_versions,db/migrate/20101210192618_init_canvas_db.rb,3214,
table,LTI、外部工具与集成,lti_product_families,db/migrate/20101210192618_init_canvas_db.rb,3226,
table,LTI、外部工具与集成,lti_registrations,db/migrate/20101210192618_init_canvas_db.rb,3242,
table,账户与租户管理,lti_registration_account_bindings,db/migrate/20101210192618_init_canvas_db.rb,3261,
table,LTI、外部工具与集成,lti_registration_history_entries,db/migrate/20101210192618_init_canvas_db.rb,3276,
table,LTI、外部工具与集成,lti_registration_update_requests,db/migrate/20101210192618_init_canvas_db.rb,3288,
table,LTI、外部工具与集成,lti_resource_handlers,db/migrate/20101210192618_init_canvas_db.rb,3310,
table,LTI、外部工具与集成,lti_resource_links,db/migrate/20101210192618_init_canvas_db.rb,3327,
table,LTI、外部工具与集成,lti_resource_placements,db/migrate/20101210192618_init_canvas_db.rb,3348,
table,LTI、外部工具与集成,lti_results,db/migrate/20101210192618_init_canvas_db.rb,3361,
table,LTI、外部工具与集成,lti_tool_configurations,db/migrate/20101210192618_init_canvas_db.rb,3379,
table,用户、身份与沟通,lti_tool_consumer_profiles,db/migrate/20101210192618_init_canvas_db.rb,3402,
table,LTI、外部工具与集成,lti_tool_proxies,db/migrate/20101210192618_init_canvas_db.rb,3410,
table,LTI、外部工具与集成,lti_tool_proxy_bindings,db/migrate/20101210192618_init_canvas_db.rb,3430,
table,LTI、外部工具与集成,lti_tool_settings,db/migrate/20101210192618_init_canvas_db.rb,3440,
table,课程、班级与选课,master_courses_child_content_tags,db/migrate/20101210192618_init_canvas_db.rb,3456,
table,课程、班级与选课,master_courses_child_subscriptions,db/migrate/20101210192618_init_canvas_db.rb,3476,
table,课程、班级与选课,master_courses_master_content_tags,db/migrate/20101210192618_init_canvas_db.rb,3496,
table,课程、班级与选课,master_courses_master_migrations,db/migrate/20101210192618_init_canvas_db.rb,3519,
table,课程、班级与选课,master_courses_master_templates,db/migrate/20101210192618_init_canvas_db.rb,3537,
table,课程、班级与选课,master_courses_migration_results,db/migrate/20101210192618_init_canvas_db.rb,3559,
table,其他,media_objects,db/migrate/20101210192618_init_canvas_db.rb,3579,
table,其他,media_tracks,db/migrate/20101210192618_init_canvas_db.rb,3606,
table,其他,mentions,db/migrate/20101210192618_init_canvas_db.rb,3620,
table,用户、身份与沟通,messages,db/migrate/20101210192618_init_canvas_db.rb,3630,
table,讨论、公告与协作,microsoft_sync_groups,db/migrate/20101210192618_init_canvas_db.rb,3661,
table,LTI、外部工具与集成,microsoft_sync_partial_sync_changes,db/migrate/20101210192618_init_canvas_db.rb,3677,
table,用户、身份与沟通,microsoft_sync_user_mappings,db/migrate/20101210192618_init_canvas_db.rb,3690,
table,SIS、导入导出与报表,migration_issues,db/migrate/20101210192618_init_canvas_db.rb,3701,
table,作业、提交与评分,moderation_graders,db/migrate/20101210192618_init_canvas_db.rb,3712,
table,作业、提交与评分,moderated_grading_provisional_grades,db/migrate/20101210192618_init_canvas_db.rb,3723,
table,其他,moderated_grading_selections,db/migrate/20101210192618_init_canvas_db.rb,3748,
table,用户、身份与沟通,notification_endpoints,db/migrate/20101210192618_init_canvas_db.rb,3762,
table,用户、身份与沟通,notifications,db/migrate/20101210192618_init_canvas_db.rb,3774,
table,账户与租户管理,oauth_client_configs,db/migrate/20101210192618_init_canvas_db.rb,3784,
table,用户、身份与沟通,notification_policies,db/migrate/20101210192618_init_canvas_db.rb,3807,
table,用户、身份与沟通,notification_policy_overrides,db/migrate/20101210192618_init_canvas_db.rb,3816,
table,账户与租户管理,oauth_requests,db/migrate/20101210192618_init_canvas_db.rb,3839,
table,用户、身份与沟通,observer_alert_thresholds,db/migrate/20101210192618_init_canvas_db.rb,3851,
table,用户、身份与沟通,observer_alerts,db/migrate/20101210192618_init_canvas_db.rb,3862,
table,用户、身份与沟通,observer_pairing_codes,db/migrate/20101210192618_init_canvas_db.rb,3874,
table,其他,one_time_passwords,db/migrate/20101210192618_init_canvas_db.rb,3882,
table,SIS、导入导出与报表,originality_reports,db/migrate/20101210192618_init_canvas_db.rb,3891,
table,学习成果与能力,outcome_calculation_methods,db/migrate/20101210192618_init_canvas_db.rb,3908,
table,学习成果与能力,outcome_friendly_descriptions,db/migrate/20101210192618_init_canvas_db.rb,3920,
table,学习成果与能力,outcome_imports,db/migrate/20101210192618_init_canvas_db.rb,3931,
table,学习成果与能力,outcome_import_errors,db/migrate/20101210192618_init_canvas_db.rb,3946,
table,学习成果与能力,outcome_proficiencies,db/migrate/20101210192618_init_canvas_db.rb,3954,
table,学习成果与能力,outcome_proficiency_ratings,db/migrate/20101210192618_init_canvas_db.rb,3966,
table,学习成果与能力,outcome_rollups,db/migrate/20101210192618_init_canvas_db.rb,3980,
table,内容、文件与模块,page_comments,db/migrate/20101210192618_init_canvas_db.rb,3998,
table,内容、文件与模块,page_views,db/migrate/20101210192618_init_canvas_db.rb,4008,
table,SIS、导入导出与报表,parallel_importers,db/migrate/20101210192618_init_canvas_db.rb,4041,
table,内容、文件与模块,planner_notes,db/migrate/20101210192618_init_canvas_db.rb,4055,
table,内容、文件与模块,planner_overrides,db/migrate/20101210192618_init_canvas_db.rb,4071,
table,分析、审计与运维,plugin_settings,db/migrate/20101210192618_init_canvas_db.rb,4083,
table,其他,polling_polls,db/migrate/20101210192618_init_canvas_db.rb,4090,
table,其他,polling_poll_choices,db/migrate/20101210192618_init_canvas_db.rb,4097,
table,其他,polling_poll_sessions,db/migrate/20101210192618_init_canvas_db.rb,4105,
table,作业、提交与评分,polling_poll_submissions,db/migrate/20101210192618_init_canvas_db.rb,4114,
table,其他,post_policies,db/migrate/20101210192618_init_canvas_db.rb,4122,
table,用户、身份与沟通,profiles,db/migrate/20101210192618_init_canvas_db.rb,4131,
table,其他,progresses,db/migrate/20101210192618_init_canvas_db.rb,4147,
table,账户与租户管理,pseudonyms,db/migrate/20101210192618_init_canvas_db.rb,4163,
table,其他,purgatories,db/migrate/20101210192618_init_canvas_db.rb,4281,
table,测验与题库,quizzes,db/migrate/20101210192618_init_canvas_db.rb,4294,
table,测验与题库,quiz_groups,db/migrate/20101210192618_init_canvas_db.rb,4344,
table,测验与题库,quiz_migration_alerts,db/migrate/20101210192618_init_canvas_db.rb,4356,
table,测验与题库,quiz_questions,db/migrate/20101210192618_init_canvas_db.rb,4363,
table,作业、提交与评分,quiz_regrades,db/migrate/20101210192618_init_canvas_db.rb,4383,
table,作业、提交与评分,quiz_question_regrades,db/migrate/20101210192618_init_canvas_db.rb,4392,
table,作业、提交与评分,quiz_regrade_runs,db/migrate/20101210192618_init_canvas_db.rb,4401,
table,测验与题库,quiz_statistics,db/migrate/20101210192618_init_canvas_db.rb,4408,
table,作业、提交与评分,quiz_submissions,db/migrate/20101210192618_init_canvas_db.rb,4419,
table,作业、提交与评分,quiz_submission_events,db/migrate/20101210192618_init_canvas_db.rb,4454,
table,作业、提交与评分,quiz_submission_snapshots,db/migrate/20101210192618_init_canvas_db.rb,4467,
table,SIS、导入导出与报表,report_snapshots,db/migrate/20101210192618_init_canvas_db.rb,4474,
table,账户与租户管理,roles,db/migrate/20101210192618_init_canvas_db.rb,4483,
table,账户与租户管理,role_overrides,db/migrate/20101210192618_init_canvas_db.rb,4496,
table,作业、提交与评分,rubrics,db/migrate/20101210192618_init_canvas_db.rb,4514,
table,作业、提交与评分,rubric_associations,db/migrate/20101210192618_init_canvas_db.rb,4545,
table,作业、提交与评分,rubric_assessments,db/migrate/20101210192618_init_canvas_db.rb,4569,
table,作业、提交与评分,rubric_assessment_imports,db/migrate/20101210192618_init_canvas_db.rb,4588,
table,作业、提交与评分,rubric_criteria,db/migrate/20101210192618_init_canvas_db.rb,4603,
table,作业、提交与评分,rubric_imports,db/migrate/20101210192618_init_canvas_db.rb,4622,
table,其他,scheduled_posts,db/migrate/20101210192618_init_canvas_db.rb,4636,
table,其他,scheduled_smart_alerts,db/migrate/20101210192618_init_canvas_db.rb,4649,
table,其他,scores,db/migrate/20101210192618_init_canvas_db.rb,4660,
table,其他,score_metadata,db/migrate/20101210192618_init_canvas_db.rb,4690,
table,其他,score_statistics,db/migrate/20101210192618_init_canvas_db.rb,4697,
table,其他,sessions,db/migrate/20101210192618_init_canvas_db.rb,4710,
table,SIS、导入导出与报表,session_persistence_tokens,db/migrate/20101210192618_init_canvas_db.rb,4718,
table,分析、审计与运维,settings,db/migrate/20101210192618_init_canvas_db.rb,4725,
table,账户与租户管理,shared_brand_configs,db/migrate/20101210192618_init_canvas_db.rb,4732,
table,SIS、导入导出与报表,sis_batch_errors,db/migrate/20101210192618_init_canvas_db.rb,4741,
table,SIS、导入导出与报表,sis_batch_roll_back_data,db/migrate/20101210192618_init_canvas_db.rb,4753,
table,作业、提交与评分,sis_post_grades_statuses,db/migrate/20101210192618_init_canvas_db.rb,4766,
table,作业、提交与评分,standard_grade_statuses,db/migrate/20101210192618_init_canvas_db.rb,4776,
table,其他,stream_items,db/migrate/20101210192618_init_canvas_db.rb,4787,
table,其他,stream_item_instances,db/migrate/20101210192618_init_canvas_db.rb,4799,
table,作业、提交与评分,submissions,db/migrate/20101210192618_init_canvas_db.rb,4810,
table,作业、提交与评分,submission_comments,db/migrate/20101210192618_init_canvas_db.rb,4903,
table,作业、提交与评分,submission_drafts,db/migrate/20101210192618_init_canvas_db.rb,4930,
table,作业、提交与评分,submission_draft_attachments,db/migrate/20101210192618_init_canvas_db.rb,4943,
table,作业、提交与评分,submission_texts,db/migrate/20101210192618_init_canvas_db.rb,4952,
table,作业、提交与评分,submission_versions,db/migrate/20101210192618_init_canvas_db.rb,4974,
table,其他,switchman_shards,db/migrate/20101210192618_init_canvas_db.rb,5049,
table,课程、班级与选课,temporary_enrollment_pairings,db/migrate/20101210192618_init_canvas_db.rb,5070,
table,账户与租户管理,terms_of_service_contents,db/migrate/20101210192618_init_canvas_db.rb,5081,
table,账户与租户管理,terms_of_services,db/migrate/20101210192618_init_canvas_db.rb,5089,
table,其他,thumbnails,db/migrate/20101210192618_init_canvas_db.rb,5098,
table,其他,usage_rights,db/migrate/20101210192618_init_canvas_db.rb,5113,
table,账户与租户管理,user_account_associations,db/migrate/20101210192618_init_canvas_db.rb,5123,
table,用户、身份与沟通,user_lmgb_outcome_orderings,db/migrate/20101210192618_init_canvas_db.rb,5134,
table,用户、身份与沟通,user_merge_data,db/migrate/20101210192618_init_canvas_db.rb,5148,
table,用户、身份与沟通,user_merge_data_items,db/migrate/20101210192618_init_canvas_db.rb,5155,
table,用户、身份与沟通,user_merge_data_records,db/migrate/20101210192618_init_canvas_db.rb,5162,
table,用户、身份与沟通,user_observers,db/migrate/20101210192618_init_canvas_db.rb,5173,
table,用户、身份与沟通,user_past_lti_ids,db/migrate/20101210192618_init_canvas_db.rb,5186,
table,用户、身份与沟通,user_preference_values,db/migrate/20101210192618_init_canvas_db.rb,5197,
table,用户、身份与沟通,user_profiles,db/migrate/20101210192618_init_canvas_db.rb,5210,
table,用户、身份与沟通,user_profile_links,db/migrate/20101210192618_init_canvas_db.rb,5217,
table,用户、身份与沟通,user_services,db/migrate/20101210192618_init_canvas_db.rb,5224,
table,其他,versions,db/migrate/20101210192618_init_canvas_db.rb,5244,
table,作业、提交与评分,viewed_submission_comments,db/migrate/20101210192618_init_canvas_db.rb,5254,
table,讨论、公告与协作,web_conferences,db/migrate/20101210192618_init_canvas_db.rb,5262,
table,讨论、公告与协作,web_conference_participants,db/migrate/20101210192618_init_canvas_db.rb,5290,
table,内容、文件与模块,wikis,db/migrate/20101210192618_init_canvas_db.rb,5300,
table,内容、文件与模块,wiki_pages,db/migrate/20101210192618_init_canvas_db.rb,5308,
table,内容、文件与模块,wiki_page_lookups,db/migrate/20101210192618_init_canvas_db.rb,5339,
table,作业、提交与评分,assignment_embeddings,db/migrate/20230901164455_add_embeddings.rb,29,
table,讨论、公告与协作,discussion_topic_embeddings,db/migrate/20230901164455_add_embeddings.rb,39,
table,内容、文件与模块,wiki_page_embeddings,db/migrate/20230901164455_add_embeddings.rb,49,
graphql,GraphQL API,,app/graphql/patched_array_connection.rb,1,
graphql,分析、审计与运维,,app/graphql/audit_log_field_extension.rb,1,
graphql,GraphQL API,,app/graphql/collection_connection.rb,1,
graphql,GraphQL API,,app/graphql/dynamo_connection.rb,1,
graphql,GraphQL API,,app/graphql/instructor_query.rb,1,
graphql,GraphQL API,,app/graphql/dynamo_query.rb,1,
graphql,GraphQL API,,app/graphql/graphql_tuning.rb,1,
graphql,GraphQL API,,app/graphql/graphql_helpers.rb,1,
graphql,GraphQL API,,app/graphql/types.rb,1,
graphql,GraphQL API,class UnsupportedTypeError < StandardError; end,app/graphql/graphql_node_loader.rb,362,class
graphql,GraphQL API,,app/graphql/instructor_connection.rb,362,
graphql,GraphQL API,,app/graphql/graphql_postgres_timeout.rb,362,
graphql,GraphQL API,,app/graphql/canvas_schema.rb,362,
graphql,用户、身份与沟通,,app/graphql/analyzers/conversation_complexity_analyzer.rb,362,
graphql,GraphQL API,,app/graphql/analyzers/base_analyzer.rb,362,
graphql,GraphQL API,,app/graphql/analyzers/canvas_antiabuse_analyzer.rb,362,
graphql,GraphQL API,,app/graphql/analyzers/log_query_complexity.rb,362,
graphql,GraphQL API,class SubmissionCommentType < ApplicationObjectType,app/graphql/types/submission_comment_type.rb,39,class
graphql,GraphQL API,class DraftableSubmissionType < BaseEnum,app/graphql/types/draftable_submission_type.rb,31,class
graphql,GraphQL API,class Types::DateTimeRangeType < Types::BaseInputObject,app/graphql/types/date_time_range_type.rb,21,class
graphql,GraphQL API,class SubmissionStatusTagType < BaseEnum,app/graphql/types/submission_status_tag_type.rb,22,class
graphql,GraphQL API,class AccountType < ApplicationObjectType,app/graphql/types/account_type.rb,22,class
graphql,GraphQL API,class ModuleItemMasterCourseRestrictionType < ApplicationObjectType,app/graphql/types/module_item_master_course_restriction_type.rb,21,class
graphql,GraphQL API,class GraderIdentityType < ApplicationObjectType,app/graphql/types/grader_identity_type.rb,22,class
graphql,GraphQL API,class AiGradeRatingType < ApplicationObjectType,app/graphql/types/ai_grade_rating_type.rb,22,class
graphql,GraphQL API,class SubmissionSearchFilterInputType < Types::BaseInputObject,app/graphql/types/submission_search_filter_input_type.rb,22,class
graphql,GraphQL API,class DiscussionEntryReportTypeCountsType < ApplicationObjectType,app/graphql/types/discussion_entry_report_type_counts_type.rb,22,class
graphql,GraphQL API,class LtiAssetType < ApplicationObjectType,app/graphql/types/lti_asset_type.rb,22,class
graphql,作业、提交与评分,class SubAssignmentSubmissionType < ApplicationObjectType,app/graphql/types/sub_assignment_submission_type.rb,22,class
graphql,GraphQL API,class RubricCriterionType < ApplicationObjectType,app/graphql/types/rubric_criterion_type.rb,22,class
graphql,GraphQL API,class QuizType < ApplicationObjectType,app/graphql/types/quiz_type.rb,23,class
graphql,GraphQL API,class EnrollmentRoleType < ApplicationObjectType,app/graphql/types/enrollment_type.rb,22,class
graphql,GraphQL API,class NotificationType < ApplicationObjectType,app/graphql/types/notification_type.rb,22,class
graphql,GraphQL API,class Types::BaseField < GraphQL::Schema::Field,app/graphql/types/base_field.rb,21,class
graphql,GraphQL API,class ModuleProgressionType < ApplicationObjectType,app/graphql/types/module_progression_type.rb,22,class
graphql,GraphQL API,class NotificationPreferencesContextType < Types::BaseEnum,app/graphql/types/notification_preferences_context_type.rb,22,class
graphql,GraphQL API,class ExternalToolSettingsType < ApplicationObjectType,app/graphql/types/external_tool_settings_type.rb,22,class
graphql,GraphQL API,class OutcomeAlignmentType < ApplicationObjectType,app/graphql/types/outcome_alignment_type.rb,22,class
graphql,内容、文件与模块,class ModuleItemMasteryPathInfo < ApplicationObjectType,app/graphql/types/module_item_mastery_path_info.rb,21,class
graphql,GraphQL API,class EntryParticipantType < ApplicationObjectType,app/graphql/types/entry_participant_type.rb,22,class
graphql,GraphQL API,class DiscussionFilterType < Types::BaseEnum,app/graphql/types/discussion_type.rb,22,class
graphql,GraphQL API,class GradingStandardItemType < ApplicationObjectType,app/graphql/types/grading_standard_type.rb,22,class
graphql,GraphQL API,class SubmissionDraftType < ApplicationObjectType,app/graphql/types/submission_draft_type.rb,22,class
graphql,GraphQL API,class LockableUnionType < BaseUnion,app/graphql/types/lock_info_type.rb,21,class
graphql,GraphQL API,class DiscussionSortOrderType < Types::BaseEnum,app/graphql/types/discussion_sort_order_type.rb,22,class
graphql,LTI、外部工具与集成,class LtiAssetProcessorWindowSettingsType < ApplicationObjectType,app/graphql/types/lti_asset_processor_window_settings_type.rb,23,class
graphql,GraphQL API,class ConversationType < ApplicationObjectType,app/graphql/types/conversation_type.rb,22,class
graphql,GraphQL API,class Types::UrlType < Types::BaseScalar,app/graphql/types/url_type.rb,21,class
graphql,GraphQL API,class AssignmentTargetSortFieldInputType < Types::BaseEnum,app/graphql/types/assignment_target_sort_order_input_type.rb,22,class
graphql,GraphQL API,class SubmissionStatisticsType < ApplicationObjectType,app/graphql/types/submission_statistics_type.rb,22,class
graphql,GraphQL API,class RubricAssociationType < ApplicationObjectType,app/graphql/types/rubric_association_type.rb,22,class
graphql,GraphQL API,class SectionType < ApplicationObjectType,app/graphql/types/section_type.rb,22,class
graphql,GraphQL API,class AutoGradeEligibilityType < ApplicationObjectType,app/graphql/types/auto_grade_eligibility_type.rb,22,class
graphql,GraphQL API,class PreferredLanguageType < Types::BaseEnum,app/graphql/types/preferred_language_type.rb,22,class
graphql,LTI、外部工具与集成,class LtiAssetProcessorType < ApplicationObjectType,app/graphql/types/lti_asset_processor_type.rb,23,class
graphql,GraphQL API,class MediaTrackType < ApplicationObjectType,app/graphql/types/media_track_type.rb,22,class
graphql,GraphQL API,class Types::BaseInputObject < GraphQL::Schema::InputObject,app/graphql/types/base_input_object.rb,3,class
graphql,GraphQL API,class TermType < ApplicationObjectType,app/graphql/types/term_type.rb,22,class
graphql,作业、提交与评分,class PeerReviewSubAssignmentType < Types::AssignmentType,app/graphql/types/peer_review_sub_assignment_type.rb,22,class
graphql,GraphQL API,class ModuleSubHeaderType < ApplicationObjectType,app/graphql/types/module_sub_header_type.rb,23,class
graphql,GraphQL API,class MessageableContextType < ApplicationObjectType,app/graphql/types/messageable_context_type.rb,22,class
graphql,GraphQL API,class CommentBankItemType < ApplicationObjectType,app/graphql/types/comment_bank_item_type.rb,22,class
graphql,GraphQL API,class QuizItemType < ApplicationObjectType,app/graphql/types/quiz_item_type.rb,22,class
graphql,GraphQL API,class DiscussionEntryType < ApplicationObjectType,app/graphql/types/discussion_entry_type.rb,22,class
graphql,GraphQL API,class ModuleCompletionStatusType < Types::BaseEnum,app/graphql/types/module_completion_status_type.rb,22,class
graphql,GraphQL API,class Types::ValidationErrorType < Types::ApplicationObjectType,app/graphql/types/validation_error_type.rb,21,class
graphql,GraphQL API,class Types::InstitutionalTagCategoryType < Types::ApplicationObjectType,app/graphql/types/institutional_tag_category_type.rb,23,class
graphql,GraphQL API,class ModuleType < ApplicationObjectType,app/graphql/types/module_type.rb,97,class
graphql,GraphQL API,class MediaSourceType < ApplicationObjectType,app/graphql/types/media_source_type.rb,22,class
graphql,GraphQL API,class PeerReviewDatesType < ApplicationObjectType,app/graphql/types/peer_review_dates_type.rb,22,class
graphql,LTI、外部工具与集成,class LtiAssetProcessorIframeType < ApplicationObjectType,app/graphql/types/lti_asset_processor_iframe_type.rb,23,class
graphql,GraphQL API,class Types::BaseEnum < GraphQL::Schema::Enum,app/graphql/types/base_enum.rb,3,class
graphql,GraphQL API,class ExternalUrlType < ApplicationObjectType,app/graphql/types/external_url_type.rb,22,class
graphql,GraphQL API,class FolderType < ApplicationObjectType,app/graphql/types/folder_type.rb,22,class
graphql,GraphQL API,class ExternalToolStateType < Types::BaseEnum,app/graphql/types/external_tool_state_type.rb,22,class
graphql,GraphQL API,class SubmissionHistoryType < ApplicationObjectType,app/graphql/types/submission_history_type.rb,22,class
graphql,GraphQL API,class ExternalToolType < ApplicationObjectType,app/graphql/types/external_tool_type.rb,27,class
graphql,GraphQL API,class NotificationPolicyType < ApplicationObjectType,app/graphql/types/notification_policy_type.rb,22,class
graphql,GraphQL API,class GradingPeriodGroupType < ApplicationObjectType,app/graphql/types/grading_period_group_type.rb,22,class
graphql,GraphQL API,class AiGradeResultType < ApplicationObjectType,app/graphql/types/ai_grade_result_type.rb,22,class
graphql,GraphQL API,class OrderDirectionType < BaseEnum,app/graphql/types/order_direction_type.rb,22,class
graphql,GraphQL API,class GradingPeriodType < ApplicationObjectType,app/graphql/types/grading_period_type.rb,22,class
graphql,GraphQL API,class EnrollmentsSortFieldType < Types::BaseEnum,app/graphql/types/enrollments_sort_input_type.rb,22,class
graphql,GraphQL API,class AccountNotificationType < ApplicationObjectType,app/graphql/types/account_notification_type.rb,22,class
graphql,GraphQL API,class AssessmentType < BaseEnum,app/graphql/types/rubric_assessment_type.rb,22,class
graphql,GraphQL API,class CoursePermissionsType < ApplicationObjectType,app/graphql/types/course_permissions_type.rb,22,class
graphql,用户、身份与沟通,class ConversationMessageType < ApplicationObjectType,app/graphql/types/conversation_message_type.rb,22,class
graphql,GraphQL API,class SubmissionCommentFilterInputType < Types::BaseInputObject,app/graphql/types/submission_comment_filter_input_type.rb,22,class
graphql,内容、文件与模块,class TotalCountPageInfo < GraphQL::Types::Relay::PageInfo,app/graphql/types/total_count_page_info.rb,32,class
graphql,GraphQL API,class NotificationPreferencesType < ApplicationObjectType,app/graphql/types/notification_preferences_type.rb,22,class
graphql,GraphQL API,class VericiteContextType < BaseUnion,app/graphql/types/vericite_data_type.rb,21,class
graphql,GraphQL API,class DiscussionEntryVersionType < ApplicationObjectType,app/graphql/types/discussion_entry_version_type.rb,22,class
graphql,GraphQL API,class StreamSummaryItemType < ApplicationObjectType,app/graphql/types/activity_stream_type.rb,21,class
graphql,GraphQL API,class DiscussionEntryPinningType < Types::BaseEnum,app/graphql/types/discussion_entry_pinning_type.rb,22,class
graphql,GraphQL API,class StringMapType < Types::BaseScalar,app/graphql/types/string_map_type.rb,22,class
graphql,GraphQL API,class AuditEventRoleType < Types::BaseEnum,app/graphql/types/audit_event_type.rb,21,class
graphql,GraphQL API,class CourseOutcomeAlignmentStatsType < ApplicationObjectType,app/graphql/types/course_outcome_alignment_stats_type.rb,22,class
graphql,GraphQL API,class CourseSettingsType < ApplicationObjectType,app/graphql/types/course_settings_type.rb,22,class
graphql,学习成果与能力,class LearningOutcomeType < ApplicationObjectType,app/graphql/types/learning_outcome_type.rb,22,class
graphql,GraphQL API,class SubmissionFilterInputType < Types::BaseInputObject,app/graphql/types/submission_filter_input_type.rb,22,class
graphql,GraphQL API,class CustomGradeStatusType < ApplicationObjectType,app/graphql/types/custom_grade_status_type.rb,21,class
graphql,GraphQL API,class AssignmentType < ApplicationObjectType,app/graphql/types/assignment_type.rb,26,class
graphql,GraphQL API,class WidgetDashboardTypeEnum < Types::BaseEnum,app/graphql/types/widget_dashboard_type_enum.rb,22,class
graphql,GraphQL API,class RubricRatingType < ApplicationObjectType,app/graphql/types/rubric_rating_type.rb,22,class
graphql,GraphQL API,class ModuleItemType < ApplicationObjectType,app/graphql/types/module_item_type.rb,41,class
graphql,GraphQL API,class PageType < ApplicationObjectType,app/graphql/types/page_type.rb,22,class
graphql,GraphQL API,class InboxSettingsType < ApplicationObjectType,app/graphql/types/inbox_settings_type.rb,22,class
graphql,GraphQL API,class AuditLogsType < ApplicationObjectType,app/graphql/types/audit_logs_type.rb,22,class
graphql,GraphQL API,class Types::AccountUsersSortFieldType < Types::BaseEnum,app/graphql/types/account_users_sort_input_type.rb,21,class
graphql,GraphQL API,class RecipientsType < ApplicationObjectType,app/graphql/types/recipients_type.rb,22,class
graphql,GraphQL API,class ContentTagType < GraphQL::Types::Relay::BaseEdge,app/graphql/types/content_tag_type.rb,22,class
graphql,GraphQL API,class ModuleFilterInputType < Types::BaseInputObject,app/graphql/types/module_filter_input_type.rb,22,class
graphql,GraphQL API,class ConversationParticipantType < ApplicationObjectType,app/graphql/types/conversation_participant_type.rb,22,class
graphql,GraphQL API,class Types::DateTimeType < Types::BaseScalar,app/graphql/types/date_time_type.rb,21,class
graphql,GraphQL API,class UsageRightsType < ApplicationObjectType,app/graphql/types/usage_rights_type.rb,22,class
graphql,GraphQL API,class SubmissionHistoryFilterInputType < Types::BaseInputObject,app/graphql/types/submission_type.rb,28,class
graphql,GraphQL API,class MutationLogType < ApplicationObjectType,app/graphql/types/mutation_log_type.rb,22,class
graphql,GraphQL API,class SubmissionGradingStatusType < BaseEnum,app/graphql/types/submission_grading_status_type.rb,22,class
graphql,GraphQL API,class GradesType < ApplicationObjectType,app/graphql/types/grades_type.rb,22,class
graphql,作业、提交与评分,class AssignmentTypeEnum < Types::BaseEnum,app/graphql/types/assignment_type_enum.rb,22,class
graphql,GraphQL API,class OutcomeCalculationMethodType < ApplicationObjectType,app/graphql/types/outcome_calculation_method_type.rb,22,class
graphql,GraphQL API,class DiscussionEntryPermissionsType < ApplicationObjectType,app/graphql/types/discussion_entry_permissions_type.rb,22,class
graphql,GraphQL API,class StandardGradeStatusType < ApplicationObjectType,app/graphql/types/standard_grade_status_type.rb,21,class
graphql,GraphQL API,class Types::LegacyNodeType < Types::BaseEnum,app/graphql/types/legacy_node_type.rb,21,class
graphql,GraphQL API,class AnonymousUserType < ApplicationObjectType,app/graphql/types/anonymous_user_type.rb,22,class
graphql,GraphQL API,class CourseUsersSortFieldType < Types::BaseEnum,app/graphql/types/course_users_sort_input_type.rb,22,class
graphql,GraphQL API,class ModuleProgressionStatisticsType < ApplicationObjectType,app/graphql/types/module_progression_statistics_type.rb,22,class
graphql,GraphQL API,class CheckpointType < ApplicationObjectType,app/graphql/types/checkpoint_type.rb,22,class
graphql,GraphQL API,class ContentTagContentType < Types::BaseUnion,app/graphql/types/content_tag_content_type.rb,21,class
graphql,GraphQL API,class ExternalToolPlacementType < Types::BaseEnum,app/graphql/types/external_tool_placement_type.rb,23,class
graphql,搜索、AI 与无障碍,class AiFeedbackTypeEnum < Types::BaseEnum,app/graphql/types/ai_feedback_type_enum.rb,22,class
graphql,GraphQL API,class AdhocStudentsType < ApplicationObjectType,app/graphql/types/assignment_override_type.rb,22,class
graphql,GraphQL API,class SubmissionSearchOrderFieldInputType < Types::BaseEnum,app/graphql/types/submission_search_order_input_type.rb,22,class
graphql,GraphQL API,class ProficiencyRatingType < ApplicationObjectType,app/graphql/types/proficiency_rating_type.rb,22,class
graphql,作业、提交与评分,class AssignmentSubmissionType < Types::BaseEnum,app/graphql/types/assignment_submission_type.rb,41,class
graphql,GraphQL API,class AssignmentGroupType < ApplicationObjectType,app/graphql/types/assignment_group_type.rb,21,class
graphql,GraphQL API,class ModuleExternalToolType < ApplicationObjectType,app/graphql/types/module_external_tool_type.rb,27,class
graphql,GraphQL API,class AiGradeCriterionResultType < ApplicationObjectType,app/graphql/types/ai_grade_criterion_result_type.rb,22,class
graphql,GraphQL API,class Types::AccountUsersFilterInputType < Types::BaseInputObject,app/graphql/types/account_users_filter_input_type.rb,21,class
graphql,GraphQL API,class RubricAssessmentRatingType < ApplicationObjectType,app/graphql/types/rubric_assessment_rating_type.rb,22,class
graphql,GraphQL API,class GroupStateType < Types::BaseEnum,app/graphql/types/group_type.rb,22,class
graphql,GraphQL API,class RubricType < ApplicationObjectType,app/graphql/types/rubric_type.rb,22,class
graphql,学习成果与能力,class OutcomeProficiencyType < ApplicationObjectType,app/graphql/types/outcome_proficiency_type.rb,21,class
graphql,GraphQL API,class InstitutionalTagUsersSortFieldType < Types::BaseEnum,app/graphql/types/institutional_tag_users_sort_input_type.rb,22,class
graphql,GraphQL API,class DiscussionEntryCountsType < ApplicationObjectType,app/graphql/types/discussion_entry_counts_type.rb,22,class
graphql,GraphQL API,class ModuleItemFilterInputType < Types::BaseInputObject,app/graphql/types/module_item_filter_input_type.rb,22,class
graphql,学习成果与能力,class LearningOutcomeGroupType < ApplicationObjectType,app/graphql/types/learning_outcome_group_type.rb,21,class
graphql,GraphQL API,class FileType < ApplicationObjectType,app/graphql/types/file_type.rb,22,class
graphql,GraphQL API,class SubmissionCommentStatusType < Types::BaseEnum,app/graphql/types/submission_comment_status_type.rb,22,class
graphql,GraphQL API,class LtiAssetReportType < ApplicationObjectType,app/graphql/types/lti_asset_report_type.rb,22,class
graphql,作业、提交与评分,class ProvisionalGradeType < ApplicationObjectType,app/graphql/types/provisional_grade_type.rb,22,class
graphql,GraphQL API,class AllocationRuleType < ApplicationObjectType,app/graphql/types/allocation_rule_type.rb,22,class
graphql,GraphQL API,class Types::SpeedGraderSettingsType < GraphQL::Schema::Object,app/graphql/types/speed_grader_settings_type.rb,20,class
graphql,GraphQL API,class Types::BaseScalar < GraphQL::Schema::Scalar,app/graphql/types/base_scalar.rb,21,class
graphql,GraphQL API,class GroupSetType < ApplicationObjectType,app/graphql/types/group_set_type.rb,22,class
graphql,GraphQL API,class MessagePermissionsType < ApplicationObjectType,app/graphql/types/message_permissions_type.rb,22,class
graphql,GraphQL API,class Types::MutationType < Types::ApplicationObjectType,app/graphql/types/mutation_type.rb,31,class
graphql,GraphQL API,class OutcomeFriendlyDescriptionType < ApplicationObjectType,app/graphql/types/outcome_friendly_description_type.rb,22,class
graphql,GraphQL API,class CourseRequirementsType < ApplicationObjectType,app/graphql/types/course_progression_type.rb,22,class
graphql,GraphQL API,class UserGroupMembershipsFilterInputType < Types::BaseInputObject,app/graphql/types/user_group_memberships_filter_input_type.rb,22,class
graphql,GraphQL API,class ModuleStatisticsType < ApplicationObjectType,app/graphql/types/module_statistics_type.rb,22,class
graphql,GraphQL API,class CommunicationChannelType < ApplicationObjectType,app/graphql/types/communication_channel_type.rb,22,class
graphql,GraphQL API,class InstructorUserInfoType < ApplicationObjectType,app/graphql/types/instructor_with_enrollments_type.rb,22,class
graphql,GraphQL API,class ExternalToolPlacementsType < ApplicationObjectType,app/graphql/types/external_tool_placements_type.rb,22,class
graphql,GraphQL API,class QueryType < ApplicationObjectType,app/graphql/types/query_type.rb,22,class
graphql,GraphQL API,class SubmissionHistoryOrderFieldInputType < Types::BaseEnum,app/graphql/types/submission_history_order_input_type.rb,22,class
graphql,GraphQL API,class ContentTagConnection < GraphQL::Types::Relay::BaseConnection,app/graphql/types/content_tag_connection.rb,21,class
graphql,GraphQL API,class Types::InstitutionalTagAssociationType < Types::ApplicationObjectType,app/graphql/types/institutional_tag_association_type.rb,23,class
graphql,GraphQL API,class TurnitinDataType < ApplicationObjectType,app/graphql/types/turnitin_data_type.rb,22,class
graphql,GraphQL API,class ScheduledPostType < ApplicationObjectType,app/graphql/types/scheduled_post_type.rb,22,class
graphql,GraphQL API,class DiscussionPermissionsType < ApplicationObjectType,app/graphql/types/discussion_permissions_type.rb,22,class
graphql,GraphQL API,class GroupMembershipStateType < Types::BaseEnum,app/graphql/types/group_membership_type.rb,22,class
graphql,GraphQL API,class DateHashSetType < ApplicationObjectType,app/graphql/types/date_hash_type.rb,22,class
graphql,GraphQL API,class SubmissionStateType < BaseEnum,app/graphql/types/submission_state_type.rb,33,class
graphql,GraphQL API,class AssessmentRequestType < ApplicationObjectType,app/graphql/types/assessment_request_type.rb,22,class
graphql,GraphQL API,class CourseDashboardCardLinkType < ApplicationObjectType,app/graphql/types/course_dashboard_card_type.rb,21,class
graphql,GraphQL API,class ProficiencyRatingInputType < Types::BaseInputObject,app/graphql/types/proficiency_rating_input_type.rb,22,class
graphql,GraphQL API,class PostPolicyType < ApplicationObjectType,app/graphql/types/post_policy_type.rb,22,class
graphql,GraphQL API,class SubmissionPostingStatusType < BaseEnum,app/graphql/types/submission_posting_status_type.rb,22,class
graphql,GraphQL API,class Types::BaseUnion < GraphQL::Schema::Union,app/graphql/types/base_union.rb,20,class
graphql,GraphQL API,class AllowProvisionalGradingType < BaseEnum,app/graphql/types/allow_provisional_grading_type.rb,22,class
graphql,用户、身份与沟通,class MessageableUserType < ApplicationObjectType,app/graphql/types/messageable_user_type.rb,22,class
graphql,GraphQL API,class InternalSettingType < ApplicationObjectType,app/graphql/types/internal_setting_type.rb,22,class
graphql,GraphQL API,class AssignmentGroupRulesType < ApplicationObjectType,app/graphql/types/assignment_group_rules_type.rb,21,class
graphql,GraphQL API,class DiscussionParticipantType < ApplicationObjectType,app/graphql/types/discussion_participant_type.rb,22,class
graphql,GraphQL API,class TurnitinContextType < BaseUnion,app/graphql/types/turnitin_context_type.rb,22,class
graphql,GraphQL API,class QuizSubmissionType < ApplicationObjectType,app/graphql/types/quiz_submission_type.rb,22,class
graphql,GraphQL API,class MediaType < Types::BaseEnum,app/graphql/types/media_object_type.rb,27,class
graphql,GraphQL API,class TotalCountConnection < GraphQL::Types::Relay::BaseConnection,app/graphql/types/total_count_connection.rb,23,class
graphql,GraphQL API,class Types::InstitutionalTagType < Types::ApplicationObjectType,app/graphql/types/institutional_tag_type.rb,23,class
graphql,GraphQL API,class ProgressStateType < BaseEnum,app/graphql/types/progress_type.rb,22,class
graphql,GraphQL API,class StickerType < BaseEnum,app/graphql/types/sticker_type.rb,21,class
graphql,GraphQL API,class PageViewAnalysisType < ApplicationObjectType,app/graphql/types/student_summary_analytics_type.rb,22,class
graphql,GraphQL API,class AutoGradeIssueType < ApplicationObjectType,app/graphql/types/auto_grade_issue_type.rb,22,class
graphql,GraphQL API,class EligibilityIssueType < ApplicationObjectType,app/graphql/types/eligibility_issue_type.rb,22,class
graphql,GraphQL API,class ApplicationObjectType < GraphQL::Schema::Object,app/graphql/types/application_object_type.rb,22,class
graphql,GraphQL API,class DashboardObserveeFilterInputType < BaseInputObject,app/graphql/types/user_type.rb,29,class
graphql,GraphQL API,class SubmissionOrderFieldType < BaseEnum,app/graphql/types/course_type.rb,22,class
graphql,用户、身份与沟通,class Mutations::UpdateMyInboxSettings < Mutations::BaseMutation,app/graphql/mutations/update_my_inbox_settings.rb,21,class
graphql,讨论、公告与协作,class Mutations::UpdateDiscussionEntry < Mutations::BaseMutation,app/graphql/mutations/update_discussion_entry.rb,21,class
graphql,课程、班级与选课,class RejectEnrollmentInvitation < BaseMutation,app/graphql/mutations/reject_enrollment_invitation.rb,22,class
graphql,学习成果与能力,class Mutations::OutcomeCalculationMethodBase < Mutations::BaseMutation,app/graphql/mutations/outcome_calculation_method_base.rb,21,class
graphql,学习成果与能力,class Mutations::UpdateOutcomeCalculationMethod < Mutations::OutcomeCalculationMethodBase,app/graphql/mutations/update_outcome_calculation_method.rb,21,class
graphql,作业、提交与评分,class OnlineSubmissionType < Types::BaseEnum,app/graphql/mutations/create_submission.rb,22,class
graphql,讨论、公告与协作,class Mutations::UpdateDiscussionTopic < Mutations::DiscussionBase,app/graphql/mutations/update_discussion_topic.rb,21,class
graphql,GraphQL API,class RemoveInstitutionalTag < BaseMutation,app/graphql/mutations/remove_institutional_tag.rb,24,class
graphql,作业、提交与评分,class Mutations::SubmitAutoGradeFeedback < Mutations::BaseAiFeedback,app/graphql/mutations/submit_auto_grade_feedback.rb,21,class
graphql,讨论、公告与协作,class Mutations::UpdateDiscussionReadState < Mutations::BaseMutation,app/graphql/mutations/update_discussion_read_state.rb,21,class
graphql,GraphQL API,class Mutations::DeleteCommentBankItem < Mutations::BaseMutation,app/graphql/mutations/delete_comment_bank_item.rb,21,class
graphql,作业、提交与评分,class Mutations::UpdateAssignment < Mutations::AssignmentBase::Mutation,app/graphql/mutations/update_assignment.rb,21,class
graphql,GraphQL API,class Mutations::UpdateWidgetDashboardLayout < Mutations::BaseMutation,app/graphql/mutations/update_widget_dashboard_layout.rb,21,class
graphql,作业、提交与评分,class Mutations::AutoGradeSubmission < Mutations::BaseMutation,app/graphql/mutations/auto_grade_submission.rb,21,class
graphql,作业、提交与评分,class Mutations::UpdateSubmissionsReadState < Mutations::BaseMutation,app/graphql/mutations/update_submissions_read_state.rb,21,class
graphql,讨论、公告与协作,class Types::AutoLeaderType < Types::BaseEnum,app/graphql/mutations/group_set_base.rb,22,class
graphql,讨论、公告与协作,class Mutations::UpdateDiscussionEntriesReadState < Mutations::BaseMutation,app/graphql/mutations/update_discussion_entries_read_state.rb,21,class
graphql,学习成果与能力,class Mutations::DeleteOutcomeCalculationMethod < Mutations::BaseMutation,app/graphql/mutations/delete_outcome_calculation_method.rb,21,class
graphql,GraphQL API,class AllocationRuleBase < BaseMutation,app/graphql/mutations/allocation_rule_base.rb,22,class
graphql,作业、提交与评分,class Mutations::UpdateRubricAssessmentReadState < Mutations::BaseMutation,app/graphql/mutations/update_rubric_assessment_read_state.rb,21,class
graphql,作业、提交与评分,class Mutations::UpdateSubmissionSticker < Mutations::BaseMutation,app/graphql/mutations/update_submission_sticker.rb,20,class
graphql,GraphQL API,class Mutations::SetOverrideScore < Mutations::BaseMutation,app/graphql/mutations/set_override_score.rb,21,class
graphql,用户、身份与沟通,class Mutations::DeleteConversations < Mutations::BaseMutation,app/graphql/mutations/delete_conversations.rb,21,class
graphql,作业、提交与评分,class Mutations::SelectProvisionalGrade < Mutations::BaseMutation,app/graphql/mutations/select_provisional_grade.rb,21,class
graphql,讨论、公告与协作,class Mutations::CreateGroupSet < Mutations::GroupSetBase,app/graphql/mutations/create_group_set.rb,21,class
graphql,学习成果与能力,class Mutations::OutcomeProficiencyRatingCreate < GraphQL::Schema::InputObject,app/graphql/mutations/outcome_proficiency_base.rb,21,class
graphql,作业、提交与评分,class Mutations::HideAssignmentGrades < Mutations::BaseMutation,app/graphql/mutations/hide_assignment_grades.rb,21,class
graphql,用户、身份与沟通,class Mutations::CreateConversation < Mutations::BaseMutation,app/graphql/mutations/create_conversation.rb,21,class
graphql,GraphQL API,class UpdateInstitutionalTagArchivedState < BaseMutation,app/graphql/mutations/update_institutional_tag_archived_state.rb,24,class
graphql,作业、提交与评分,class Mutations::CreateSubmissionComment < Mutations::BaseMutation,app/graphql/mutations/create_submission_comment.rb,21,class
graphql,作业、提交与评分,class Mutations::UpdateRubricArchivedState < Mutations::BaseMutation,app/graphql/mutations/update_rubric_archived_state.rb,21,class
graphql,作业、提交与评分,class UpsertCustomGradeStatus < BaseMutation,app/graphql/mutations/upsert_custom_grade_status.rb,21,class
graphql,GraphQL API,class Mutations::DeleteAllocationRule < Mutations::BaseMutation,app/graphql/mutations/delete_allocation_rule.rb,21,class
graphql,GraphQL API,class Mutations::CreateAllocationRule < Mutations::AllocationRuleBase,app/graphql/mutations/create_allocation_rule.rb,21,class
graphql,讨论、公告与协作,class Mutations::CreateDiscussionEntry < Mutations::BaseMutation,app/graphql/mutations/create_discussion_entry.rb,21,class
graphql,用户、身份与沟通,class NotificationFrequencyType < Types::BaseEnum,app/graphql/mutations/update_notification_preferences.rb,22,class
graphql,作业、提交与评分,class SetRubricSelfAssessment < BaseMutation,app/graphql/mutations/set_rubric_self_assessment.rb,21,class
graphql,用户、身份与沟通,class Mutations::DeleteUserInboxLabel < Mutations::BaseMutation,app/graphql/mutations/delete_user_inbox_label.rb,20,class
graphql,讨论、公告与协作,class Types::DiscussionTopicContextType < Types::BaseEnum,app/graphql/mutations/create_discussion_topic.rb,21,class
graphql,作业、提交与评分,class Mutations::SetAssignmentPostPolicy < Mutations::BaseMutation,app/graphql/mutations/set_assignment_post_policy.rb,21,class
graphql,学习成果与能力,class Mutations::DeleteOutcomeLinks < Mutations::BaseMutation,app/graphql/mutations/delete_outcome_links.rb,21,class
graphql,讨论、公告与协作,class Mutations::DeleteDiscussionEntry < Mutations::BaseMutation,app/graphql/mutations/delete_discussion_entry.rb,21,class
graphql,GraphQL API,class UpdateInstitutionalTagCategoryArchivedState < BaseMutation,app/graphql/mutations/update_institutional_tag_category_archived_state.rb,24,class
graphql,作业、提交与评分,class Mutations::UpdateGradebookGroupFilter < Mutations::BaseMutation,app/graphql/mutations/update_gradebook_group_filter.rb,18,class
graphql,GraphQL API,class UpdateInstitutionalTagCategory < BaseMutation,app/graphql/mutations/update_institutional_tag_category.rb,24,class
graphql,内容、文件与模块,class Mutations::ReorderModuleItems < Mutations::BaseMutation,app/graphql/mutations/reorder_module_items.rb,21,class
graphql,作业、提交与评分,class Mutations::UpdateSpeedGraderSettings < Mutations::BaseMutation,app/graphql/mutations/update_speed_grader_settings.rb,21,class
graphql,GraphQL API,class Mutations::UpdateCommentBankItem < Mutations::BaseMutation,app/graphql/mutations/update_comment_bank_item.rb,21,class
graphql,讨论、公告与协作,class Mutations::UpdateDiscussionThreadReadState < Mutations::BaseMutation,app/graphql/mutations/update_discussion_thread_read_state.rb,21,class
graphql,GraphQL API,class Mutations::CreateCommentBankItem < Mutations::BaseMutation,app/graphql/mutations/create_comment_bank_item.rb,21,class
graphql,作业、提交与评分,class Mutations::PostAssignmentGradesForSections < Mutations::BaseMutation,app/graphql/mutations/post_assignment_grades_for_sections.rb,21,class
graphql,讨论、公告与协作,class Mutations::DeleteDiscussionTopic < Mutations::BaseMutation,app/graphql/mutations/delete_discussion_topic.rb,20,class
graphql,用户、身份与沟通,class Mutations::CreateUserInboxLabel < Mutations::BaseMutation,app/graphql/mutations/create_user_inbox_label.rb,20,class
graphql,讨论、公告与协作,class RatingInputType < Types::BaseEnum,app/graphql/mutations/update_discussion_entry_participant.rb,22,class
graphql,GraphQL API,class Mutations::UpdateWidgetDashboardConfig < Mutations::BaseMutation,app/graphql/mutations/update_widget_dashboard_config.rb,21,class
graphql,作业、提交与评分,class Mutations::UpdateSubmissionGrade < Mutations::BaseMutation,app/graphql/mutations/update_submission_grade.rb,21,class
graphql,作业、提交与评分,class Mutations::UpdateSubmissionGradeStatus < Mutations::BaseMutation,app/graphql/mutations/update_submission_grade_status.rb,20,class
graphql,GraphQL API,class Mutations::BaseMutation < GraphQL::Schema::Mutation,app/graphql/mutations/base_mutation.rb,34,class
graphql,内容、文件与模块,class Mutations::SetModuleItemCompletion < Mutations::BaseMutation,app/graphql/mutations/set_module_item_completion.rb,21,class
graphql,LTI、外部工具与集成,class Mutations::LtiContentItems::LtiContentItemIframe < GraphQL::Schema::InputObject,app/graphql/mutations/lti_content_items.rb,25,class
graphql,学习成果与能力,class Mutations::CreateOutcomeProficiency < Mutations::OutcomeProficiencyBase,app/graphql/mutations/create_outcome_proficiency.rb,21,class
graphql,用户、身份与沟通,class Mutations::UpdateUserDiscussionsSplitscreenView < Mutations::BaseMutation,app/graphql/mutations/update_user_discussions_splitscreen_view.rb,21,class
graphql,讨论、公告与协作,class Mutations::RestoreDeletedDiscussionEntry < Mutations::BaseMutation,app/graphql/mutations/restore_deleted_discussion_entry.rb,21,class
graphql,学习成果与能力,class Mutations::CreateOutcomeCalculationMethod < Mutations::OutcomeCalculationMethodBase,app/graphql/mutations/create_outcome_calculation_method.rb,21,class
graphql,学习成果与能力,class Mutations::CreateLearningOutcomeGroup < Mutations::BaseMutation,app/graphql/mutations/create_learning_outcome_group.rb,21,class
graphql,账户与租户管理,class DismissAccountNotification < BaseMutation,app/graphql/mutations/dismiss_account_notification.rb,22,class
graphql,GraphQL API,class CreateInstitutionalTag < BaseMutation,app/graphql/mutations/create_institutional_tag.rb,24,class
graphql,GraphQL API,class UpdateInstitutionalTag < BaseMutation,app/graphql/mutations/update_institutional_tag.rb,24,class
graphql,课程、班级与选课,class Mutations::SetCoursePostPolicy < Mutations::BaseMutation,app/graphql/mutations/set_course_post_policy.rb,21,class
graphql,课程、班级与选课,class AcceptEnrollmentInvitation < BaseMutation,app/graphql/mutations/accept_enrollment_invitation.rb,22,class
graphql,课程、班级与选课,class LearnerDashboardTabType < Types::BaseEnum,app/graphql/mutations/update_learner_dashboard_tab_selection.rb,22,class
graphql,GraphQL API,class Mutations::UpdateInternalSetting < Mutations::BaseMutation,app/graphql/mutations/update_internal_setting.rb,19,class
graphql,学习成果与能力,class BaseLearningOutcomeMutation < BaseMutation,app/graphql/mutations/base_learning_outcome_mutation.rb,22,class
graphql,作业、提交与评分,class Mutations::HideAssignmentGradesForSections < Mutations::BaseMutation,app/graphql/mutations/hide_assignment_grades_for_sections.rb,21,class
graphql,讨论、公告与协作,class Mutations::SubscribeToDiscussionTopic < Mutations::BaseMutation,app/graphql/mutations/subscribe_to_discussion_topic.rb,21,class
graphql,GraphQL API,class SetOverrideStatus < BaseMutation,app/graphql/mutations/set_override_status.rb,21,class
graphql,GraphQL API,class ApplyInstitutionalTag < BaseMutation,app/graphql/mutations/apply_institutional_tag.rb,24,class
graphql,讨论、公告与协作,class Types::DiscussionCheckpointDateType < Types::BaseEnum,app/graphql/mutations/discussion_base.rb,21,class
graphql,学习成果与能力,class Mutations::CreateLearningOutcome < Mutations::BaseLearningOutcomeMutation,app/graphql/mutations/create_learning_outcome.rb,21,class
graphql,讨论、公告与协作,class Mutations::UpdateDiscussionTopicParticipant < Mutations::BaseMutation,app/graphql/mutations/update_discussion_topic_participant.rb,21,class
graphql,作业、提交与评分,class Mutations::DeleteSubmissionComment < Mutations::BaseMutation,app/graphql/mutations/delete_submission_comment.rb,21,class
graphql,搜索、AI 与无障碍,class Mutations::BaseAiFeedback < Mutations::BaseMutation,app/graphql/mutations/base_ai_feedback.rb,24,class
graphql,学习成果与能力,class Mutations::UpdateLearningOutcomeGroup < Mutations::BaseMutation,app/graphql/mutations/update_learning_outcome_group.rb,21,class
graphql,讨论、公告与协作,class Mutations::CreateGroupInSet < Mutations::BaseMutation,app/graphql/mutations/create_group_in_set.rb,21,class
graphql,GraphQL API,class Mutations::UpdateSplitScreenViewDeeplyNestedAlert < Mutations::BaseMutation,app/graphql/mutations/update_split_screen_view_deeply_nested_alert.rb,21,class
graphql,学习成果与能力,class Mutations::DeleteOutcomeProficiency < Mutations::BaseMutation,app/graphql/mutations/delete_outcome_proficiency.rb,21,class
graphql,作业、提交与评分,class Mutations::UpdateSubmissionStudentEnteredScore < Mutations::BaseMutation,app/graphql/mutations/update_submission_student_entered_score.rb,21,class
graphql,学习成果与能力,class Mutations::MoveOutcomeLinks < Mutations::BaseMutation,app/graphql/mutations/move_outcome_links.rb,21,class
graphql,作业、提交与评分,class Mutations::CreateSubmissionDraft < Mutations::BaseMutation,app/graphql/mutations/create_submission_draft.rb,24,class
graphql,作业、提交与评分,class Mutations::PostDraftSubmissionComment < Mutations::BaseMutation,app/graphql/mutations/post_draft_submission_comment.rb,21,class
graphql,GraphQL API,class Mutations::CreateInternalSetting < Mutations::BaseMutation,app/graphql/mutations/create_internal_setting.rb,20,class
graphql,作业、提交与评分,class Mutations::SaveRubricAssessment < Mutations::BaseMutation,app/graphql/mutations/save_rubric_assessment.rb,21,class
graphql,用户、身份与沟通,class Mutations::DeleteConversationMessages < Mutations::BaseMutation,app/graphql/mutations/delete_conversation_messages.rb,21,class
graphql,GraphQL API,class Mutations::UpdateAllocationRule < Mutations::AllocationRuleBase,app/graphql/mutations/update_allocation_rule.rb,21,class
graphql,学习成果与能力,class Mutations::ImportOutcomes < Mutations::BaseMutation,app/graphql/mutations/import_outcomes.rb,21,class
graphql,用户、身份与沟通,class Mutations::AddConversationMessage < Mutations::BaseMutation,app/graphql/mutations/add_conversation_message.rb,21,class
graphql,作业、提交与评分,class Mutations::MarkSubmissionCommentsRead < Mutations::BaseMutation,app/graphql/mutations/mark_submission_comments_read.rb,23,class
graphql,GraphQL API,class CreateInstitutionalTagCategory < BaseMutation,app/graphql/mutations/create_institutional_tag_category.rb,24,class
graphql,作业、提交与评分,class Mutations::AssignmentBase::AssignmentOverrideCreateOrUpdate < GraphQL::Schema::InputObject,app/graphql/mutations/assignment_base.rb,23,class
graphql,GraphQL API,class Mutations::CreateModule < Mutations::BaseMutation,app/graphql/mutations/create_module.rb,21,class
graphql,用户、身份与沟通,class Mutations::UpdateConversationParticipants < Mutations::BaseMutation,app/graphql/mutations/update_conversation_participants.rb,21,class
graphql,学习成果与能力,class Mutations::UpdateLearningOutcome < Mutations::BaseLearningOutcomeMutation,app/graphql/mutations/update_learning_outcome.rb,21,class
graphql,GraphQL API,class Mutations::DeleteInternalSetting < Mutations::BaseMutation,app/graphql/mutations/delete_internal_setting.rb,20,class
graphql,作业、提交与评分,class Mutations::PostAssignmentGrades < Mutations::BaseMutation,app/graphql/mutations/post_assignment_grades.rb,21,class
graphql,作业、提交与评分,class Mutations::DeleteSubmissionDraft < Mutations::BaseMutation,app/graphql/mutations/delete_submission_draft.rb,21,class
graphql,作业、提交与评分,class UpsertStandardGradeStatus < BaseMutation,app/graphql/mutations/upsert_standard_grade_status.rb,21,class
graphql,作业、提交与评分,class Mutations::CreateAssignment < Mutations::AssignmentBase::Mutation,app/graphql/mutations/create_assignment.rb,21,class
graphql,GraphQL API,class Mutations::SetFriendlyDescription < Mutations::BaseMutation,app/graphql/mutations/set_friendly_description.rb,21,class
graphql,学习成果与能力,class Mutations::UpdateOutcomeProficiency < Mutations::OutcomeProficiencyBase,app/graphql/mutations/update_outcome_proficiency.rb,21,class
graphql,作业、提交与评分,class DeleteCustomGradeStatus < BaseMutation,app/graphql/mutations/delete_custom_grade_status.rb,21,class
graphql,作业、提交与评分,,app/graphql/graphql_helpers/anonymous_grading.rb,21,
graphql,作业、提交与评分,,app/graphql/graphql_helpers/auto_grade_eligibility_helper.rb,21,
graphql,GraphQL API,,app/graphql/graphql_helpers/context_fetcher.rb,21,
graphql,用户、身份与沟通,,app/graphql/graphql_helpers/user_content.rb,21,
graphql,GraphQL API,,app/graphql/tracers/datadog_tracer.rb,21,
graphql,课程、班级与选课,,app/graphql/loaders/course_outcome_alignment_stats_loader.rb,21,
graphql,内容、文件与模块,,app/graphql/loaders/wiki_page_loaders.rb,21,
graphql,GraphQL API,,app/graphql/loaders/institutional_tag_associations_count_loader.rb,21,
graphql,SIS、导入导出与报表,,app/graphql/loaders/sisid_loader.rb,21,
graphql,作业、提交与评分,,app/graphql/loaders/override_assignment_loader.rb,21,
graphql,内容、文件与模块,,app/graphql/loaders/api_content_attachment_loader.rb,21,
graphql,用户、身份与沟通,,app/graphql/loaders/user_loaders.rb,21,
graphql,账户与租户管理,,app/graphql/loaders/course_role_loader.rb,21,
graphql,学习成果与能力,,app/graphql/loaders/outcome_alignment_loader.rb,21,
graphql,学习成果与能力,,app/graphql/loaders/outcome_friendly_description_loader.rb,21,
graphql,用户、身份与沟通,,app/graphql/loaders/discussion_entry_user_loader.rb,21,
graphql,GraphQL API,,app/graphql/loaders/thumbnail_loader.rb,21,
graphql,GraphQL API,,app/graphql/loaders/permissions_loader.rb,21,
graphql,讨论、公告与协作,,app/graphql/loaders/announcements_connection_loader.rb,21,
graphql,作业、提交与评分,,app/graphql/loaders/assignment_needs_grading_count_loader.rb,21,
graphql,课程、班级与选课,,app/graphql/loaders/current_grading_period_loader.rb,21,
graphql,GraphQL API,,app/graphql/loaders/activity_stream_summary_loader.rb,21,
graphql,GraphQL API,,app/graphql/loaders/observed_students_loader.rb,21,
graphql,GraphQL API,,app/graphql/loaders/institutional_tag_category_associations_count_loader.rb,21,
graphql,作业、提交与评分,,app/graphql/loaders/peer_review_status_loader.rb,21,
graphql,GraphQL API,,app/graphql/loaders/dates_overridable_loader.rb,21,
graphql,课程、班级与选课,,app/graphql/loaders/section_grade_posted_state.rb,21,
graphql,作业、提交与评分,,app/graphql/loaders/assignment_external_tool_tag_loader.rb,21,
graphql,讨论、公告与协作,,app/graphql/loaders/discussion_entry_counts_loader.rb,21,
graphql,GraphQL API,,app/graphql/loaders/foreign_key_loader.rb,21,
graphql,课程、班级与选课,,app/graphql/loaders/course_submission_data_loader.rb,21,
graphql,GraphQL API,,app/graphql/loaders/media_object_loader.rb,21,
graphql,作业、提交与评分,,app/graphql/loaders/submission_group_id_loader.rb,21,
graphql,课程、班级与选课,,app/graphql/loaders/has_postable_comments_loader.rb,21,
graphql,用户、身份与沟通,,app/graphql/loaders/observer_module_progression_loader.rb,21,
graphql,用户、身份与沟通,,app/graphql/loaders/last_commented_by_user_at_loader.rb,21,
graphql,作业、提交与评分,,app/graphql/loaders/assignment_loaders.rb,21,
graphql,GraphQL API,,app/graphql/loaders/unsharded_id_loader.rb,21,
graphql,作业、提交与评分,,app/graphql/loaders/assignment_has_submissions_loader.rb,21,
graphql,作业、提交与评分,,app/graphql/loaders/has_auto_grade_results_loader.rb,21,
graphql,GraphQL API,,app/graphql/loaders/module_statistics_loader.rb,21,
graphql,作业、提交与评分,,app/graphql/loaders/assignment_visibility_loader.rb,21,
graphql,讨论、公告与协作,,app/graphql/loaders/discussion_entry_loader.rb,21,
graphql,课程、班级与选课,,app/graphql/loaders/course_student_analytics_loader.rb,21,
graphql,讨论、公告与协作,,app/graphql/loaders/discussion_topic_participant_loader.rb,21,
graphql,课程、班级与选课,,app/graphql/loaders/section_grades_present_state.rb,21,
graphql,用户、身份与沟通,,app/graphql/loaders/course_visible_student_user_ids_loader.rb,21,
graphql,讨论、公告与协作,,app/graphql/loaders/discussion_topic_student_entries_loader.rb,21,
graphql,GraphQL API,,app/graphql/loaders/asset_string_loader.rb,21,
graphql,讨论、公告与协作,,app/graphql/loaders/discussion_topic_loaders.rb,21,
graphql,用户、身份与沟通,,app/graphql/loaders/observer_module_statistics_loader.rb,21,
graphql,作业、提交与评分,,app/graphql/loaders/assignment_rubric_assessments_count_loader.rb,21,
graphql,课程、班级与选课,,app/graphql/loaders/course_module_progression_data_loader.rb,21,
graphql,用户、身份与沟通,,app/graphql/loaders/mentionable_user_loader.rb,21,
graphql,GraphQL API,,app/graphql/loaders/id_loader.rb,21,
graphql,GraphQL API,,app/graphql/loaders/assessment_request_loader.rb,21,
graphql,作业、提交与评分,,app/graphql/loaders/submission_loaders.rb,21,
graphql,GraphQL API,,app/graphql/loaders/module_active_overrides_loader.rb,21,
graphql,GraphQL API,,app/graphql/loaders/association_loader.rb,21,
graphql,分析、审计与运维,,app/graphql/loaders/audit_events_loader.rb,21,
graphql,课程、班级与选课,,app/graphql/loaders/module_item_master_course_restrictions_loader.rb,21,
graphql,用户、身份与沟通,,app/graphql/loaders/observer_course_submission_data_loader.rb,21,
graphql,作业、提交与评分,,app/graphql/loaders/submission_lti_asset_reports_loader.rb,21,
graphql,GraphQL API,,app/graphql/loaders/association_count_loader.rb,21,
graphql,GraphQL API,,app/graphql/loaders/entry_participant_loader.rb,21,
graphql,作业、提交与评分,,app/graphql/loaders/rubric_associations_loader.rb,21,
graphql,测验与题库,class QuizFilterInputType < Types::BaseInputObject,app/graphql/interfaces/quizzes_connection_interface.rb,22,class
graphql,内容、文件与模块,class PageFilterInputType < Types::BaseInputObject,app/graphql/interfaces/pages_connection_interface.rb,22,class
graphql,GraphQL API,field_class Types::BaseField,app/graphql/interfaces/base_interface.rb,28,class
graphql,内容、文件与模块,class FileFilterInputType < Types::BaseInputObject,app/graphql/interfaces/files_connection_interface.rb,22,class
graphql,GraphQL API,class PlacementType < GraphQL::Schema::Object,app/graphql/interfaces/placements_interface.rb,21,class
graphql,GraphQL API,"field :created_at, Types::DateTimeType, null: true",app/graphql/interfaces/timestamp_interface.rb,29,field
graphql,作业、提交与评分,class AssignmentFilterInputType < Types::BaseInputObject,app/graphql/interfaces/assignments_connection_interface.rb,6,class
graphql,GraphQL API,"field :_id, ID, ""legacy canvas id"", method: :id, null: false",app/graphql/interfaces/legacy_id_interface.rb,22,field
graphql,GraphQL API,"field :asset_string, String, null: true",app/graphql/interfaces/asset_string_interface.rb,24,field
graphql,LTI、外部工具与集成,class ExternalToolFilterInputType < Types::BaseInputObject,app/graphql/interfaces/external_tools_connection_interface.rb,22,class
graphql,内容、文件与模块,"field :modules, [Types::ModuleType], null: true",app/graphql/interfaces/module_item_interface.rb,24,field
graphql,讨论、公告与协作,class DiscussionFilterInputType < Types::BaseInputObject,app/graphql/interfaces/discussions_connection_interface.rb,22,class
graphql,作业、提交与评分,class SubmissionRubricAssessmentFilterInputType < Types::BaseInputObject,app/graphql/interfaces/submission_interface.rb,70,class
graphql,GraphQL API,"field :assigned_to_dates,",app/graphql/interfaces/assigned_dates_interface.rb,29,field
frontend_feature,GraphQL API,ui/shared/graphql,ui/shared/graphql,1,13
frontend_feature,GraphQL API,ui/shared/graphql-query-mock,ui/shared/graphql-query-mock,1,3
frontend_feature,LTI、外部工具与集成,ui/features/external_tool_redirect,ui/features/external_tool_redirect,1,3
frontend_feature,LTI、外部工具与集成,ui/features/external_tools_show,ui/features/external_tools_show,1,4
frontend_feature,LTI、外部工具与集成,ui/features/lti_registrations,ui/features/lti_registrations,1,271
frontend_feature,LTI、外部工具与集成,ui/shared/lti,ui/shared/lti,1,57
frontend_feature,LTI、外部工具与集成,ui/shared/lti-apps,ui/shared/lti-apps,1,54
frontend_feature,LTI、外部工具与集成,ui/shared/lti-asset-processor,ui/shared/lti-asset-processor,1,69
frontend_feature,LTI、外部工具与集成,ui/shared/multi-select,ui/shared/multi-select,1,3
frontend_feature,SIS、导入导出与报表,ui/features/account_reports,ui/features/account_reports,1,13
frontend_feature,SIS、导入导出与报表,ui/features/epub_exports,ui/features/epub_exports,1,14
frontend_feature,SIS、导入导出与报表,ui/features/sis_import,ui/features/sis_import,1,9
frontend_feature,SIS、导入导出与报表,ui/features/study_assist,ui/features/study_assist,1,3
frontend_feature,SIS、导入导出与报表,ui/features/teacher_activity_report,ui/features/teacher_activity_report,1,3
frontend_feature,SIS、导入导出与报表,ui/features/webzip_export,ui/features/webzip_export,1,12
frontend_feature,SIS、导入导出与报表,ui/shared/account_reports,ui/shared/account_reports,1,6
frontend_feature,SIS、导入导出与报表,ui/shared/sis,ui/shared/sis,1,6
frontend_feature,作业、提交与评分,ui/features/assignment_edit,ui/features/assignment_edit,1,76
frontend_feature,作业、提交与评分,ui/features/assignment_grade_summary,ui/features/assignment_grade_summary,1,54
frontend_feature,作业、提交与评分,ui/features/assignment_index,ui/features/assignment_index,1,103
frontend_feature,作业、提交与评分,ui/features/assignment_show,ui/features/assignment_show,1,4
frontend_feature,作业、提交与评分,ui/features/assignments_peer_reviews,ui/features/assignments_peer_reviews,1,6
frontend_feature,作业、提交与评分,ui/features/assignments_peer_reviews_student,ui/features/assignments_peer_reviews_student,1,34
frontend_feature,作业、提交与评分,ui/features/assignments_show_student,ui/features/assignments_show_student,1,157
frontend_feature,作业、提交与评分,ui/features/assignments_show_teacher,ui/features/assignments_show_teacher,1,17
frontend_feature,作业、提交与评分,ui/features/assignments_show_teacher_deprecated,ui/features/assignments_show_teacher_deprecated,1,92
frontend_feature,作业、提交与评分,ui/features/edit_rubric,ui/features/edit_rubric,1,2
frontend_feature,作业、提交与评分,ui/features/enhanced_individual_gradebook,ui/features/enhanced_individual_gradebook,1,79
frontend_feature,作业、提交与评分,ui/features/eportfolio_moderation,ui/features/eportfolio_moderation,1,2
frontend_feature,作业、提交与评分,ui/features/grade_summary,ui/features/grade_summary,1,88
frontend_feature,作业、提交与评分,ui/features/gradebook,ui/features/gradebook,1,422
frontend_feature,作业、提交与评分,ui/features/gradebook_history,ui/features/gradebook_history,1,31
frontend_feature,作业、提交与评分,ui/features/gradebook_uploads,ui/features/gradebook_uploads,1,16
frontend_feature,作业、提交与评分,ui/features/group_submission_reminder,ui/features/group_submission_reminder,1,2
frontend_feature,作业、提交与评分,ui/features/module_student_view_peer_reviews,ui/features/module_student_view_peer_reviews,1,7
frontend_feature,作业、提交与评分,ui/features/quiz_submission,ui/features/quiz_submission,1,2
frontend_feature,作业、提交与评分,ui/features/rubric_assessment,ui/features/rubric_assessment,1,2
frontend_feature,作业、提交与评分,ui/features/rubrics,ui/features/rubrics,1,24
frontend_feature,作业、提交与评分,ui/features/rubrics_index,ui/features/rubrics_index,1,2
frontend_feature,作业、提交与评分,ui/features/rubrics_show,ui/features/rubrics_show,1,2
frontend_feature,作业、提交与评分,ui/features/speed_grader,ui/features/speed_grader,1,129
frontend_feature,作业、提交与评分,ui/features/submission_download,ui/features/submission_download,1,4
frontend_feature,作业、提交与评分,ui/features/submissions,ui/features/submissions,1,11
frontend_feature,作业、提交与评分,ui/features/submissions_show_preview_asset_report_status,ui/features/submissions_show_preview_asset_report_status,1,4
frontend_feature,作业、提交与评分,ui/features/submissions_show_preview_media,ui/features/submissions_show_preview_media,1,2
frontend_feature,作业、提交与评分,ui/features/submissions_show_preview_text,ui/features/submissions_show_preview_text,1,2
frontend_feature,作业、提交与评分,ui/features/submissions_show_preview_upload,ui/features/submissions_show_preview_upload,1,2
frontend_feature,作业、提交与评分,ui/features/submit_assignment,ui/features/submit_assignment,1,31
frontend_feature,作业、提交与评分,ui/shared/assignments,ui/shared/assignments,1,172
frontend_feature,作业、提交与评分,ui/shared/download-submissions-modal,ui/shared/download-submissions-modal,1,3
frontend_feature,作业、提交与评分,ui/shared/final-grade-override,ui/shared/final-grade-override,1,6
frontend_feature,作业、提交与评分,ui/shared/grade-summary,ui/shared/grade-summary,1,24
frontend_feature,作业、提交与评分,ui/shared/gradebook-content-filters,ui/shared/gradebook-content-filters,1,3
frontend_feature,作业、提交与评分,ui/shared/gradebook-menu,ui/shared/gradebook-menu,1,3
frontend_feature,作业、提交与评分,ui/shared/hide-assignment-grades-tray,ui/shared/hide-assignment-grades-tray,1,11
frontend_feature,作业、提交与评分,ui/shared/outcome-gradebook-grid,ui/shared/outcome-gradebook-grid,1,11
frontend_feature,作业、提交与评分,ui/shared/post-assignment-grades-tray,ui/shared/post-assignment-grades-tray,1,12
frontend_feature,作业、提交与评分,ui/shared/proxy-submission,ui/shared/proxy-submission,1,3
frontend_feature,作业、提交与评分,ui/shared/rubrics,ui/shared/rubrics,1,184
frontend_feature,作业、提交与评分,ui/shared/speed-grader-link,ui/shared/speed-grader-link,1,3
frontend_feature,作业、提交与评分,ui/shared/student_view_peer_reviews,ui/shared/student_view_peer_reviews,1,3
frontend_feature,作业、提交与评分,ui/shared/submission-sticker,ui/shared/submission-sticker,1,10
frontend_feature,其他,packages/bootstrap-dropdown,packages/bootstrap-dropdown,1,3
frontend_feature,其他,packages/bootstrap-select,packages/bootstrap-select,1,3
frontend_feature,其他,packages/browserslist-config-canvas-lms,packages/browserslist-config-canvas-lms,1,2
frontend_feature,其他,packages/canvas-media,packages/canvas-media,1,142
frontend_feature,其他,packages/canvas-rce,packages/canvas-rce,1,793
frontend_feature,其他,packages/date-js,packages/date-js,1,6
frontend_feature,其他,packages/date-js-alias,packages/date-js-alias,1,2
frontend_feature,其他,packages/defer-promise,packages/defer-promise,1,4
frontend_feature,其他,packages/deparam,packages/deparam,1,2
frontend_feature,其他,packages/force-screenreader-to-reparse,packages/force-screenreader-to-reparse,1,2
frontend_feature,其他,packages/grading-utils,packages/grading-utils,1,3
frontend_feature,其他,packages/html-escape,packages/html-escape,1,2
frontend_feature,其他,packages/html-escape-old,packages/html-escape-old,1,2
frontend_feature,其他,packages/jquery,packages/jquery,1,3
frontend_feature,其他,packages/jquery-fancy-placeholder,packages/jquery-fancy-placeholder,1,2
frontend_feature,其他,packages/jquery-kyle-menu,packages/jquery-kyle-menu,1,4
frontend_feature,其他,packages/jquery-popover,packages/jquery-popover,1,2
frontend_feature,其他,packages/jquery-qtip,packages/jquery-qtip,1,2
frontend_feature,其他,packages/jquery-scroll-into-view,packages/jquery-scroll-into-view,1,2
frontend_feature,其他,packages/jquery-scroll-to-visible,packages/jquery-scroll-to-visible,1,4
frontend_feature,其他,packages/jquery-selectmenu,packages/jquery-selectmenu,1,2
frontend_feature,其他,packages/jquery-tinypubsub,packages/jquery-tinypubsub,1,3
frontend_feature,其他,packages/jqueryui,packages/jqueryui,1,18
frontend_feature,其他,packages/k5uploader,packages/k5uploader,1,30
frontend_feature,其他,packages/link-header-parsing,packages/link-header-parsing,1,6
frontend_feature,其他,packages/moment-utils,packages/moment-utils,1,9
frontend_feature,其他,packages/obj-unflatten,packages/obj-unflatten,1,2
frontend_feature,其他,packages/query-string-encoding,packages/query-string-encoding,1,4
frontend_feature,其他,packages/react-dnd-test-backend,packages/react-dnd-test-backend,1,3
frontend_feature,其他,packages/ready,packages/ready,1,2
frontend_feature,其他,packages/sanitize-html-with-tinymce,packages/sanitize-html-with-tinymce,1,3
frontend_feature,其他,packages/slickgrid,packages/slickgrid,1,8
frontend_feature,其他,packages/translations,packages/translations,1,238
frontend_feature,其他,ui/features/act_as_modal,ui/features/act_as_modal,1,6
frontend_feature,其他,ui/features/ams,ui/features/ams,1,2
frontend_feature,其他,ui/features/available_pronouns_list,ui/features/available_pronouns_list,1,4
frontend_feature,其他,ui/features/block_editor_iframe_content,ui/features/block_editor_iframe_content,1,2
frontend_feature,其他,ui/features/change_password,ui/features/change_password,1,5
frontend_feature,其他,ui/features/confetti,ui/features/confetti,1,2
frontend_feature,其他,ui/features/confirm_email,ui/features/confirm_email,1,2
frontend_feature,其他,ui/features/content_notices,ui/features/content_notices,1,2
frontend_feature,其他,ui/features/content_shares,ui/features/content_shares,1,14
frontend_feature,其他,ui/features/context_media_object_inline,ui/features/context_media_object_inline,1,2
frontend_feature,其他,ui/features/context_undelete_item,ui/features/context_undelete_item,1,2
frontend_feature,其他,ui/features/copy_warnings_modal,ui/features/copy_warnings_modal,1,4
frontend_feature,其他,ui/features/dashboard,ui/features/dashboard,1,10
frontend_feature,其他,ui/features/deep_linking_response,ui/features/deep_linking_response,1,4
frontend_feature,其他,ui/features/external_apps,ui/features/external_apps,1,83
frontend_feature,其他,ui/features/external_content_cancel,ui/features/external_content_cancel,1,2
frontend_feature,其他,ui/features/external_content_success,ui/features/external_content_success,1,2
frontend_feature,其他,ui/features/graphiql,ui/features/graphiql,1,4
frontend_feature,其他,ui/features/horizon_toggle,ui/features/horizon_toggle,1,36
frontend_feature,其他,ui/features/ignite_agent,ui/features/ignite_agent,1,2
frontend_feature,其他,ui/features/inlined_preview,ui/features/inlined_preview,1,2
frontend_feature,其他,ui/features/inst_fs_service_worker,ui/features/inst_fs_service_worker,1,2
frontend_feature,其他,ui/features/k5_dashboard,ui/features/k5_dashboard,1,51
frontend_feature,其他,ui/features/ldap_cert_upload,ui/features/ldap_cert_upload,1,4
frontend_feature,其他,ui/features/learning_agent,ui/features/learning_agent,1,1
frontend_feature,其他,ui/features/locale,ui/features/locale,1,2
frontend_feature,其他,ui/features/media_immersive_view,ui/features/media_immersive_view,1,6
frontend_feature,其他,ui/features/media_player_iframe_content,ui/features/media_player_iframe_content,1,15
frontend_feature,其他,ui/features/module_dnd,ui/features/module_dnd,1,2
frontend_feature,其他,ui/features/module_sequence_footer,ui/features/module_sequence_footer,1,4
frontend_feature,其他,ui/features/nav_tourpoints,ui/features/nav_tourpoints,1,10
frontend_feature,其他,ui/features/navigation_header,ui/features/navigation_header,1,57
frontend_feature,其他,ui/features/not_found_index,ui/features/not_found_index,1,14
frontend_feature,其他,ui/features/notebook,ui/features/notebook,1,7
frontend_feature,其他,ui/features/password_complexity_configuration,ui/features/password_complexity_configuration,1,12
frontend_feature,其他,ui/features/past_global_alert,ui/features/past_global_alert,1,4
frontend_feature,其他,ui/features/pendo,ui/features/pendo,1,2
frontend_feature,其他,ui/features/permissions,ui/features/permissions,1,36
frontend_feature,其他,ui/features/plugins,ui/features/plugins,1,3
frontend_feature,其他,ui/features/prerequisites_lookup,ui/features/prerequisites_lookup,1,2
frontend_feature,其他,ui/features/progress_pill,ui/features/progress_pill,1,2
frontend_feature,其他,ui/features/public_javascripts_tests,ui/features/public_javascripts_tests,1,2
frontend_feature,其他,ui/features/registration,ui/features/registration,1,4
frontend_feature,其他,ui/features/registration_confirmation,ui/features/registration_confirmation,1,2
frontend_feature,其他,ui/features/release_notes_edit,ui/features/release_notes_edit,1,13
frontend_feature,其他,ui/features/roster,ui/features/roster,1,39
frontend_feature,其他,ui/features/select_content_dialog,ui/features/select_content_dialog,1,2
frontend_feature,其他,ui/features/slickgrid,ui/features/slickgrid,1,2
frontend_feature,其他,ui/features/theme_editor,ui/features/theme_editor,1,24
frontend_feature,其他,ui/features/theme_preview,ui/features/theme_preview,1,2
frontend_feature,其他,ui/features/top_navigation_tools,ui/features/top_navigation_tools,1,6
frontend_feature,其他,ui/features/widget_dashboard,ui/features/widget_dashboard,1,142
frontend_feature,其他,ui/features/youtube_migration,ui/features/youtube_migration,1,2
frontend_feature,其他,ui/shared/access-tokens,ui/shared/access-tokens,1,7
frontend_feature,其他,ui/shared/add-people,ui/shared/add-people,1,34
frontend_feature,其他,ui/shared/ai-experiences,ui/shared/ai-experiences,1,13
frontend_feature,其他,ui/shared/ams,ui/shared/ams,1,4
frontend_feature,其他,ui/shared/api,ui/shared/api,1,2
frontend_feature,其他,ui/shared/apollo-v3,ui/shared/apollo-v3,1,6
frontend_feature,其他,ui/shared/array-erase,ui/shared/array-erase,1,2
frontend_feature,其他,ui/shared/authenticity-token,ui/shared/authenticity-token,1,2
frontend_feature,其他,ui/shared/auto-complete-select,ui/shared/auto-complete-select,1,2
frontend_feature,其他,ui/shared/await-element,ui/shared/await-element,1,3
frontend_feature,其他,ui/shared/axios,ui/shared/axios,1,3
frontend_feature,其他,ui/shared/backbone,ui/shared/backbone,1,18
frontend_feature,其他,ui/shared/backbone-collection-view,ui/shared/backbone-collection-view,1,4
frontend_feature,其他,ui/shared/backbone-input-filter-view,ui/shared/backbone-input-filter-view,1,3
frontend_feature,其他,ui/shared/backbone-input-view,ui/shared/backbone-input-view,1,3
frontend_feature,其他,ui/shared/backoff-poller,ui/shared/backoff-poller,1,3
frontend_feature,其他,ui/shared/block-content-editor,ui/shared/block-content-editor,1,225
frontend_feature,其他,ui/shared/block-editor,ui/shared/block-editor,1,313
frontend_feature,其他,ui/shared/brandable-css,ui/shared/brandable-css,1,3
frontend_feature,其他,ui/shared/breadcrumbs,ui/shared/breadcrumbs,1,3
frontend_feature,其他,ui/shared/breakpoints,ui/shared/breakpoints,1,3
frontend_feature,其他,ui/shared/bundles,ui/shared/bundles,1,1
frontend_feature,其他,ui/shared/canvas-media-player,ui/shared/canvas-media-player,1,4
frontend_feature,其他,ui/shared/canvas-studio-player,ui/shared/canvas-studio-player,1,4
frontend_feature,其他,ui/shared/color-picker,ui/shared/color-picker,1,5
frontend_feature,其他,ui/shared/combo-box,ui/shared/combo-box,1,3
frontend_feature,其他,ui/shared/common,ui/shared/common,1,16
frontend_feature,其他,ui/shared/conditional-release-cyoe-helper,ui/shared/conditional-release-cyoe-helper,1,3
frontend_feature,其他,ui/shared/conditional-release-editor,ui/shared/conditional-release-editor,1,34
frontend_feature,其他,ui/shared/conditional-release-score,ui/shared/conditional-release-score,1,3
frontend_feature,其他,ui/shared/confetti,ui/shared/confetti,1,9
frontend_feature,其他,ui/shared/content-locks,ui/shared/content-locks,1,2
frontend_feature,其他,ui/shared/content-migrations,ui/shared/content-migrations,1,46
frontend_feature,其他,ui/shared/content-sharing,ui/shared/content-sharing,1,4
frontend_feature,其他,ui/shared/context-cards,ui/shared/context-cards,1,16
frontend_feature,其他,ui/shared/context-modules,ui/shared/context-modules,1,144
frontend_feature,其他,ui/shared/convert-case,ui/shared/convert-case,1,3
frontend_feature,其他,ui/shared/copy-to-clipboard,ui/shared/copy-to-clipboard,1,3
frontend_feature,其他,ui/shared/copy-to-clipboard-button,ui/shared/copy-to-clipboard-button,1,3
frontend_feature,其他,ui/shared/dashboard-card,ui/shared/dashboard-card,1,37
frontend_feature,其他,ui/shared/dashboard-toggle,ui/shared/dashboard-toggle,1,2
frontend_feature,其他,ui/shared/datetime,ui/shared/datetime,1,89
frontend_feature,其他,ui/shared/datetime-natural-parsing-instrument,ui/shared/datetime-natural-parsing-instrument,1,2
frontend_feature,其他,ui/shared/day-substitution,ui/shared/day-substitution,1,7
frontend_feature,其他,ui/shared/deep-linking,ui/shared/deep-linking,1,22
frontend_feature,其他,ui/shared/dialog-base-view,ui/shared/dialog-base-view,1,3
frontend_feature,其他,ui/shared/dialogs,ui/shared/dialogs,1,2
frontend_feature,其他,ui/shared/differentiation-tags,ui/shared/differentiation-tags,1,57
frontend_feature,其他,ui/shared/direct-sharing,ui/shared/direct-sharing,1,32
frontend_feature,其他,ui/shared/do-fetch-api-effect,ui/shared/do-fetch-api-effect,1,5
frontend_feature,其他,ui/shared/dsr,ui/shared/dsr,1,4
frontend_feature,其他,ui/shared/due-dates,ui/shared/due-dates,1,40
frontend_feature,其他,ui/shared/easy-student-view,ui/shared/easy-student-view,1,2
frontend_feature,其他,ui/shared/editor-toggle,ui/shared/editor-toggle,1,5
frontend_feature,其他,ui/shared/emoji,ui/shared/emoji,1,6
frontend_feature,其他,ui/shared/encrypted-forage,ui/shared/encrypted-forage,1,1
frontend_feature,其他,ui/shared/escape-regex,ui/shared/escape-regex,1,2
frontend_feature,其他,ui/shared/external-apps,ui/shared/external-apps,1,5
frontend_feature,其他,ui/shared/external-tools,ui/shared/external-tools,1,15
frontend_feature,其他,ui/shared/feature-flags,ui/shared/feature-flags,1,14
frontend_feature,其他,ui/shared/filter-bar,ui/shared/filter-bar,1,4
frontend_feature,其他,ui/shared/forms,ui/shared/forms,1,15
frontend_feature,其他,ui/shared/fuzzy-relative-time,ui/shared/fuzzy-relative-time,1,3
frontend_feature,其他,ui/shared/generate-pairing-code,ui/shared/generate-pairing-code,1,3
frontend_feature,其他,ui/shared/global,ui/shared/global,1,46
frontend_feature,其他,ui/shared/grading,ui/shared/grading,1,87
frontend_feature,其他,ui/shared/grading-scheme,ui/shared/grading-scheme,1,71
frontend_feature,其他,ui/shared/grading-standard-collection,ui/shared/grading-standard-collection,1,7
frontend_feature,其他,ui/shared/grading-standards,ui/shared/grading-standards,1,2
frontend_feature,其他,ui/shared/grading-status-list-item,ui/shared/grading-status-list-item,1,4
frontend_feature,其他,ui/shared/grading-status-pill,ui/shared/grading-status-pill,1,3
frontend_feature,其他,ui/shared/handlebars-helpers,ui/shared/handlebars-helpers,1,6
frontend_feature,其他,ui/shared/help-dialog,ui/shared/help-dialog,1,19
frontend_feature,其他,ui/shared/horizon,ui/shared/horizon,1,4
frontend_feature,其他,ui/shared/i18n,ui/shared/i18n,1,13
frontend_feature,其他,ui/shared/immersive-reader,ui/shared/immersive-reader,1,11
frontend_feature,其他,ui/shared/infinite-scroll,ui/shared/infinite-scroll,1,3
frontend_feature,其他,ui/shared/instui-bindings,ui/shared/instui-bindings,1,23
frontend_feature,其他,ui/shared/integrations,ui/shared/integrations,1,34
frontend_feature,其他,ui/shared/jquery,ui/shared/jquery,1,28
frontend_feature,其他,ui/shared/jquery-keycodes,ui/shared/jquery-keycodes,1,3
frontend_feature,其他,ui/shared/jquery-sticky,ui/shared/jquery-sticky,1,3
frontend_feature,其他,ui/shared/k5,ui/shared/k5,1,41
frontend_feature,其他,ui/shared/keyboard-nav-dialog,ui/shared/keyboard-nav-dialog,1,3
frontend_feature,其他,ui/shared/lazy-load,ui/shared/lazy-load,1,2
frontend_feature,其他,ui/shared/learning-agent,ui/shared/learning-agent,1,3
frontend_feature,其他,ui/shared/list-view-checkpoints,ui/shared/list-view-checkpoints,1,6
frontend_feature,其他,ui/shared/loading-image,ui/shared/loading-image,1,3
frontend_feature,其他,ui/shared/local-storage,ui/shared/local-storage,1,3
frontend_feature,其他,ui/shared/lock-icon,ui/shared/lock-icon,1,4
frontend_feature,其他,ui/shared/make-promise-pool,ui/shared/make-promise-pool,1,3
frontend_feature,其他,ui/shared/media-comments,ui/shared/media-comments,1,19
frontend_feature,其他,ui/shared/media-recorder,ui/shared/media-recorder,1,5
frontend_feature,其他,ui/shared/mediaelement,ui/shared/mediaelement,1,9
frontend_feature,其他,ui/shared/mime,ui/shared/mime,1,4
frontend_feature,其他,ui/shared/modal,ui/shared/modal,1,7
frontend_feature,其他,ui/shared/module-sequence-footer,ui/shared/module-sequence-footer,1,4
frontend_feature,其他,ui/shared/modules,ui/shared/modules,1,9
frontend_feature,其他,ui/shared/move-item-tray,ui/shared/move-item-tray,1,8
frontend_feature,其他,ui/shared/msw,ui/shared/msw,1,2
frontend_feature,其他,ui/shared/mutex-manager,ui/shared/mutex-manager,1,4
frontend_feature,其他,ui/shared/nav-menu-links,ui/shared/nav-menu-links,1,3
frontend_feature,其他,ui/shared/network,ui/shared/network,1,9
frontend_feature,其他,ui/shared/nutrition-facts,ui/shared/nutrition-facts,1,8
frontend_feature,其他,ui/shared/obj-select,ui/shared/obj-select,1,3
frontend_feature,其他,ui/shared/package-tests,ui/shared/package-tests,1,8
frontend_feature,其他,ui/shared/pagination,ui/shared/pagination,1,10
frontend_feature,其他,ui/shared/panda-pub-client,ui/shared/panda-pub-client,1,2
frontend_feature,其他,ui/shared/panda-pub-poller,ui/shared/panda-pub-poller,1,2
frontend_feature,其他,ui/shared/parse-link-header,ui/shared/parse-link-header,1,3
frontend_feature,其他,ui/shared/pendo,ui/shared/pendo,1,9
frontend_feature,其他,ui/shared/permissions,ui/shared/permissions,1,4
frontend_feature,其他,ui/shared/positions,ui/shared/positions,1,3
frontend_feature,其他,ui/shared/progress,ui/shared/progress,1,14
frontend_feature,其他,ui/shared/publish-button-view,ui/shared/publish-button-view,1,6
frontend_feature,其他,ui/shared/publish-icon-view,ui/shared/publish-icon-view,1,3
frontend_feature,其他,ui/shared/rce,ui/shared/rce,1,56
frontend_feature,其他,ui/shared/rce-command-shim,ui/shared/rce-command-shim,1,3
frontend_feature,其他,ui/shared/react,ui/shared/react,1,2
frontend_feature,其他,ui/shared/react-modal,ui/shared/react-modal,1,2
frontend_feature,其他,ui/shared/read-icon,ui/shared/read-icon,1,2
frontend_feature,其他,ui/shared/relock-modules-dialog,ui/shared/relock-modules-dialog,1,3
frontend_feature,其他,ui/shared/round,ui/shared/round,1,3
frontend_feature,其他,ui/shared/schemas,ui/shared/schemas,1,2
frontend_feature,其他,ui/shared/select-content-dialog,ui/shared/select-content-dialog,1,15
frontend_feature,其他,ui/shared/select-position,ui/shared/select-position,1,4
frontend_feature,其他,ui/shared/serialize-form,ui/shared/serialize-form,1,3
frontend_feature,其他,ui/shared/services,ui/shared/services,1,2
frontend_feature,其他,ui/shared/shave,ui/shared/shave,1,2
frontend_feature,其他,ui/shared/shortid,ui/shared/shortid,1,2
frontend_feature,其他,ui/shared/signup-dialog,ui/shared/signup-dialog,1,9
frontend_feature,其他,ui/shared/sparkles,ui/shared/sparkles,1,3
frontend_feature,其他,ui/shared/spinner,ui/shared/spinner,1,2
frontend_feature,其他,ui/shared/split-and-line-icon,ui/shared/split-and-line-icon,1,2
frontend_feature,其他,ui/shared/stub-env,ui/shared/stub-env,1,2
frontend_feature,其他,ui/shared/student-alerts,ui/shared/student-alerts,1,10
frontend_feature,其他,ui/shared/svg-wrapper,ui/shared/svg-wrapper,1,2
frontend_feature,其他,ui/shared/test-utils,ui/shared/test-utils,1,15
frontend_feature,其他,ui/shared/theme-editor,ui/shared/theme-editor,1,4
frontend_feature,其他,ui/shared/top-navigation,ui/shared/top-navigation,1,7
frontend_feature,其他,ui/shared/tour-pubsub,ui/shared/tour-pubsub,1,4
frontend_feature,其他,ui/shared/trays,ui/shared/trays,1,10
frontend_feature,其他,ui/shared/tree-browser-view,ui/shared/tree-browser-view,1,7
frontend_feature,其他,ui/shared/types,ui/shared/types,1,3
frontend_feature,其他,ui/shared/unread-badge,ui/shared/unread-badge,1,3
frontend_feature,其他,ui/shared/unread-icon,ui/shared/unread-icon,1,2
frontend_feature,其他,ui/shared/upload-media-translations,ui/shared/upload-media-translations,1,2
frontend_feature,其他,ui/shared/use-date-time-format-hook,ui/shared/use-date-time-format-hook,1,3
frontend_feature,其他,ui/shared/use-fetch-api-hook,ui/shared/use-fetch-api-hook,1,3
frontend_feature,其他,ui/shared/use-immediate-hook,ui/shared/use-immediate-hook,1,3
frontend_feature,其他,ui/shared/use-random-interval-hook,ui/shared/use-random-interval-hook,1,2
frontend_feature,其他,ui/shared/use-state-with-callback-hook,ui/shared/use-state-with-callback-hook,1,3
frontend_feature,其他,ui/shared/util,ui/shared/util,1,44
frontend_feature,内容、文件与模块,ui/features/calendar,ui/features/calendar,1,82
frontend_feature,内容、文件与模块,ui/features/content_exports,ui/features/content_exports,1,3
frontend_feature,内容、文件与模块,ui/features/content_migrations,ui/features/content_migrations,1,125
frontend_feature,内容、文件与模块,ui/features/context_module_progressions,ui/features/context_module_progressions,1,9
frontend_feature,内容、文件与模块,ui/features/context_modules,ui/features/context_modules,1,4
frontend_feature,内容、文件与模块,ui/features/context_modules_publish_icon,ui/features/context_modules_publish_icon,1,2
frontend_feature,内容、文件与模块,ui/features/context_modules_publish_menu,ui/features/context_modules_publish_menu,1,2
frontend_feature,内容、文件与模块,ui/features/context_modules_v2,ui/features/context_modules_v2,1,158
frontend_feature,内容、文件与模块,ui/features/discovery_page,ui/features/discovery_page,1,25
frontend_feature,内容、文件与模块,ui/features/edit_calendar_event,ui/features/edit_calendar_event,1,8
frontend_feature,内容、文件与模块,ui/features/file,ui/features/file,1,3
frontend_feature,内容、文件与模块,ui/features/file_not_found,ui/features/file_not_found,1,4
frontend_feature,内容、文件与模块,ui/features/file_preview,ui/features/file_preview,1,2
frontend_feature,内容、文件与模块,ui/features/file_show,ui/features/file_show,1,2
frontend_feature,内容、文件与模块,ui/features/files,ui/features/files,1,54
frontend_feature,内容、文件与模块,ui/features/files_v2,ui/features/files_v2,1,212
frontend_feature,内容、文件与模块,ui/features/page_views,ui/features/page_views,1,14
frontend_feature,内容、文件与模块,ui/features/pages,ui/features/pages,1,8
frontend_feature,内容、文件与模块,ui/features/syllabus,ui/features/syllabus,1,12
frontend_feature,内容、文件与模块,ui/features/syllabus_revisions,ui/features/syllabus_revisions,1,3
frontend_feature,内容、文件与模块,ui/features/wiki_page_edit,ui/features/wiki_page_edit,1,2
frontend_feature,内容、文件与模块,ui/features/wiki_page_index,ui/features/wiki_page_index,1,18
frontend_feature,内容、文件与模块,ui/features/wiki_page_revisions,ui/features/wiki_page_revisions,1,14
frontend_feature,内容、文件与模块,ui/features/wiki_page_show,ui/features/wiki_page_show,1,5
frontend_feature,内容、文件与模块,ui/shared/calendar,ui/shared/calendar,1,55
frontend_feature,内容、文件与模块,ui/shared/canvas-file-upload,ui/shared/canvas-file-upload,1,23
frontend_feature,内容、文件与模块,ui/shared/context-module-file-drop,ui/shared/context-module-file-drop,1,5
frontend_feature,内容、文件与模块,ui/shared/error-page-utils,ui/shared/error-page-utils,1,2
frontend_feature,内容、文件与模块,ui/shared/files,ui/shared/files,1,68
frontend_feature,内容、文件与模块,ui/shared/files_v2,ui/shared/files_v2,1,3
frontend_feature,内容、文件与模块,ui/shared/planner,ui/shared/planner,1,195
frontend_feature,内容、文件与模块,ui/shared/syllabus,ui/shared/syllabus,1,5
frontend_feature,内容、文件与模块,ui/shared/upload-file,ui/shared/upload-file,1,4
frontend_feature,内容、文件与模块,ui/shared/wiki,ui/shared/wiki,1,24
frontend_feature,分析、审计与运维,ui/features/analytics_hub,ui/features/analytics_hub,1,2
frontend_feature,分析、审计与运维,ui/features/error_form,ui/features/error_form,1,2
frontend_feature,分析、审计与运维,ui/features/job_stats,ui/features/job_stats,1,8
frontend_feature,分析、审计与运维,ui/features/jobs,ui/features/jobs,1,4
frontend_feature,分析、审计与运维,ui/features/jobs_v2,ui/features/jobs_v2,1,27
frontend_feature,分析、审计与运维,ui/features/rate_limiting_settings,ui/features/rate_limiting_settings,1,7
frontend_feature,分析、审计与运维,ui/features/settings_sidebar,ui/features/settings_sidebar,1,2
frontend_feature,分析、审计与运维,ui/shared/conditional-release-stats,ui/shared/conditional-release-stats,1,34
frontend_feature,分析、审计与运维,ui/shared/normalize-registration-errors,ui/shared/normalize-registration-errors,1,4
frontend_feature,分析、审计与运维,ui/shared/settings-query,ui/shared/settings-query,1,2
frontend_feature,学习成果与能力,ui/features/choose_mastery_path,ui/features/choose_mastery_path,1,19
frontend_feature,学习成果与能力,ui/features/learning_mastery,ui/features/learning_mastery,1,12
frontend_feature,学习成果与能力,ui/features/learning_mastery_v2,ui/features/learning_mastery_v2,1,86
frontend_feature,学习成果与能力,ui/features/learning_outcomes,ui/features/learning_outcomes,1,5
frontend_feature,学习成果与能力,ui/features/outcome_alignment_v2,ui/features/outcome_alignment_v2,1,4
frontend_feature,学习成果与能力,ui/features/outcome_alignments,ui/features/outcome_alignments,1,2
frontend_feature,学习成果与能力,ui/features/outcome_management,ui/features/outcome_management,1,163
frontend_feature,学习成果与能力,ui/features/user_outcome_results,ui/features/user_outcome_results,1,2
frontend_feature,学习成果与能力,ui/shared/mastery-path-toggle,ui/shared/mastery-path-toggle,1,3
frontend_feature,学习成果与能力,ui/shared/outcome-context-tag,ui/shared/outcome-context-tag,1,5
frontend_feature,学习成果与能力,ui/shared/outcomes,ui/shared/outcomes,1,127
frontend_feature,搜索、AI 与无障碍,ui/features/accessibility,ui/features/accessibility,1,157
frontend_feature,搜索、AI 与无障碍,ui/features/ai_experiences_edit,ui/features/ai_experiences_edit,1,12
frontend_feature,搜索、AI 与无障碍,ui/features/ai_experiences_index,ui/features/ai_experiences_index,1,10
frontend_feature,搜索、AI 与无障碍,ui/features/ai_experiences_show,ui/features/ai_experiences_show,1,8
frontend_feature,搜索、AI 与无障碍,ui/features/canvas_career,ui/features/canvas_career,1,1
frontend_feature,搜索、AI 与无障碍,ui/features/search,ui/features/search,1,24
frontend_feature,搜索、AI 与无障碍,ui/shared/search-item-selector,ui/shared/search-item-selector,1,5
frontend_feature,测验与题库,ui/features/moderate_quiz,ui/features/moderate_quiz,1,6
frontend_feature,测验与题库,ui/features/new_quizzes,ui/features/new_quizzes,1,5
frontend_feature,测验与题库,ui/features/question_bank,ui/features/question_bank,1,8
frontend_feature,测验与题库,ui/features/question_banks,ui/features/question_banks,1,3
frontend_feature,测验与题库,ui/features/quiz_history,ui/features/quiz_history,1,5
frontend_feature,测验与题库,ui/features/quiz_log_auditing,ui/features/quiz_log_auditing,1,80
frontend_feature,测验与题库,ui/features/quiz_migration_alerts,ui/features/quiz_migration_alerts,1,2
frontend_feature,测验与题库,ui/features/quiz_show,ui/features/quiz_show,1,3
frontend_feature,测验与题库,ui/features/quiz_statistics,ui/features/quiz_statistics,1,79
frontend_feature,测验与题库,ui/features/quizzes,ui/features/quizzes,1,16
frontend_feature,测验与题库,ui/features/quizzes_access_code,ui/features/quizzes_access_code,1,3
frontend_feature,测验与题库,ui/features/quizzes_index,ui/features/quizzes_index,1,21
frontend_feature,测验与题库,ui/features/take_quiz,ui/features/take_quiz,1,12
frontend_feature,测验与题库,ui/shared/quiz-legacy-client-apps,ui/shared/quiz-legacy-client-apps,1,21
frontend_feature,测验与题库,ui/shared/quiz-log-auditing,ui/shared/quiz-log-auditing,1,27
frontend_feature,测验与题库,ui/shared/quizzes,ui/shared/quizzes,1,10
frontend_feature,用户、身份与沟通,packages/babel-preset-pretranslated-translations-package-format-message,packages/babel-preset-pretranslated-translations-package-format-message,1,2
frontend_feature,用户、身份与沟通,packages/filter-console-messages,packages/filter-console-messages,1,2
frontend_feature,用户、身份与沟通,packages/format-message-estree-util,packages/format-message-estree-util,1,3
frontend_feature,用户、身份与沟通,ui/features/ai_experiences_ai_conversations,ui/features/ai_experiences_ai_conversations,1,13
frontend_feature,用户、身份与沟通,ui/features/context_prior_users,ui/features/context_prior_users,1,1
frontend_feature,用户、身份与沟通,ui/features/context_roster_user,ui/features/context_roster_user,1,5
frontend_feature,用户、身份与沟通,ui/features/context_roster_user_services,ui/features/context_roster_user_services,1,2
frontend_feature,用户、身份与沟通,ui/features/conversations,ui/features/conversations,1,2
frontend_feature,用户、身份与沟通,ui/features/course_notification_settings,ui/features/course_notification_settings,1,2
frontend_feature,用户、身份与沟通,ui/features/inbox,ui/features/inbox,1,108
frontend_feature,用户、身份与沟通,ui/features/manage_avatars,ui/features/manage_avatars,1,3
frontend_feature,用户、身份与沟通,ui/features/messages,ui/features/messages,1,4
frontend_feature,用户、身份与沟通,ui/features/new_user_tutorial,ui/features/new_user_tutorial,1,33
frontend_feature,用户、身份与沟通,ui/features/profile,ui/features/profile,1,19
frontend_feature,用户、身份与沟通,ui/features/profile_show,ui/features/profile_show,1,5
frontend_feature,用户、身份与沟通,ui/features/user,ui/features/user,1,3
frontend_feature,用户、身份与沟通,ui/features/user_grades,ui/features/user_grades,1,3
frontend_feature,用户、身份与沟通,ui/features/user_lists,ui/features/user_lists,1,3
frontend_feature,用户、身份与沟通,ui/features/user_name,ui/features/user_name,1,7
frontend_feature,用户、身份与沟通,ui/features/user_observees,ui/features/user_observees,1,5
frontend_feature,用户、身份与沟通,ui/features/users_index,ui/features/users_index,1,2
frontend_feature,用户、身份与沟通,ui/shared/avatar,ui/shared/avatar,1,2
frontend_feature,用户、身份与沟通,ui/shared/avatar-dialog-view,ui/shared/avatar-dialog-view,1,17
frontend_feature,用户、身份与沟通,ui/shared/enhanced-user-content,ui/shared/enhanced-user-content,1,4
frontend_feature,用户、身份与沟通,ui/shared/message-attachments,ui/shared/message-attachments,1,16
frontend_feature,用户、身份与沟通,ui/shared/message-students-dialog,ui/shared/message-students-dialog,1,25
frontend_feature,用户、身份与沟通,ui/shared/message-students-modal,ui/shared/message-students-modal,1,8
frontend_feature,用户、身份与沟通,ui/shared/notification-preferences,ui/shared/notification-preferences,1,17
frontend_feature,用户、身份与沟通,ui/shared/notification-preferences-course,ui/shared/notification-preferences-course,1,7
frontend_feature,用户、身份与沟通,ui/shared/notifications,ui/shared/notifications,1,3
frontend_feature,用户、身份与沟通,ui/shared/observer-picker,ui/shared/observer-picker,1,11
frontend_feature,用户、身份与沟通,ui/shared/rails-flash-notifications,ui/shared/rails-flash-notifications,1,6
frontend_feature,用户、身份与沟通,ui/shared/user-settings,ui/shared/user-settings,1,3
frontend_feature,用户、身份与沟通,ui/shared/user-sortable-name,ui/shared/user-sortable-name,1,5
frontend_feature,用户、身份与沟通,ui/shared/users,ui/shared/users,1,4
frontend_feature,讨论、公告与协作,ui/features/announcements,ui/features/announcements,1,27
frontend_feature,讨论、公告与协作,ui/features/announcements_on_home_page,ui/features/announcements_on_home_page,1,2
frontend_feature,讨论、公告与协作,ui/features/calendar_appointment_group_edit,ui/features/calendar_appointment_group_edit,1,12
frontend_feature,讨论、公告与协作,ui/features/collaborations,ui/features/collaborations,1,17
frontend_feature,讨论、公告与协作,ui/features/conferences,ui/features/conferences,1,23
frontend_feature,讨论、公告与协作,ui/features/context_roster_groups,ui/features/context_roster_groups,1,1
frontend_feature,讨论、公告与协作,ui/features/current_groups,ui/features/current_groups,1,2
frontend_feature,讨论、公告与协作,ui/features/discussion_topic_edit_v2,ui/features/discussion_topic_edit_v2,1,102
frontend_feature,讨论、公告与协作,ui/features/discussion_topic_insights,ui/features/discussion_topic_insights,1,25
frontend_feature,讨论、公告与协作,ui/features/discussion_topics_index,ui/features/discussion_topics_index,1,58
frontend_feature,讨论、公告与协作,ui/features/discussion_topics_post,ui/features/discussion_topics_post,1,218
frontend_feature,讨论、公告与协作,ui/features/eportfolio,ui/features/eportfolio,1,32
frontend_feature,讨论、公告与协作,ui/features/eportfolios_wizard_box,ui/features/eportfolios_wizard_box,1,2
frontend_feature,讨论、公告与协作,ui/features/groups,ui/features/groups,1,2
frontend_feature,讨论、公告与协作,ui/features/lti_collaborations,ui/features/lti_collaborations,1,36
frontend_feature,讨论、公告与协作,ui/features/manage_groups,ui/features/manage_groups,1,57
frontend_feature,讨论、公告与协作,ui/features/past_global_announcements,ui/features/past_global_announcements,1,6
frontend_feature,讨论、公告与协作,ui/features/student_group_dialog,ui/features/student_group_dialog,1,2
frontend_feature,讨论、公告与协作,ui/shared/announcements,ui/shared/announcements,1,8
frontend_feature,讨论、公告与协作,ui/shared/calendar-conferences,ui/shared/calendar-conferences,1,16
frontend_feature,讨论、公告与协作,ui/shared/date-group,ui/shared/date-group,1,4
frontend_feature,讨论、公告与协作,ui/shared/discussions,ui/shared/discussions,1,27
frontend_feature,讨论、公告与协作,ui/shared/group-modal,ui/shared/group-modal,1,5
frontend_feature,讨论、公告与协作,ui/shared/group-navigation-selector,ui/shared/group-navigation-selector,1,3
frontend_feature,讨论、公告与协作,ui/shared/groups,ui/shared/groups,1,53
frontend_feature,讨论、公告与协作,ui/shared/student-group-filter,ui/shared/student-group-filter,1,3
frontend_feature,课程、班级与选课,ui/features/acceptable_use_policy,ui/features/acceptable_use_policy,1,9
frontend_feature,课程、班级与选课,ui/features/all_courses,ui/features/all_courses,1,4
frontend_feature,课程、班级与选课,ui/features/blueprint_course_child,ui/features/blueprint_course_child,1,12
frontend_feature,课程、班级与选课,ui/features/blueprint_course_master,ui/features/blueprint_course_master,1,36
frontend_feature,课程、班级与选课,ui/features/copy_course,ui/features/copy_course,1,29
frontend_feature,课程、班级与选课,ui/features/course,ui/features/course,1,3
frontend_feature,课程、班级与选课,ui/features/course_grading_standards,ui/features/course_grading_standards,1,10
frontend_feature,课程、班级与选课,ui/features/course_link_validator,ui/features/course_link_validator,1,6
frontend_feature,课程、班级与选课,ui/features/course_list,ui/features/course_list,1,2
frontend_feature,课程、班级与选课,ui/features/course_paces,ui/features/course_paces,1,116
frontend_feature,课程、班级与选课,ui/features/course_people_new,ui/features/course_people_new,1,44
frontend_feature,课程、班级与选课,ui/features/course_settings,ui/features/course_settings,1,46
frontend_feature,课程、班级与选课,ui/features/course_show,ui/features/course_show,1,5
frontend_feature,课程、班级与选课,ui/features/course_show_secondary,ui/features/course_show_secondary,1,2
frontend_feature,课程、班级与选课,ui/features/course_statistics,ui/features/course_statistics,1,5
frontend_feature,课程、班级与选课,ui/features/course_wizard,ui/features/course_wizard,1,7
frontend_feature,课程、班级与选课,ui/features/courses,ui/features/courses,1,2
frontend_feature,课程、班级与选课,ui/features/k5_course,ui/features/k5_course,1,30
frontend_feature,课程、班级与选课,ui/features/section,ui/features/section,1,17
frontend_feature,课程、班级与选课,ui/features/self_enrollment,ui/features/self_enrollment,1,3
frontend_feature,课程、班级与选课,ui/shared/blueprint-courses,ui/shared/blueprint-courses,1,37
frontend_feature,课程、班级与选课,ui/shared/course-homepage,ui/shared/course-homepage,1,4
frontend_feature,课程、班级与选课,ui/shared/courses,ui/shared/courses,1,11
frontend_feature,课程、班级与选课,ui/shared/create-course-modal,ui/shared/create-course-modal,1,6
frontend_feature,课程、班级与选课,ui/shared/sections,ui/shared/sections,1,4
frontend_feature,课程、班级与选课,ui/shared/sections-tooltip,ui/shared/sections-tooltip,1,3
frontend_feature,课程、班级与选课,ui/shared/tabs,ui/shared/tabs,1,2
frontend_feature,课程、班级与选课,ui/shared/temporary-enrollment,ui/shared/temporary-enrollment,1,41
frontend_feature,课程、班级与选课,ui/shared/terminate-sessions,ui/shared/terminate-sessions,1,3
frontend_feature,账户与租户管理,ui/features/account_admin_tools,ui/features/account_admin_tools,1,66
frontend_feature,账户与租户管理,ui/features/account_calendar_settings,ui/features/account_calendar_settings,1,22
frontend_feature,账户与租户管理,ui/features/account_course_user_search,ui/features/account_course_user_search,1,53
frontend_feature,账户与租户管理,ui/features/account_grading_settings,ui/features/account_grading_settings,1,32
frontend_feature,账户与租户管理,ui/features/account_grading_standards,ui/features/account_grading_standards,1,25
frontend_feature,账户与租户管理,ui/features/account_manage,ui/features/account_manage,1,6
frontend_feature,账户与租户管理,ui/features/account_notification_settings,ui/features/account_notification_settings,1,9
frontend_feature,账户与租户管理,ui/features/account_search,ui/features/account_search,1,2
frontend_feature,账户与租户管理,ui/features/account_settings,ui/features/account_settings,1,66
frontend_feature,账户与租户管理,ui/features/account_statistics,ui/features/account_statistics,1,5
frontend_feature,账户与租户管理,ui/features/admin_split,ui/features/admin_split,1,4
frontend_feature,账户与租户管理,ui/features/authentication_providers,ui/features/authentication_providers,1,17
frontend_feature,账户与租户管理,ui/features/brand_configs,ui/features/brand_configs,1,6
frontend_feature,账户与租户管理,ui/features/developer_keys_v2,ui/features/developer_keys_v2,1,91
frontend_feature,账户与租户管理,ui/features/login,ui/features/login,1,2
frontend_feature,账户与租户管理,ui/features/mobile_login,ui/features/mobile_login,1,2
frontend_feature,账户与租户管理,ui/features/new_login,ui/features/new_login,1,107
frontend_feature,账户与租户管理,ui/features/oauth2_confirm,ui/features/oauth2_confirm,1,3
frontend_feature,账户与租户管理,ui/features/otp_login,ui/features/otp_login,1,2
frontend_feature,账户与租户管理,ui/features/qr_mobile_login,ui/features/qr_mobile_login,1,4
frontend_feature,账户与租户管理,ui/features/sub_accounts,ui/features/sub_accounts,1,11
frontend_feature,账户与租户管理,ui/features/terms_index,ui/features/terms_index,1,2
frontend_feature,账户与租户管理,ui/features/terms_of_service_modal,ui/features/terms_of_service_modal,1,4
frontend_feature,账户与租户管理,ui/features/terms_of_use,ui/features/terms_of_use,1,2
frontend_feature,账户与租户管理,ui/features/user_logins,ui/features/user_logins,1,6
frontend_feature,账户与租户管理,ui/features/users_admin_merge,ui/features/users_admin_merge,1,10
frontend_feature,账户与租户管理,ui/shared/pseudonyms,ui/shared/pseudonyms,1,2
