type,domain,feature_or_name,path_or_url,file,line,permission
backend_endpoint,系统用户与权限,业务操作,POST /login,old-code/teaching-auth/src/main/java/com/teaching/auth/controller/TokenController.java,34,
backend_endpoint,系统用户与权限,删除/作废,DELETE /logout,old-code/teaching-auth/src/main/java/com/teaching/auth/controller/TokenController.java,46,
backend_endpoint,系统用户与权限,业务操作,POST /refresh,old-code/teaching-auth/src/main/java/com/teaching/auth/controller/TokenController.java,68,
backend_endpoint,系统用户与权限,业务操作,POST /register,old-code/teaching-auth/src/main/java/com/teaching/auth/controller/TokenController.java,80,
backend_endpoint,其他,查询/查看,GET /details/list,old-code/teaching-modules/teaching-competition/src/main/java/com/teaching/competition/controller/AwardDetailsController.java,68,competition:details:list
backend_endpoint,其他,查询/查看,GET /details/awardDetailsList,old-code/teaching-modules/teaching-competition/src/main/java/com/teaching/competition/controller/AwardDetailsController.java,76,competition:details:list
backend_endpoint,其他,导出、查询/查看,POST /details/export,old-code/teaching-modules/teaching-competition/src/main/java/com/teaching/competition/controller/AwardDetailsController.java,89,competition:details:export
backend_endpoint,其他,查询/查看,GET /details/{id},old-code/teaching-modules/teaching-competition/src/main/java/com/teaching/competition/controller/AwardDetailsController.java,167,competition:details:query
backend_endpoint,其他,查询/查看,POST /details/,old-code/teaching-modules/teaching-competition/src/main/java/com/teaching/competition/controller/AwardDetailsController.java,177,competition:details:add
backend_endpoint,其他,修改/状态变更、查询/查看,POST /details/editAwardDetails,old-code/teaching-modules/teaching-competition/src/main/java/com/teaching/competition/controller/AwardDetailsController.java,187,competition:details:edit
backend_endpoint,其他,删除/作废、查询/查看,GET /details/remove/{id},old-code/teaching-modules/teaching-competition/src/main/java/com/teaching/competition/controller/AwardDetailsController.java,197,competition:details:remove
backend_endpoint,系统用户与权限,查询/查看,GET /awardDetailsUser/awardPublicityList,old-code/teaching-modules/teaching-competition/src/main/java/com/teaching/competition/controller/AwardDetailsUserController.java,78,
backend_endpoint,系统用户与权限,修改/状态变更、查询/查看,POST /awardDetailsUser/updateAwardDetailsList,old-code/teaching-modules/teaching-competition/src/main/java/com/teaching/competition/controller/AwardDetailsUserController.java,87,
backend_endpoint,系统用户与权限,导出、查询/查看,POST /awardDetailsUser/export,old-code/teaching-modules/teaching-competition/src/main/java/com/teaching/competition/controller/AwardDetailsUserController.java,96,
backend_endpoint,其他,查询/查看,GET /publicity/list,old-code/teaching-modules/teaching-competition/src/main/java/com/teaching/competition/controller/AwardPublicityController.java,42,competition:publicity:list
backend_endpoint,导入中间表,导入,POST /publicity/importData,old-code/teaching-modules/teaching-competition/src/main/java/com/teaching/competition/controller/AwardPublicityController.java,63,competition:publicity:import
backend_endpoint,其他,导出,POST /publicity/export,old-code/teaching-modules/teaching-competition/src/main/java/com/teaching/competition/controller/AwardPublicityController.java,101,competition:publicity:export
backend_endpoint,其他,查询/查看,GET /publicity/{id},old-code/teaching-modules/teaching-competition/src/main/java/com/teaching/competition/controller/AwardPublicityController.java,112,competition:publicity:query
backend_endpoint,其他,业务操作,POST /publicity/,old-code/teaching-modules/teaching-competition/src/main/java/com/teaching/competition/controller/AwardPublicityController.java,122,competition:publicity:add
backend_endpoint,其他,业务操作,PUT /publicity/,old-code/teaching-modules/teaching-competition/src/main/java/com/teaching/competition/controller/AwardPublicityController.java,132,competition:publicity:edit
backend_endpoint,其他,查询/查看,PUT /publicity/tipInfo,old-code/teaching-modules/teaching-competition/src/main/java/com/teaching/competition/controller/AwardPublicityController.java,143,competition:publicity:edit
backend_endpoint,其他,删除/作废,DELETE /publicity/{ids},old-code/teaching-modules/teaching-competition/src/main/java/com/teaching/competition/controller/AwardPublicityController.java,153,competition:publicity:remove
backend_endpoint,现场证件,查询/查看,GET /competition/candidateCertInfo/list,old-code/teaching-modules/teaching-competition/src/main/java/com/teaching/competition/controller/CandidateCertInfoController.java,60,competition:candidateCertInfo:list
backend_endpoint,现场证件,导出、查询/查看,POST /competition/candidateCertInfo/export,old-code/teaching-modules/teaching-competition/src/main/java/com/teaching/competition/controller/CandidateCertInfoController.java,71,competition:candidateCertInfo:export
backend_endpoint,现场证件,查询/查看,GET /competition/candidateCertInfo/{candidateId},old-code/teaching-modules/teaching-competition/src/main/java/com/teaching/competition/controller/CandidateCertInfoController.java,136,competition:candidateCertInfo:query
backend_endpoint,现场证件,新增/创建、查询/查看,POST /competition/candidateCertInfo/saveCandidateCertInfo,old-code/teaching-modules/teaching-competition/src/main/java/com/teaching/competition/controller/CandidateCertInfoController.java,146,competition:candidateCertInfo:add
backend_endpoint,现场证件,新增/创建、查询/查看,POST /competition/candidateCertInfo/batchInsertCandidateCertInfo/{certConfigId},old-code/teaching-modules/teaching-competition/src/main/java/com/teaching/competition/controller/CandidateCertInfoController.java,156,competition:candidateCertInfo:add
backend_endpoint,现场证件,查询/查看,POST /competition/candidateCertInfo/,old-code/teaching-modules/teaching-competition/src/main/java/com/teaching/competition/controller/CandidateCertInfoController.java,166,competition:candidateCertInfo:edit
backend_endpoint,导入中间表,导入、查询/查看,POST /competition/candidateCertInfo/importCandidateCertInfo,old-code/teaching-modules/teaching-competition/src/main/java/com/teaching/competition/controller/CandidateCertInfoController.java,176,competition:candidateCertInfo:import
backend_endpoint,现场证件,新增/创建、查询/查看,POST /competition/candidateCertInfo/insertCandidateCertInfoFromAwards,old-code/teaching-modules/teaching-competition/src/main/java/com/teaching/competition/controller/CandidateCertInfoController.java,189,
backend_endpoint,现场证件,查询/查看,GET /competition/candidateCertInfo/{candidateIds},old-code/teaching-modules/teaching-competition/src/main/java/com/teaching/competition/controller/CandidateCertInfoController.java,199,competition:candidateCertInfo:remove
backend_endpoint,现场证件,查询/查看,GET /competition/certConfigInfo/list,old-code/teaching-modules/teaching-competition/src/main/java/com/teaching/competition/controller/CertConfigInfoController.java,45,competition:certConfigInfo:list
backend_endpoint,现场证件,导出、查询/查看,POST /competition/certConfigInfo/export,old-code/teaching-modules/teaching-competition/src/main/java/com/teaching/competition/controller/CertConfigInfoController.java,57,competition:certConfigInfo:export
backend_endpoint,现场证件,查询/查看,GET /competition/certConfigInfo/getCertConfigInfo/{certConfigId},old-code/teaching-modules/teaching-competition/src/main/java/com/teaching/competition/controller/CertConfigInfoController.java,68,competition:certConfigInfo:query
backend_endpoint,现场证件,新增/创建、查询/查看,POST /competition/certConfigInfo/addCertConfigInfo,old-code/teaching-modules/teaching-competition/src/main/java/com/teaching/competition/controller/CertConfigInfoController.java,78,competition:certConfigInfo:add
backend_endpoint,现场证件,修改/状态变更、查询/查看,POST /competition/certConfigInfo/updateCertConfigInfo,old-code/teaching-modules/teaching-competition/src/main/java/com/teaching/competition/controller/CertConfigInfoController.java,88,competition:certConfigInfo:edit
backend_endpoint,现场证件,删除/作废、查询/查看,DELETE /competition/certConfigInfo/{certConfigIds},old-code/teaching-modules/teaching-competition/src/main/java/com/teaching/competition/controller/CertConfigInfoController.java,98,competition:certConfigInfo:remove
backend_endpoint,报名与团队,查询/查看,POST /competition/certConfigInfo/cert/getCompetitionApplyInfo,old-code/teaching-modules/teaching-competition/src/main/java/com/teaching/competition/controller/CertConfigInfoController.java,108,competition:certConfigInfo:issue
backend_endpoint,现场证件,修改/状态变更、查询/查看,GET /competition/certExchangeRuleDetail/list,old-code/teaching-modules/teaching-competition/src/main/java/com/teaching/competition/controller/CertExchangeRuleDetailController.java,40,competition:certExchangeRuleDetail:list
backend_endpoint,现场证件,修改/状态变更、导出、查询/查看,POST /competition/certExchangeRuleDetail/export,old-code/teaching-modules/teaching-competition/src/main/java/com/teaching/competition/controller/CertExchangeRuleDetailController.java,52,competition:certExchangeRuleDetail:export
backend_endpoint,现场证件,修改/状态变更、查询/查看,GET /competition/certExchangeRuleDetail/{detailId},old-code/teaching-modules/teaching-competition/src/main/java/com/teaching/competition/controller/CertExchangeRuleDetailController.java,63,competition:certExchangeRuleDetail:query
backend_endpoint,现场证件,修改/状态变更、查询/查看,POST /competition/certExchangeRuleDetail/,old-code/teaching-modules/teaching-competition/src/main/java/com/teaching/competition/controller/CertExchangeRuleDetailController.java,73,competition:certExchangeRuleDetail:add
backend_endpoint,现场证件,修改/状态变更、查询/查看,PUT /competition/certExchangeRuleDetail/,old-code/teaching-modules/teaching-competition/src/main/java/com/teaching/competition/controller/CertExchangeRuleDetailController.java,83,competition:certExchangeRuleDetail:edit
backend_endpoint,现场证件,修改/状态变更、删除/作废、查询/查看,DELETE /competition/certExchangeRuleDetail/{detailIds},old-code/teaching-modules/teaching-competition/src/main/java/com/teaching/competition/controller/CertExchangeRuleDetailController.java,93,competition:certExchangeRuleDetail:remove
backend_endpoint,现场证件,查询/查看,GET /competition/certOrgInfo/list,old-code/teaching-modules/teaching-competition/src/main/java/com/teaching/competition/controller/CertOrgInfoController.java,39,competition:certOrgInfo:list
backend_endpoint,现场证件,导出、查询/查看,POST /competition/certOrgInfo/export,old-code/teaching-modules/teaching-competition/src/main/java/com/teaching/competition/controller/CertOrgInfoController.java,51,competition:certOrgInfo:export
backend_endpoint,现场证件,查询/查看,GET /competition/certOrgInfo/{orgId},old-code/teaching-modules/teaching-competition/src/main/java/com/teaching/competition/controller/CertOrgInfoController.java,62,competition:certOrgInfo:query
backend_endpoint,现场证件,查询/查看,POST /competition/certOrgInfo/,old-code/teaching-modules/teaching-competition/src/main/java/com/teaching/competition/controller/CertOrgInfoController.java,72,competition:certOrgInfo:add
backend_endpoint,现场证件,查询/查看,PUT /competition/certOrgInfo/,old-code/teaching-modules/teaching-competition/src/main/java/com/teaching/competition/controller/CertOrgInfoController.java,82,competition:certOrgInfo:edit
backend_endpoint,现场证件,删除/作废、查询/查看,DELETE /competition/certOrgInfo/{orgIds},old-code/teaching-modules/teaching-competition/src/main/java/com/teaching/competition/controller/CertOrgInfoController.java,92,competition:certOrgInfo:remove
backend_endpoint,现场证件,查询/查看,GET /competition/certPlayerInfo/list,old-code/teaching-modules/teaching-competition/src/main/java/com/teaching/competition/controller/CertPlayerInfoController.java,39,competition:certPlayerInfo:list
backend_endpoint,现场证件,导出、查询/查看,POST /competition/certPlayerInfo/export,old-code/teaching-modules/teaching-competition/src/main/java/com/teaching/competition/controller/CertPlayerInfoController.java,51,competition:certPlayerInfo:export
backend_endpoint,现场证件,查询/查看,GET /competition/certPlayerInfo/{relaId},old-code/teaching-modules/teaching-competition/src/main/java/com/teaching/competition/controller/CertPlayerInfoController.java,62,competition:certPlayerInfo:query
backend_endpoint,现场证件,查询/查看,POST /competition/certPlayerInfo/,old-code/teaching-modules/teaching-competition/src/main/java/com/teaching/competition/controller/CertPlayerInfoController.java,72,competition:certPlayerInfo:add
backend_endpoint,现场证件,查询/查看,POST /competition/certPlayerInfo/batch,old-code/teaching-modules/teaching-competition/src/main/java/com/teaching/competition/controller/CertPlayerInfoController.java,82,competition:certPlayerInfo:add
backend_endpoint,现场证件,查询/查看,PUT /competition/certPlayerInfo/,old-code/teaching-modules/teaching-competition/src/main/java/com/teaching/competition/controller/CertPlayerInfoController.java,92,competition:certPlayerInfo:edit
backend_endpoint,现场证件,删除/作废、查询/查看,DELETE /competition/certPlayerInfo/{relaIds},old-code/teaching-modules/teaching-competition/src/main/java/com/teaching/competition/controller/CertPlayerInfoController.java,102,competition:certPlayerInfo:remove
backend_endpoint,现场 operation_log,修改/状态变更、查询/查看,GET /log/list,old-code/teaching-modules/teaching-competition/src/main/java/com/teaching/competition/controller/ChangeLogController.java,37,competition:log:list
backend_endpoint,其他,修改/状态变更、导出,POST /log/export,old-code/teaching-modules/teaching-competition/src/main/java/com/teaching/competition/controller/ChangeLogController.java,49,competition:log:export
backend_endpoint,其他,修改/状态变更、查询/查看,GET /log/{id},old-code/teaching-modules/teaching-competition/src/main/java/com/teaching/competition/controller/ChangeLogController.java,65,competition:log:query
backend_endpoint,其他,修改/状态变更,POST /log/,old-code/teaching-modules/teaching-competition/src/main/java/com/teaching/competition/controller/ChangeLogController.java,75,competition:log:add
backend_endpoint,其他,修改/状态变更、新增/创建,POST /log/innerAdd,old-code/teaching-modules/teaching-competition/src/main/java/com/teaching/competition/controller/ChangeLogController.java,81,
backend_endpoint,其他,修改/状态变更,PUT /log/,old-code/teaching-modules/teaching-competition/src/main/java/com/teaching/competition/controller/ChangeLogController.java,91,competition:log:edit
backend_endpoint,其他,修改/状态变更、删除/作废,DELETE /log/{ids},old-code/teaching-modules/teaching-competition/src/main/java/com/teaching/competition/controller/ChangeLogController.java,101,competition:log:remove
backend_endpoint,报名与团队,查询/查看,POST /competitionApply/list,old-code/teaching-modules/teaching-competition/src/main/java/com/teaching/competition/controller/CompetitionApplyInfoController.java,63,competition:competitionApply:list
backend_endpoint,报名与团队,修改/状态变更、支付/退款、查询/查看,GET /competitionApply/selectCompetitionApplyInfoByPayStatus,old-code/teaching-modules/teaching-competition/src/main/java/com/teaching/competition/controller/CompetitionApplyInfoController.java,71,
backend_endpoint,报名与团队,导出、查询/查看,POST /competitionApply/export,old-code/teaching-modules/teaching-competition/src/main/java/com/teaching/competition/controller/CompetitionApplyInfoController.java,82,competition:competitionApply:export
backend_endpoint,报名与团队,查询/查看,GET /competitionApply/getApplyDetailInfo/{memberId},old-code/teaching-modules/teaching-competition/src/main/java/com/teaching/competition/controller/CompetitionApplyInfoController.java,181,competition:competitionApply:query
backend_endpoint,报名与团队,查询/查看,GET /competitionApply/getInnerApplyDetailInfo/{memberId},old-code/teaching-modules/teaching-competition/src/main/java/com/teaching/competition/controller/CompetitionApplyInfoController.java,190,
backend_endpoint,报名与团队,查询/查看,POST /competitionApply/getInnerApplyDetailInfo,old-code/teaching-modules/teaching-competition/src/main/java/com/teaching/competition/controller/CompetitionApplyInfoController.java,197,
backend_endpoint,报名与团队,查询/查看,POST /competitionApply/getInnerApplyUserInfo,old-code/teaching-modules/teaching-competition/src/main/java/com/teaching/competition/controller/CompetitionApplyInfoController.java,204,
backend_endpoint,报名与团队,新增/创建、查询/查看,POST /competitionApply/saveCompetitionApplyInfo,old-code/teaching-modules/teaching-competition/src/main/java/com/teaching/competition/controller/CompetitionApplyInfoController.java,214,system:info:add
backend_endpoint,报名与团队,修改/状态变更、查询/查看,POST /competitionApply/updateCompetitionApplyInfo,old-code/teaching-modules/teaching-competition/src/main/java/com/teaching/competition/controller/CompetitionApplyInfoController.java,224,competition:competitionApply:edit
backend_endpoint,报名与团队,修改/状态变更、查询/查看,POST /competitionApply/queryTeamMemberInvoiceStatus,old-code/teaching-modules/teaching-competition/src/main/java/com/teaching/competition/controller/CompetitionApplyInfoController.java,231,
backend_endpoint,报名与团队,修改/状态变更、支付/退款、查询/查看,POST /competitionApply/updatePayStatus,old-code/teaching-modules/teaching-competition/src/main/java/com/teaching/competition/controller/CompetitionApplyInfoController.java,239,
backend_endpoint,报名与团队,修改/状态变更、查询/查看,POST /competitionApply/updateCompetitionApplyInfoStatus,old-code/teaching-modules/teaching-competition/src/main/java/com/teaching/competition/controller/CompetitionApplyInfoController.java,248,
backend_endpoint,报名与团队,删除/作废、查询/查看,DELETE /competitionApply/{memberIds},old-code/teaching-modules/teaching-competition/src/main/java/com/teaching/competition/controller/CompetitionApplyInfoController.java,258,competition:competitionApply:remove
backend_endpoint,报名与团队,删除/作废、查询/查看,GET /competitionApply/removeTeam/{teamCode},old-code/teaching-modules/teaching-competition/src/main/java/com/teaching/competition/controller/CompetitionApplyInfoController.java,265,
backend_endpoint,报名与团队,新增/创建、查询/查看,POST /competitionApply/saveBatchCompetitionApplyInfo,old-code/teaching-modules/teaching-competition/src/main/java/com/teaching/competition/controller/CompetitionApplyInfoController.java,271,
backend_endpoint,报名与团队,删除/作废、查询/查看,GET /competitionApply/removeApplyInfo/{memberIds},old-code/teaching-modules/teaching-competition/src/main/java/com/teaching/competition/controller/CompetitionApplyInfoController.java,278,
backend_endpoint,报名与团队,查询/查看,GET /competitionApply/selectCompetitionApplyTeamCode/{teamCode},old-code/teaching-modules/teaching-competition/src/main/java/com/teaching/competition/controller/CompetitionApplyInfoController.java,285,
backend_endpoint,报名与团队,修改/状态变更、支付/退款、查询/查看,GET /competitionApply/getCompetitionApplyInfoByPayStatusForUserGroup/{userId},old-code/teaching-modules/teaching-competition/src/main/java/com/teaching/competition/controller/CompetitionApplyInfoController.java,297,
backend_endpoint,报名与团队,查询/查看,POST /competitionApply/getUserInfoByCompetitions,old-code/teaching-modules/teaching-competition/src/main/java/com/teaching/competition/controller/CompetitionApplyInfoController.java,310,
backend_endpoint,报名与团队,查询/查看,POST /competitionApply/selectAllUserInfoByCompetitions,old-code/teaching-modules/teaching-competition/src/main/java/com/teaching/competition/controller/CompetitionApplyInfoController.java,317,
backend_endpoint,报名与团队,查询/查看,GET /competitionApply/getApplyInfoByUsrIdAndCompetitionId/{userId}/{competitionId},old-code/teaching-modules/teaching-competition/src/main/java/com/teaching/competition/controller/CompetitionApplyInfoController.java,330,
backend_endpoint,报名与团队,查询/查看,GET /competitionApply/getApplyInfoByUsrIdAndCompetitionId/{competitionId},old-code/teaching-modules/teaching-competition/src/main/java/com/teaching/competition/controller/CompetitionApplyInfoController.java,342,
backend_endpoint,其他,查询/查看,GET /competitionAwardsConfig/list,old-code/teaching-modules/teaching-competition/src/main/java/com/teaching/competition/controller/CompetitionAwardsConfigController.java,40,competition:competitionAwardsConfig:list
backend_endpoint,其他,导出,POST /competitionAwardsConfig/export,old-code/teaching-modules/teaching-competition/src/main/java/com/teaching/competition/controller/CompetitionAwardsConfigController.java,51,competition:competitionAwardsConfig:export
backend_endpoint,其他,查询/查看,GET /competitionAwardsConfig/{awardsId},old-code/teaching-modules/teaching-competition/src/main/java/com/teaching/competition/controller/CompetitionAwardsConfigController.java,63,competition:competitionAwardsConfig:query
backend_endpoint,其他,新增/创建,POST /competitionAwardsConfig/addCompetitionAwardsConfig,old-code/teaching-modules/teaching-competition/src/main/java/com/teaching/competition/controller/CompetitionAwardsConfigController.java,74,competition:competitionAwardsConfig:add
backend_endpoint,其他,修改/状态变更,POST /competitionAwardsConfig/updateCompetitionAwardsConfig,old-code/teaching-modules/teaching-competition/src/main/java/com/teaching/competition/controller/CompetitionAwardsConfigController.java,84,competition:competitionAwardsConfig:edit
backend_endpoint,其他,删除/作废、查询/查看,GET /competitionAwardsConfig/removeCompetitionAwardsConfig/{awardsIds},old-code/teaching-modules/teaching-competition/src/main/java/com/teaching/competition/controller/CompetitionAwardsConfigController.java,95,competition:competitionAwardsConfig:remove
backend_endpoint,报名与团队,修改/状态变更、查询/查看,GET /competition/competitionCertExchangeApply/list,old-code/teaching-modules/teaching-competition/src/main/java/com/teaching/competition/controller/CompetitionCertExchangeApplyController.java,60,competition:competitionCertExchangeApply:list
backend_endpoint,报名与团队,修改/状态变更、导出,POST /competition/competitionCertExchangeApply/export,old-code/teaching-modules/teaching-competition/src/main/java/com/teaching/competition/controller/CompetitionCertExchangeApplyController.java,72,competition:competitionCertExchangeApply:export
backend_endpoint,报名与团队,修改/状态变更、查询/查看,GET /competition/competitionCertExchangeApply/{applyId},old-code/teaching-modules/teaching-competition/src/main/java/com/teaching/competition/controller/CompetitionCertExchangeApplyController.java,137,competition:competitionCertExchangeApply:query
backend_endpoint,报名与团队,修改/状态变更,POST /competition/competitionCertExchangeApply/,old-code/teaching-modules/teaching-competition/src/main/java/com/teaching/competition/controller/CompetitionCertExchangeApplyController.java,147,competition:competitionCertExchangeApply:add
backend_endpoint,报名与团队,修改/状态变更,PUT /competition/competitionCertExchangeApply/,old-code/teaching-modules/teaching-competition/src/main/java/com/teaching/competition/controller/CompetitionCertExchangeApplyController.java,157,competition:competitionCertExchangeApply:edit
backend_endpoint,报名与团队,修改/状态变更、删除/作废,DELETE /competition/competitionCertExchangeApply/{applyIds},old-code/teaching-modules/teaching-competition/src/main/java/com/teaching/competition/controller/CompetitionCertExchangeApplyController.java,167,competition:competitionCertExchangeApply:remove
backend_endpoint,现场证件,修改/状态变更、查询/查看,GET /competition/competitionCertExchangeRule/list,old-code/teaching-modules/teaching-competition/src/main/java/com/teaching/competition/controller/CompetitionCertExchangeRuleController.java,42,competition:competitionCertExchangeRule:list
backend_endpoint,现场证件,修改/状态变更、查询/查看,GET /competition/competitionCertExchangeRule/getList,old-code/teaching-modules/teaching-competition/src/main/java/com/teaching/competition/controller/CompetitionCertExchangeRuleController.java,52,
backend_endpoint,现场证件,修改/状态变更、查询/查看,GET /competition/competitionCertExchangeRule/getHomeList,old-code/teaching-modules/teaching-competition/src/main/java/com/teaching/competition/controller/CompetitionCertExchangeRuleController.java,63,
backend_endpoint,现场证件,修改/状态变更、查询/查看,POST /competition/competitionCertExchangeRule/inner/list,old-code/teaching-modules/teaching-competition/src/main/java/com/teaching/competition/controller/CompetitionCertExchangeRuleController.java,76,
backend_endpoint,现场证件,修改/状态变更、导出,POST /competition/competitionCertExchangeRule/export,old-code/teaching-modules/teaching-competition/src/main/java/com/teaching/competition/controller/CompetitionCertExchangeRuleController.java,133,competition:competitionCertExchangeRule:export
backend_endpoint,现场证件,修改/状态变更、查询/查看,GET /competition/competitionCertExchangeRule/{ruleId},old-code/teaching-modules/teaching-competition/src/main/java/com/teaching/competition/controller/CompetitionCertExchangeRuleController.java,144,competition:competitionCertExchangeRule:query
backend_endpoint,现场证件,修改/状态变更、新增/创建,POST /competition/competitionCertExchangeRule/saveCompetitionCertExchangeRule,old-code/teaching-modules/teaching-competition/src/main/java/com/teaching/competition/controller/CompetitionCertExchangeRuleController.java,154,competition:competitionCertExchangeRule:add
backend_endpoint,现场证件,修改/状态变更,POST /competition/competitionCertExchangeRule/updateCompetitionCertExchangeRule,old-code/teaching-modules/teaching-competition/src/main/java/com/teaching/competition/controller/CompetitionCertExchangeRuleController.java,164,competition:competitionCertExchangeRule:edit
backend_endpoint,现场证件,修改/状态变更,POST /competition/competitionCertExchangeRule/updateCompetitionCertExchangeRuleMain,old-code/teaching-modules/teaching-competition/src/main/java/com/teaching/competition/controller/CompetitionCertExchangeRuleController.java,174,competition:competitionCertExchangeRule:edit
backend_endpoint,现场证件,修改/状态变更、删除/作废、查询/查看,GET /competition/competitionCertExchangeRule/remove/{ruleId},old-code/teaching-modules/teaching-competition/src/main/java/com/teaching/competition/controller/CompetitionCertExchangeRuleController.java,187,competition:competitionCertExchangeRule:remove
backend_endpoint,系统用户与权限,修改/状态变更、查询/查看,GET /user/competitionCertExchangeRule/queryUserCertExchangeApplyDetail/{rulerId},old-code/teaching-modules/teaching-competition/src/main/java/com/teaching/competition/controller/CompetitionCertExchangeUserController.java,38,
backend_endpoint,系统用户与权限,修改/状态变更、查询/查看,GET /user/competitionCertExchangeRule/queryUserCertExchangeApplyDetailNoAuth/{rulerId},old-code/teaching-modules/teaching-competition/src/main/java/com/teaching/competition/controller/CompetitionCertExchangeUserController.java,44,
backend_endpoint,系统用户与权限,修改/状态变更、查询/查看,POST /user/competitionCertExchangeRule/queryUserCertExchangeApplyDetail,old-code/teaching-modules/teaching-competition/src/main/java/com/teaching/competition/controller/CompetitionCertExchangeUserController.java,53,
backend_endpoint,系统用户与权限,修改/状态变更、新增/创建,POST /user/competitionCertExchangeRule/saveUserCertExchangeApply,old-code/teaching-modules/teaching-competition/src/main/java/com/teaching/competition/controller/CompetitionCertExchangeUserController.java,62,
backend_endpoint,系统用户与权限,修改/状态变更、新增/创建,POST /user/competitionCertExchangeRule/saveUserCertExchangeApplyCheck,old-code/teaching-modules/teaching-competition/src/main/java/com/teaching/competition/controller/CompetitionCertExchangeUserController.java,72,
backend_endpoint,系统用户与权限,修改/状态变更,POST /user/competitionCertExchangeRule/updateUserCertExchangeApply,old-code/teaching-modules/teaching-competition/src/main/java/com/teaching/competition/controller/CompetitionCertExchangeUserController.java,79,
backend_endpoint,系统用户与权限,修改/状态变更,POST /user/competitionCertExchangeRule/updateUserCertExchangeApplyInvoiceStatus,old-code/teaching-modules/teaching-competition/src/main/java/com/teaching/competition/controller/CompetitionCertExchangeUserController.java,86,
backend_endpoint,系统用户与权限,修改/状态变更、查询/查看,POST /user/competitionCertExchangeRule/list,old-code/teaching-modules/teaching-competition/src/main/java/com/teaching/competition/controller/CompetitionCertExchangeUserController.java,94,
backend_endpoint,现场证件,修改/状态变更、查询/查看,POST /user/competitionCertExchangeRule/getCompetitionCertificateList,old-code/teaching-modules/teaching-competition/src/main/java/com/teaching/competition/controller/CompetitionCertExchangeUserController.java,104,
backend_endpoint,其他,查询/查看,GET /checkPackage/list,old-code/teaching-modules/teaching-competition/src/main/java/com/teaching/competition/controller/CompetitionCheckDataPackageController.java,34,competition:checkPackage:list
backend_endpoint,其他,查询/查看,GET /checkPackage/getList,old-code/teaching-modules/teaching-competition/src/main/java/com/teaching/competition/controller/CompetitionCheckDataPackageController.java,47,
backend_endpoint,其他,导出,POST /checkPackage/export,old-code/teaching-modules/teaching-competition/src/main/java/com/teaching/competition/controller/CompetitionCheckDataPackageController.java,58,competition:checkPackage:export
backend_endpoint,其他,查询/查看,GET /checkPackage/{packageId},old-code/teaching-modules/teaching-competition/src/main/java/com/teaching/competition/controller/CompetitionCheckDataPackageController.java,69,competition:checkPackage:query
backend_endpoint,其他,业务操作,POST /checkPackage/,old-code/teaching-modules/teaching-competition/src/main/java/com/teaching/competition/controller/CompetitionCheckDataPackageController.java,79,competition:checkPackage:add
backend_endpoint,其他,业务操作,PUT /checkPackage/,old-code/teaching-modules/teaching-competition/src/main/java/com/teaching/competition/controller/CompetitionCheckDataPackageController.java,89,competition:checkPackage:edit
backend_endpoint,其他,删除/作废,DELETE /checkPackage/{packageIds},old-code/teaching-modules/teaching-competition/src/main/java/com/teaching/competition/controller/CompetitionCheckDataPackageController.java,99,competition:checkPackage:remove
backend_endpoint,其他,查询/查看,GET /checkInfo/list,old-code/teaching-modules/teaching-competition/src/main/java/com/teaching/competition/controller/CompetitionCheckInfoController.java,34,competition:checkInfo:list
backend_endpoint,其他,导出、查询/查看,POST /checkInfo/export,old-code/teaching-modules/teaching-competition/src/main/java/com/teaching/competition/controller/CompetitionCheckInfoController.java,46,competition:checkInfo:export
backend_endpoint,其他,查询/查看,GET /checkInfo/{checkItemId},old-code/teaching-modules/teaching-competition/src/main/java/com/teaching/competition/controller/CompetitionCheckInfoController.java,57,competition:checkInfo:query
backend_endpoint,其他,查询/查看,POST /checkInfo/,old-code/teaching-modules/teaching-competition/src/main/java/com/teaching/competition/controller/CompetitionCheckInfoController.java,67,competition:checkInfo:add
backend_endpoint,其他,查询/查看,PUT /checkInfo/,old-code/teaching-modules/teaching-competition/src/main/java/com/teaching/competition/controller/CompetitionCheckInfoController.java,77,competition:checkInfo:edit
backend_endpoint,其他,删除/作废、查询/查看,DELETE /checkInfo/{checkItemIds},old-code/teaching-modules/teaching-competition/src/main/java/com/teaching/competition/controller/CompetitionCheckInfoController.java,87,competition:checkInfo:remove
backend_endpoint,其他,查询/查看,POST /competition/competitionGradeInfo/list,old-code/teaching-modules/teaching-competition/src/main/java/com/teaching/competition/controller/CompetitionGradeInfoController.java,38,competition:competitionGradeInfo:list
backend_endpoint,其他,导出、查询/查看,POST /competition/competitionGradeInfo/export,old-code/teaching-modules/teaching-competition/src/main/java/com/teaching/competition/controller/CompetitionGradeInfoController.java,50,competition:competitionGradeInfo:export
backend_endpoint,其他,查询/查看,GET /competition/competitionGradeInfo/{gradeId},old-code/teaching-modules/teaching-competition/src/main/java/com/teaching/competition/controller/CompetitionGradeInfoController.java,61,competition:competitionGradeInfo:query
backend_endpoint,导入中间表,导入、查询/查看,POST /competition/competitionGradeInfo/importGradeInfo,old-code/teaching-modules/teaching-competition/src/main/java/com/teaching/competition/controller/CompetitionGradeInfoController.java,71,competition:competitionGradeInfo:import
backend_endpoint,其他,修改/状态变更、查询/查看,POST /competition/competitionGradeInfo/updateGradeInfo,old-code/teaching-modules/teaching-competition/src/main/java/com/teaching/competition/controller/CompetitionGradeInfoController.java,83,competition:competitionGradeInfo:import
backend_endpoint,导入中间表,导入、查询/查看,POST /competition/competitionGradeInfo/importTemplate,old-code/teaching-modules/teaching-competition/src/main/java/com/teaching/competition/controller/CompetitionGradeInfoController.java,91,
backend_endpoint,其他,查询/查看,POST /competition/competitionGradeInfo/,old-code/teaching-modules/teaching-competition/src/main/java/com/teaching/competition/controller/CompetitionGradeInfoController.java,102,competition:competitionGradeInfo:add
backend_endpoint,其他,修改/状态变更、查询/查看,POST /competition/competitionGradeInfo/updateCompetitionGradeInfo,old-code/teaching-modules/teaching-competition/src/main/java/com/teaching/competition/controller/CompetitionGradeInfoController.java,112,competition:competitionGradeInfo:edit
backend_endpoint,其他,删除/作废、查询/查看,GET /competition/competitionGradeInfo/removeCompetitionGradeInfo/{gradeId},old-code/teaching-modules/teaching-competition/src/main/java/com/teaching/competition/controller/CompetitionGradeInfoController.java,122,competition:competitionGradeInfo:remove
backend_endpoint,赛事主数据,查询/查看,GET /competitionManager/list,old-code/teaching-modules/teaching-competition/src/main/java/com/teaching/competition/controller/CompetitionMainInfoController.java,56,competition:competitionManager:list
backend_endpoint,赛事主数据,查询/查看,GET /competitionManager/queryCompetitionInfo,old-code/teaching-modules/teaching-competition/src/main/java/com/teaching/competition/controller/CompetitionMainInfoController.java,66,
backend_endpoint,赛事主数据,查询/查看,GET /competitionManager/pullDownList,old-code/teaching-modules/teaching-competition/src/main/java/com/teaching/competition/controller/CompetitionMainInfoController.java,73,
backend_endpoint,赛事主数据,查询/查看,GET /competitionManager/queryCompetitionInfoByCompetitionName,old-code/teaching-modules/teaching-competition/src/main/java/com/teaching/competition/controller/CompetitionMainInfoController.java,79,
backend_endpoint,赛事主数据,查询/查看,GET /competitionManager/getCompetitionDetailInfoById,old-code/teaching-modules/teaching-competition/src/main/java/com/teaching/competition/controller/CompetitionMainInfoController.java,89,competition:competitionManager:query
backend_endpoint,赛事主数据,查询/查看,GET /competitionManager/queryNowCompetitionStageConfig,old-code/teaching-modules/teaching-competition/src/main/java/com/teaching/competition/controller/CompetitionMainInfoController.java,102,competition:competitionManager:query
backend_endpoint,赛事主数据,查询/查看,GET /competitionManager/getNoStartCompetitionInfo,old-code/teaching-modules/teaching-competition/src/main/java/com/teaching/competition/controller/CompetitionMainInfoController.java,112,
backend_endpoint,赛事主数据,新增/创建、查询/查看,POST /competitionManager/saveCompetitionInfo,old-code/teaching-modules/teaching-competition/src/main/java/com/teaching/competition/controller/CompetitionMainInfoController.java,123,competition:competitionManager:add
backend_endpoint,赛事主数据,修改/状态变更、查询/查看,POST /competitionManager/updateCompetitionInfo,old-code/teaching-modules/teaching-competition/src/main/java/com/teaching/competition/controller/CompetitionMainInfoController.java,134,competition:competitionManager:edit
backend_endpoint,赛事主数据,删除/作废、查询/查看,POST /competitionManager/removeCompetitionMainInfo,old-code/teaching-modules/teaching-competition/src/main/java/com/teaching/competition/controller/CompetitionMainInfoController.java,145,competition:competitionManager:remove
backend_endpoint,赛事主数据,修改/状态变更、查询/查看,POST /competitionManager/updateCompetitionInfoStatus,old-code/teaching-modules/teaching-competition/src/main/java/com/teaching/competition/controller/CompetitionMainInfoController.java,156,competition:competitionManager:editStatus
backend_endpoint,赛事主数据,修改/状态变更、查询/查看,POST /competitionManager/updateTaskCompetitionInfoStatus,old-code/teaching-modules/teaching-competition/src/main/java/com/teaching/competition/controller/CompetitionMainInfoController.java,163,
backend_endpoint,赛事主数据,新增/创建、查询/查看,POST /competitionManager/insertCompetitionStageConfig,old-code/teaching-modules/teaching-competition/src/main/java/com/teaching/competition/controller/CompetitionMainInfoController.java,169,
backend_endpoint,赛事主数据,修改/状态变更、查询/查看,POST /competitionManager/updateInnerCompetitionInfoStatus,old-code/teaching-modules/teaching-competition/src/main/java/com/teaching/competition/controller/CompetitionMainInfoController.java,177,
backend_endpoint,赛事主数据,查询/查看,GET /competitionManager/getInnerCompetitionDetailInfo,old-code/teaching-modules/teaching-competition/src/main/java/com/teaching/competition/controller/CompetitionMainInfoController.java,185,
backend_endpoint,赛事主数据,查询/查看,GET /competitionManager/selectAllCompetitionDetailInfo,old-code/teaching-modules/teaching-competition/src/main/java/com/teaching/competition/controller/CompetitionMainInfoController.java,196,
backend_endpoint,系统用户与权限,查询/查看,GET /competitionManager/selectAllCompetitionDetailInfoForUserGroup,old-code/teaching-modules/teaching-competition/src/main/java/com/teaching/competition/controller/CompetitionMainInfoController.java,245,
backend_endpoint,报名与团队,查询/查看,GET /promotedApplyInfo/list,old-code/teaching-modules/teaching-competition/src/main/java/com/teaching/competition/controller/CompetitionPromotedApplyInfoController.java,57,competition:promotedApplyInfo:list
backend_endpoint,报名与团队,查询/查看,GET /promotedApplyInfo/pcList,old-code/teaching-modules/teaching-competition/src/main/java/com/teaching/competition/controller/CompetitionPromotedApplyInfoController.java,74,
backend_endpoint,报名与团队,导出、查询/查看,POST /promotedApplyInfo/export,old-code/teaching-modules/teaching-competition/src/main/java/com/teaching/competition/controller/CompetitionPromotedApplyInfoController.java,91,competition:promotedApplyInfo:export
backend_endpoint,导入中间表,导入、查询/查看,POST /promotedApplyInfo/import,old-code/teaching-modules/teaching-competition/src/main/java/com/teaching/competition/controller/CompetitionPromotedApplyInfoController.java,103,competition:promotedApplyInfo:import
backend_endpoint,报名与团队,导出、查询/查看,POST /promotedApplyInfo/export,old-code/teaching-modules/teaching-competition/src/main/java/com/teaching/competition/controller/CompetitionPromotedApplyInfoController.java,120,
backend_endpoint,报名与团队,导出、查询/查看,POST /promotedApplyInfo/pcExport,old-code/teaching-modules/teaching-competition/src/main/java/com/teaching/competition/controller/CompetitionPromotedApplyInfoController.java,195,
backend_endpoint,报名与团队,查询/查看,GET /promotedApplyInfo/{applyId},old-code/teaching-modules/teaching-competition/src/main/java/com/teaching/competition/controller/CompetitionPromotedApplyInfoController.java,223,competition:promotedApplyInfo:query
backend_endpoint,报名与团队,新增/创建、查询/查看,POST /promotedApplyInfo/addCompetitionPromotedApplyInfo,old-code/teaching-modules/teaching-competition/src/main/java/com/teaching/competition/controller/CompetitionPromotedApplyInfoController.java,233,competition:promotedApplyInfo:add
backend_endpoint,报名与团队,查询/查看,PUT /promotedApplyInfo/,old-code/teaching-modules/teaching-competition/src/main/java/com/teaching/competition/controller/CompetitionPromotedApplyInfoController.java,243,competition:promotedApplyInfo:edit
backend_endpoint,报名与团队,修改/状态变更、查询/查看,PUT /promotedApplyInfo/pcEdit,old-code/teaching-modules/teaching-competition/src/main/java/com/teaching/competition/controller/CompetitionPromotedApplyInfoController.java,256,
backend_endpoint,报名与团队,删除/作废、查询/查看,DELETE /promotedApplyInfo/{competitionSeriesId}/{teamCode},old-code/teaching-modules/teaching-competition/src/main/java/com/teaching/competition/controller/CompetitionPromotedApplyInfoController.java,267,competition:promotedApplyInfo:remove
backend_endpoint,报名与团队,查询/查看,POST /promotedApplyInfo/pcApply,old-code/teaching-modules/teaching-competition/src/main/java/com/teaching/competition/controller/CompetitionPromotedApplyInfoController.java,279,
backend_endpoint,其他,查询/查看,GET /promotedInfo/list,old-code/teaching-modules/teaching-competition/src/main/java/com/teaching/competition/controller/CompetitionPromotedInfoController.java,35,competition:promotedInfo:list
backend_endpoint,其他,查询/查看,GET /promotedInfo/pcList,old-code/teaching-modules/teaching-competition/src/main/java/com/teaching/competition/controller/CompetitionPromotedInfoController.java,47,
backend_endpoint,其他,导出、查询/查看,POST /promotedInfo/export,old-code/teaching-modules/teaching-competition/src/main/java/com/teaching/competition/controller/CompetitionPromotedInfoController.java,58,competition:promotedInfo:export
backend_endpoint,其他,查询/查看,GET /promotedInfo/getDetailInfo/{promotedId},old-code/teaching-modules/teaching-competition/src/main/java/com/teaching/competition/controller/CompetitionPromotedInfoController.java,69,competition:promotedInfo:query
backend_endpoint,其他,查询/查看,POST /promotedInfo/,old-code/teaching-modules/teaching-competition/src/main/java/com/teaching/competition/controller/CompetitionPromotedInfoController.java,79,competition:promotedInfo:add
backend_endpoint,其他,修改/状态变更、查询/查看,POST /promotedInfo/editCompetitionPromotedInfo,old-code/teaching-modules/teaching-competition/src/main/java/com/teaching/competition/controller/CompetitionPromotedInfoController.java,89,competition:promotedInfo:edit
backend_endpoint,其他,删除/作废、查询/查看,GET /promotedInfo/remove/{promotedId},old-code/teaching-modules/teaching-competition/src/main/java/com/teaching/competition/controller/CompetitionPromotedInfoController.java,99,competition:promotedInfo:remove
backend_endpoint,现场证件,查询/查看,GET /sceneCredential/list,old-code/teaching-modules/teaching-competition/src/main/java/com/teaching/competition/controller/CompetitionSceneCredentialController.java,38,competition:sceneCredential:list
backend_endpoint,现场证件,查询/查看,GET /sceneCredential/competitionList,old-code/teaching-modules/teaching-competition/src/main/java/com/teaching/competition/controller/CompetitionSceneCredentialController.java,46,competition:sceneCredential:list
backend_endpoint,现场证件,查询/查看,GET /sceneCredential/{credentialId},old-code/teaching-modules/teaching-competition/src/main/java/com/teaching/competition/controller/CompetitionSceneCredentialController.java,55,competition:sceneCredential:query
backend_endpoint,现场证件,业务操作,POST /sceneCredential/generate,old-code/teaching-modules/teaching-competition/src/main/java/com/teaching/competition/controller/CompetitionSceneCredentialController.java,62,competition:sceneCredential:add
backend_endpoint,现场证件,业务操作,POST /sceneCredential/competitionDirectIssue,old-code/teaching-modules/teaching-competition/src/main/java/com/teaching/competition/controller/CompetitionSceneCredentialController.java,69,competition:sceneCredential:add
backend_endpoint,现场证件,业务操作,PUT /sceneCredential/,old-code/teaching-modules/teaching-competition/src/main/java/com/teaching/competition/controller/CompetitionSceneCredentialController.java,76,competition:sceneCredential:edit
backend_endpoint,现场证件,删除/作废,DELETE /sceneCredential/{credentialIds},old-code/teaching-modules/teaching-competition/src/main/java/com/teaching/competition/controller/CompetitionSceneCredentialController.java,83,competition:sceneCredential:remove
backend_endpoint,现场证件,查询/查看,GET /sceneCredential/myList,old-code/teaching-modules/teaching-competition/src/main/java/com/teaching/competition/controller/CompetitionSceneCredentialController.java,88,
backend_endpoint,内容管理,查询/查看,GET /sceneNotice/list,old-code/teaching-modules/teaching-competition/src/main/java/com/teaching/competition/controller/CompetitionSceneNoticeController.java,37,competition:sceneNotice:list
backend_endpoint,内容管理,查询/查看,GET /sceneNotice/{noticeId},old-code/teaching-modules/teaching-competition/src/main/java/com/teaching/competition/controller/CompetitionSceneNoticeController.java,45,competition:sceneNotice:query
backend_endpoint,内容管理,业务操作,POST /sceneNotice/,old-code/teaching-modules/teaching-competition/src/main/java/com/teaching/competition/controller/CompetitionSceneNoticeController.java,52,competition:sceneNotice:add
backend_endpoint,内容管理,业务操作,PUT /sceneNotice/,old-code/teaching-modules/teaching-competition/src/main/java/com/teaching/competition/controller/CompetitionSceneNoticeController.java,59,competition:sceneNotice:edit
backend_endpoint,内容管理,删除/作废,DELETE /sceneNotice/{noticeIds},old-code/teaching-modules/teaching-competition/src/main/java/com/teaching/competition/controller/CompetitionSceneNoticeController.java,66,competition:sceneNotice:remove
backend_endpoint,内容管理,修改/状态变更,PUT /sceneNotice/changeStatus,old-code/teaching-modules/teaching-competition/src/main/java/com/teaching/competition/controller/CompetitionSceneNoticeController.java,73,competition:sceneNotice:publish
backend_endpoint,内容管理,业务操作,POST /sceneNotice/publish/{noticeId},old-code/teaching-modules/teaching-competition/src/main/java/com/teaching/competition/controller/CompetitionSceneNoticeController.java,80,competition:sceneNotice:publish
backend_endpoint,内容管理,查询/查看,GET /sceneNotice/myList,old-code/teaching-modules/teaching-competition/src/main/java/com/teaching/competition/controller/CompetitionSceneNoticeController.java,85,
backend_endpoint,赛场安排,查询/查看,POST /sceneOneCardIssue/issueByTarget,old-code/teaching-modules/teaching-competition/src/main/java/com/teaching/competition/controller/CompetitionSceneOneCardIssueController.java,28,competition:sceneCredential:add
backend_endpoint,现场证件,扫码/确认,POST /sceneOneCardVerify/pilot/scan,old-code/teaching-modules/teaching-competition/src/main/java/com/teaching/competition/controller/CompetitionSceneOneCardVerifyController.java,25,
backend_endpoint,现场证件,扫码/确认,POST /sceneOneCardVerify/pilot/confirm,old-code/teaching-modules/teaching-competition/src/main/java/com/teaching/competition/controller/CompetitionSceneOneCardVerifyController.java,31,
backend_endpoint,资源台账,查询/查看,GET /sceneResource/list,old-code/teaching-modules/teaching-competition/src/main/java/com/teaching/competition/controller/CompetitionSceneResourceController.java,37,competition:sceneResource:list
backend_endpoint,资源台账,查询/查看,GET /sceneResource/{resourceId},old-code/teaching-modules/teaching-competition/src/main/java/com/teaching/competition/controller/CompetitionSceneResourceController.java,45,competition:sceneResource:query
backend_endpoint,资源台账,业务操作,POST /sceneResource/,old-code/teaching-modules/teaching-competition/src/main/java/com/teaching/competition/controller/CompetitionSceneResourceController.java,52,competition:sceneResource:add
backend_endpoint,资源台账,业务操作,PUT /sceneResource/,old-code/teaching-modules/teaching-competition/src/main/java/com/teaching/competition/controller/CompetitionSceneResourceController.java,59,competition:sceneResource:edit
backend_endpoint,资源台账,删除/作废,DELETE /sceneResource/{resourceIds},old-code/teaching-modules/teaching-competition/src/main/java/com/teaching/competition/controller/CompetitionSceneResourceController.java,66,competition:sceneResource:remove
backend_endpoint,资源台账,修改/状态变更,POST /sceneResource/changeStatus,old-code/teaching-modules/teaching-competition/src/main/java/com/teaching/competition/controller/CompetitionSceneResourceController.java,73,competition:sceneResource:changeStatus
backend_endpoint,资源预约,查询/查看、预约,GET /sceneResourceReservation/list,old-code/teaching-modules/teaching-competition/src/main/java/com/teaching/competition/controller/CompetitionSceneResourceReservationController.java,29,competition:sceneScheduleResource:list
backend_endpoint,资源预约,查询/查看、预约,GET /sceneResourceReservation/{reservationId},old-code/teaching-modules/teaching-competition/src/main/java/com/teaching/competition/controller/CompetitionSceneResourceReservationController.java,38,competition:sceneScheduleResource:list
backend_endpoint,其他,查询/查看,GET /sceneResourceScheduleScope/list,old-code/teaching-modules/teaching-competition/src/main/java/com/teaching/competition/controller/CompetitionSceneResourceScheduleScopeController.java,29,competition:sceneScheduleResource:list
backend_endpoint,其他,新增/创建,POST /sceneResourceScheduleScope/add,old-code/teaching-modules/teaching-competition/src/main/java/com/teaching/competition/controller/CompetitionSceneResourceScheduleScopeController.java,36,competition:sceneScheduleResource:edit
backend_endpoint,其他,业务操作,POST /sceneResourceScheduleScope/ensure,old-code/teaching-modules/teaching-competition/src/main/java/com/teaching/competition/controller/CompetitionSceneResourceScheduleScopeController.java,44,competition:sceneScheduleResource:edit
backend_endpoint,其他,业务操作,POST /sceneResourceScheduleScope/batchEnsure,old-code/teaching-modules/teaching-competition/src/main/java/com/teaching/competition/controller/CompetitionSceneResourceScheduleScopeController.java,52,competition:sceneScheduleResource:edit
backend_endpoint,其他,删除/作废,POST /sceneResourceScheduleScope/remove,old-code/teaching-modules/teaching-competition/src/main/java/com/teaching/competition/controller/CompetitionSceneResourceScheduleScopeController.java,60,competition:sceneScheduleResource:edit
backend_endpoint,资源时段,查询/查看,GET /sceneResourceSlot/list,old-code/teaching-modules/teaching-competition/src/main/java/com/teaching/competition/controller/CompetitionSceneResourceSlotController.java,38,competition:sceneResourceSlot:list
backend_endpoint,资源时段,查询/查看,GET /sceneResourceSlot/{slotId},old-code/teaching-modules/teaching-competition/src/main/java/com/teaching/competition/controller/CompetitionSceneResourceSlotController.java,47,competition:sceneResourceSlot:query
backend_endpoint,资源时段,业务操作,POST /sceneResourceSlot/,old-code/teaching-modules/teaching-competition/src/main/java/com/teaching/competition/controller/CompetitionSceneResourceSlotController.java,54,competition:sceneResourceSlot:add
backend_endpoint,资源时段,业务操作,POST /sceneResourceSlot/batch,old-code/teaching-modules/teaching-competition/src/main/java/com/teaching/competition/controller/CompetitionSceneResourceSlotController.java,61,competition:sceneResourceSlot:add
backend_endpoint,资源时段,业务操作,PUT /sceneResourceSlot/,old-code/teaching-modules/teaching-competition/src/main/java/com/teaching/competition/controller/CompetitionSceneResourceSlotController.java,68,competition:sceneResourceSlot:edit
backend_endpoint,资源时段,删除/作废,DELETE /sceneResourceSlot/{slotIds},old-code/teaching-modules/teaching-competition/src/main/java/com/teaching/competition/controller/CompetitionSceneResourceSlotController.java,75,competition:sceneResourceSlot:remove
backend_endpoint,资源时段,修改/状态变更,POST /sceneResourceSlot/changeStatus,old-code/teaching-modules/teaching-competition/src/main/java/com/teaching/competition/controller/CompetitionSceneResourceSlotController.java,82,competition:sceneResourceSlot:changeStatus
backend_endpoint,资源时段,查询/查看,GET /sceneResourceSlotGroupScope/listBySlot,old-code/teaching-modules/teaching-competition/src/main/java/com/teaching/competition/controller/CompetitionSceneResourceSlotGroupScopeController.java,35,competition:sceneResourceSlot:list
backend_endpoint,资源时段,查询/查看,GET /sceneResourceSlotGroupScope/groupOptions,old-code/teaching-modules/teaching-competition/src/main/java/com/teaching/competition/controller/CompetitionSceneResourceSlotGroupScopeController.java,41,competition:sceneResourceSlot:list
backend_endpoint,资源时段,业务操作,POST /sceneResourceSlotGroupScope/replace,old-code/teaching-modules/teaching-competition/src/main/java/com/teaching/competition/controller/CompetitionSceneResourceSlotGroupScopeController.java,48,competition:sceneResourceSlot:edit
backend_endpoint,资源时段,业务操作,POST /sceneResourceSlotGroupScope/batchReplace,old-code/teaching-modules/teaching-competition/src/main/java/com/teaching/competition/controller/CompetitionSceneResourceSlotGroupScopeController.java,56,competition:sceneResourceSlot:edit
backend_endpoint,赛场安排,查询/查看,GET /sceneSchedule/list,old-code/teaching-modules/teaching-competition/src/main/java/com/teaching/competition/controller/CompetitionSceneScheduleController.java,43,competition:sceneSchedule:list
backend_endpoint,赛场安排,查询/查看,GET /sceneSchedule/{scheduleId},old-code/teaching-modules/teaching-competition/src/main/java/com/teaching/competition/controller/CompetitionSceneScheduleController.java,51,competition:sceneSchedule:query
backend_endpoint,赛场安排,业务操作,POST /sceneSchedule/,old-code/teaching-modules/teaching-competition/src/main/java/com/teaching/competition/controller/CompetitionSceneScheduleController.java,58,competition:sceneSchedule:add
backend_endpoint,赛场安排,业务操作,PUT /sceneSchedule/,old-code/teaching-modules/teaching-competition/src/main/java/com/teaching/competition/controller/CompetitionSceneScheduleController.java,65,competition:sceneSchedule:edit
backend_endpoint,赛场安排,删除/作废,DELETE /sceneSchedule/{scheduleIds},old-code/teaching-modules/teaching-competition/src/main/java/com/teaching/competition/controller/CompetitionSceneScheduleController.java,72,competition:sceneSchedule:remove
backend_endpoint,赛场安排,业务操作,POST /sceneSchedule/match/{scheduleId},old-code/teaching-modules/teaching-competition/src/main/java/com/teaching/competition/controller/CompetitionSceneScheduleController.java,79,competition:sceneSchedule:edit
backend_endpoint,赛场安排,查询/查看,GET /sceneSchedule/target/list,old-code/teaching-modules/teaching-competition/src/main/java/com/teaching/competition/controller/CompetitionSceneScheduleController.java,85,competition:sceneSchedule:list
backend_endpoint,赛场安排,查询/查看,POST /sceneSchedule/target,old-code/teaching-modules/teaching-competition/src/main/java/com/teaching/competition/controller/CompetitionSceneScheduleController.java,94,competition:sceneSchedule:add
backend_endpoint,赛场安排,查询/查看,POST /sceneSchedule/target/batch,old-code/teaching-modules/teaching-competition/src/main/java/com/teaching/competition/controller/CompetitionSceneScheduleController.java,101,competition:sceneSchedule:add
backend_endpoint,赛场安排,查询/查看,PUT /sceneSchedule/target,old-code/teaching-modules/teaching-competition/src/main/java/com/teaching/competition/controller/CompetitionSceneScheduleController.java,108,competition:sceneSchedule:edit
backend_endpoint,赛场安排,删除/作废、查询/查看,DELETE /sceneSchedule/target/{targetIds},old-code/teaching-modules/teaching-competition/src/main/java/com/teaching/competition/controller/CompetitionSceneScheduleController.java,115,competition:sceneSchedule:remove
backend_endpoint,赛场安排,查询/查看,POST /sceneSchedule/{scheduleId}/targets/review-objects,old-code/teaching-modules/teaching-competition/src/main/java/com/teaching/competition/controller/CompetitionSceneScheduleController.java,122,competition:sceneSchedule:add
backend_endpoint,赛场安排,查询/查看,POST /sceneSchedule/{scheduleId}/targets/teams,old-code/teaching-modules/teaching-competition/src/main/java/com/teaching/competition/controller/CompetitionSceneScheduleController.java,130,competition:sceneSchedule:add
backend_endpoint,赛场安排,查询/查看,POST /sceneSchedule/{scheduleId}/targets/persons,old-code/teaching-modules/teaching-competition/src/main/java/com/teaching/competition/controller/CompetitionSceneScheduleController.java,138,competition:sceneSchedule:add
backend_endpoint,赛场安排,查询/查看,POST /sceneSchedule/{scheduleId}/targets/manual,old-code/teaching-modules/teaching-competition/src/main/java/com/teaching/competition/controller/CompetitionSceneScheduleController.java,146,competition:sceneSchedule:add
backend_endpoint,赛场安排,查询/查看,POST /sceneSchedule/{scheduleId}/targets/sequence,old-code/teaching-modules/teaching-competition/src/main/java/com/teaching/competition/controller/CompetitionSceneScheduleController.java,154,competition:sceneSchedule:edit
backend_endpoint,赛场安排,查询/查看,POST /sceneSchedule/{scheduleId}/targets/sequence/auto-generate,old-code/teaching-modules/teaching-competition/src/main/java/com/teaching/competition/controller/CompetitionSceneScheduleController.java,162,competition:sceneSchedule:edit
backend_endpoint,赛场安排,查询/查看,POST /sceneSchedule/{scheduleId}/targets/sequence/by-name,old-code/teaching-modules/teaching-competition/src/main/java/com/teaching/competition/controller/CompetitionSceneScheduleController.java,170,competition:sceneSchedule:edit
backend_endpoint,赛场安排,查询/查看,POST /sceneSchedule/{scheduleId}/targets/sync-review-session,old-code/teaching-modules/teaching-competition/src/main/java/com/teaching/competition/controller/CompetitionSceneScheduleController.java,178,competition:sceneSchedule:edit
backend_endpoint,赛场安排,查询/查看,GET /sceneScheduleResource/list,old-code/teaching-modules/teaching-competition/src/main/java/com/teaching/competition/controller/CompetitionSceneScheduleResourceController.java,37,competition:sceneScheduleResource:list
backend_endpoint,赛场安排,查询/查看,GET /sceneScheduleResource/{scheduleResourceId},old-code/teaching-modules/teaching-competition/src/main/java/com/teaching/competition/controller/CompetitionSceneScheduleResourceController.java,46,competition:sceneScheduleResource:query
backend_endpoint,赛场安排,业务操作,POST /sceneScheduleResource/,old-code/teaching-modules/teaching-competition/src/main/java/com/teaching/competition/controller/CompetitionSceneScheduleResourceController.java,53,competition:sceneScheduleResource:add
backend_endpoint,赛场安排,业务操作,PUT /sceneScheduleResource/,old-code/teaching-modules/teaching-competition/src/main/java/com/teaching/competition/controller/CompetitionSceneScheduleResourceController.java,60,competition:sceneScheduleResource:edit
backend_endpoint,赛场安排,删除/作废,DELETE /sceneScheduleResource/{scheduleResourceIds},old-code/teaching-modules/teaching-competition/src/main/java/com/teaching/competition/controller/CompetitionSceneScheduleResourceController.java,67,competition:sceneScheduleResource:remove
backend_endpoint,赛场安排,修改/状态变更、预约,POST /sceneScheduleResource/changeBookingStatus,old-code/teaching-modules/teaching-competition/src/main/java/com/teaching/competition/controller/CompetitionSceneScheduleResourceController.java,74,competition:sceneScheduleResource:changeBookingStatus
backend_endpoint,扫码/小程序,扫码/确认,POST /sceneVerify/scan,old-code/teaching-modules/teaching-competition/src/main/java/com/teaching/competition/controller/CompetitionSceneVerifyController.java,31,
backend_endpoint,其他,扫码/确认,POST /sceneVerify/confirm,old-code/teaching-modules/teaching-competition/src/main/java/com/teaching/competition/controller/CompetitionSceneVerifyController.java,37,
backend_endpoint,现场 operation_log,扫码/确认、查询/查看,GET /sceneVerify/log/list,old-code/teaching-modules/teaching-competition/src/main/java/com/teaching/competition/controller/CompetitionSceneVerifyController.java,44,competition:sceneVerify:list
backend_endpoint,内容管理,查询/查看,GET /competition/competitionTitleNotice/list,old-code/teaching-modules/teaching-competition/src/main/java/com/teaching/competition/controller/CompetitionTitleNoticeController.java,39,competition:competitionTitleNotice:list
backend_endpoint,内容管理,导出,POST /competition/competitionTitleNotice/export,old-code/teaching-modules/teaching-competition/src/main/java/com/teaching/competition/controller/CompetitionTitleNoticeController.java,51,competition:competitionTitleNotice:export
backend_endpoint,内容管理,查询/查看,GET /competition/competitionTitleNotice/{noticeId},old-code/teaching-modules/teaching-competition/src/main/java/com/teaching/competition/controller/CompetitionTitleNoticeController.java,62,competition:competitionTitleNotice:query
backend_endpoint,内容管理,业务操作,POST /competition/competitionTitleNotice/,old-code/teaching-modules/teaching-competition/src/main/java/com/teaching/competition/controller/CompetitionTitleNoticeController.java,72,competition:competitionTitleNotice:add
backend_endpoint,内容管理,业务操作,PUT /competition/competitionTitleNotice/,old-code/teaching-modules/teaching-competition/src/main/java/com/teaching/competition/controller/CompetitionTitleNoticeController.java,82,competition:competitionTitleNotice:edit
backend_endpoint,内容管理,删除/作废,DELETE /competition/competitionTitleNotice/{noticeIds},old-code/teaching-modules/teaching-competition/src/main/java/com/teaching/competition/controller/CompetitionTitleNoticeController.java,92,competition:competitionTitleNotice:remove
backend_endpoint,赛事主数据,查询/查看,GET /competitionTrackConfig/list,old-code/teaching-modules/teaching-competition/src/main/java/com/teaching/competition/controller/CompetitionTrackConfigController.java,39,competition:competitionTrackConfig:list
backend_endpoint,赛事主数据,导出,POST /competitionTrackConfig/export,old-code/teaching-modules/teaching-competition/src/main/java/com/teaching/competition/controller/CompetitionTrackConfigController.java,51,competition:competitionTrackConfig:export
backend_endpoint,赛事主数据,查询/查看,GET /competitionTrackConfig/getCompetitionTrackConfigInfo/{competitionTrackConfigId},old-code/teaching-modules/teaching-competition/src/main/java/com/teaching/competition/controller/CompetitionTrackConfigController.java,62,competition:competitionTrackConfig:query
backend_endpoint,赛事主数据,新增/创建,POST /competitionTrackConfig/saveCompetitionTrackRuleConfig,old-code/teaching-modules/teaching-competition/src/main/java/com/teaching/competition/controller/CompetitionTrackConfigController.java,72,competition:competitionTrackConfig:add
backend_endpoint,赛事主数据,修改/状态变更,POST /competitionTrackConfig/updateCompetitionTrackConfig,old-code/teaching-modules/teaching-competition/src/main/java/com/teaching/competition/controller/CompetitionTrackConfigController.java,82,competition:competitionTrackConfig:edit
backend_endpoint,赛事主数据,删除/作废、查询/查看,GET /competitionTrackConfig/removeCompetitionTrackConfig/{competitionTrackConfigIds},old-code/teaching-modules/teaching-competition/src/main/java/com/teaching/competition/controller/CompetitionTrackConfigController.java,92,competition:competitionTrackConfig:remove
backend_endpoint,赛事主数据,查询/查看,GET /competitionTrackInfo/list,old-code/teaching-modules/teaching-competition/src/main/java/com/teaching/competition/controller/CompetitionTrackInfoController.java,42,competition:competitionTrackInfo:list
backend_endpoint,赛事主数据,导出、查询/查看,POST /competitionTrackInfo/export,old-code/teaching-modules/teaching-competition/src/main/java/com/teaching/competition/controller/CompetitionTrackInfoController.java,54,competition:competitionTrackInfo:export
backend_endpoint,赛事主数据,查询/查看,GET /competitionTrackInfo/getCompetitionDetail/{competitionTrackId},old-code/teaching-modules/teaching-competition/src/main/java/com/teaching/competition/controller/CompetitionTrackInfoController.java,65,competition:competitionTrackInfo:query
backend_endpoint,赛事主数据,查询/查看,GET /competitionTrackInfo/getInnerCompetitionTrackDetail/{trackId},old-code/teaching-modules/teaching-competition/src/main/java/com/teaching/competition/controller/CompetitionTrackInfoController.java,74,
backend_endpoint,赛事主数据,新增/创建、查询/查看,POST /competitionTrackInfo/saveCompetitionTrackInfo,old-code/teaching-modules/teaching-competition/src/main/java/com/teaching/competition/controller/CompetitionTrackInfoController.java,84,competition:competitionTrackInfo:add
backend_endpoint,赛事主数据,修改/状态变更、查询/查看,POST /competitionTrackInfo/updateCompetitionTrackStatus,old-code/teaching-modules/teaching-competition/src/main/java/com/teaching/competition/controller/CompetitionTrackInfoController.java,93,
backend_endpoint,赛事主数据,删除/作废、查询/查看,GET /competitionTrackInfo/removeCompetitionTrack/{competitionTrackId},old-code/teaching-modules/teaching-competition/src/main/java/com/teaching/competition/controller/CompetitionTrackInfoController.java,103,competition:competitionTrackInfo:remove
backend_endpoint,其他,查询/查看,GET /competitionWorkLink/list,old-code/teaching-modules/teaching-competition/src/main/java/com/teaching/competition/controller/CompetitionWorkLinkInfoController.java,37,competition:competitionWorkLink:list
backend_endpoint,其他,导出、查询/查看,POST /competitionWorkLink/export,old-code/teaching-modules/teaching-competition/src/main/java/com/teaching/competition/controller/CompetitionWorkLinkInfoController.java,50,competition:competitionWorkLink:export
backend_endpoint,其他,查询/查看,GET /competitionWorkLink/getDetailInfo/{linkId},old-code/teaching-modules/teaching-competition/src/main/java/com/teaching/competition/controller/CompetitionWorkLinkInfoController.java,62,competition:competitionWorkLink:query
backend_endpoint,其他,新增/创建、查询/查看,POST /competitionWorkLink/saveCompetitionWorkLinkInfo,old-code/teaching-modules/teaching-competition/src/main/java/com/teaching/competition/controller/CompetitionWorkLinkInfoController.java,73,competition:competitionWorkLink:add
backend_endpoint,其他,修改/状态变更、查询/查看,POST /competitionWorkLink/updateCompetitionWorkLinkInfo,old-code/teaching-modules/teaching-competition/src/main/java/com/teaching/competition/controller/CompetitionWorkLinkInfoController.java,84,competition:competitionWorkLink:edit
backend_endpoint,其他,删除/作废、查询/查看,DELETE /competitionWorkLink/{linkIds},old-code/teaching-modules/teaching-competition/src/main/java/com/teaching/competition/controller/CompetitionWorkLinkInfoController.java,95,competition:competitionWorkLink:remove
backend_endpoint,其他,查询/查看,GET /competitionWorks/list,old-code/teaching-modules/teaching-competition/src/main/java/com/teaching/competition/controller/CompetitionWorksController.java,59,competition:competitionWorks:list
backend_endpoint,其他,导出,POST /competitionWorks/export,old-code/teaching-modules/teaching-competition/src/main/java/com/teaching/competition/controller/CompetitionWorksController.java,71,competition:competitionWorks:export
backend_endpoint,其他,查询/查看,GET /competitionWorks/{worksId},old-code/teaching-modules/teaching-competition/src/main/java/com/teaching/competition/controller/CompetitionWorksController.java,82,competition:competitionWorks:list
backend_endpoint,系统用户与权限,查询/查看,GET /competitionWorks/getUserList,old-code/teaching-modules/teaching-competition/src/main/java/com/teaching/competition/controller/CompetitionWorksController.java,88,
backend_endpoint,系统用户与权限,查询/查看,GET /competitionWorks/queryUserCompetitionWorks,old-code/teaching-modules/teaching-competition/src/main/java/com/teaching/competition/controller/CompetitionWorksController.java,95,
backend_endpoint,其他,新增/创建,POST /competitionWorks/saveCompetitionWorks,old-code/teaching-modules/teaching-competition/src/main/java/com/teaching/competition/controller/CompetitionWorksController.java,106,work:user:add
backend_endpoint,赛事主数据,业务操作,POST /competitionWorks/uploadCompetitionWorks/{competitionSeriesId},old-code/teaching-modules/teaching-competition/src/main/java/com/teaching/competition/controller/CompetitionWorksController.java,116,work:user:add
backend_endpoint,其他,查询/查看,GET /competitionWorks/getSpecialistList,old-code/teaching-modules/teaching-competition/src/main/java/com/teaching/competition/controller/CompetitionWorksController.java,166,
backend_endpoint,评审评分,修改/状态变更,POST /competitionWorks/updateCompetitionWorksScore,old-code/teaching-modules/teaching-competition/src/main/java/com/teaching/competition/controller/CompetitionWorksController.java,175,
backend_endpoint,其他,查询/查看,GET /competitionWorks/getLinkCompetitionWorksInfo/{worksId},old-code/teaching-modules/teaching-competition/src/main/java/com/teaching/competition/controller/CompetitionWorksController.java,180,
backend_endpoint,其他,修改/状态变更,POST /competitionWorks/updateCompetitionWorks,old-code/teaching-modules/teaching-competition/src/main/java/com/teaching/competition/controller/CompetitionWorksController.java,190,competition:competitionWorks:edit
backend_endpoint,其他,删除/作废,DELETE /competitionWorks/{worksIds},old-code/teaching-modules/teaching-competition/src/main/java/com/teaching/competition/controller/CompetitionWorksController.java,201,competition:competitionWorks:remove
backend_endpoint,其他,查询/查看,GET /competitionOperationConfig/list,old-code/teaching-modules/teaching-competition/src/main/java/com/teaching/competition/controller/OperationConfigController.java,35,competition:competitionOperationConfig:list
backend_endpoint,赛事主数据,查询/查看,GET /competitionOperationConfig/operationConfigList/{competitionSeriesId},old-code/teaching-modules/teaching-competition/src/main/java/com/teaching/competition/controller/OperationConfigController.java,47,competition:competitionOperationConfig:query
backend_endpoint,其他,导出,POST /competitionOperationConfig/export,old-code/teaching-modules/teaching-competition/src/main/java/com/teaching/competition/controller/OperationConfigController.java,60,competition:competitionOperationConfig:export
backend_endpoint,其他,查询/查看,GET /competitionOperationConfig/getDetailInfo/{id},old-code/teaching-modules/teaching-competition/src/main/java/com/teaching/competition/controller/OperationConfigController.java,72,competition:competitionOperationConfig:query
backend_endpoint,其他,新增/创建,POST /competitionOperationConfig/saveCompetitionOperationConfig,old-code/teaching-modules/teaching-competition/src/main/java/com/teaching/competition/controller/OperationConfigController.java,83,competition:competitionOperationConfig:query
backend_endpoint,其他,修改/状态变更,POST /competitionOperationConfig/updateCompetitionOperationConfig,old-code/teaching-modules/teaching-competition/src/main/java/com/teaching/competition/controller/OperationConfigController.java,94,competition:competitionOperationConfig:query
backend_endpoint,其他,删除/作废、查询/查看,GET /competitionOperationConfig/deleteOperationConfig/{ids},old-code/teaching-modules/teaching-competition/src/main/java/com/teaching/competition/controller/OperationConfigController.java,105,competition:competitionOperationConfig:query
backend_endpoint,其他,查询/查看,GET /competitionOperationConfig/getCompetitionFee,old-code/teaching-modules/teaching-competition/src/main/java/com/teaching/competition/controller/OperationConfigController.java,116,
backend_endpoint,其他,查询/查看,GET /times/list,old-code/teaching-modules/teaching-competition/src/main/java/com/teaching/competition/controller/OperationTimesController.java,43,system:times:list
backend_endpoint,其他,导出,POST /times/export,old-code/teaching-modules/teaching-competition/src/main/java/com/teaching/competition/controller/OperationTimesController.java,55,system:times:export
backend_endpoint,其他,查询/查看,GET /times/{id},old-code/teaching-modules/teaching-competition/src/main/java/com/teaching/competition/controller/OperationTimesController.java,66,system:times:query
backend_endpoint,其他,业务操作,POST /times/,old-code/teaching-modules/teaching-competition/src/main/java/com/teaching/competition/controller/OperationTimesController.java,76,system:times:add
backend_endpoint,其他,业务操作,PUT /times/,old-code/teaching-modules/teaching-competition/src/main/java/com/teaching/competition/controller/OperationTimesController.java,86,system:times:edit
backend_endpoint,支付,支付/退款、查询/查看,GET /times/cancelRepaymentOperationTimes/{teamCode},old-code/teaching-modules/teaching-competition/src/main/java/com/teaching/competition/controller/OperationTimesController.java,95,
backend_endpoint,其他,删除/作废,DELETE /times/{ids},old-code/teaching-modules/teaching-competition/src/main/java/com/teaching/competition/controller/OperationTimesController.java,105,system:times:remove
backend_endpoint,支付,支付/退款、查询/查看,GET /times/checkRepaymentTimes/{competitionSeriesId}/{teamCode},old-code/teaching-modules/teaching-competition/src/main/java/com/teaching/competition/controller/OperationTimesController.java,118,
backend_endpoint,赛事主数据,查询/查看,GET /times/recordUsedTimes/{competitionSeriesId}/{teamCode},old-code/teaching-modules/teaching-competition/src/main/java/com/teaching/competition/controller/OperationTimesController.java,133,
backend_endpoint,其他,查询/查看,POST /sponsoringEnterprise/list,old-code/teaching-modules/teaching-competition/src/main/java/com/teaching/competition/controller/SponsoringEnterpriseInfoController.java,35,competition:sponsoringEnterprise:list
backend_endpoint,其他,导出、查询/查看,POST /sponsoringEnterprise/export,old-code/teaching-modules/teaching-competition/src/main/java/com/teaching/competition/controller/SponsoringEnterpriseInfoController.java,48,competition:sponsoringEnterprise:export
backend_endpoint,其他,查询/查看,GET /sponsoringEnterprise/getSponsoringEnterpriseDetailInfo/{enterpriseId},old-code/teaching-modules/teaching-competition/src/main/java/com/teaching/competition/controller/SponsoringEnterpriseInfoController.java,60,competition:sponsoringEnterprise:query
backend_endpoint,其他,新增/创建、查询/查看,POST /sponsoringEnterprise/saveSponsoringEnterpriseInfo,old-code/teaching-modules/teaching-competition/src/main/java/com/teaching/competition/controller/SponsoringEnterpriseInfoController.java,71,competition:sponsoringEnterprise:add
backend_endpoint,其他,修改/状态变更、查询/查看,POST /sponsoringEnterprise/updateSponsoringEnterpriseInfo,old-code/teaching-modules/teaching-competition/src/main/java/com/teaching/competition/controller/SponsoringEnterpriseInfoController.java,82,competition:sponsoringEnterprise:edit
backend_endpoint,其他,删除/作废、查询/查看,GET /sponsoringEnterprise/removeSponsoringEnterpriseInfo/{enterpriseIds},old-code/teaching-modules/teaching-competition/src/main/java/com/teaching/competition/controller/SponsoringEnterpriseInfoController.java,93,competition:sponsoringEnterprise:remove
backend_endpoint,报名与团队,查询/查看,POST /teamManager/list,old-code/teaching-modules/teaching-competition/src/main/java/com/teaching/competition/controller/TeamManagerInfoController.java,42,competition:teamManager:list
backend_endpoint,报名与团队,查询/查看,POST /teamManager/getInnerTeamManagerInfoList,old-code/teaching-modules/teaching-competition/src/main/java/com/teaching/competition/controller/TeamManagerInfoController.java,51,
backend_endpoint,报名与团队,导出、查询/查看,POST /teamManager/export,old-code/teaching-modules/teaching-competition/src/main/java/com/teaching/competition/controller/TeamManagerInfoController.java,61,competition:teamManager:export
backend_endpoint,报名与团队,查询/查看,GET /teamManager/getDetailInfo/{teamCode},old-code/teaching-modules/teaching-competition/src/main/java/com/teaching/competition/controller/TeamManagerInfoController.java,73,competition:teamManager:query
backend_endpoint,报名与团队,修改/状态变更、查询/查看,POST /teamManager/updateTeamManagerInfo,old-code/teaching-modules/teaching-competition/src/main/java/com/teaching/competition/controller/TeamManagerInfoController.java,83,competition:teamManager:edit
backend_endpoint,报名与团队,删除/作废、查询/查看,DELETE /teamManager/removeTeamManager/{teamCodes},old-code/teaching-modules/teaching-competition/src/main/java/com/teaching/competition/controller/TeamManagerInfoController.java,94,competition:teamManager:remove
backend_endpoint,报名与团队,查询/查看,GET /teamManager/getInnerTeamDetailInfo/{teamId},old-code/teaching-modules/teaching-competition/src/main/java/com/teaching/competition/controller/TeamManagerInfoController.java,101,
backend_endpoint,报名与团队,修改/状态变更、查询/查看,POST /teamManager/updateTeamManagerStatus,old-code/teaching-modules/teaching-competition/src/main/java/com/teaching/competition/controller/TeamManagerInfoController.java,108,
backend_endpoint,报名与团队,查询/查看,GET /teamMember/list,old-code/teaching-modules/teaching-competition/src/main/java/com/teaching/competition/controller/TeamMemberRelaController.java,35,
backend_endpoint,报名与团队,导出,POST /teamMember/export,old-code/teaching-modules/teaching-competition/src/main/java/com/teaching/competition/controller/TeamMemberRelaController.java,47,
backend_endpoint,报名与团队,查询/查看,GET /teamMember/{relaId},old-code/teaching-modules/teaching-competition/src/main/java/com/teaching/competition/controller/TeamMemberRelaController.java,58,
backend_endpoint,报名与团队,业务操作,POST /teamMember/,old-code/teaching-modules/teaching-competition/src/main/java/com/teaching/competition/controller/TeamMemberRelaController.java,68,
backend_endpoint,报名与团队,业务操作,PUT /teamMember/,old-code/teaching-modules/teaching-competition/src/main/java/com/teaching/competition/controller/TeamMemberRelaController.java,79,system:rela:edit
backend_endpoint,报名与团队,删除/作废,DELETE /teamMember/{relaIds},old-code/teaching-modules/teaching-competition/src/main/java/com/teaching/competition/controller/TeamMemberRelaController.java,90,system:rela:remove
backend_endpoint,现场证件,查询/查看,GET /competition/userCertificate/list,old-code/teaching-modules/teaching-competition/src/main/java/com/teaching/competition/controller/UserCertificateController.java,66,competition:userCertificate:list
backend_endpoint,现场证件,导出,POST /competition/userCertificate/export,old-code/teaching-modules/teaching-competition/src/main/java/com/teaching/competition/controller/UserCertificateController.java,79,competition:userCertificate:export
backend_endpoint,现场证件,查询/查看,POST /competition/userCertificate/getCertInfo,old-code/teaching-modules/teaching-competition/src/main/java/com/teaching/competition/controller/UserCertificateController.java,145,competition:userCertificate:query
backend_endpoint,现场证件,新增/创建,POST /competition/userCertificate/saveUserCertificate,old-code/teaching-modules/teaching-competition/src/main/java/com/teaching/competition/controller/UserCertificateController.java,155,competition:userCertificate:add
backend_endpoint,现场证件,新增/创建,POST /competition/userCertificate/batchSaveUserCertificate,old-code/teaching-modules/teaching-competition/src/main/java/com/teaching/competition/controller/UserCertificateController.java,165,competition:userCertificate:add
backend_endpoint,现场证件,业务操作,PUT /competition/userCertificate/,old-code/teaching-modules/teaching-competition/src/main/java/com/teaching/competition/controller/UserCertificateController.java,196,competition:userCertificate:edit
backend_endpoint,现场证件,删除/作废,POST /competition/userCertificate/remove,old-code/teaching-modules/teaching-competition/src/main/java/com/teaching/competition/controller/UserCertificateController.java,206,competition:userCertificate:remove
backend_endpoint,现场证件,查询/查看,GET /certificateHistory/list,old-code/teaching-modules/teaching-competition/src/main/java/com/teaching/competition/controller/UserCertificateHistoryController.java,35,competition:certificateHistory:list
backend_endpoint,现场证件,导出,POST /certificateHistory/export,old-code/teaching-modules/teaching-competition/src/main/java/com/teaching/competition/controller/UserCertificateHistoryController.java,47,competition:certificateHistory:export
backend_endpoint,现场证件,查询/查看,GET /certificateHistory/{certId},old-code/teaching-modules/teaching-competition/src/main/java/com/teaching/competition/controller/UserCertificateHistoryController.java,58,competition:certificateHistory:query
backend_endpoint,现场证件,业务操作,POST /certificateHistory/,old-code/teaching-modules/teaching-competition/src/main/java/com/teaching/competition/controller/UserCertificateHistoryController.java,68,competition:certificateHistory:add
backend_endpoint,现场证件,业务操作,PUT /certificateHistory/,old-code/teaching-modules/teaching-competition/src/main/java/com/teaching/competition/controller/UserCertificateHistoryController.java,78,competition:certificateHistory:edit
backend_endpoint,现场证件,删除/作废,DELETE /certificateHistory/{certIds},old-code/teaching-modules/teaching-competition/src/main/java/com/teaching/competition/controller/UserCertificateHistoryController.java,88,competition:certificateHistory:remove
backend_endpoint,现场证件,导入,POST /certificateHistory/import,old-code/teaching-modules/teaching-competition/src/main/java/com/teaching/competition/controller/UserCertificateHistoryController.java,98,competition:certificateHistory:import
backend_endpoint,现场证件,查询/查看,GET /competition/userCertificateOrigin/list,old-code/teaching-modules/teaching-competition/src/main/java/com/teaching/competition/controller/UserCertificateOriginController.java,28,
backend_endpoint,现场证件,导出,POST /competition/userCertificateOrigin/export,old-code/teaching-modules/teaching-competition/src/main/java/com/teaching/competition/controller/UserCertificateOriginController.java,38,
backend_endpoint,现场证件,查询/查看,GET /competition/userCertificateOrigin/{certId},old-code/teaching-modules/teaching-competition/src/main/java/com/teaching/competition/controller/UserCertificateOriginController.java,47,
backend_endpoint,现场证件,业务操作,POST /competition/userCertificateOrigin/,old-code/teaching-modules/teaching-competition/src/main/java/com/teaching/competition/controller/UserCertificateOriginController.java,55,
backend_endpoint,现场证件,业务操作,PUT /competition/userCertificateOrigin/,old-code/teaching-modules/teaching-competition/src/main/java/com/teaching/competition/controller/UserCertificateOriginController.java,64,competition:userCertificateOrigin:edit
backend_endpoint,现场证件,删除/作废,DELETE /competition/userCertificateOrigin/{certIds},old-code/teaching-modules/teaching-competition/src/main/java/com/teaching/competition/controller/UserCertificateOriginController.java,72,
backend_endpoint,系统用户与权限,查询/查看,GET /collect/list,old-code/teaching-modules/teaching-competition/src/main/java/com/teaching/competition/controller/UserCollectController.java,42,
backend_endpoint,系统用户与权限,查询/查看,GET /collect/checkCollect,old-code/teaching-modules/teaching-competition/src/main/java/com/teaching/competition/controller/UserCollectController.java,53,
backend_endpoint,系统用户与权限,导出,POST /collect/export,old-code/teaching-modules/teaching-competition/src/main/java/com/teaching/competition/controller/UserCollectController.java,68,system:collect:export
backend_endpoint,系统用户与权限,查询/查看,GET /collect/{collectId},old-code/teaching-modules/teaching-competition/src/main/java/com/teaching/competition/controller/UserCollectController.java,80,system:collect:query
backend_endpoint,系统用户与权限,新增/创建,POST /collect/saveUserCollect,old-code/teaching-modules/teaching-competition/src/main/java/com/teaching/competition/controller/UserCollectController.java,90,
backend_endpoint,系统用户与权限,业务操作,PUT /collect/,old-code/teaching-modules/teaching-competition/src/main/java/com/teaching/competition/controller/UserCollectController.java,102,system:collect:edit
backend_endpoint,系统用户与权限,删除/作废,POST /collect/removeUserCollect,old-code/teaching-modules/teaching-competition/src/main/java/com/teaching/competition/controller/UserCollectController.java,112,
backend_endpoint,系统用户与权限,查询/查看,POST /userCompetition/list,old-code/teaching-modules/teaching-competition/src/main/java/com/teaching/competition/controller/UserCompetitionInfoController.java,75,
backend_endpoint,报名与团队,查询/查看,POST /userCompetition/teamList,old-code/teaching-modules/teaching-competition/src/main/java/com/teaching/competition/controller/UserCompetitionInfoController.java,86,
backend_endpoint,报名与团队,查询/查看,POST /userCompetition/getUserCompetitionApplyInfo,old-code/teaching-modules/teaching-competition/src/main/java/com/teaching/competition/controller/UserCompetitionInfoController.java,95,competition:getUserCompetitionApplyInfo:query
backend_endpoint,系统用户与权限,查询/查看,GET /userCompetition/selectCompetitionOperationConfigInfo/{competitionSeriesId},old-code/teaching-modules/teaching-competition/src/main/java/com/teaching/competition/controller/UserCompetitionInfoController.java,102,
backend_endpoint,系统用户与权限,查询/查看,GET /userCompetition/selectCompetitionTrackConfigInfo,old-code/teaching-modules/teaching-competition/src/main/java/com/teaching/competition/controller/UserCompetitionInfoController.java,109,
backend_endpoint,系统用户与权限,查询/查看,GET /userCompetition/getSystemDate,old-code/teaching-modules/teaching-competition/src/main/java/com/teaching/competition/controller/UserCompetitionInfoController.java,118,
backend_endpoint,系统用户与权限,修改/状态变更、查询/查看,GET /userCompetition/checkChangeOperator,old-code/teaching-modules/teaching-competition/src/main/java/com/teaching/competition/controller/UserCompetitionInfoController.java,124,
backend_endpoint,报名与团队,修改/状态变更、查询/查看,GET /userCompetition/updateApplyInfoSequence,old-code/teaching-modules/teaching-competition/src/main/java/com/teaching/competition/controller/UserCompetitionInfoController.java,152,
backend_endpoint,报名与团队,修改/状态变更、查询/查看,POST /userCompetition/checkChangeCompetitionApplyInfo,old-code/teaching-modules/teaching-competition/src/main/java/com/teaching/competition/controller/UserCompetitionInfoController.java,172,
backend_endpoint,报名与团队,修改/状态变更、查询/查看,POST /userCompetition/changeCompetitionApplyInfo,old-code/teaching-modules/teaching-competition/src/main/java/com/teaching/competition/controller/UserCompetitionInfoController.java,351,
backend_endpoint,系统用户与权限,查询/查看,GET /userCompetition/selectCollectCompetitionCount,old-code/teaching-modules/teaching-competition/src/main/java/com/teaching/competition/controller/UserCompetitionInfoController.java,450,
backend_endpoint,系统用户与权限,查询/查看,GET /userCompetition/shareCompetition,old-code/teaching-modules/teaching-competition/src/main/java/com/teaching/competition/controller/UserCompetitionInfoController.java,460,
backend_endpoint,系统用户与权限,查询/查看,GET /userCompetition/shareCompetitionCount,old-code/teaching-modules/teaching-competition/src/main/java/com/teaching/competition/controller/UserCompetitionInfoController.java,470,
backend_endpoint,系统用户与权限,查询/查看,GET /userCompetition/pc/competitionList,old-code/teaching-modules/teaching-competition/src/main/java/com/teaching/competition/controller/UserCompetitionInfoController.java,479,
backend_endpoint,系统用户与权限,查询/查看,GET /userCompetition/pc/getUserCompetitionDetailInfoById,old-code/teaching-modules/teaching-competition/src/main/java/com/teaching/competition/controller/UserCompetitionInfoController.java,490,
backend_endpoint,赛事主数据,查询/查看,GET /userCompetition/selectCompetitionTrackInfoByCompetitionSeriesId/{competitionSeriesId},old-code/teaching-modules/teaching-competition/src/main/java/com/teaching/competition/controller/UserCompetitionInfoController.java,505,
backend_endpoint,报名与团队,新增/创建、查询/查看,POST /userCompetition/userSaveApplyCompetitionInfo,old-code/teaching-modules/teaching-competition/src/main/java/com/teaching/competition/controller/UserCompetitionInfoController.java,514,apply:user:add
backend_endpoint,导入中间表,导入、查询/查看,POST /userCompetition/importData/{competitionSeriesId},old-code/teaching-modules/teaching-competition/src/main/java/com/teaching/competition/controller/UserCompetitionInfoController.java,521,apply:user:import
backend_endpoint,报名与团队,新增/创建、查询/查看,POST /userCompetition/saveApplyCompetitionData,old-code/teaching-modules/teaching-competition/src/main/java/com/teaching/competition/controller/UserCompetitionInfoController.java,538,
backend_endpoint,报名与团队,查询/查看,GET /userCompetition/syncCompetitionApplyInfo,old-code/teaching-modules/teaching-competition/src/main/java/com/teaching/competition/controller/UserCompetitionInfoController.java,546,
backend_endpoint,报名与团队,修改/状态变更、查询/查看,POST /userCompetition/checkCompetitionApplyStatusByUser,old-code/teaching-modules/teaching-competition/src/main/java/com/teaching/competition/controller/UserCompetitionInfoController.java,555,
backend_endpoint,报名与团队,新增/创建、查询/查看,POST /userCompetition/saveTeamManagerInfo,old-code/teaching-modules/teaching-competition/src/main/java/com/teaching/competition/controller/UserCompetitionInfoController.java,564,
backend_endpoint,报名与团队,修改/状态变更、查询/查看,POST /userCompetition/updateTeamManagerInfo,old-code/teaching-modules/teaching-competition/src/main/java/com/teaching/competition/controller/UserCompetitionInfoController.java,573,apply:leader:edit
backend_endpoint,报名与团队,查询/查看,POST /userCompetition/applyJoinTeam,old-code/teaching-modules/teaching-competition/src/main/java/com/teaching/competition/controller/UserCompetitionInfoController.java,582,apply:user:add
backend_endpoint,报名与团队,查询/查看,GET /userCompetition/getTeamMemberList,old-code/teaching-modules/teaching-competition/src/main/java/com/teaching/competition/controller/UserCompetitionInfoController.java,588,
backend_endpoint,报名与团队,查询/查看,GET /userCompetition/getCompetitionTeamList,old-code/teaching-modules/teaching-competition/src/main/java/com/teaching/competition/controller/UserCompetitionInfoController.java,595,
backend_endpoint,报名与团队,查询/查看,POST /userCompetition/agreeJoinTeam,old-code/teaching-modules/teaching-competition/src/main/java/com/teaching/competition/controller/UserCompetitionInfoController.java,602,apply:leader:edit
backend_endpoint,报名与团队,查询/查看,GET /userCompetition/userJoinTeam,old-code/teaching-modules/teaching-competition/src/main/java/com/teaching/competition/controller/UserCompetitionInfoController.java,609,
backend_endpoint,报名与团队,查询/查看,GET /userCompetition/getTeamCompetitionInfo,old-code/teaching-modules/teaching-competition/src/main/java/com/teaching/competition/controller/UserCompetitionInfoController.java,621,
backend_endpoint,报名与团队,删除/作废、查询/查看,POST /userCompetition/deleteTeam,old-code/teaching-modules/teaching-competition/src/main/java/com/teaching/competition/controller/UserCompetitionInfoController.java,632,
backend_endpoint,报名与团队,删除/作废、查询/查看,DELETE /userCompetition/deleteTeam/{teamCodes},old-code/teaching-modules/teaching-competition/src/main/java/com/teaching/competition/controller/UserCompetitionInfoController.java,647,
backend_endpoint,系统用户与权限,查询/查看,POST /userCompetition/settlement,old-code/teaching-modules/teaching-competition/src/main/java/com/teaching/competition/controller/UserCompetitionInfoController.java,658,
backend_endpoint,系统用户与权限,扫码/确认、支付/退款、查询/查看,POST /userCompetition/confirmOrder,old-code/teaching-modules/teaching-competition/src/main/java/com/teaching/competition/controller/UserCompetitionInfoController.java,671,
backend_endpoint,报名与团队,查询/查看,GET /userCompetition/getTeamInfo/{competitionSeriesId},old-code/teaching-modules/teaching-competition/src/main/java/com/teaching/competition/controller/UserCompetitionInfoController.java,684,
backend_endpoint,报名与团队,修改/状态变更、支付/退款、查询/查看,POST /userCompetition/updateTeamOrderStatus,old-code/teaching-modules/teaching-competition/src/main/java/com/teaching/competition/controller/UserCompetitionInfoController.java,696,
backend_endpoint,系统用户与权限,支付/退款、查询/查看,POST /userCompetition/getDetailForOrder,old-code/teaching-modules/teaching-competition/src/main/java/com/teaching/competition/controller/UserCompetitionInfoController.java,708,
backend_endpoint,报名与团队,查询/查看,POST /userCompetition/selectCompetitionApplyInfoListByTeamCode,old-code/teaching-modules/teaching-competition/src/main/java/com/teaching/competition/controller/UserCompetitionInfoController.java,719,
backend_endpoint,现场证件,查询/查看,GET /userCompetition/sceneCredential/myList,old-code/teaching-modules/teaching-competition/src/main/java/com/teaching/competition/controller/UserCompetitionSceneCredentialController.java,25,
backend_endpoint,现场证件,查询/查看,GET /userCompetition/sceneCredential/{credentialId},old-code/teaching-modules/teaching-competition/src/main/java/com/teaching/competition/controller/UserCompetitionSceneCredentialController.java,31,
backend_endpoint,现场证件,查询/查看,GET /userCompetition/teacher/studentCredentials,old-code/teaching-modules/teaching-competition/src/main/java/com/teaching/competition/controller/UserCompetitionSceneCredentialController.java,42,
backend_endpoint,现场证件,查询/查看,GET /userCompetition/teacher/studentCredential/{credentialId},old-code/teaching-modules/teaching-competition/src/main/java/com/teaching/competition/controller/UserCompetitionSceneCredentialController.java,48,
backend_endpoint,资源台账,查询/查看、预约,GET /userCompetition/sceneResource/bookableList,old-code/teaching-modules/teaching-competition/src/main/java/com/teaching/competition/controller/UserCompetitionSceneResourceController.java,29,
backend_endpoint,资源台账,查询/查看,GET /userCompetition/sceneResource/{scheduleResourceId},old-code/teaching-modules/teaching-competition/src/main/java/com/teaching/competition/controller/UserCompetitionSceneResourceController.java,35,
backend_endpoint,资源时段,查询/查看,GET /userCompetition/sceneResourceSlot/list,old-code/teaching-modules/teaching-competition/src/main/java/com/teaching/competition/controller/UserCompetitionSceneResourceController.java,41,
backend_endpoint,资源预约,预约,POST /userCompetition/sceneResourceReservation,old-code/teaching-modules/teaching-competition/src/main/java/com/teaching/competition/controller/UserCompetitionSceneResourceController.java,47,
backend_endpoint,资源预约,查询/查看、预约,GET /userCompetition/sceneResourceReservation/myList,old-code/teaching-modules/teaching-competition/src/main/java/com/teaching/competition/controller/UserCompetitionSceneResourceController.java,53,
backend_endpoint,资源预约,预约,POST /userCompetition/sceneResourceReservation/cancel,old-code/teaching-modules/teaching-competition/src/main/java/com/teaching/competition/controller/UserCompetitionSceneResourceController.java,59,
backend_endpoint,系统用户与权限,查询/查看,GET /userGradeInfo/list,old-code/teaching-modules/teaching-competition/src/main/java/com/teaching/competition/controller/UserGradeInfoController.java,41,
backend_endpoint,系统用户与权限,新增/创建、查询/查看,GET /userGradeInfo/createAdvanceUserGradeInfo,old-code/teaching-modules/teaching-competition/src/main/java/com/teaching/competition/controller/UserGradeInfoController.java,52,competition:userGradeInfo:save
backend_endpoint,系统用户与权限,新增/创建、查询/查看,POST /userGradeInfo/saveAdvanceUserGradeInfo,old-code/teaching-modules/teaching-competition/src/main/java/com/teaching/competition/controller/UserGradeInfoController.java,60,competition:userGradeInfo:save
backend_endpoint,系统用户与权限,新增/创建、查询/查看,GET /userGradeInfo/createUserGradeInfo,old-code/teaching-modules/teaching-competition/src/main/java/com/teaching/competition/controller/UserGradeInfoController.java,67,competition:userGradeInfo:save
backend_endpoint,系统用户与权限,新增/创建、查询/查看,POST /userGradeInfo/saveFinalUserGradeInfo,old-code/teaching-modules/teaching-competition/src/main/java/com/teaching/competition/controller/UserGradeInfoController.java,75,competition:userGradeInfo:save
backend_endpoint,系统用户与权限,修改/状态变更、查询/查看,POST /userGradeInfo/updateUserGradeInfo,old-code/teaching-modules/teaching-competition/src/main/java/com/teaching/competition/controller/UserGradeInfoController.java,82,competition:userGradeInfo:edit
backend_endpoint,系统用户与权限,新增/创建、查询/查看,POST /userGradeInfo/saveUserGradeCompetitionStageConfig,old-code/teaching-modules/teaching-competition/src/main/java/com/teaching/competition/controller/UserGradeInfoController.java,89,competition:userGradeInfo:edit
backend_endpoint,系统用户与权限,新增/创建、查询/查看,POST /userGradeInfo/saveCompetitionAwardsConfig,old-code/teaching-modules/teaching-competition/src/main/java/com/teaching/competition/controller/UserGradeInfoController.java,96,competition:userGradeInfo:edit
backend_endpoint,评审任务,业务操作,POST /review/activity/,old-code/teaching-modules/teaching-competition/src/main/java/com/teaching/competition/review/controller/ReviewActivityController.java,45,competition:review:activity:add
backend_endpoint,评审任务,业务操作,PUT /review/activity/{id},old-code/teaching-modules/teaching-competition/src/main/java/com/teaching/competition/review/controller/ReviewActivityController.java,53,competition:review:activity:edit
backend_endpoint,评审任务,查询/查看,GET /review/activity/{id},old-code/teaching-modules/teaching-competition/src/main/java/com/teaching/competition/review/controller/ReviewActivityController.java,60,competition:review:activity:query
backend_endpoint,评审任务,查询/查看,GET /review/activity/list,old-code/teaching-modules/teaching-competition/src/main/java/com/teaching/competition/review/controller/ReviewActivityController.java,66,competition:review:activity:list
backend_endpoint,评审任务,删除/作废,DELETE /review/activity/{id},old-code/teaching-modules/teaching-competition/src/main/java/com/teaching/competition/review/controller/ReviewActivityController.java,75,competition:review:activity:remove
backend_endpoint,导入中间表,导入,POST /review/activity/{activityId}/file-task/{fileTaskId}/import-preview,old-code/teaching-modules/teaching-competition/src/main/java/com/teaching/competition/review/controller/ReviewActivityController.java,81,competition:review:object:import
backend_endpoint,导入中间表,导入,POST /review/activity/{activityId}/file-task/{fileTaskId}/import,old-code/teaching-modules/teaching-competition/src/main/java/com/teaching/competition/review/controller/ReviewActivityController.java,90,competition:review:object:import
backend_endpoint,评审任务,业务操作,POST /review/activity/{activityId}/close-submission,old-code/teaching-modules/teaching-competition/src/main/java/com/teaching/competition/review/controller/ReviewActivityController.java,99,competition:review:submission:close
backend_endpoint,评审任务,业务操作,POST /review/assignment/,old-code/teaching-modules/teaching-competition/src/main/java/com/teaching/competition/review/controller/ReviewAssignmentController.java,35,competition:review:assignment:add
backend_endpoint,评审任务,业务操作,POST /review/assignment/batch,old-code/teaching-modules/teaching-competition/src/main/java/com/teaching/competition/review/controller/ReviewAssignmentController.java,43,competition:review:assignment:add
backend_endpoint,评审任务,业务操作,PUT /review/assignment/{id},old-code/teaching-modules/teaching-competition/src/main/java/com/teaching/competition/review/controller/ReviewAssignmentController.java,50,competition:review:assignment:edit
backend_endpoint,评审任务,查询/查看,GET /review/assignment/{id},old-code/teaching-modules/teaching-competition/src/main/java/com/teaching/competition/review/controller/ReviewAssignmentController.java,57,competition:review:assignment:query
backend_endpoint,评审任务,查询/查看,GET /review/assignment/list,old-code/teaching-modules/teaching-competition/src/main/java/com/teaching/competition/review/controller/ReviewAssignmentController.java,63,competition:review:assignment:list
backend_endpoint,评审任务,删除/作废,DELETE /review/assignment/{id},old-code/teaching-modules/teaching-competition/src/main/java/com/teaching/competition/review/controller/ReviewAssignmentController.java,72,competition:review:assignment:remove
backend_endpoint,其他,业务操作,POST /review/criteria/,old-code/teaching-modules/teaching-competition/src/main/java/com/teaching/competition/review/controller/ReviewCriteriaController.java,34,competition:review:criteria:add
backend_endpoint,其他,业务操作,PUT /review/criteria/{id},old-code/teaching-modules/teaching-competition/src/main/java/com/teaching/competition/review/controller/ReviewCriteriaController.java,42,competition:review:criteria:edit
backend_endpoint,其他,查询/查看,GET /review/criteria/{id},old-code/teaching-modules/teaching-competition/src/main/java/com/teaching/competition/review/controller/ReviewCriteriaController.java,49,competition:review:criteria:query
backend_endpoint,其他,查询/查看,GET /review/criteria/list,old-code/teaching-modules/teaching-competition/src/main/java/com/teaching/competition/review/controller/ReviewCriteriaController.java,55,competition:review:criteria:list
backend_endpoint,其他,删除/作废,DELETE /review/criteria/{id},old-code/teaching-modules/teaching-competition/src/main/java/com/teaching/competition/review/controller/ReviewCriteriaController.java,64,competition:review:criteria:remove
backend_endpoint,评审材料,查询/查看,GET /review/material/preview/{fileId},old-code/teaching-modules/teaching-competition/src/main/java/com/teaching/competition/review/controller/ReviewMaterialController.java,32,competition:review:my-review:query
backend_endpoint,评审材料,查询/查看,GET /review/material/preview-stream/{fileId},old-code/teaching-modules/teaching-competition/src/main/java/com/teaching/competition/review/controller/ReviewMaterialController.java,38,competition:review:my-review:query
backend_endpoint,文件,查询/查看,GET /review/material/download/{fileId},old-code/teaching-modules/teaching-competition/src/main/java/com/teaching/competition/review/controller/ReviewMaterialController.java,50,competition:review:my-review:query
backend_endpoint,评审任务,查询/查看,GET /review/my-review/activity-rounds,old-code/teaching-modules/teaching-competition/src/main/java/com/teaching/competition/review/controller/ReviewMyReviewController.java,34,competition:review:my-review:list
backend_endpoint,其他,查询/查看,GET /review/my-review/session/{sessionId}/current-object,old-code/teaching-modules/teaching-competition/src/main/java/com/teaching/competition/review/controller/ReviewMyReviewController.java,40,competition:review:my-review:list
backend_endpoint,其他,查询/查看,GET /review/my-review/list,old-code/teaching-modules/teaching-competition/src/main/java/com/teaching/competition/review/controller/ReviewMyReviewController.java,46,competition:review:my-review:list
backend_endpoint,其他,查询/查看,GET /review/my-review/{assignmentId},old-code/teaching-modules/teaching-competition/src/main/java/com/teaching/competition/review/controller/ReviewMyReviewController.java,70,competition:review:my-review:query
backend_endpoint,其他,查询/查看,GET /review/my-review/{assignmentId}/criteria,old-code/teaching-modules/teaching-competition/src/main/java/com/teaching/competition/review/controller/ReviewMyReviewController.java,76,competition:review:my-review:query
backend_endpoint,其他,业务操作,POST /review/my-review/{assignmentId}/draft,old-code/teaching-modules/teaching-competition/src/main/java/com/teaching/competition/review/controller/ReviewMyReviewController.java,83,competition:review:my-review:edit
backend_endpoint,其他,业务操作,POST /review/my-review/{assignmentId}/submit,old-code/teaching-modules/teaching-competition/src/main/java/com/teaching/competition/review/controller/ReviewMyReviewController.java,91,competition:review:my-review:submit
backend_endpoint,现场对象,业务操作,POST /review/object/,old-code/teaching-modules/teaching-competition/src/main/java/com/teaching/competition/review/controller/ReviewObjectController.java,54,competition:review:object:add
backend_endpoint,现场对象,业务操作,PUT /review/object/{id},old-code/teaching-modules/teaching-competition/src/main/java/com/teaching/competition/review/controller/ReviewObjectController.java,62,competition:review:object:edit
backend_endpoint,现场对象,查询/查看,GET /review/object/{id},old-code/teaching-modules/teaching-competition/src/main/java/com/teaching/competition/review/controller/ReviewObjectController.java,69,competition:review:object:query
backend_endpoint,现场对象,查询/查看,GET /review/object/list,old-code/teaching-modules/teaching-competition/src/main/java/com/teaching/competition/review/controller/ReviewObjectController.java,75,competition:review:object:list
backend_endpoint,现场对象,删除/作废,DELETE /review/object/{id},old-code/teaching-modules/teaching-competition/src/main/java/com/teaching/competition/review/controller/ReviewObjectController.java,84,competition:review:object:remove
backend_endpoint,导入中间表,导入,POST /review/object/import-preview,old-code/teaching-modules/teaching-competition/src/main/java/com/teaching/competition/review/controller/ReviewObjectController.java,90,competition:review:object:import
backend_endpoint,导入中间表,导入,POST /review/object/import-from-business,old-code/teaching-modules/teaching-competition/src/main/java/com/teaching/competition/review/controller/ReviewObjectController.java,98,competition:review:object:import
backend_endpoint,现场对象,业务操作,POST /review/object/sync-file-task-materials,old-code/teaching-modules/teaching-competition/src/main/java/com/teaching/competition/review/controller/ReviewObjectController.java,105,competition:review:object:import
backend_endpoint,现场对象,查询/查看,GET /review/object/{id}/members,old-code/teaching-modules/teaching-competition/src/main/java/com/teaching/competition/review/controller/ReviewObjectController.java,111,competition:review:object:query
backend_endpoint,现场对象,查询/查看,GET /review/object/{id}/permissions,old-code/teaching-modules/teaching-competition/src/main/java/com/teaching/competition/review/controller/ReviewObjectController.java,119,competition:review:object:query
backend_endpoint,现场证件,查询/查看,GET /review/object/{id}/certificates,old-code/teaching-modules/teaching-competition/src/main/java/com/teaching/competition/review/controller/ReviewObjectController.java,127,competition:review:object:query
backend_endpoint,现场对象,查询/查看,GET /review/object/{id}/external-refs,old-code/teaching-modules/teaching-competition/src/main/java/com/teaching/competition/review/controller/ReviewObjectController.java,135,competition:review:object:query
backend_endpoint,现场证件,业务操作,POST /review/object/certificate,old-code/teaching-modules/teaching-competition/src/main/java/com/teaching/competition/review/controller/ReviewObjectController.java,144,competition:review:object:add
backend_endpoint,现场证件,查询/查看,GET /review/object/certificate/list,old-code/teaching-modules/teaching-competition/src/main/java/com/teaching/competition/review/controller/ReviewObjectController.java,151,competition:review:object:list
backend_endpoint,现场证件,查询/查看,GET /review/object/certificate/resolve,old-code/teaching-modules/teaching-competition/src/main/java/com/teaching/competition/review/controller/ReviewObjectController.java,159,competition:review:object:query
backend_endpoint,其他,查询/查看,GET /review/panel/list,old-code/teaching-modules/teaching-competition/src/main/java/com/teaching/competition/review/controller/ReviewPanelController.java,33,competition:review:session:list
backend_endpoint,其他,查询/查看,GET /review/panel/{id},old-code/teaching-modules/teaching-competition/src/main/java/com/teaching/competition/review/controller/ReviewPanelController.java,41,competition:review:session:query
backend_endpoint,其他,业务操作,POST /review/panel/,old-code/teaching-modules/teaching-competition/src/main/java/com/teaching/competition/review/controller/ReviewPanelController.java,48,competition:review:session:edit
backend_endpoint,其他,业务操作,PUT /review/panel/{id},old-code/teaching-modules/teaching-competition/src/main/java/com/teaching/competition/review/controller/ReviewPanelController.java,56,competition:review:session:edit
backend_endpoint,其他,删除/作废,DELETE /review/panel/{id},old-code/teaching-modules/teaching-competition/src/main/java/com/teaching/competition/review/controller/ReviewPanelController.java,64,competition:review:session:edit
backend_endpoint,其他,查询/查看,GET /review/panel-member/list,old-code/teaching-modules/teaching-competition/src/main/java/com/teaching/competition/review/controller/ReviewPanelMemberController.java,32,competition:review:session:list
backend_endpoint,其他,业务操作,POST /review/panel-member/,old-code/teaching-modules/teaching-competition/src/main/java/com/teaching/competition/review/controller/ReviewPanelMemberController.java,41,competition:review:session:edit
backend_endpoint,其他,删除/作废,DELETE /review/panel-member/{id},old-code/teaching-modules/teaching-competition/src/main/java/com/teaching/competition/review/controller/ReviewPanelMemberController.java,49,competition:review:session:edit
backend_endpoint,评审评分,业务操作,POST /review/record/draft,old-code/teaching-modules/teaching-competition/src/main/java/com/teaching/competition/review/controller/ReviewRecordController.java,35,competition:review:record:add
backend_endpoint,评审评分,业务操作,POST /review/record/submit,old-code/teaching-modules/teaching-competition/src/main/java/com/teaching/competition/review/controller/ReviewRecordController.java,42,competition:review:record:submit
backend_endpoint,评审评分,查询/查看,GET /review/record/{id},old-code/teaching-modules/teaching-competition/src/main/java/com/teaching/competition/review/controller/ReviewRecordController.java,48,competition:review:record:query
backend_endpoint,评审评分,查询/查看,GET /review/record/my-list,old-code/teaching-modules/teaching-competition/src/main/java/com/teaching/competition/review/controller/ReviewRecordController.java,54,competition:review:record:list
backend_endpoint,评审评分,业务操作,POST /review/result/generate,old-code/teaching-modules/teaching-competition/src/main/java/com/teaching/competition/review/controller/ReviewResultController.java,39,competition:review:result:generate
backend_endpoint,评审评分,业务操作,PUT /review/result/{id}/conclusion,old-code/teaching-modules/teaching-competition/src/main/java/com/teaching/competition/review/controller/ReviewResultController.java,46,competition:review:result:edit
backend_endpoint,评审评分,业务操作,POST /review/result/{id}/publish,old-code/teaching-modules/teaching-competition/src/main/java/com/teaching/competition/review/controller/ReviewResultController.java,53,competition:review:result:publish
backend_endpoint,评审评分,业务操作,POST /review/result/{id}/revoke,old-code/teaching-modules/teaching-competition/src/main/java/com/teaching/competition/review/controller/ReviewResultController.java,60,competition:review:result:revoke
backend_endpoint,评审评分,查询/查看,GET /review/result/{id},old-code/teaching-modules/teaching-competition/src/main/java/com/teaching/competition/review/controller/ReviewResultController.java,66,competition:review:result:query
backend_endpoint,评审评分,查询/查看,GET /review/result/list,old-code/teaching-modules/teaching-competition/src/main/java/com/teaching/competition/review/controller/ReviewResultController.java,72,competition:review:result:list
backend_endpoint,评审评分,查询/查看,GET /review/result/records,old-code/teaching-modules/teaching-competition/src/main/java/com/teaching/competition/review/controller/ReviewResultController.java,80,competition:review:result:record
backend_endpoint,评审评分,查询/查看,GET /review/result/{objectId}/records,old-code/teaching-modules/teaching-competition/src/main/java/com/teaching/competition/review/controller/ReviewResultController.java,86,competition:review:result:record
backend_endpoint,评审评分,查询/查看,GET /review/result/record/{recordId}/details,old-code/teaching-modules/teaching-competition/src/main/java/com/teaching/competition/review/controller/ReviewResultController.java,92,competition:review:result:record
backend_endpoint,其他,业务操作,POST /review/round/,old-code/teaching-modules/teaching-competition/src/main/java/com/teaching/competition/review/controller/ReviewRoundController.java,35,competition:review:round:add
backend_endpoint,其他,业务操作,PUT /review/round/{id},old-code/teaching-modules/teaching-competition/src/main/java/com/teaching/competition/review/controller/ReviewRoundController.java,43,competition:review:round:edit
backend_endpoint,其他,查询/查看,GET /review/round/{id},old-code/teaching-modules/teaching-competition/src/main/java/com/teaching/competition/review/controller/ReviewRoundController.java,50,competition:review:round:query
backend_endpoint,其他,查询/查看,GET /review/round/list,old-code/teaching-modules/teaching-competition/src/main/java/com/teaching/competition/review/controller/ReviewRoundController.java,56,competition:review:round:list
backend_endpoint,其他,删除/作废,DELETE /review/round/{id},old-code/teaching-modules/teaching-competition/src/main/java/com/teaching/competition/review/controller/ReviewRoundController.java,65,competition:review:round:remove
backend_endpoint,其他,业务操作,POST /review/round/{roundId}/bind-rule,old-code/teaching-modules/teaching-competition/src/main/java/com/teaching/competition/review/controller/ReviewRoundController.java,72,competition:review:round:edit
backend_endpoint,其他,业务操作,POST /review/rule/,old-code/teaching-modules/teaching-competition/src/main/java/com/teaching/competition/review/controller/ReviewRuleController.java,34,competition:review:rule:add
backend_endpoint,其他,业务操作,PUT /review/rule/{id},old-code/teaching-modules/teaching-competition/src/main/java/com/teaching/competition/review/controller/ReviewRuleController.java,42,competition:review:rule:edit
backend_endpoint,其他,查询/查看,GET /review/rule/{id},old-code/teaching-modules/teaching-competition/src/main/java/com/teaching/competition/review/controller/ReviewRuleController.java,49,competition:review:rule:query
backend_endpoint,其他,查询/查看,GET /review/rule/list,old-code/teaching-modules/teaching-competition/src/main/java/com/teaching/competition/review/controller/ReviewRuleController.java,55,competition:review:rule:list
backend_endpoint,其他,删除/作废,DELETE /review/rule/{id},old-code/teaching-modules/teaching-competition/src/main/java/com/teaching/competition/review/controller/ReviewRuleController.java,64,competition:review:rule:remove
backend_endpoint,其他,业务操作,POST /review/rule/{id}/validate,old-code/teaching-modules/teaching-competition/src/main/java/com/teaching/competition/review/controller/ReviewRuleController.java,70,competition:review:rule:query
backend_endpoint,其他,业务操作,POST /review/rule/{id}/enable,old-code/teaching-modules/teaching-competition/src/main/java/com/teaching/competition/review/controller/ReviewRuleController.java,77,competition:review:rule:edit
backend_endpoint,其他,业务操作,POST /review/rule/{id}/disable,old-code/teaching-modules/teaching-competition/src/main/java/com/teaching/competition/review/controller/ReviewRuleController.java,84,competition:review:rule:edit
backend_endpoint,其他,业务操作,POST /review/rule/{id}/copy,old-code/teaching-modules/teaching-competition/src/main/java/com/teaching/competition/review/controller/ReviewRuleController.java,91,competition:review:rule:add
backend_endpoint,评审任务,查询/查看,GET /review/secretary/session/my-list,old-code/teaching-modules/teaching-competition/src/main/java/com/teaching/competition/review/controller/ReviewSecretaryController.java,30,competition:review:secretary:query
backend_endpoint,评审任务,查询/查看,GET /review/secretary/session/{sessionId},old-code/teaching-modules/teaching-competition/src/main/java/com/teaching/competition/review/controller/ReviewSecretaryController.java,36,competition:review:secretary:query
backend_endpoint,评审任务,查询/查看,GET /review/secretary/session/{sessionId}/objects,old-code/teaching-modules/teaching-competition/src/main/java/com/teaching/competition/review/controller/ReviewSecretaryController.java,42,competition:review:secretary:query
backend_endpoint,评审任务,业务操作,POST /review/secretary/session/{sessionId}/current-object,old-code/teaching-modules/teaching-competition/src/main/java/com/teaching/competition/review/controller/ReviewSecretaryController.java,49,competition:review:secretary:edit
backend_endpoint,评审任务,业务操作,POST /review/secretary/session/{sessionId}/next-object,old-code/teaching-modules/teaching-competition/src/main/java/com/teaching/competition/review/controller/ReviewSecretaryController.java,57,competition:review:secretary:edit
backend_endpoint,评审任务,修改/状态变更,POST /review/secretary/session-object/{sessionObjectId}/status,old-code/teaching-modules/teaching-competition/src/main/java/com/teaching/competition/review/controller/ReviewSecretaryController.java,64,competition:review:secretary:edit
backend_endpoint,其他,业务操作,POST /review/session/,old-code/teaching-modules/teaching-competition/src/main/java/com/teaching/competition/review/controller/ReviewSessionController.java,37,competition:review:session:add
backend_endpoint,其他,业务操作,PUT /review/session/{id},old-code/teaching-modules/teaching-competition/src/main/java/com/teaching/competition/review/controller/ReviewSessionController.java,45,competition:review:session:edit
backend_endpoint,其他,查询/查看,GET /review/session/{id},old-code/teaching-modules/teaching-competition/src/main/java/com/teaching/competition/review/controller/ReviewSessionController.java,52,competition:review:session:query
backend_endpoint,其他,查询/查看,GET /review/session/list,old-code/teaching-modules/teaching-competition/src/main/java/com/teaching/competition/review/controller/ReviewSessionController.java,58,competition:review:session:list
backend_endpoint,其他,删除/作废,DELETE /review/session/{id},old-code/teaching-modules/teaching-competition/src/main/java/com/teaching/competition/review/controller/ReviewSessionController.java,67,competition:review:session:remove
backend_endpoint,其他,业务操作,POST /review/session/{sessionId}/current-object,old-code/teaching-modules/teaching-competition/src/main/java/com/teaching/competition/review/controller/ReviewSessionController.java,74,competition:review:session:edit
backend_endpoint,其他,查询/查看,GET /review/session/{sessionId}/current-object,old-code/teaching-modules/teaching-competition/src/main/java/com/teaching/competition/review/controller/ReviewSessionController.java,81,competition:review:session:query
backend_endpoint,其他,业务操作,POST /review/session/object,old-code/teaching-modules/teaching-competition/src/main/java/com/teaching/competition/review/controller/ReviewSessionController.java,88,competition:review:session:add
backend_endpoint,其他,业务操作,PUT /review/session/object/{id},old-code/teaching-modules/teaching-competition/src/main/java/com/teaching/competition/review/controller/ReviewSessionController.java,96,competition:review:session:edit
backend_endpoint,其他,删除/作废,DELETE /review/session/object/{id},old-code/teaching-modules/teaching-competition/src/main/java/com/teaching/competition/review/controller/ReviewSessionController.java,104,competition:review:session:remove
backend_endpoint,其他,查询/查看,GET /review/session/object/list,old-code/teaching-modules/teaching-competition/src/main/java/com/teaching/competition/review/controller/ReviewSessionController.java,110,competition:review:session:list
backend_endpoint,现场 operation_log,查询/查看,GET /review/session/event-log/list,old-code/teaching-modules/teaching-competition/src/main/java/com/teaching/competition/review/controller/ReviewSessionController.java,118,competition:review:session:list
backend_endpoint,评审材料,查询/查看,GET /review/submission/my-list,old-code/teaching-modules/teaching-competition/src/main/java/com/teaching/competition/review/controller/ReviewSubmissionController.java,37,competition:review:submission:list
backend_endpoint,评审材料,查询/查看,GET /review/submission/{objectId},old-code/teaching-modules/teaching-competition/src/main/java/com/teaching/competition/review/controller/ReviewSubmissionController.java,45,competition:review:submission:query
backend_endpoint,评审材料,查询/查看,GET /review/submission/{objectId}/result,old-code/teaching-modules/teaching-competition/src/main/java/com/teaching/competition/review/controller/ReviewSubmissionController.java,51,competition:review:submission:query
backend_endpoint,评审材料,业务操作,PUT /review/submission/{objectId}/draft,old-code/teaching-modules/teaching-competition/src/main/java/com/teaching/competition/review/controller/ReviewSubmissionController.java,58,competition:review:submission:edit
backend_endpoint,评审材料,业务操作,POST /review/submission/{objectId}/material,old-code/teaching-modules/teaching-competition/src/main/java/com/teaching/competition/review/controller/ReviewSubmissionController.java,66,competition:review:submission:edit
backend_endpoint,评审材料,查询/查看,GET /review/submission/{objectId}/materials,old-code/teaching-modules/teaching-competition/src/main/java/com/teaching/competition/review/controller/ReviewSubmissionController.java,73,competition:review:submission:query
backend_endpoint,评审材料,删除/作废,DELETE /review/submission/material/{materialId},old-code/teaching-modules/teaching-competition/src/main/java/com/teaching/competition/review/controller/ReviewSubmissionController.java,81,competition:review:submission:edit
backend_endpoint,评审材料,业务操作,POST /review/submission/{objectId}/submit,old-code/teaching-modules/teaching-competition/src/main/java/com/teaching/competition/review/controller/ReviewSubmissionController.java,88,competition:review:submission:submit
backend_endpoint,评审材料,业务操作,POST /review/submission/{objectId}/withdraw-request,old-code/teaching-modules/teaching-competition/src/main/java/com/teaching/competition/review/controller/ReviewSubmissionController.java,95,competition:review:submission:withdraw
backend_endpoint,评审材料,业务操作,POST /review/submission/{objectId}/withdraw-approve,old-code/teaching-modules/teaching-competition/src/main/java/com/teaching/competition/review/controller/ReviewSubmissionController.java,103,competition:review:submission:approve
backend_endpoint,评审材料,业务操作,POST /review/submission/{objectId}/withdraw-reject,old-code/teaching-modules/teaching-competition/src/main/java/com/teaching/competition/review/controller/ReviewSubmissionController.java,111,competition:review:submission:approve
backend_endpoint,文件,业务操作,POST /review/reviewer/,old-code/teaching-modules/teaching-competition/src/main/java/com/teaching/competition/review/controller/ReviewerProfileController.java,34,competition:review:reviewer:add
backend_endpoint,文件,业务操作,PUT /review/reviewer/{id},old-code/teaching-modules/teaching-competition/src/main/java/com/teaching/competition/review/controller/ReviewerProfileController.java,42,competition:review:reviewer:edit
backend_endpoint,文件,查询/查看,GET /review/reviewer/{id},old-code/teaching-modules/teaching-competition/src/main/java/com/teaching/competition/review/controller/ReviewerProfileController.java,49,competition:review:reviewer:query
backend_endpoint,文件,查询/查看,GET /review/reviewer/list,old-code/teaching-modules/teaching-competition/src/main/java/com/teaching/competition/review/controller/ReviewerProfileController.java,55,competition:review:reviewer:list
backend_endpoint,文件,删除/作废,DELETE /review/reviewer/{id},old-code/teaching-modules/teaching-competition/src/main/java/com/teaching/competition/review/controller/ReviewerProfileController.java,64,competition:review:reviewer:remove
backend_endpoint,内容管理,查询/查看,GET /subassembly/list,old-code/teaching-modules/teaching-content/src/main/java/com/teaching/content/controller/ComponentLibraryInfoController.java,37,content:subassembly:list
backend_endpoint,内容管理,查询/查看,GET /subassembly/getList,old-code/teaching-modules/teaching-content/src/main/java/com/teaching/content/controller/ComponentLibraryInfoController.java,47,
backend_endpoint,内容管理,导出、查询/查看,POST /subassembly/export,old-code/teaching-modules/teaching-content/src/main/java/com/teaching/content/controller/ComponentLibraryInfoController.java,59,content:subassembly:export
backend_endpoint,内容管理,查询/查看,GET /subassembly/{componentId},old-code/teaching-modules/teaching-content/src/main/java/com/teaching/content/controller/ComponentLibraryInfoController.java,70,content:subassembly:query
backend_endpoint,内容管理,查询/查看,POST /subassembly/,old-code/teaching-modules/teaching-content/src/main/java/com/teaching/content/controller/ComponentLibraryInfoController.java,80,content:subassembly:add
backend_endpoint,内容管理,查询/查看,PUT /subassembly/,old-code/teaching-modules/teaching-content/src/main/java/com/teaching/content/controller/ComponentLibraryInfoController.java,90,content:subassembly:edit
backend_endpoint,内容管理,删除/作废、查询/查看,DELETE /subassembly/{componentIds},old-code/teaching-modules/teaching-content/src/main/java/com/teaching/content/controller/ComponentLibraryInfoController.java,101,content:subassembly:remove
backend_endpoint,内容管理,查询/查看,GET /bannerInfo/list,old-code/teaching-modules/teaching-content/src/main/java/com/teaching/content/controller/ContentBannerInfoController.java,36,content:bannerInfo:list
backend_endpoint,内容管理,导出、查询/查看,POST /bannerInfo/export,old-code/teaching-modules/teaching-content/src/main/java/com/teaching/content/controller/ContentBannerInfoController.java,48,content:bannerInfo:export
backend_endpoint,内容管理,查询/查看,GET /bannerInfo/{id},old-code/teaching-modules/teaching-content/src/main/java/com/teaching/content/controller/ContentBannerInfoController.java,59,content:bannerInfo:query
backend_endpoint,内容管理,查询/查看,POST /bannerInfo/,old-code/teaching-modules/teaching-content/src/main/java/com/teaching/content/controller/ContentBannerInfoController.java,69,content:bannerInfo:add
backend_endpoint,内容管理,查询/查看,PUT /bannerInfo/,old-code/teaching-modules/teaching-content/src/main/java/com/teaching/content/controller/ContentBannerInfoController.java,79,content:bannerInfo:edit
backend_endpoint,内容管理,删除/作废、查询/查看,DELETE /bannerInfo/{ids},old-code/teaching-modules/teaching-content/src/main/java/com/teaching/content/controller/ContentBannerInfoController.java,89,content:bannerInfo:remove
backend_endpoint,内容管理,查询/查看,GET /bannerInfo/pc/list,old-code/teaching-modules/teaching-content/src/main/java/com/teaching/content/controller/ContentBannerInfoController.java,101,
backend_endpoint,内容管理,查询/查看,GET /contentColumn/list,old-code/teaching-modules/teaching-content/src/main/java/com/teaching/content/controller/ContentColumnController.java,35,content:column:list
backend_endpoint,内容管理,导出,POST /contentColumn/export,old-code/teaching-modules/teaching-content/src/main/java/com/teaching/content/controller/ContentColumnController.java,47,content:column:export
backend_endpoint,内容管理,查询/查看,GET /contentColumn/{columnId},old-code/teaching-modules/teaching-content/src/main/java/com/teaching/content/controller/ContentColumnController.java,58,content:column:query
backend_endpoint,系统用户与权限,查询/查看,GET /contentColumn/getByMenuId/{menuId},old-code/teaching-modules/teaching-content/src/main/java/com/teaching/content/controller/ContentColumnController.java,66,
backend_endpoint,内容管理,查询/查看,GET /contentColumn/tree,old-code/teaching-modules/teaching-content/src/main/java/com/teaching/content/controller/ContentColumnController.java,75,
backend_endpoint,内容管理,业务操作,POST /contentColumn/,old-code/teaching-modules/teaching-content/src/main/java/com/teaching/content/controller/ContentColumnController.java,86,content:column:add
backend_endpoint,内容管理,业务操作,PUT /contentColumn/,old-code/teaching-modules/teaching-content/src/main/java/com/teaching/content/controller/ContentColumnController.java,96,content:column:edit
backend_endpoint,内容管理,删除/作废,DELETE /contentColumn/{columnIds},old-code/teaching-modules/teaching-content/src/main/java/com/teaching/content/controller/ContentColumnController.java,106,content:column:remove
backend_endpoint,内容管理,查询/查看,GET /contentDetail/list,old-code/teaching-modules/teaching-content/src/main/java/com/teaching/content/controller/ContentDetailController.java,35,content:detail:list
backend_endpoint,内容管理,导出、查询/查看,POST /contentDetail/export,old-code/teaching-modules/teaching-content/src/main/java/com/teaching/content/controller/ContentDetailController.java,47,content:detail:export
backend_endpoint,内容管理,查询/查看,GET /contentDetail/{detailId},old-code/teaching-modules/teaching-content/src/main/java/com/teaching/content/controller/ContentDetailController.java,58,content:detail:query
backend_endpoint,内容管理,查询/查看,GET /contentDetail/getByColumnId/{columnId},old-code/teaching-modules/teaching-content/src/main/java/com/teaching/content/controller/ContentDetailController.java,66,
backend_endpoint,内容管理,查询/查看,POST /contentDetail/,old-code/teaching-modules/teaching-content/src/main/java/com/teaching/content/controller/ContentDetailController.java,77,content:detail:add
backend_endpoint,内容管理,查询/查看,PUT /contentDetail/,old-code/teaching-modules/teaching-content/src/main/java/com/teaching/content/controller/ContentDetailController.java,87,content:detail:add
backend_endpoint,内容管理,删除/作废、查询/查看,DELETE /contentDetail/{detailIds},old-code/teaching-modules/teaching-content/src/main/java/com/teaching/content/controller/ContentDetailController.java,97,content:detail:remove
backend_endpoint,内容管理,查询/查看,GET /contentDetail/pc/getNotices,old-code/teaching-modules/teaching-content/src/main/java/com/teaching/content/controller/ContentDetailController.java,107,
backend_endpoint,内容管理,查询/查看,GET /contentFile/list,old-code/teaching-modules/teaching-content/src/main/java/com/teaching/content/controller/ContentFileController.java,40,content:file:list
backend_endpoint,内容管理,导出,POST /contentFile/export,old-code/teaching-modules/teaching-content/src/main/java/com/teaching/content/controller/ContentFileController.java,52,content:file:export
backend_endpoint,内容管理,查询/查看,GET /contentFile/{fileId},old-code/teaching-modules/teaching-content/src/main/java/com/teaching/content/controller/ContentFileController.java,63,content:file:query
backend_endpoint,内容管理,查询/查看,GET /contentFile/getByColumnId/{columnId},old-code/teaching-modules/teaching-content/src/main/java/com/teaching/content/controller/ContentFileController.java,71,
backend_endpoint,内容管理,查询/查看,GET /contentFile/getFileByColumnId/{columnId},old-code/teaching-modules/teaching-content/src/main/java/com/teaching/content/controller/ContentFileController.java,81,
backend_endpoint,内容管理,新增/创建,POST /contentFile/add,old-code/teaching-modules/teaching-content/src/main/java/com/teaching/content/controller/ContentFileController.java,95,content:file:add
backend_endpoint,内容管理,业务操作,PUT /contentFile/,old-code/teaching-modules/teaching-content/src/main/java/com/teaching/content/controller/ContentFileController.java,105,content:file:add
backend_endpoint,内容管理,删除/作废,DELETE /contentFile/{fileIds},old-code/teaching-modules/teaching-content/src/main/java/com/teaching/content/controller/ContentFileController.java,115,content:file:remove
backend_endpoint,文件,业务操作,POST /contentFile/upload,old-code/teaching-modules/teaching-content/src/main/java/com/teaching/content/controller/ContentFileController.java,125,
backend_endpoint,内容管理,查询/查看,GET /source/getList,old-code/teaching-modules/teaching-content/src/main/java/com/teaching/content/controller/DataSourceInfoController.java,38,
backend_endpoint,内容管理,查询/查看,GET /source/list,old-code/teaching-modules/teaching-content/src/main/java/com/teaching/content/controller/DataSourceInfoController.java,48,content:source:list
backend_endpoint,内容管理,导出、查询/查看,POST /source/export,old-code/teaching-modules/teaching-content/src/main/java/com/teaching/content/controller/DataSourceInfoController.java,60,content:source:export
backend_endpoint,内容管理,查询/查看,GET /source/{dataId},old-code/teaching-modules/teaching-content/src/main/java/com/teaching/content/controller/DataSourceInfoController.java,71,content:source:query
backend_endpoint,内容管理,查询/查看,POST /source/,old-code/teaching-modules/teaching-content/src/main/java/com/teaching/content/controller/DataSourceInfoController.java,81,content:source:add
backend_endpoint,内容管理,查询/查看,PUT /source/,old-code/teaching-modules/teaching-content/src/main/java/com/teaching/content/controller/DataSourceInfoController.java,91,content:source:edit
backend_endpoint,内容管理,删除/作废、查询/查看,DELETE /source/{dataIds},old-code/teaching-modules/teaching-content/src/main/java/com/teaching/content/controller/DataSourceInfoController.java,102,content:source:remove
backend_endpoint,内容管理,查询/查看,GET /newsInfo/list,old-code/teaching-modules/teaching-content/src/main/java/com/teaching/content/controller/NewsInfoController.java,36,content:newsInfo:list
backend_endpoint,内容管理,查询/查看,GET /newsInfo/getList,old-code/teaching-modules/teaching-content/src/main/java/com/teaching/content/controller/NewsInfoController.java,50,
backend_endpoint,内容管理,导出、查询/查看,POST /newsInfo/export,old-code/teaching-modules/teaching-content/src/main/java/com/teaching/content/controller/NewsInfoController.java,66,content:newsInfo:export
backend_endpoint,内容管理,查询/查看,GET /newsInfo/{newsId},old-code/teaching-modules/teaching-content/src/main/java/com/teaching/content/controller/NewsInfoController.java,77,content:newsInfo:query
backend_endpoint,内容管理,查询/查看,GET /newsInfo/public/{newsId},old-code/teaching-modules/teaching-content/src/main/java/com/teaching/content/controller/NewsInfoController.java,86,
backend_endpoint,内容管理,查询/查看,POST /newsInfo/,old-code/teaching-modules/teaching-content/src/main/java/com/teaching/content/controller/NewsInfoController.java,99,content:newsInfo:add
backend_endpoint,内容管理,查询/查看,PUT /newsInfo/,old-code/teaching-modules/teaching-content/src/main/java/com/teaching/content/controller/NewsInfoController.java,110,content:newsInfo:edit
backend_endpoint,内容管理,删除/作废、查询/查看,DELETE /newsInfo/{newsIds},old-code/teaching-modules/teaching-content/src/main/java/com/teaching/content/controller/NewsInfoController.java,131,content:newsInfo:remove
backend_endpoint,内容管理,查询/查看,PUT /newsInfo/publish/{newsId},old-code/teaching-modules/teaching-content/src/main/java/com/teaching/content/controller/NewsInfoController.java,151,content:newsInfo:publish
backend_endpoint,内容管理,查询/查看,PUT /newsInfo/offline/{newsId},old-code/teaching-modules/teaching-content/src/main/java/com/teaching/content/controller/NewsInfoController.java,161,content:newsInfo:offline
backend_endpoint,内容管理,查询/查看,PUT /newsInfo/submitAudit/{newsId},old-code/teaching-modules/teaching-content/src/main/java/com/teaching/content/controller/NewsInfoController.java,172,info:task:submit
backend_endpoint,内容管理,查询/查看,GET /newsInfo/increaseReading/{newsId},old-code/teaching-modules/teaching-content/src/main/java/com/teaching/content/controller/NewsInfoController.java,188,
backend_endpoint,内容管理,查询/查看,POST /newsInfo/increaseLikes/{newsId},old-code/teaching-modules/teaching-content/src/main/java/com/teaching/content/controller/NewsInfoController.java,196,
backend_endpoint,内容管理,查询/查看,GET /newsInfo/inner/detail/{newsId},old-code/teaching-modules/teaching-content/src/main/java/com/teaching/content/controller/NewsInfoController.java,205,
backend_endpoint,内容管理,修改/状态变更、查询/查看,POST /newsInfo/inner/updateAuditStatus,old-code/teaching-modules/teaching-content/src/main/java/com/teaching/content/controller/NewsInfoController.java,215,info:task:audit
backend_endpoint,内容管理,查询/查看,GET /noticeInfo/list,old-code/teaching-modules/teaching-content/src/main/java/com/teaching/content/controller/NoticeInfoController.java,40,content:noticeInfo:list
backend_endpoint,内容管理,查询/查看,GET /noticeInfo/getList,old-code/teaching-modules/teaching-content/src/main/java/com/teaching/content/controller/NoticeInfoController.java,71,content:noticeInfo:list
backend_endpoint,内容管理,导出、查询/查看,POST /noticeInfo/export,old-code/teaching-modules/teaching-content/src/main/java/com/teaching/content/controller/NoticeInfoController.java,103,content:noticeInfo:export
backend_endpoint,内容管理,查询/查看,GET /noticeInfo/{noticeId},old-code/teaching-modules/teaching-content/src/main/java/com/teaching/content/controller/NoticeInfoController.java,114,content:noticeInfo:query
backend_endpoint,内容管理,查询/查看,GET /noticeInfo/public/{noticeId},old-code/teaching-modules/teaching-content/src/main/java/com/teaching/content/controller/NoticeInfoController.java,122,
backend_endpoint,内容管理,查询/查看,POST /noticeInfo/,old-code/teaching-modules/teaching-content/src/main/java/com/teaching/content/controller/NoticeInfoController.java,132,content:noticeInfo:add
backend_endpoint,内容管理,查询/查看,PUT /noticeInfo/,old-code/teaching-modules/teaching-content/src/main/java/com/teaching/content/controller/NoticeInfoController.java,143,content:noticeInfo:edit
backend_endpoint,内容管理,删除/作废、查询/查看,DELETE /noticeInfo/{noticeIds},old-code/teaching-modules/teaching-content/src/main/java/com/teaching/content/controller/NoticeInfoController.java,164,content:noticeInfo:remove
backend_endpoint,内容管理,查询/查看,PUT /noticeInfo/publish/{noticeId},old-code/teaching-modules/teaching-content/src/main/java/com/teaching/content/controller/NoticeInfoController.java,184,content:noticeInfo:publish
backend_endpoint,内容管理,查询/查看,PUT /noticeInfo/offline/{noticeId},old-code/teaching-modules/teaching-content/src/main/java/com/teaching/content/controller/NoticeInfoController.java,194,content:noticeInfo:offline
backend_endpoint,内容管理,查询/查看,PUT /noticeInfo/submitAudit/{noticeId},old-code/teaching-modules/teaching-content/src/main/java/com/teaching/content/controller/NoticeInfoController.java,205,notice:tsak:submit
backend_endpoint,内容管理,查询/查看,GET /noticeInfo/inner/detail/{noticeId},old-code/teaching-modules/teaching-content/src/main/java/com/teaching/content/controller/NoticeInfoController.java,222,
backend_endpoint,内容管理,修改/状态变更、查询/查看,POST /noticeInfo/inner/updateAuditStatus,old-code/teaching-modules/teaching-content/src/main/java/com/teaching/content/controller/NoticeInfoController.java,232,notice:task:audit
backend_endpoint,内容管理,查询/查看,GET /page/list,old-code/teaching-modules/teaching-content/src/main/java/com/teaching/content/controller/PageManagerInfoController.java,37,content:page:list
backend_endpoint,内容管理,导出、查询/查看,POST /page/export,old-code/teaching-modules/teaching-content/src/main/java/com/teaching/content/controller/PageManagerInfoController.java,49,content:page:export
backend_endpoint,内容管理,查询/查看,GET /page/{pageId},old-code/teaching-modules/teaching-content/src/main/java/com/teaching/content/controller/PageManagerInfoController.java,60,content:page:query
backend_endpoint,内容管理,查询/查看,POST /page/,old-code/teaching-modules/teaching-content/src/main/java/com/teaching/content/controller/PageManagerInfoController.java,70,content:page:add
backend_endpoint,内容管理,查询/查看,GET /page/copy/{pageId},old-code/teaching-modules/teaching-content/src/main/java/com/teaching/content/controller/PageManagerInfoController.java,80,content:page:copy
backend_endpoint,内容管理,查询/查看,PUT /page/,old-code/teaching-modules/teaching-content/src/main/java/com/teaching/content/controller/PageManagerInfoController.java,90,content:page:editBasic
backend_endpoint,内容管理,修改/状态变更、查询/查看,PUT /page/editContent,old-code/teaching-modules/teaching-content/src/main/java/com/teaching/content/controller/PageManagerInfoController.java,101,content:page:editContent
backend_endpoint,内容管理,修改/状态变更、查询/查看,POST /page/updateStatus,old-code/teaching-modules/teaching-content/src/main/java/com/teaching/content/controller/PageManagerInfoController.java,111,
backend_endpoint,内容管理,删除/作废、查询/查看,DELETE /page/,old-code/teaching-modules/teaching-content/src/main/java/com/teaching/content/controller/PageManagerInfoController.java,121,content:page:remove
backend_endpoint,内容管理,查询/查看,GET /page/pc/{pt}/{url},old-code/teaching-modules/teaching-content/src/main/java/com/teaching/content/controller/PageManagerInfoController.java,134,
backend_endpoint,内容管理,查询/查看,GET /page/pc,old-code/teaching-modules/teaching-content/src/main/java/com/teaching/content/controller/PageManagerInfoController.java,146,
backend_endpoint,内容管理,查询/查看,GET /page/pc/{id},old-code/teaching-modules/teaching-content/src/main/java/com/teaching/content/controller/PageManagerInfoController.java,157,
backend_endpoint,内容管理,查询/查看,GET /questions/list,old-code/teaching-modules/teaching-content/src/main/java/com/teaching/content/controller/QuestionsController.java,35,content:questions:list
backend_endpoint,内容管理,查询/查看,GET /questions/pc/list,old-code/teaching-modules/teaching-content/src/main/java/com/teaching/content/controller/QuestionsController.java,42,
backend_endpoint,内容管理,导出,POST /questions/export,old-code/teaching-modules/teaching-content/src/main/java/com/teaching/content/controller/QuestionsController.java,54,content:questions:export
backend_endpoint,内容管理,查询/查看,GET /questions/{id},old-code/teaching-modules/teaching-content/src/main/java/com/teaching/content/controller/QuestionsController.java,65,content:questions:query
backend_endpoint,内容管理,业务操作,POST /questions/,old-code/teaching-modules/teaching-content/src/main/java/com/teaching/content/controller/QuestionsController.java,75,content:questions:add
backend_endpoint,内容管理,业务操作,PUT /questions/,old-code/teaching-modules/teaching-content/src/main/java/com/teaching/content/controller/QuestionsController.java,85,content:questions:edit
backend_endpoint,内容管理,删除/作废,DELETE /questions/{ids},old-code/teaching-modules/teaching-content/src/main/java/com/teaching/content/controller/QuestionsController.java,96,content:questions:remove
backend_endpoint,其他,查询/查看,GET /chapterVideo/list,old-code/teaching-modules/teaching-course/src/main/java/com/teaching/course/controller/CourseChapterVideoController.java,38,course:chapterVideo:list
backend_endpoint,其他,导出,POST /chapterVideo/export,old-code/teaching-modules/teaching-course/src/main/java/com/teaching/course/controller/CourseChapterVideoController.java,50,course:chapterVideo:export
backend_endpoint,其他,查询/查看,GET /chapterVideo/{videoId},old-code/teaching-modules/teaching-course/src/main/java/com/teaching/course/controller/CourseChapterVideoController.java,61,course:chapterVideo:query
backend_endpoint,其他,查询/查看,GET /chapterVideo/videos/{videoIds},old-code/teaching-modules/teaching-course/src/main/java/com/teaching/course/controller/CourseChapterVideoController.java,73,
backend_endpoint,其他,查询/查看,GET /chapterVideo/getInfoByChapterId/{chapterId},old-code/teaching-modules/teaching-course/src/main/java/com/teaching/course/controller/CourseChapterVideoController.java,82,course:chapterVideo:query
backend_endpoint,其他,业务操作,POST /chapterVideo/,old-code/teaching-modules/teaching-course/src/main/java/com/teaching/course/controller/CourseChapterVideoController.java,92,course:chapterVideo:add
backend_endpoint,其他,业务操作,PUT /chapterVideo/,old-code/teaching-modules/teaching-course/src/main/java/com/teaching/course/controller/CourseChapterVideoController.java,102,course:chapterVideo:edit
backend_endpoint,其他,修改/状态变更,POST /chapterVideo/editVideo,old-code/teaching-modules/teaching-course/src/main/java/com/teaching/course/controller/CourseChapterVideoController.java,112,course:chapterVideo:edit
backend_endpoint,其他,修改/状态变更,POST /chapterVideo/updateStatus,old-code/teaching-modules/teaching-course/src/main/java/com/teaching/course/controller/CourseChapterVideoController.java,124,
backend_endpoint,其他,删除/作废,DELETE /chapterVideo/{videoIds}/{chapterId},old-code/teaching-modules/teaching-course/src/main/java/com/teaching/course/controller/CourseChapterVideoController.java,138,course:chapterVideo:remove
backend_endpoint,其他,查询/查看,GET /classify/list,old-code/teaching-modules/teaching-course/src/main/java/com/teaching/course/controller/CourseClassifyInfoController.java,38,course:classify:list
backend_endpoint,其他,查询/查看,GET /classify/getList,old-code/teaching-modules/teaching-course/src/main/java/com/teaching/course/controller/CourseClassifyInfoController.java,48,
backend_endpoint,其他,导出、查询/查看,POST /classify/export,old-code/teaching-modules/teaching-course/src/main/java/com/teaching/course/controller/CourseClassifyInfoController.java,59,course:classify:export
backend_endpoint,其他,查询/查看,GET /classify/{classifyId},old-code/teaching-modules/teaching-course/src/main/java/com/teaching/course/controller/CourseClassifyInfoController.java,70,course:classify:query
backend_endpoint,其他,查询/查看,POST /classify/,old-code/teaching-modules/teaching-course/src/main/java/com/teaching/course/controller/CourseClassifyInfoController.java,80,course:classify:add
backend_endpoint,其他,查询/查看,PUT /classify/,old-code/teaching-modules/teaching-course/src/main/java/com/teaching/course/controller/CourseClassifyInfoController.java,90,course:classify:edit
backend_endpoint,其他,删除/作废、查询/查看,DELETE /classify/{classifyId},old-code/teaching-modules/teaching-course/src/main/java/com/teaching/course/controller/CourseClassifyInfoController.java,100,course:classify:remove
backend_endpoint,其他,查询/查看,GET /courseInfo/list,old-code/teaching-modules/teaching-course/src/main/java/com/teaching/course/controller/CourseInfoController.java,37,course:courseInfo:list
backend_endpoint,其他,导出、查询/查看,POST /courseInfo/export,old-code/teaching-modules/teaching-course/src/main/java/com/teaching/course/controller/CourseInfoController.java,49,course:courseInfo:export
backend_endpoint,其他,查询/查看,GET /courseInfo/{courseId},old-code/teaching-modules/teaching-course/src/main/java/com/teaching/course/controller/CourseInfoController.java,60,course:courseInfo:query
backend_endpoint,其他,查询/查看,GET /courseInfo/getChapterInfo/{chapterId},old-code/teaching-modules/teaching-course/src/main/java/com/teaching/course/controller/CourseInfoController.java,69,
backend_endpoint,其他,查询/查看,POST /courseInfo/,old-code/teaching-modules/teaching-course/src/main/java/com/teaching/course/controller/CourseInfoController.java,79,course:courseInfo:add
backend_endpoint,其他,查询/查看,PUT /courseInfo/,old-code/teaching-modules/teaching-course/src/main/java/com/teaching/course/controller/CourseInfoController.java,89,course:courseInfo:edit
backend_endpoint,其他,修改/状态变更、查询/查看,POST /courseInfo/updateStatus,old-code/teaching-modules/teaching-course/src/main/java/com/teaching/course/controller/CourseInfoController.java,98,
backend_endpoint,其他,删除/作废、查询/查看,DELETE /courseInfo/{courseId},old-code/teaching-modules/teaching-course/src/main/java/com/teaching/course/controller/CourseInfoController.java,108,course:courseInfo:remove
backend_endpoint,其他,查询/查看,GET /recommendInfo/list,old-code/teaching-modules/teaching-course/src/main/java/com/teaching/course/controller/CourseRecommendInfoController.java,35,course:recommendInfo:list
backend_endpoint,其他,导出、查询/查看,POST /recommendInfo/export,old-code/teaching-modules/teaching-course/src/main/java/com/teaching/course/controller/CourseRecommendInfoController.java,47,course:recommendInfo:export
backend_endpoint,其他,查询/查看,GET /recommendInfo/{remdId},old-code/teaching-modules/teaching-course/src/main/java/com/teaching/course/controller/CourseRecommendInfoController.java,58,course:recommendInfo:query
backend_endpoint,其他,查询/查看,POST /recommendInfo/,old-code/teaching-modules/teaching-course/src/main/java/com/teaching/course/controller/CourseRecommendInfoController.java,68,course:recommendInfo:add
backend_endpoint,其他,查询/查看,PUT /recommendInfo/,old-code/teaching-modules/teaching-course/src/main/java/com/teaching/course/controller/CourseRecommendInfoController.java,78,course:recommendInfo:edit
backend_endpoint,其他,删除/作废、查询/查看,DELETE /recommendInfo/{remdId},old-code/teaching-modules/teaching-course/src/main/java/com/teaching/course/controller/CourseRecommendInfoController.java,88,course:recommendInfo:remove
backend_endpoint,文件,业务操作,POST /oss/upload,old-code/teaching-modules/teaching-file/src/main/java/com/teaching/file/controller/OSSController.java,41,
backend_endpoint,文件,查询/查看,GET /oss/presignedUrl,old-code/teaching-modules/teaching-file/src/main/java/com/teaching/file/controller/OSSController.java,54,
backend_endpoint,文件,查询/查看,GET /oss/previewUrl,old-code/teaching-modules/teaching-file/src/main/java/com/teaching/file/controller/OSSController.java,74,
backend_endpoint,文件,业务操作,POST /oss/upload-multiple,old-code/teaching-modules/teaching-file/src/main/java/com/teaching/file/controller/OSSController.java,93,
backend_endpoint,文件,删除/作废,DELETE /oss/delete,old-code/teaching-modules/teaching-file/src/main/java/com/teaching/file/controller/OSSController.java,116,
backend_endpoint,文件,查询/查看,GET /oss/temporaryVoucher,old-code/teaching-modules/teaching-file/src/main/java/com/teaching/file/controller/OSSController.java,132,
backend_endpoint,文件,业务操作,POST /oss/packageFile,old-code/teaching-modules/teaching-file/src/main/java/com/teaching/file/controller/OSSController.java,141,
backend_endpoint,文件,业务操作,POST /oss/downloadToLocal,old-code/teaching-modules/teaching-file/src/main/java/com/teaching/file/controller/OSSController.java,153,
backend_endpoint,文件,业务操作,POST /oss/uploadLocalFile,old-code/teaching-modules/teaching-file/src/main/java/com/teaching/file/controller/OSSController.java,176,
backend_endpoint,文件,业务操作,POST /oss/uploadLocalDirectory,old-code/teaching-modules/teaching-file/src/main/java/com/teaching/file/controller/OSSController.java,199,
backend_endpoint,文件,业务操作,POST /oss/processPdfFile,old-code/teaching-modules/teaching-file/src/main/java/com/teaching/file/controller/OSSController.java,220,
backend_endpoint,文件,业务操作,POST /upload,old-code/teaching-modules/teaching-file/src/main/java/com/teaching/file/controller/SysFileController.java,68,
backend_endpoint,文件,业务操作,POST /uploadVideo,old-code/teaching-modules/teaching-file/src/main/java/com/teaching/file/controller/SysFileController.java,86,
backend_endpoint,文件,删除/作废,DELETE /delete,old-code/teaching-modules/teaching-file/src/main/java/com/teaching/file/controller/SysFileController.java,107,
backend_endpoint,文件,查询/查看,GET /getFilePath,old-code/teaching-modules/teaching-file/src/main/java/com/teaching/file/controller/SysFileController.java,121,
backend_endpoint,文件,查询/查看,GET /common/download,old-code/teaching-modules/teaching-file/src/main/java/com/teaching/file/controller/SysFileController.java,129,
backend_endpoint,文件,查询/查看,GET /excel/download/{fileName},old-code/teaching-modules/teaching-file/src/main/java/com/teaching/file/controller/SysFileController.java,195,
backend_endpoint,流程审批,查询/查看,GET /flow/list,old-code/teaching-modules/teaching-flowable/src/main/java/com/teaching/flowable/controller/OperationFlowController.java,35,flowable:flow:list
backend_endpoint,流程审批,导出,POST /flow/export,old-code/teaching-modules/teaching-flowable/src/main/java/com/teaching/flowable/controller/OperationFlowController.java,47,flowable:flow:export
backend_endpoint,报名与团队,查询/查看,GET /flow/{teamCode},old-code/teaching-modules/teaching-flowable/src/main/java/com/teaching/flowable/controller/OperationFlowController.java,60,
backend_endpoint,报名与团队,查询/查看,GET /flow/getTeamCodeOperatorType/{teamCode},old-code/teaching-modules/teaching-flowable/src/main/java/com/teaching/flowable/controller/OperationFlowController.java,65,
backend_endpoint,报名与团队,查询/查看,GET /flow/getRunning/{teamCode},old-code/teaching-modules/teaching-flowable/src/main/java/com/teaching/flowable/controller/OperationFlowController.java,76,
backend_endpoint,报名与团队,查询/查看,GET /flow/{teamCode}/{flowType},old-code/teaching-modules/teaching-flowable/src/main/java/com/teaching/flowable/controller/OperationFlowController.java,91,
backend_endpoint,报名与团队,查询/查看,GET /flow/getFlowVariables/{teamCode},old-code/teaching-modules/teaching-flowable/src/main/java/com/teaching/flowable/controller/OperationFlowController.java,102,
backend_endpoint,流程审批,业务操作,POST /flow/,old-code/teaching-modules/teaching-flowable/src/main/java/com/teaching/flowable/controller/OperationFlowController.java,111,
backend_endpoint,流程审批,业务操作,PUT /flow/,old-code/teaching-modules/teaching-flowable/src/main/java/com/teaching/flowable/controller/OperationFlowController.java,121,flowable:flow:edit
backend_endpoint,报名与团队,删除/作废,DELETE /flow/{teamCodes},old-code/teaching-modules/teaching-flowable/src/main/java/com/teaching/flowable/controller/OperationFlowController.java,131,flowable:flow:remove
backend_endpoint,流程审批,查询/查看,GET /category/list,old-code/teaching-modules/teaching-flowable/src/main/java/com/teaching/flowable/controller/WfCategoryController.java,41,workflow:category:list
backend_endpoint,流程审批,查询/查看,GET /category/listAll,old-code/teaching-modules/teaching-flowable/src/main/java/com/teaching/flowable/controller/WfCategoryController.java,49,
backend_endpoint,流程审批,查询/查看,GET /category/{categoryId},old-code/teaching-modules/teaching-flowable/src/main/java/com/teaching/flowable/controller/WfCategoryController.java,61,workflow:category:query
backend_endpoint,流程审批,业务操作,POST /category/,old-code/teaching-modules/teaching-flowable/src/main/java/com/teaching/flowable/controller/WfCategoryController.java,74,workflow:category:add
backend_endpoint,流程审批,业务操作,PUT /category/,old-code/teaching-modules/teaching-flowable/src/main/java/com/teaching/flowable/controller/WfCategoryController.java,90,workflow:category:edit
backend_endpoint,流程审批,删除/作废,DELETE /category/{categoryIds},old-code/teaching-modules/teaching-flowable/src/main/java/com/teaching/flowable/controller/WfCategoryController.java,106,workflow:category:remove
backend_endpoint,流程审批,查询/查看,GET /deploy/list,old-code/teaching-modules/teaching-flowable/src/main/java/com/teaching/flowable/controller/WfDeployController.java,44,workflow:deploy:list
backend_endpoint,流程审批,查询/查看,GET /deploy/publishList,old-code/teaching-modules/teaching-flowable/src/main/java/com/teaching/flowable/controller/WfDeployController.java,53,workflow:deploy:list
backend_endpoint,流程审批,修改/状态变更,PUT /deploy/changeState,old-code/teaching-modules/teaching-flowable/src/main/java/com/teaching/flowable/controller/WfDeployController.java,65,workflow:deploy:state
backend_endpoint,流程审批,查询/查看,GET /deploy/bpmnXml/{definitionId},old-code/teaching-modules/teaching-flowable/src/main/java/com/teaching/flowable/controller/WfDeployController.java,78,workflow:deploy:query
backend_endpoint,流程审批,删除/作废,DELETE /deploy/{deployIds},old-code/teaching-modules/teaching-flowable/src/main/java/com/teaching/flowable/controller/WfDeployController.java,90,workflow:deploy:remove
backend_endpoint,流程审批,修改/状态变更,POST /deploy/makeItOnline/{deployIds}/{status}/{category},old-code/teaching-modules/teaching-flowable/src/main/java/com/teaching/flowable/controller/WfDeployController.java,104,workflow:deploy:remove
backend_endpoint,流程审批,查询/查看,GET /deploy/form/{deployId},old-code/teaching-modules/teaching-flowable/src/main/java/com/teaching/flowable/controller/WfDeployController.java,115,
backend_endpoint,流程审批,查询/查看,GET /form/list,old-code/teaching-modules/teaching-flowable/src/main/java/com/teaching/flowable/controller/WfFormController.java,44,workflow:form:list
backend_endpoint,流程审批,查询/查看,GET /form/{formId},old-code/teaching-modules/teaching-flowable/src/main/java/com/teaching/flowable/controller/WfFormController.java,56,workflow:form:query
backend_endpoint,流程审批,业务操作,POST /form/,old-code/teaching-modules/teaching-flowable/src/main/java/com/teaching/flowable/controller/WfFormController.java,68,workflow:form:add
backend_endpoint,流程审批,业务操作,PUT /form/,old-code/teaching-modules/teaching-flowable/src/main/java/com/teaching/flowable/controller/WfFormController.java,80,workflow:form:edit
backend_endpoint,流程审批,删除/作废,DELETE /form/{formIds},old-code/teaching-modules/teaching-flowable/src/main/java/com/teaching/flowable/controller/WfFormController.java,93,workflow:form:remove
backend_endpoint,流程审批,新增/创建,POST /form/addDeployForm,old-code/teaching-modules/teaching-flowable/src/main/java/com/teaching/flowable/controller/WfFormController.java,105,
backend_endpoint,流程审批,修改/状态变更,POST /workflow/instance/updateState,old-code/teaching-modules/teaching-flowable/src/main/java/com/teaching/flowable/controller/WfInstanceController.java,31,
backend_endpoint,流程审批,业务操作,POST /workflow/instance/stopProcessInstance,old-code/teaching-modules/teaching-flowable/src/main/java/com/teaching/flowable/controller/WfInstanceController.java,42,
backend_endpoint,流程审批,删除/作废,DELETE /workflow/instance/delete,old-code/teaching-modules/teaching-flowable/src/main/java/com/teaching/flowable/controller/WfInstanceController.java,55,
backend_endpoint,流程审批,查询/查看,GET /workflow/instance/detail,old-code/teaching-modules/teaching-flowable/src/main/java/com/teaching/flowable/controller/WfInstanceController.java,67,
backend_endpoint,流程审批,删除/作废、查询/查看,GET /model/list,old-code/teaching-modules/teaching-flowable/src/main/java/com/teaching/flowable/controller/WfModelController.java,56,workflow:model:list
backend_endpoint,流程审批,删除/作废、查询/查看,GET /model/historyList,old-code/teaching-modules/teaching-flowable/src/main/java/com/teaching/flowable/controller/WfModelController.java,68,workflow:model:list
backend_endpoint,流程审批,删除/作废、查询/查看,GET /model/{modelId},old-code/teaching-modules/teaching-flowable/src/main/java/com/teaching/flowable/controller/WfModelController.java,79,workflow:model:query
backend_endpoint,流程审批,删除/作废、查询/查看,GET /model/bpmnXml/{modelId},old-code/teaching-modules/teaching-flowable/src/main/java/com/teaching/flowable/controller/WfModelController.java,90,workflow:model:query
backend_endpoint,流程审批,删除/作废,POST /model/,old-code/teaching-modules/teaching-flowable/src/main/java/com/teaching/flowable/controller/WfModelController.java,100,workflow:model:add
backend_endpoint,流程审批,删除/作废,PUT /model/,old-code/teaching-modules/teaching-flowable/src/main/java/com/teaching/flowable/controller/WfModelController.java,111,workflow:model:edit
backend_endpoint,流程审批,删除/作废、新增/创建,POST /model/save,old-code/teaching-modules/teaching-flowable/src/main/java/com/teaching/flowable/controller/WfModelController.java,123,workflow:model:save
backend_endpoint,流程审批,删除/作废,POST /model/latest,old-code/teaching-modules/teaching-flowable/src/main/java/com/teaching/flowable/controller/WfModelController.java,138,workflow:model:save
backend_endpoint,流程审批,删除/作废,DELETE /model/{modelIds},old-code/teaching-modules/teaching-flowable/src/main/java/com/teaching/flowable/controller/WfModelController.java,151,workflow:model:remove
backend_endpoint,流程审批,删除/作废,POST /model/deploy,old-code/teaching-modules/teaching-flowable/src/main/java/com/teaching/flowable/controller/WfModelController.java,166,workflow:model:deploy
backend_endpoint,流程审批,删除/作废、导出,POST /model/export,old-code/teaching-modules/teaching-flowable/src/main/java/com/teaching/flowable/controller/WfModelController.java,176,workflow:model:export
backend_endpoint,流程审批,查询/查看,GET /process/list,old-code/teaching-modules/teaching-flowable/src/main/java/com/teaching/flowable/controller/WfProcessController.java,51,
backend_endpoint,流程审批,查询/查看,GET /process/startProcess,old-code/teaching-modules/teaching-flowable/src/main/java/com/teaching/flowable/controller/WfProcessController.java,63,workflow:process:startList
backend_endpoint,流程审批,查询/查看,GET /process/ownList,old-code/teaching-modules/teaching-flowable/src/main/java/com/teaching/flowable/controller/WfProcessController.java,72,workflow:process:ownList
backend_endpoint,流程审批,查询/查看,GET /process/todoList,old-code/teaching-modules/teaching-flowable/src/main/java/com/teaching/flowable/controller/WfProcessController.java,81,workflow:process:todoList
backend_endpoint,流程审批,查询/查看,GET /process/waitingList,old-code/teaching-modules/teaching-flowable/src/main/java/com/teaching/flowable/controller/WfProcessController.java,90,workflow:process:todoList
backend_endpoint,流程审批,查询/查看,GET /process/claimList,old-code/teaching-modules/teaching-flowable/src/main/java/com/teaching/flowable/controller/WfProcessController.java,103,workflow:process:claimList
backend_endpoint,流程审批,查询/查看,GET /process/finishedList,old-code/teaching-modules/teaching-flowable/src/main/java/com/teaching/flowable/controller/WfProcessController.java,114,workflow:process:finishedList
backend_endpoint,流程审批,查询/查看,GET /process/copyList,old-code/teaching-modules/teaching-flowable/src/main/java/com/teaching/flowable/controller/WfProcessController.java,126,workflow:process:copyList
backend_endpoint,流程审批,导出,POST /process/startExport,old-code/teaching-modules/teaching-flowable/src/main/java/com/teaching/flowable/controller/WfProcessController.java,138,workflow:process:startExport
backend_endpoint,流程审批,导出,POST /process/ownExport,old-code/teaching-modules/teaching-flowable/src/main/java/com/teaching/flowable/controller/WfProcessController.java,149,workflow:process:ownExport
backend_endpoint,流程审批,导出,POST /process/todoExport,old-code/teaching-modules/teaching-flowable/src/main/java/com/teaching/flowable/controller/WfProcessController.java,164,workflow:process:todoExport
backend_endpoint,流程审批,导出,POST /process/claimExport,old-code/teaching-modules/teaching-flowable/src/main/java/com/teaching/flowable/controller/WfProcessController.java,176,workflow:process:claimExport
backend_endpoint,流程审批,导出,POST /process/finishedExport,old-code/teaching-modules/teaching-flowable/src/main/java/com/teaching/flowable/controller/WfProcessController.java,188,workflow:process:finishedExport
backend_endpoint,流程审批,导出,POST /process/copyExport,old-code/teaching-modules/teaching-flowable/src/main/java/com/teaching/flowable/controller/WfProcessController.java,200,workflow:process:copyExport
backend_endpoint,流程审批,查询/查看,GET /process/getProcessForm,old-code/teaching-modules/teaching-flowable/src/main/java/com/teaching/flowable/controller/WfProcessController.java,213,
backend_endpoint,流程审批,业务操作,POST /process/start/{processDefId},old-code/teaching-modules/teaching-flowable/src/main/java/com/teaching/flowable/controller/WfProcessController.java,229,workflow:process:start
backend_endpoint,流程审批,业务操作,POST /process/startByCategory/{category}/{teamCode},old-code/teaching-modules/teaching-flowable/src/main/java/com/teaching/flowable/controller/WfProcessController.java,245,
backend_endpoint,流程审批,删除/作废,DELETE /process/instance/{instanceIds},old-code/teaching-modules/teaching-flowable/src/main/java/com/teaching/flowable/controller/WfProcessController.java,257,
backend_endpoint,流程审批,查询/查看,GET /process/bpmnXml/{processDefId},old-code/teaching-modules/teaching-flowable/src/main/java/com/teaching/flowable/controller/WfProcessController.java,268,
backend_endpoint,流程审批,查询/查看,GET /process/detail,old-code/teaching-modules/teaching-flowable/src/main/java/com/teaching/flowable/controller/WfProcessController.java,279,
backend_endpoint,流程审批,查询/查看,GET /process/runList,old-code/teaching-modules/teaching-flowable/src/main/java/com/teaching/flowable/controller/WfProcessController.java,296,
backend_endpoint,流程审批,查询/查看,GET /process/finishList,old-code/teaching-modules/teaching-flowable/src/main/java/com/teaching/flowable/controller/WfProcessController.java,308,
backend_endpoint,流程审批,查询/查看,GET /process/suspend/{id},old-code/teaching-modules/teaching-flowable/src/main/java/com/teaching/flowable/controller/WfProcessController.java,320,
backend_endpoint,流程审批,查询/查看,GET /process/activate/{id},old-code/teaching-modules/teaching-flowable/src/main/java/com/teaching/flowable/controller/WfProcessController.java,333,
backend_endpoint,流程审批,查询/查看,GET /process/todoListIntegration,old-code/teaching-modules/teaching-flowable/src/main/java/com/teaching/flowable/controller/WfProcessController.java,344,
backend_endpoint,流程审批,查询/查看,GET /process/hasten,old-code/teaching-modules/teaching-flowable/src/main/java/com/teaching/flowable/controller/WfProcessController.java,358,
backend_endpoint,流程审批,删除/作废、查询/查看,GET /process/getFlowModel,old-code/teaching-modules/teaching-flowable/src/main/java/com/teaching/flowable/controller/WfProcessController.java,376,
backend_endpoint,流程审批,查询/查看,GET /process/reportList,old-code/teaching-modules/teaching-flowable/src/main/java/com/teaching/flowable/controller/WfProcessController.java,388,
backend_endpoint,流程审批,查询/查看,GET /process/flowReportList,old-code/teaching-modules/teaching-flowable/src/main/java/com/teaching/flowable/controller/WfProcessController.java,399,
backend_endpoint,流程审批,导出,POST /process/export,old-code/teaching-modules/teaching-flowable/src/main/java/com/teaching/flowable/controller/WfProcessController.java,412,
backend_endpoint,流程审批,业务操作,POST /task/stopProcess,old-code/teaching-modules/teaching-flowable/src/main/java/com/teaching/flowable/controller/WfTaskController.java,39,
backend_endpoint,流程审批,业务操作,POST /task/revokeProcess,old-code/teaching-modules/teaching-flowable/src/main/java/com/teaching/flowable/controller/WfTaskController.java,49,workflow:process:cancel
backend_endpoint,流程审批,查询/查看,GET /task/processVariables/{taskId},old-code/teaching-modules/teaching-flowable/src/main/java/com/teaching/flowable/controller/WfTaskController.java,61,workflow:process:revoke
backend_endpoint,流程审批,查询/查看,GET /task/getProcessVariables/{code},old-code/teaching-modules/teaching-flowable/src/main/java/com/teaching/flowable/controller/WfTaskController.java,73,workflow:process:query
backend_endpoint,流程审批,业务操作,POST /task/complete,old-code/teaching-modules/teaching-flowable/src/main/java/com/teaching/flowable/controller/WfTaskController.java,81,
backend_endpoint,流程审批,业务操作,POST /task/reject,old-code/teaching-modules/teaching-flowable/src/main/java/com/teaching/flowable/controller/WfTaskController.java,91,
backend_endpoint,流程审批,业务操作,POST /task/stop,old-code/teaching-modules/teaching-flowable/src/main/java/com/teaching/flowable/controller/WfTaskController.java,101,
backend_endpoint,流程审批,业务操作,POST /task/return,old-code/teaching-modules/teaching-flowable/src/main/java/com/teaching/flowable/controller/WfTaskController.java,110,
backend_endpoint,流程审批,查询/查看,POST /task/returnList,old-code/teaching-modules/teaching-flowable/src/main/java/com/teaching/flowable/controller/WfTaskController.java,120,workflow:process:approval
backend_endpoint,流程审批,删除/作废,DELETE /task/delete,old-code/teaching-modules/teaching-flowable/src/main/java/com/teaching/flowable/controller/WfTaskController.java,129,workflow:process:query
backend_endpoint,流程审批,业务操作,POST /task/claim,old-code/teaching-modules/teaching-flowable/src/main/java/com/teaching/flowable/controller/WfTaskController.java,139,workflow:process:approval
backend_endpoint,流程审批,业务操作,POST /task/unClaim,old-code/teaching-modules/teaching-flowable/src/main/java/com/teaching/flowable/controller/WfTaskController.java,149,workflow:process:claim
backend_endpoint,流程审批,删除/作废,POST /task/delegate,old-code/teaching-modules/teaching-flowable/src/main/java/com/teaching/flowable/controller/WfTaskController.java,159,workflow:process:claim
backend_endpoint,流程审批,业务操作,POST /task/transfer,old-code/teaching-modules/teaching-flowable/src/main/java/com/teaching/flowable/controller/WfTaskController.java,172,workflow:process:approval
backend_endpoint,流程审批,查询/查看,GET /task/designatedPerson,old-code/teaching-modules/teaching-flowable/src/main/java/com/teaching/flowable/controller/WfTaskController.java,222,workflow:process:approval
backend_endpoint,其他,查询/查看,GET /gen/list,old-code/teaching-modules/teaching-gen/src/main/java/com/teaching/gen/controller/GenController.java,51,tool:gen:list
backend_endpoint,其他,查询/查看,GET /gen/{tableId},old-code/teaching-modules/teaching-gen/src/main/java/com/teaching/gen/controller/GenController.java,63,tool:gen:query
backend_endpoint,其他,查询/查看,GET /gen/db/list,old-code/teaching-modules/teaching-gen/src/main/java/com/teaching/gen/controller/GenController.java,80,tool:gen:list
backend_endpoint,其他,查询/查看,GET /gen/column/{tableId},old-code/teaching-modules/teaching-gen/src/main/java/com/teaching/gen/controller/GenController.java,91,
backend_endpoint,导入中间表,导入,POST /gen/importTable,old-code/teaching-modules/teaching-gen/src/main/java/com/teaching/gen/controller/GenController.java,106,tool:gen:import
backend_endpoint,其他,业务操作,PUT /gen/,old-code/teaching-modules/teaching-gen/src/main/java/com/teaching/gen/controller/GenController.java,121,tool:gen:edit
backend_endpoint,其他,删除/作废,DELETE /gen/{tableIds},old-code/teaching-modules/teaching-gen/src/main/java/com/teaching/gen/controller/GenController.java,134,tool:gen:remove
backend_endpoint,其他,查询/查看,GET /gen/preview/{tableId},old-code/teaching-modules/teaching-gen/src/main/java/com/teaching/gen/controller/GenController.java,145,tool:gen:preview
backend_endpoint,文件,查询/查看,GET /gen/download/{tableName},old-code/teaching-modules/teaching-gen/src/main/java/com/teaching/gen/controller/GenController.java,157,tool:gen:code
backend_endpoint,其他,查询/查看,GET /gen/genCode/{tableName},old-code/teaching-modules/teaching-gen/src/main/java/com/teaching/gen/controller/GenController.java,169,tool:gen:code
backend_endpoint,其他,查询/查看,GET /gen/synchDb/{tableName},old-code/teaching-modules/teaching-gen/src/main/java/com/teaching/gen/controller/GenController.java,185,tool:gen:edit
backend_endpoint,其他,查询/查看,GET /gen/batchGenCode,old-code/teaching-modules/teaching-gen/src/main/java/com/teaching/gen/controller/GenController.java,197,tool:gen:code
backend_endpoint,文件,业务操作,POST /image/upload,old-code/teaching-modules/teaching-imPlatform/src/main/java/com/teaching/implatform/controller/FileController.java,26,
backend_endpoint,文件,业务操作,POST /file/upload,old-code/teaching-modules/teaching-imPlatform/src/main/java/com/teaching/implatform/controller/FileController.java,33,
backend_endpoint,即时通讯,查询/查看,GET /friend/list,old-code/teaching-modules/teaching-imPlatform/src/main/java/com/teaching/implatform/controller/FriendController.java,27,
backend_endpoint,即时通讯,新增/创建,POST /friend/add,old-code/teaching-modules/teaching-imPlatform/src/main/java/com/teaching/implatform/controller/FriendController.java,35,
backend_endpoint,即时通讯,查询/查看,GET /friend/find/{friendId},old-code/teaching-modules/teaching-imPlatform/src/main/java/com/teaching/implatform/controller/FriendController.java,42,
backend_endpoint,即时通讯,删除/作废,DELETE /friend/delete/{friendId},old-code/teaching-modules/teaching-imPlatform/src/main/java/com/teaching/implatform/controller/FriendController.java,49,
backend_endpoint,即时通讯,业务操作,PUT /friend/dnd,old-code/teaching-modules/teaching-imPlatform/src/main/java/com/teaching/implatform/controller/FriendController.java,56,
backend_endpoint,即时通讯,新增/创建,POST /group/create,old-code/teaching-modules/teaching-imPlatform/src/main/java/com/teaching/implatform/controller/GroupController.java,31,
backend_endpoint,即时通讯,业务操作,PUT /group/modify,old-code/teaching-modules/teaching-imPlatform/src/main/java/com/teaching/implatform/controller/GroupController.java,38,
backend_endpoint,即时通讯,删除/作废,DELETE /group/delete/{groupId},old-code/teaching-modules/teaching-imPlatform/src/main/java/com/teaching/implatform/controller/GroupController.java,45,
backend_endpoint,即时通讯,查询/查看,GET /group/find/{groupId},old-code/teaching-modules/teaching-imPlatform/src/main/java/com/teaching/implatform/controller/GroupController.java,53,
backend_endpoint,即时通讯,查询/查看,GET /group/list,old-code/teaching-modules/teaching-imPlatform/src/main/java/com/teaching/implatform/controller/GroupController.java,59,
backend_endpoint,即时通讯,业务操作,POST /group/invite,old-code/teaching-modules/teaching-imPlatform/src/main/java/com/teaching/implatform/controller/GroupController.java,66,
backend_endpoint,即时通讯,查询/查看,GET /group/members/{groupId},old-code/teaching-modules/teaching-imPlatform/src/main/java/com/teaching/implatform/controller/GroupController.java,73,
backend_endpoint,即时通讯,删除/作废,DELETE /group/members/remove,old-code/teaching-modules/teaching-imPlatform/src/main/java/com/teaching/implatform/controller/GroupController.java,81,
backend_endpoint,即时通讯,删除/作废,DELETE /group/quit/{groupId},old-code/teaching-modules/teaching-imPlatform/src/main/java/com/teaching/implatform/controller/GroupController.java,90,
backend_endpoint,即时通讯,删除/作废,DELETE /group/kick/{groupId},old-code/teaching-modules/teaching-imPlatform/src/main/java/com/teaching/implatform/controller/GroupController.java,98,
backend_endpoint,即时通讯,业务操作,PUT /group/dnd,old-code/teaching-modules/teaching-imPlatform/src/main/java/com/teaching/implatform/controller/GroupController.java,106,
backend_endpoint,即时通讯,业务操作,POST /message/group/send,old-code/teaching-modules/teaching-imPlatform/src/main/java/com/teaching/implatform/controller/GroupMessageController.java,25,
backend_endpoint,即时通讯,删除/作废,DELETE /message/group/recall/{id},old-code/teaching-modules/teaching-imPlatform/src/main/java/com/teaching/implatform/controller/GroupMessageController.java,31,
backend_endpoint,即时通讯,查询/查看,GET /message/group/pullOfflineMessage,old-code/teaching-modules/teaching-imPlatform/src/main/java/com/teaching/implatform/controller/GroupMessageController.java,37,
backend_endpoint,即时通讯,查询/查看,GET /message/group/loadOfflineMessage,old-code/teaching-modules/teaching-imPlatform/src/main/java/com/teaching/implatform/controller/GroupMessageController.java,44,
backend_endpoint,即时通讯,业务操作,PUT /message/group/readed,old-code/teaching-modules/teaching-imPlatform/src/main/java/com/teaching/implatform/controller/GroupMessageController.java,51,
backend_endpoint,即时通讯,查询/查看,GET /message/group/findReadedUsers,old-code/teaching-modules/teaching-imPlatform/src/main/java/com/teaching/implatform/controller/GroupMessageController.java,58,
backend_endpoint,即时通讯,查询/查看,GET /message/group/history,old-code/teaching-modules/teaching-imPlatform/src/main/java/com/teaching/implatform/controller/GroupMessageController.java,65,
backend_endpoint,系统用户与权限,业务操作,POST /login,old-code/teaching-modules/teaching-imPlatform/src/main/java/com/teaching/implatform/controller/LoginController.java,23,
backend_endpoint,系统用户与权限,业务操作,PUT /refreshToken,old-code/teaching-modules/teaching-imPlatform/src/main/java/com/teaching/implatform/controller/LoginController.java,30,
backend_endpoint,系统用户与权限,业务操作,POST /register,old-code/teaching-modules/teaching-imPlatform/src/main/java/com/teaching/implatform/controller/LoginController.java,37,
backend_endpoint,系统用户与权限,业务操作,PUT /modifyPwd,old-code/teaching-modules/teaching-imPlatform/src/main/java/com/teaching/implatform/controller/LoginController.java,44,
backend_endpoint,即时通讯,业务操作,POST /message/private/send,old-code/teaching-modules/teaching-imPlatform/src/main/java/com/teaching/implatform/controller/PrivateMessageController.java,25,
backend_endpoint,即时通讯,删除/作废,DELETE /message/private/recall/{id},old-code/teaching-modules/teaching-imPlatform/src/main/java/com/teaching/implatform/controller/PrivateMessageController.java,31,
backend_endpoint,即时通讯,查询/查看,GET /message/private/pullOfflineMessage,old-code/teaching-modules/teaching-imPlatform/src/main/java/com/teaching/implatform/controller/PrivateMessageController.java,37,
backend_endpoint,即时通讯,查询/查看,GET /message/private/loadOfflineMessage,old-code/teaching-modules/teaching-imPlatform/src/main/java/com/teaching/implatform/controller/PrivateMessageController.java,44,
backend_endpoint,即时通讯,业务操作,PUT /message/private/readed,old-code/teaching-modules/teaching-imPlatform/src/main/java/com/teaching/implatform/controller/PrivateMessageController.java,51,
backend_endpoint,即时通讯,查询/查看,GET /message/private/maxReadedId,old-code/teaching-modules/teaching-imPlatform/src/main/java/com/teaching/implatform/controller/PrivateMessageController.java,58,
backend_endpoint,即时通讯,查询/查看,GET /message/private/history,old-code/teaching-modules/teaching-imPlatform/src/main/java/com/teaching/implatform/controller/PrivateMessageController.java,64,
backend_endpoint,系统用户与权限,查询/查看,GET /system/config,old-code/teaching-modules/teaching-imPlatform/src/main/java/com/teaching/implatform/controller/SystemController.java,29,
backend_endpoint,系统用户与权限,查询/查看,GET /user/terminal/online,old-code/teaching-modules/teaching-imPlatform/src/main/java/com/teaching/implatform/controller/UserController.java,29,
backend_endpoint,系统用户与权限,查询/查看,GET /user/self,old-code/teaching-modules/teaching-imPlatform/src/main/java/com/teaching/implatform/controller/UserController.java,36,
backend_endpoint,系统用户与权限,查询/查看,GET /user/find/{id},old-code/teaching-modules/teaching-imPlatform/src/main/java/com/teaching/implatform/controller/UserController.java,46,
backend_endpoint,系统用户与权限,修改/状态变更,PUT /user/update,old-code/teaching-modules/teaching-imPlatform/src/main/java/com/teaching/implatform/controller/UserController.java,52,
backend_endpoint,系统用户与权限,查询/查看,GET /user/findByName,old-code/teaching-modules/teaching-imPlatform/src/main/java/com/teaching/implatform/controller/UserController.java,59,
backend_endpoint,即时通讯,业务操作,POST /webrtc/private/call,old-code/teaching-modules/teaching-imPlatform/src/main/java/com/teaching/implatform/controller/WebrtcPrivateController.java,21,
backend_endpoint,即时通讯,业务操作,POST /webrtc/private/accept,old-code/teaching-modules/teaching-imPlatform/src/main/java/com/teaching/implatform/controller/WebrtcPrivateController.java,29,
backend_endpoint,即时通讯,业务操作,POST /webrtc/private/reject,old-code/teaching-modules/teaching-imPlatform/src/main/java/com/teaching/implatform/controller/WebrtcPrivateController.java,36,
backend_endpoint,即时通讯,业务操作,POST /webrtc/private/cancel,old-code/teaching-modules/teaching-imPlatform/src/main/java/com/teaching/implatform/controller/WebrtcPrivateController.java,43,
backend_endpoint,即时通讯,业务操作,POST /webrtc/private/failed,old-code/teaching-modules/teaching-imPlatform/src/main/java/com/teaching/implatform/controller/WebrtcPrivateController.java,50,
backend_endpoint,即时通讯,业务操作,POST /webrtc/private/handup,old-code/teaching-modules/teaching-imPlatform/src/main/java/com/teaching/implatform/controller/WebrtcPrivateController.java,57,
backend_endpoint,即时通讯,业务操作,POST /webrtc/private/candidate,old-code/teaching-modules/teaching-imPlatform/src/main/java/com/teaching/implatform/controller/WebrtcPrivateController.java,63,
backend_endpoint,即时通讯,业务操作,POST /webrtc/private/heartbeat,old-code/teaching-modules/teaching-imPlatform/src/main/java/com/teaching/implatform/controller/WebrtcPrivateController.java,71,
backend_endpoint,其他,查询/查看,GET /job/list,old-code/teaching-modules/teaching-job/src/main/java/com/teaching/job/controller/SysJobController.java,41,monitor:job:list
backend_endpoint,其他,导出,POST /job/export,old-code/teaching-modules/teaching-job/src/main/java/com/teaching/job/controller/SysJobController.java,54,monitor:job:export
backend_endpoint,其他,查询/查看,GET /job/{jobId},old-code/teaching-modules/teaching-job/src/main/java/com/teaching/job/controller/SysJobController.java,66,monitor:job:query
backend_endpoint,其他,业务操作,POST /job/,old-code/teaching-modules/teaching-job/src/main/java/com/teaching/job/controller/SysJobController.java,77,monitor:job:add
backend_endpoint,其他,业务操作,PUT /job/,old-code/teaching-modules/teaching-job/src/main/java/com/teaching/job/controller/SysJobController.java,113,monitor:job:edit
backend_endpoint,其他,修改/状态变更,PUT /job/changeStatus,old-code/teaching-modules/teaching-job/src/main/java/com/teaching/job/controller/SysJobController.java,149,monitor:job:changeStatus
backend_endpoint,其他,业务操作,PUT /job/run,old-code/teaching-modules/teaching-job/src/main/java/com/teaching/job/controller/SysJobController.java,162,monitor:job:changeStatus
backend_endpoint,其他,删除/作废,DELETE /job/{jobIds},old-code/teaching-modules/teaching-job/src/main/java/com/teaching/job/controller/SysJobController.java,174,monitor:job:remove
backend_endpoint,现场 operation_log,查询/查看,GET /job/log/list,old-code/teaching-modules/teaching-job/src/main/java/com/teaching/job/controller/SysJobLogController.java,34,monitor:job:list
backend_endpoint,其他,导出,POST /job/log/export,old-code/teaching-modules/teaching-job/src/main/java/com/teaching/job/controller/SysJobLogController.java,47,monitor:job:export
backend_endpoint,其他,查询/查看,GET /job/log/{jobLogId},old-code/teaching-modules/teaching-job/src/main/java/com/teaching/job/controller/SysJobLogController.java,59,monitor:job:query
backend_endpoint,其他,删除/作废,DELETE /job/log/{jobLogIds},old-code/teaching-modules/teaching-job/src/main/java/com/teaching/job/controller/SysJobLogController.java,70,monitor:job:remove
backend_endpoint,其他,删除/作废,DELETE /job/log/clean,old-code/teaching-modules/teaching-job/src/main/java/com/teaching/job/controller/SysJobLogController.java,81,monitor:job:remove
backend_endpoint,系统用户与权限,查询/查看,GET /authInfo/list,old-code/teaching-modules/teaching-system/src/main/java/com/teaching/system/controller/AuthInfoController.java,47,system:info:list
backend_endpoint,系统用户与权限,查询/查看,GET /authInfo/selectAuthInfoByName,old-code/teaching-modules/teaching-system/src/main/java/com/teaching/system/controller/AuthInfoController.java,56,
backend_endpoint,系统用户与权限,查询/查看,POST /authInfo/selectAuthInfoByIdCard,old-code/teaching-modules/teaching-system/src/main/java/com/teaching/system/controller/AuthInfoController.java,63,
backend_endpoint,系统用户与权限,导出、查询/查看,POST /authInfo/export,old-code/teaching-modules/teaching-system/src/main/java/com/teaching/system/controller/AuthInfoController.java,73,system:info:export
backend_endpoint,系统用户与权限,查询/查看,GET /authInfo/getAuthInfo,old-code/teaching-modules/teaching-system/src/main/java/com/teaching/system/controller/AuthInfoController.java,84,
backend_endpoint,系统用户与权限,新增/创建、查询/查看,POST /authInfo/saveAuthInfo,old-code/teaching-modules/teaching-system/src/main/java/com/teaching/system/controller/AuthInfoController.java,99,
backend_endpoint,系统用户与权限,新增/创建、查询/查看,POST /authInfo/saveInnerAuthInfo,old-code/teaching-modules/teaching-system/src/main/java/com/teaching/system/controller/AuthInfoController.java,107,
backend_endpoint,系统用户与权限,查询/查看,PUT /authInfo/,old-code/teaching-modules/teaching-system/src/main/java/com/teaching/system/controller/AuthInfoController.java,118,system:info:edit
backend_endpoint,系统用户与权限,删除/作废、查询/查看,DELETE /authInfo/{authIds},old-code/teaching-modules/teaching-system/src/main/java/com/teaching/system/controller/AuthInfoController.java,129,system:info:remove
backend_endpoint,系统用户与权限,查询/查看,GET /notes/list,old-code/teaching-modules/teaching-system/src/main/java/com/teaching/system/controller/ExpertReviewNotesController.java,38,system:notes:list
backend_endpoint,系统用户与权限,查询/查看,GET /notes/getList,old-code/teaching-modules/teaching-system/src/main/java/com/teaching/system/controller/ExpertReviewNotesController.java,46,
backend_endpoint,系统用户与权限,导出,POST /notes/export,old-code/teaching-modules/teaching-system/src/main/java/com/teaching/system/controller/ExpertReviewNotesController.java,57,system:notes:export
backend_endpoint,系统用户与权限,查询/查看,GET /notes/{id},old-code/teaching-modules/teaching-system/src/main/java/com/teaching/system/controller/ExpertReviewNotesController.java,68,system:notes:query
backend_endpoint,系统用户与权限,业务操作,POST /notes/,old-code/teaching-modules/teaching-system/src/main/java/com/teaching/system/controller/ExpertReviewNotesController.java,78,system:notes:add
backend_endpoint,系统用户与权限,业务操作,PUT /notes/,old-code/teaching-modules/teaching-system/src/main/java/com/teaching/system/controller/ExpertReviewNotesController.java,94,system:notes:edit
backend_endpoint,系统用户与权限,删除/作废,DELETE /notes/{fileId}/{ids},old-code/teaching-modules/teaching-system/src/main/java/com/teaching/system/controller/ExpertReviewNotesController.java,104,system:notes:remove
backend_endpoint,系统用户与权限,导出、查询/查看,GET /exportManage/list,old-code/teaching-modules/teaching-system/src/main/java/com/teaching/system/controller/ExportManageController.java,41,system:manage:list
backend_endpoint,系统用户与权限,导出,POST /exportManage/export,old-code/teaching-modules/teaching-system/src/main/java/com/teaching/system/controller/ExportManageController.java,54,system:manage:export
backend_endpoint,系统用户与权限,导出、查询/查看,GET /exportManage/{id},old-code/teaching-modules/teaching-system/src/main/java/com/teaching/system/controller/ExportManageController.java,66,system:manage:query
backend_endpoint,系统用户与权限,导出,POST /exportManage/,old-code/teaching-modules/teaching-system/src/main/java/com/teaching/system/controller/ExportManageController.java,77,system:manage:add
backend_endpoint,系统用户与权限,导出,PUT /exportManage/,old-code/teaching-modules/teaching-system/src/main/java/com/teaching/system/controller/ExportManageController.java,88,system:manage:edit
backend_endpoint,文件,导出、新增/创建,POST /exportManage/saveOssExportFile,old-code/teaching-modules/teaching-system/src/main/java/com/teaching/system/controller/ExportManageController.java,95,
backend_endpoint,系统用户与权限,修改/状态变更、导出,POST /exportManage/updateExportManageInner,old-code/teaching-modules/teaching-system/src/main/java/com/teaching/system/controller/ExportManageController.java,101,
backend_endpoint,系统用户与权限,删除/作废、导出,DELETE /exportManage/{ids},old-code/teaching-modules/teaching-system/src/main/java/com/teaching/system/controller/ExportManageController.java,111,system:manage:remove
backend_endpoint,系统用户与权限,导出,POST /exportManage/exportFiles,old-code/teaching-modules/teaching-system/src/main/java/com/teaching/system/controller/ExportManageController.java,122,
backend_endpoint,系统用户与权限,查询/查看,GET /fileDistributeTask/list,old-code/teaching-modules/teaching-system/src/main/java/com/teaching/system/controller/FileDistributeTaskController.java,42,system:fileDistributeTask:list
backend_endpoint,系统用户与权限,导出,POST /fileDistributeTask/export,old-code/teaching-modules/teaching-system/src/main/java/com/teaching/system/controller/FileDistributeTaskController.java,55,system:fileDistributeTask:export
backend_endpoint,系统用户与权限,查询/查看,GET /fileDistributeTask/getDetail/{id},old-code/teaching-modules/teaching-system/src/main/java/com/teaching/system/controller/FileDistributeTaskController.java,67,system:fileDistributeTask:query
backend_endpoint,系统用户与权限,新增/创建,POST /fileDistributeTask/saveFileTask,old-code/teaching-modules/teaching-system/src/main/java/com/teaching/system/controller/FileDistributeTaskController.java,78,system:fileDistributeTask:add
backend_endpoint,系统用户与权限,修改/状态变更,POST /fileDistributeTask/editFileTask,old-code/teaching-modules/teaching-system/src/main/java/com/teaching/system/controller/FileDistributeTaskController.java,89,system:fileDistributeTask:edit
backend_endpoint,系统用户与权限,修改/状态变更,POST /fileDistributeTask/updateTaskStatus,old-code/teaching-modules/teaching-system/src/main/java/com/teaching/system/controller/FileDistributeTaskController.java,98,system:fileDistributeTask:edit
backend_endpoint,系统用户与权限,删除/作废、查询/查看,GET /fileDistributeTask/remove/{ids},old-code/teaching-modules/teaching-system/src/main/java/com/teaching/system/controller/FileDistributeTaskController.java,107,system:fileDistributeTask:remove
backend_endpoint,系统用户与权限,查询/查看,GET /fileDistributeTask/count,old-code/teaching-modules/teaching-system/src/main/java/com/teaching/system/controller/FileDistributeTaskController.java,114,
backend_endpoint,系统用户与权限,查询/查看,GET /fileDistributeUserTask/list,old-code/teaching-modules/teaching-system/src/main/java/com/teaching/system/controller/FileDistributeTaskUserController.java,47,
backend_endpoint,系统用户与权限,查询/查看,GET /fileDistributeUserTask/unReadCount,old-code/teaching-modules/teaching-system/src/main/java/com/teaching/system/controller/FileDistributeTaskUserController.java,53,
backend_endpoint,系统用户与权限,查询/查看,GET /fileDistributeUserTask/getSystemDate,old-code/teaching-modules/teaching-system/src/main/java/com/teaching/system/controller/FileDistributeTaskUserController.java,67,
backend_endpoint,文件,新增/创建,POST /fileDistributeUserTask/saveFileUploadRecordUser,old-code/teaching-modules/teaching-system/src/main/java/com/teaching/system/controller/FileDistributeTaskUserController.java,73,
backend_endpoint,文件,新增/创建,POST /fileDistributeUserTask/saveFileUploadManagerUser,old-code/teaching-modules/teaching-system/src/main/java/com/teaching/system/controller/FileDistributeTaskUserController.java,81,
backend_endpoint,系统用户与权限,修改/状态变更,POST /fileDistributeUserTask/updateSubmitStatus,old-code/teaching-modules/teaching-system/src/main/java/com/teaching/system/controller/FileDistributeTaskUserController.java,103,
backend_endpoint,文件,修改/状态变更,POST /fileDistributeUserTask/updateFileUploadRecordUser,old-code/teaching-modules/teaching-system/src/main/java/com/teaching/system/controller/FileDistributeTaskUserController.java,111,
backend_endpoint,系统用户与权限,查询/查看,GET /fileDistributeUserTask/fileDownloadRecord,old-code/teaching-modules/teaching-system/src/main/java/com/teaching/system/controller/FileDistributeTaskUserController.java,118,
backend_endpoint,系统用户与权限,查询/查看,GET /fileDistributeUserTask/fileTaskReadRecord,old-code/teaching-modules/teaching-system/src/main/java/com/teaching/system/controller/FileDistributeTaskUserController.java,135,
backend_endpoint,文件,查询/查看,GET /downLoadRecord/list,old-code/teaching-modules/teaching-system/src/main/java/com/teaching/system/controller/FileDownloadRecordController.java,37,system:downRecord:list
backend_endpoint,文件,导出,POST /downLoadRecord/export,old-code/teaching-modules/teaching-system/src/main/java/com/teaching/system/controller/FileDownloadRecordController.java,49,system:downRecord:export
backend_endpoint,文件,查询/查看,GET /downLoadRecord/{id},old-code/teaching-modules/teaching-system/src/main/java/com/teaching/system/controller/FileDownloadRecordController.java,60,system:downRecord:query
backend_endpoint,文件,业务操作,POST /downLoadRecord/,old-code/teaching-modules/teaching-system/src/main/java/com/teaching/system/controller/FileDownloadRecordController.java,70,
backend_endpoint,文件,业务操作,PUT /downLoadRecord/,old-code/teaching-modules/teaching-system/src/main/java/com/teaching/system/controller/FileDownloadRecordController.java,83,system:downRecord:edit
backend_endpoint,文件,删除/作废,DELETE /downLoadRecord/{ids},old-code/teaching-modules/teaching-system/src/main/java/com/teaching/system/controller/FileDownloadRecordController.java,93,system:downRecord:remove
backend_endpoint,文件,查询/查看,GET /fileUploadManager/list,old-code/teaching-modules/teaching-system/src/main/java/com/teaching/system/controller/FileUploadManagerController.java,54,system:fileUploadManager:list
backend_endpoint,文件,导出,POST /fileUploadManager/export,old-code/teaching-modules/teaching-system/src/main/java/com/teaching/system/controller/FileUploadManagerController.java,67,system:fileUploadManager:export
backend_endpoint,文件,查询/查看,GET /fileUploadManager/{id},old-code/teaching-modules/teaching-system/src/main/java/com/teaching/system/controller/FileUploadManagerController.java,86,system:fileUploadManager:query
backend_endpoint,文件,业务操作,POST /fileUploadManager/,old-code/teaching-modules/teaching-system/src/main/java/com/teaching/system/controller/FileUploadManagerController.java,97,system:fileUploadManager:add
backend_endpoint,文件,业务操作,PUT /fileUploadManager/,old-code/teaching-modules/teaching-system/src/main/java/com/teaching/system/controller/FileUploadManagerController.java,108,system:fileUploadManager:edit
backend_endpoint,文件,删除/作废,DELETE /fileUploadManager/{ids},old-code/teaching-modules/teaching-system/src/main/java/com/teaching/system/controller/FileUploadManagerController.java,119,system:fileUploadManager:remove
backend_endpoint,文件,导出、查询/查看,GET /fileUploadManager/exportFiles,old-code/teaching-modules/teaching-system/src/main/java/com/teaching/system/controller/FileUploadManagerController.java,129,system:fileUploadManager:fileExport
backend_endpoint,文件,导出、查询/查看,POST /fileUploadManager/selectExportFiles,old-code/teaching-modules/teaching-system/src/main/java/com/teaching/system/controller/FileUploadManagerController.java,139,system:fileUploadManager:fileExport
backend_endpoint,文件,查询/查看,GET /fileUploadManager/byFileTaskId/{fileTaskId},old-code/teaching-modules/teaching-system/src/main/java/com/teaching/system/controller/FileUploadManagerController.java,150,
backend_endpoint,文件,导入、查询/查看,GET /fileUploadManager/review-import/by-task/{fileTaskId},old-code/teaching-modules/teaching-system/src/main/java/com/teaching/system/controller/FileUploadManagerController.java,161,
backend_endpoint,文件,导入,POST /fileUploadManager/review-import/by-ids,old-code/teaching-modules/teaching-system/src/main/java/com/teaching/system/controller/FileUploadManagerController.java,172,
backend_endpoint,文件,查询/查看,GET /fileUploadRecord/list,old-code/teaching-modules/teaching-system/src/main/java/com/teaching/system/controller/FileUploadRecordController.java,60,system:fileUploadRecord:list
backend_endpoint,文件,导出,POST /fileUploadRecord/export,old-code/teaching-modules/teaching-system/src/main/java/com/teaching/system/controller/FileUploadRecordController.java,73,system:fileUploadRecord:export
backend_endpoint,文件,查询/查看,GET /fileUploadRecord/getFileUploadRecordDetail/{id},old-code/teaching-modules/teaching-system/src/main/java/com/teaching/system/controller/FileUploadRecordController.java,90,system:fileUploadRecord:query
backend_endpoint,文件,新增/创建,POST /fileUploadRecord/saveFileUploadRecord,old-code/teaching-modules/teaching-system/src/main/java/com/teaching/system/controller/FileUploadRecordController.java,101,system:fileUploadRecord:add
backend_endpoint,文件,修改/状态变更,POST /fileUploadRecord/updateFileUploadRecord,old-code/teaching-modules/teaching-system/src/main/java/com/teaching/system/controller/FileUploadRecordController.java,112,system:fileUploadRecord:edit
backend_endpoint,文件,删除/作废、查询/查看,GET /fileUploadRecord/removeFileUploadRecord/{ids},old-code/teaching-modules/teaching-system/src/main/java/com/teaching/system/controller/FileUploadRecordController.java,123,system:fileUploadRecord:remove
backend_endpoint,文件,导出、查询/查看,GET /fileUploadRecord/exportFiles,old-code/teaching-modules/teaching-system/src/main/java/com/teaching/system/controller/FileUploadRecordController.java,133,system:fileUploadRecord:export
backend_endpoint,系统用户与权限,查询/查看,GET /identityInfo/list,old-code/teaching-modules/teaching-system/src/main/java/com/teaching/system/controller/IdentityInfoController.java,44,system:identityInfo:list
backend_endpoint,系统用户与权限,导出、查询/查看,POST /identityInfo/export,old-code/teaching-modules/teaching-system/src/main/java/com/teaching/system/controller/IdentityInfoController.java,56,system:identityInfo:export
backend_endpoint,系统用户与权限,查询/查看,GET /identityInfo/getIdentityInfoDetail/{authId},old-code/teaching-modules/teaching-system/src/main/java/com/teaching/system/controller/IdentityInfoController.java,67,system:identityInfo:list
backend_endpoint,系统用户与权限,查询/查看,GET /identityInfo/getInnerIdentityInfoDetail/{authId},old-code/teaching-modules/teaching-system/src/main/java/com/teaching/system/controller/IdentityInfoController.java,78,
backend_endpoint,系统用户与权限,新增/创建、查询/查看,POST /identityInfo/saveIdentityInfo,old-code/teaching-modules/teaching-system/src/main/java/com/teaching/system/controller/IdentityInfoController.java,87,
backend_endpoint,系统用户与权限,修改/状态变更、查询/查看,POST /identityInfo/updateIdentityInfo,old-code/teaching-modules/teaching-system/src/main/java/com/teaching/system/controller/IdentityInfoController.java,98,
backend_endpoint,系统用户与权限,修改/状态变更、查询/查看,POST /identityInfo/updateIdentityInfoStatus,old-code/teaching-modules/teaching-system/src/main/java/com/teaching/system/controller/IdentityInfoController.java,107,
backend_endpoint,系统用户与权限,删除/作废、查询/查看,DELETE /identityInfo/{authIds},old-code/teaching-modules/teaching-system/src/main/java/com/teaching/system/controller/IdentityInfoController.java,117,system:identityInfo:remove
backend_endpoint,系统用户与权限,查询/查看,POST /invoice/list,old-code/teaching-modules/teaching-system/src/main/java/com/teaching/system/controller/InvoiceInfoController.java,55,system:info:list
backend_endpoint,系统用户与权限,查询/查看,POST /invoice/personalList,old-code/teaching-modules/teaching-system/src/main/java/com/teaching/system/controller/InvoiceInfoController.java,68,
backend_endpoint,系统用户与权限,导出、查询/查看,POST /invoice/export,old-code/teaching-modules/teaching-system/src/main/java/com/teaching/system/controller/InvoiceInfoController.java,81,system:info:export
backend_endpoint,系统用户与权限,查询/查看,GET /invoice/{id},old-code/teaching-modules/teaching-system/src/main/java/com/teaching/system/controller/InvoiceInfoController.java,93,system:info:query
backend_endpoint,系统用户与权限,查询/查看,POST /invoice/,old-code/teaching-modules/teaching-system/src/main/java/com/teaching/system/controller/InvoiceInfoController.java,104,system:info:add
backend_endpoint,系统用户与权限,查询/查看,PUT /invoice/,old-code/teaching-modules/teaching-system/src/main/java/com/teaching/system/controller/InvoiceInfoController.java,115,system:info:edit
backend_endpoint,系统用户与权限,删除/作废、查询/查看,DELETE /invoice/{ids},old-code/teaching-modules/teaching-system/src/main/java/com/teaching/system/controller/InvoiceInfoController.java,126,system:info:remove
backend_endpoint,系统用户与权限,查询/查看,POST /invoice/apply,old-code/teaching-modules/teaching-system/src/main/java/com/teaching/system/controller/InvoiceInfoController.java,135,
backend_endpoint,系统用户与权限,查询/查看,POST /invoice/applyNew,old-code/teaching-modules/teaching-system/src/main/java/com/teaching/system/controller/InvoiceInfoController.java,143,
backend_endpoint,系统用户与权限,删除/作废、查询/查看,GET /invoice/deliveryInvoice,old-code/teaching-modules/teaching-system/src/main/java/com/teaching/system/controller/InvoiceInfoController.java,153,
backend_endpoint,系统用户与权限,扫码/确认、查询/查看,POST /invoice/scan,old-code/teaching-modules/teaching-system/src/main/java/com/teaching/system/controller/InvoiceInfoController.java,162,
backend_endpoint,系统用户与权限,查询/查看,GET /invoice/pdf/download,old-code/teaching-modules/teaching-system/src/main/java/com/teaching/system/controller/InvoiceInfoController.java,178,
backend_endpoint,系统用户与权限,查询/查看,POST /invoice/queryInvoiceResult,old-code/teaching-modules/teaching-system/src/main/java/com/teaching/system/controller/InvoiceInfoController.java,248,
backend_endpoint,系统用户与权限,查询/查看,GET /invoice/syncInvoiceResult,old-code/teaching-modules/teaching-system/src/main/java/com/teaching/system/controller/InvoiceInfoController.java,256,
backend_endpoint,系统用户与权限,查询/查看,GET /invoice/reInvoice,old-code/teaching-modules/teaching-system/src/main/java/com/teaching/system/controller/InvoiceInfoController.java,264,
backend_endpoint,系统用户与权限,查询/查看,GET /invoice/fastInvoiceRed,old-code/teaching-modules/teaching-system/src/main/java/com/teaching/system/controller/InvoiceInfoController.java,272,
backend_endpoint,系统用户与权限,支付/退款、查询/查看,POST /invoice/queryTeamAndUserByOrderId,old-code/teaching-modules/teaching-system/src/main/java/com/teaching/system/controller/InvoiceInfoController.java,281,
backend_endpoint,系统用户与权限,查询/查看,POST /invoice/queryInvoiceAmount,old-code/teaching-modules/teaching-system/src/main/java/com/teaching/system/controller/InvoiceInfoController.java,289,
backend_endpoint,系统用户与权限,查询/查看,GET /invoice/getSecondList,old-code/teaching-modules/teaching-system/src/main/java/com/teaching/system/controller/InvoiceInfoController.java,294,
backend_endpoint,系统用户与权限,查询/查看,GET /invoice/test,old-code/teaching-modules/teaching-system/src/main/java/com/teaching/system/controller/InvoiceInfoController.java,305,
backend_endpoint,系统用户与权限,查询/查看,GET /invoicePerInfo/list,old-code/teaching-modules/teaching-system/src/main/java/com/teaching/system/controller/InvoicePerInfoController.java,44,system:invoicePerInfo:list
backend_endpoint,系统用户与权限,查询/查看,GET /invoicePerInfo/selectInvoicePerInfo,old-code/teaching-modules/teaching-system/src/main/java/com/teaching/system/controller/InvoicePerInfoController.java,50,
backend_endpoint,系统用户与权限,导出、查询/查看,POST /invoicePerInfo/export,old-code/teaching-modules/teaching-system/src/main/java/com/teaching/system/controller/InvoicePerInfoController.java,61,system:invoicePerInfo:export
backend_endpoint,系统用户与权限,查询/查看,GET /invoicePerInfo/{id},old-code/teaching-modules/teaching-system/src/main/java/com/teaching/system/controller/InvoicePerInfoController.java,73,system:invoicePerInfo:query
backend_endpoint,系统用户与权限,新增/创建、查询/查看,POST /invoicePerInfo/saveInvoicePerInfo,old-code/teaching-modules/teaching-system/src/main/java/com/teaching/system/controller/InvoicePerInfoController.java,84,system:invoicePerInfo:add
backend_endpoint,系统用户与权限,修改/状态变更、查询/查看,POST /invoicePerInfo/updateInvoicePerInfo,old-code/teaching-modules/teaching-system/src/main/java/com/teaching/system/controller/InvoicePerInfoController.java,95,system:invoicePerInfo:edit
backend_endpoint,系统用户与权限,查询/查看,GET /invoicePerInfo/{ids},old-code/teaching-modules/teaching-system/src/main/java/com/teaching/system/controller/InvoicePerInfoController.java,106,system:invoicePerInfo:remove
backend_endpoint,系统用户与权限,查询/查看,GET /merchantParamConfig/list,old-code/teaching-modules/teaching-system/src/main/java/com/teaching/system/controller/MerchantParamConfigController.java,35,system:config:list
backend_endpoint,系统用户与权限,导出,POST /merchantParamConfig/export,old-code/teaching-modules/teaching-system/src/main/java/com/teaching/system/controller/MerchantParamConfigController.java,48,system:config:export
backend_endpoint,系统用户与权限,查询/查看,GET /merchantParamConfig/{id},old-code/teaching-modules/teaching-system/src/main/java/com/teaching/system/controller/MerchantParamConfigController.java,60,system:config:query
backend_endpoint,系统用户与权限,业务操作,POST /merchantParamConfig/,old-code/teaching-modules/teaching-system/src/main/java/com/teaching/system/controller/MerchantParamConfigController.java,71,system:config:add
backend_endpoint,系统用户与权限,业务操作,PUT /merchantParamConfig/,old-code/teaching-modules/teaching-system/src/main/java/com/teaching/system/controller/MerchantParamConfigController.java,82,system:config:edit
backend_endpoint,系统用户与权限,删除/作废,DELETE /merchantParamConfig/{ids},old-code/teaching-modules/teaching-system/src/main/java/com/teaching/system/controller/MerchantParamConfigController.java,93,system:config:remove
backend_endpoint,系统用户与权限,修改/状态变更、查询/查看,GET /merchantParamConfig/changeStatus/{id},old-code/teaching-modules/teaching-system/src/main/java/com/teaching/system/controller/MerchantParamConfigController.java,100,system:config:changeStatus
backend_endpoint,系统用户与权限,查询/查看,GET /merchantParamConfig/getConfig,old-code/teaching-modules/teaching-system/src/main/java/com/teaching/system/controller/MerchantParamConfigController.java,111,
backend_endpoint,系统用户与权限,查询/查看,GET /merchantParamConfig/merSelect,old-code/teaching-modules/teaching-system/src/main/java/com/teaching/system/controller/MerchantParamConfigController.java,116,
backend_endpoint,系统用户与权限,查询/查看,GET /merchantWorkScope/list,old-code/teaching-modules/teaching-system/src/main/java/com/teaching/system/controller/MerchantWorkScopeController.java,42,system:scope:list
backend_endpoint,系统用户与权限,导出,POST /merchantWorkScope/export,old-code/teaching-modules/teaching-system/src/main/java/com/teaching/system/controller/MerchantWorkScopeController.java,55,system:scope:export
backend_endpoint,系统用户与权限,查询/查看,GET /merchantWorkScope/{id},old-code/teaching-modules/teaching-system/src/main/java/com/teaching/system/controller/MerchantWorkScopeController.java,67,system:scope:query
backend_endpoint,系统用户与权限,业务操作,POST /merchantWorkScope/,old-code/teaching-modules/teaching-system/src/main/java/com/teaching/system/controller/MerchantWorkScopeController.java,78,system:scope:add
backend_endpoint,系统用户与权限,业务操作,PUT /merchantWorkScope/,old-code/teaching-modules/teaching-system/src/main/java/com/teaching/system/controller/MerchantWorkScopeController.java,89,system:scope:edit
backend_endpoint,系统用户与权限,删除/作废,DELETE /merchantWorkScope/{ids},old-code/teaching-modules/teaching-system/src/main/java/com/teaching/system/controller/MerchantWorkScopeController.java,100,system:scope:remove
backend_endpoint,系统用户与权限,查询/查看,GET /messageTemplate/list,old-code/teaching-modules/teaching-system/src/main/java/com/teaching/system/controller/MessageTemplateSourceController.java,37,system:source:list
backend_endpoint,系统用户与权限,导出、查询/查看,POST /messageTemplate/export,old-code/teaching-modules/teaching-system/src/main/java/com/teaching/system/controller/MessageTemplateSourceController.java,50,system:source:export
backend_endpoint,系统用户与权限,查询/查看,GET /messageTemplate/{id},old-code/teaching-modules/teaching-system/src/main/java/com/teaching/system/controller/MessageTemplateSourceController.java,62,system:source:query
backend_endpoint,系统用户与权限,查询/查看,GET /messageTemplate/getTemplateAttributeValue,old-code/teaching-modules/teaching-system/src/main/java/com/teaching/system/controller/MessageTemplateSourceController.java,69,
backend_endpoint,系统用户与权限,查询/查看,POST /messageTemplate/,old-code/teaching-modules/teaching-system/src/main/java/com/teaching/system/controller/MessageTemplateSourceController.java,80,system:source:add
backend_endpoint,系统用户与权限,查询/查看,PUT /messageTemplate/,old-code/teaching-modules/teaching-system/src/main/java/com/teaching/system/controller/MessageTemplateSourceController.java,91,system:source:edit
backend_endpoint,系统用户与权限,删除/作废、查询/查看,DELETE /messageTemplate/{ids},old-code/teaching-modules/teaching-system/src/main/java/com/teaching/system/controller/MessageTemplateSourceController.java,102,system:source:remove
backend_endpoint,系统用户与权限,查询/查看,GET /messageTemplate/getTemplateSource,old-code/teaching-modules/teaching-system/src/main/java/com/teaching/system/controller/MessageTemplateSourceController.java,112,
backend_endpoint,系统用户与权限,查询/查看,GET /table/list,old-code/teaching-modules/teaching-system/src/main/java/com/teaching/system/controller/MessageTemplateTargetTableController.java,42,system:table:list
backend_endpoint,系统用户与权限,导出、查询/查看,POST /table/export,old-code/teaching-modules/teaching-system/src/main/java/com/teaching/system/controller/MessageTemplateTargetTableController.java,55,system:table:export
backend_endpoint,系统用户与权限,查询/查看,GET /table/{id},old-code/teaching-modules/teaching-system/src/main/java/com/teaching/system/controller/MessageTemplateTargetTableController.java,67,system:table:query
backend_endpoint,系统用户与权限,查询/查看,POST /table/,old-code/teaching-modules/teaching-system/src/main/java/com/teaching/system/controller/MessageTemplateTargetTableController.java,78,system:table:add
backend_endpoint,系统用户与权限,查询/查看,PUT /table/,old-code/teaching-modules/teaching-system/src/main/java/com/teaching/system/controller/MessageTemplateTargetTableController.java,89,system:table:edit
backend_endpoint,系统用户与权限,删除/作废、查询/查看,DELETE /table/{ids},old-code/teaching-modules/teaching-system/src/main/java/com/teaching/system/controller/MessageTemplateTargetTableController.java,100,system:table:remove
backend_endpoint,系统用户与权限,查询/查看,GET /school/list,old-code/teaching-modules/teaching-system/src/main/java/com/teaching/system/controller/NationwideCollegeInfoController.java,35,system:school:list
backend_endpoint,系统用户与权限,导出、查询/查看,POST /school/export,old-code/teaching-modules/teaching-system/src/main/java/com/teaching/system/controller/NationwideCollegeInfoController.java,47,system:school:export
backend_endpoint,系统用户与权限,查询/查看,GET /school/pc/list,old-code/teaching-modules/teaching-system/src/main/java/com/teaching/system/controller/NationwideCollegeInfoController.java,57,
backend_endpoint,系统用户与权限,查询/查看,GET /school/{id},old-code/teaching-modules/teaching-system/src/main/java/com/teaching/system/controller/NationwideCollegeInfoController.java,66,system:school:query
backend_endpoint,系统用户与权限,查询/查看,GET /school/getNationwideCollegeInfoInfo/{id},old-code/teaching-modules/teaching-system/src/main/java/com/teaching/system/controller/NationwideCollegeInfoController.java,72,
backend_endpoint,系统用户与权限,查询/查看,GET /school/getNationwideCollegeInfoInfoByName/{name},old-code/teaching-modules/teaching-system/src/main/java/com/teaching/system/controller/NationwideCollegeInfoController.java,79,
backend_endpoint,系统用户与权限,查询/查看,GET /school/selectAllProvince,old-code/teaching-modules/teaching-system/src/main/java/com/teaching/system/controller/NationwideCollegeInfoController.java,87,
backend_endpoint,系统用户与权限,查询/查看,POST /school/,old-code/teaching-modules/teaching-system/src/main/java/com/teaching/system/controller/NationwideCollegeInfoController.java,97,system:school:add
backend_endpoint,系统用户与权限,查询/查看,PUT /school/,old-code/teaching-modules/teaching-system/src/main/java/com/teaching/system/controller/NationwideCollegeInfoController.java,107,system:school:edit
backend_endpoint,系统用户与权限,删除/作废、查询/查看,DELETE /school/{ids},old-code/teaching-modules/teaching-system/src/main/java/com/teaching/system/controller/NationwideCollegeInfoController.java,117,system:school:remove
backend_endpoint,系统用户与权限,查询/查看,GET /school/getDoubleFirstClassUniversityPlan,old-code/teaching-modules/teaching-system/src/main/java/com/teaching/system/controller/NationwideCollegeInfoController.java,129,
backend_endpoint,系统用户与权限,查询/查看,GET /notification/receiver/list,old-code/teaching-modules/teaching-system/src/main/java/com/teaching/system/controller/NotificationReceiverController.java,34,system:notificationReceiver:list
backend_endpoint,系统用户与权限,查询/查看,GET /notification/receiver/{id},old-code/teaching-modules/teaching-system/src/main/java/com/teaching/system/controller/NotificationReceiverController.java,45,system:notificationReceiver:query
backend_endpoint,系统用户与权限,业务操作,POST /notification/receiver/,old-code/teaching-modules/teaching-system/src/main/java/com/teaching/system/controller/NotificationReceiverController.java,55,system:notificationReceiver:add
backend_endpoint,系统用户与权限,业务操作,PUT /notification/receiver/,old-code/teaching-modules/teaching-system/src/main/java/com/teaching/system/controller/NotificationReceiverController.java,66,system:notificationReceiver:edit
backend_endpoint,系统用户与权限,删除/作废,DELETE /notification/receiver/{ids},old-code/teaching-modules/teaching-system/src/main/java/com/teaching/system/controller/NotificationReceiverController.java,77,system:notificationReceiver:remove
backend_endpoint,系统用户与权限,查询/查看,GET /notification/sender/list,old-code/teaching-modules/teaching-system/src/main/java/com/teaching/system/controller/NotificationSenderController.java,42,system:notificationSender:list
backend_endpoint,系统用户与权限,查询/查看,GET /notification/sender/{id},old-code/teaching-modules/teaching-system/src/main/java/com/teaching/system/controller/NotificationSenderController.java,53,system:notificationSender:query
backend_endpoint,系统用户与权限,业务操作,POST /notification/sender/,old-code/teaching-modules/teaching-system/src/main/java/com/teaching/system/controller/NotificationSenderController.java,63,system:notificationSender:add
backend_endpoint,系统用户与权限,业务操作,PUT /notification/sender/,old-code/teaching-modules/teaching-system/src/main/java/com/teaching/system/controller/NotificationSenderController.java,84,system:notificationSender:edit
backend_endpoint,系统用户与权限,删除/作废,DELETE /notification/sender/{ids},old-code/teaching-modules/teaching-system/src/main/java/com/teaching/system/controller/NotificationSenderController.java,95,system:notificationSender:remove
backend_endpoint,系统用户与权限,查询/查看,GET /notification/sender/unread/list,old-code/teaching-modules/teaching-system/src/main/java/com/teaching/system/controller/NotificationSenderController.java,105,
backend_endpoint,系统用户与权限,查询/查看,GET /notification/sender/view/{ids},old-code/teaching-modules/teaching-system/src/main/java/com/teaching/system/controller/NotificationSenderController.java,121,
backend_endpoint,系统用户与权限,删除/作废,POST /notification/sender/inbox/delete-all,old-code/teaching-modules/teaching-system/src/main/java/com/teaching/system/controller/NotificationSenderController.java,149,
backend_endpoint,系统用户与权限,业务操作,POST /notification/sender/inbox/read-all,old-code/teaching-modules/teaching-system/src/main/java/com/teaching/system/controller/NotificationSenderController.java,164,
backend_endpoint,系统用户与权限,查询/查看,GET /notification/sender/read/list,old-code/teaching-modules/teaching-system/src/main/java/com/teaching/system/controller/NotificationSenderController.java,178,
backend_endpoint,系统用户与权限,查询/查看,GET /notification/sender/inbox/list,old-code/teaching-modules/teaching-system/src/main/java/com/teaching/system/controller/NotificationSenderController.java,198,
backend_endpoint,系统用户与权限,业务操作,POST /notification/sender/inner/send,old-code/teaching-modules/teaching-system/src/main/java/com/teaching/system/controller/NotificationSenderController.java,223,
backend_endpoint,系统用户与权限,支付/退款、查询/查看,GET /relation/list,old-code/teaching-modules/teaching-system/src/main/java/com/teaching/system/controller/OrderGoodsRelationController.java,42,system:relation:list
backend_endpoint,系统用户与权限,导出、支付/退款,POST /relation/export,old-code/teaching-modules/teaching-system/src/main/java/com/teaching/system/controller/OrderGoodsRelationController.java,55,system:relation:export
backend_endpoint,系统用户与权限,支付/退款、查询/查看,GET /relation/{id},old-code/teaching-modules/teaching-system/src/main/java/com/teaching/system/controller/OrderGoodsRelationController.java,67,system:relation:query
backend_endpoint,系统用户与权限,支付/退款,POST /relation/,old-code/teaching-modules/teaching-system/src/main/java/com/teaching/system/controller/OrderGoodsRelationController.java,78,system:relation:add
backend_endpoint,系统用户与权限,支付/退款,PUT /relation/,old-code/teaching-modules/teaching-system/src/main/java/com/teaching/system/controller/OrderGoodsRelationController.java,89,system:relation:edit
backend_endpoint,系统用户与权限,删除/作废、支付/退款,DELETE /relation/{ids},old-code/teaching-modules/teaching-system/src/main/java/com/teaching/system/controller/OrderGoodsRelationController.java,100,system:relation:remove
backend_endpoint,系统用户与权限,支付/退款、查询/查看,GET /order/list,old-code/teaching-modules/teaching-system/src/main/java/com/teaching/system/controller/OrderInfoController.java,55,system:info:list
backend_endpoint,系统用户与权限,支付/退款、查询/查看,GET /order/personalList,old-code/teaching-modules/teaching-system/src/main/java/com/teaching/system/controller/OrderInfoController.java,68,
backend_endpoint,系统用户与权限,修改/状态变更、支付/退款、查询/查看,GET /order/perStatusCount,old-code/teaching-modules/teaching-system/src/main/java/com/teaching/system/controller/OrderInfoController.java,76,
backend_endpoint,系统用户与权限,导出、支付/退款、查询/查看,POST /order/export,old-code/teaching-modules/teaching-system/src/main/java/com/teaching/system/controller/OrderInfoController.java,86,system:info:export
backend_endpoint,系统用户与权限,支付/退款、查询/查看,GET /order/{id},old-code/teaching-modules/teaching-system/src/main/java/com/teaching/system/controller/OrderInfoController.java,98,system:info:query
backend_endpoint,系统用户与权限,支付/退款、查询/查看,GET /order/personal/{id},old-code/teaching-modules/teaching-system/src/main/java/com/teaching/system/controller/OrderInfoController.java,104,
backend_endpoint,系统用户与权限,支付/退款、查询/查看,GET /order/personal/getOrder,old-code/teaching-modules/teaching-system/src/main/java/com/teaching/system/controller/OrderInfoController.java,113,
backend_endpoint,系统用户与权限,支付/退款、查询/查看,POST /order/,old-code/teaching-modules/teaching-system/src/main/java/com/teaching/system/controller/OrderInfoController.java,124,system:info:add
backend_endpoint,系统用户与权限,支付/退款、查询/查看,PUT /order/,old-code/teaching-modules/teaching-system/src/main/java/com/teaching/system/controller/OrderInfoController.java,135,system:info:edit
backend_endpoint,系统用户与权限,修改/状态变更、支付/退款、查询/查看,GET /order/updateTeamInfo,old-code/teaching-modules/teaching-system/src/main/java/com/teaching/system/controller/OrderInfoController.java,142,
backend_endpoint,系统用户与权限,删除/作废、支付/退款、查询/查看,DELETE /order/{ids},old-code/teaching-modules/teaching-system/src/main/java/com/teaching/system/controller/OrderInfoController.java,152,system:info:remove
backend_endpoint,支付,支付/退款、查询/查看,POST /order/getPaymentUrl,old-code/teaching-modules/teaching-system/src/main/java/com/teaching/system/controller/OrderInfoController.java,162,
backend_endpoint,支付,支付/退款、查询/查看,POST /order/getCertPaymentUrl,old-code/teaching-modules/teaching-system/src/main/java/com/teaching/system/controller/OrderInfoController.java,171,
backend_endpoint,支付,支付/退款、查询/查看,GET /order/regeneratePaymentUrl/{id},old-code/teaching-modules/teaching-system/src/main/java/com/teaching/system/controller/OrderInfoController.java,179,
backend_endpoint,支付,支付/退款、查询/查看,POST /order/paymentCallback,old-code/teaching-modules/teaching-system/src/main/java/com/teaching/system/controller/OrderInfoController.java,187,
backend_endpoint,系统用户与权限,支付/退款、查询/查看,GET /order/cancelOrder/{id},old-code/teaching-modules/teaching-system/src/main/java/com/teaching/system/controller/OrderInfoController.java,195,
backend_endpoint,支付,支付/退款、查询/查看,GET /order/cancelRepaymentOrder/{id},old-code/teaching-modules/teaching-system/src/main/java/com/teaching/system/controller/OrderInfoController.java,201,
backend_endpoint,支付,支付/退款、查询/查看,GET /order/refund/{id},old-code/teaching-modules/teaching-system/src/main/java/com/teaching/system/controller/OrderInfoController.java,209,
backend_endpoint,支付,支付/退款、查询/查看,POST /order/refundCallback,old-code/teaching-modules/teaching-system/src/main/java/com/teaching/system/controller/OrderInfoController.java,217,
backend_endpoint,支付,支付/退款、查询/查看,GET /order/queryPaymentResult/{id},old-code/teaching-modules/teaching-system/src/main/java/com/teaching/system/controller/OrderInfoController.java,225,
backend_endpoint,支付,支付/退款、查询/查看,GET /order/queryRefundResult/{id},old-code/teaching-modules/teaching-system/src/main/java/com/teaching/system/controller/OrderInfoController.java,233,
backend_endpoint,系统用户与权限,支付/退款、新增/创建、查询/查看,GET /order/wxMiniCreateOrder/{id},old-code/teaching-modules/teaching-system/src/main/java/com/teaching/system/controller/OrderInfoController.java,241,
backend_endpoint,系统用户与权限,支付/退款、查询/查看,GET /order/statementUrl/{billDate},old-code/teaching-modules/teaching-system/src/main/java/com/teaching/system/controller/OrderInfoController.java,251,
backend_endpoint,系统用户与权限,支付/退款、查询/查看,GET /order/statementTask,old-code/teaching-modules/teaching-system/src/main/java/com/teaching/system/controller/OrderInfoController.java,256,
backend_endpoint,支付,支付/退款、查询/查看,GET /order/syncPaymentResult,old-code/teaching-modules/teaching-system/src/main/java/com/teaching/system/controller/OrderInfoController.java,261,
backend_endpoint,支付,支付/退款、查询/查看,GET /order/syncRefundResult,old-code/teaching-modules/teaching-system/src/main/java/com/teaching/system/controller/OrderInfoController.java,266,
backend_endpoint,系统用户与权限,支付/退款、查询/查看,GET /order/getOrderByUserIdAndCommodityId,old-code/teaching-modules/teaching-system/src/main/java/com/teaching/system/controller/OrderInfoController.java,278,
backend_endpoint,系统用户与权限,修改/状态变更、支付/退款、查询/查看,GET /order/getOrderStatusByUserIdAndCommodityId,old-code/teaching-modules/teaching-system/src/main/java/com/teaching/system/controller/OrderInfoController.java,289,
backend_endpoint,系统用户与权限,修改/状态变更、支付/退款、查询/查看,POST /order/selectOrderStatus,old-code/teaching-modules/teaching-system/src/main/java/com/teaching/system/controller/OrderInfoController.java,299,
backend_endpoint,支付,修改/状态变更、支付/退款、查询/查看,GET /order/updatePaymentProof,old-code/teaching-modules/teaching-system/src/main/java/com/teaching/system/controller/OrderInfoController.java,313,
backend_endpoint,系统用户与权限,支付/退款、查询/查看,GET /order/proofAudit,old-code/teaching-modules/teaching-system/src/main/java/com/teaching/system/controller/OrderInfoController.java,324,
backend_endpoint,支付,修改/状态变更、支付/退款、查询/查看,GET /order/updatePayMethod,old-code/teaching-modules/teaching-system/src/main/java/com/teaching/system/controller/OrderInfoController.java,332,
backend_endpoint,系统用户与权限,支付/退款、查询/查看,GET /order/getPendingCount,old-code/teaching-modules/teaching-system/src/main/java/com/teaching/system/controller/OrderInfoController.java,340,
backend_endpoint,系统用户与权限,支付/退款、查询/查看,POST /order/count/{teamCodes},old-code/teaching-modules/teaching-system/src/main/java/com/teaching/system/controller/OrderInfoController.java,348,
backend_endpoint,系统用户与权限,支付/退款、查询/查看,POST /order/getOrdersByCommodityId,old-code/teaching-modules/teaching-system/src/main/java/com/teaching/system/controller/OrderInfoController.java,355,
backend_endpoint,系统用户与权限,支付/退款、查询/查看,GET /order/getOfflineBankInfo/{id},old-code/teaching-modules/teaching-system/src/main/java/com/teaching/system/controller/OrderInfoController.java,363,
backend_endpoint,系统用户与权限,支付/退款、查询/查看,GET /order/commodityNameList,old-code/teaching-modules/teaching-system/src/main/java/com/teaching/system/controller/OrderInfoController.java,368,
backend_endpoint,支付,修改/状态变更、支付/退款、新增/创建、查询/查看,POST /order/createPayOrderByTeamChange,old-code/teaching-modules/teaching-system/src/main/java/com/teaching/system/controller/OrderInfoController.java,381,
backend_endpoint,支付,修改/状态变更、支付/退款、新增/创建、查询/查看,POST /order/createRefundOrderByTeamChange,old-code/teaching-modules/teaching-system/src/main/java/com/teaching/system/controller/OrderInfoController.java,408,
backend_endpoint,支付,修改/状态变更、支付/退款、新增/创建、查询/查看,POST /order/inner/createPayOrderByTeamChange,old-code/teaching-modules/teaching-system/src/main/java/com/teaching/system/controller/OrderInfoController.java,414,
backend_endpoint,支付,修改/状态变更、支付/退款、查询/查看,GET /order/updateRefundStatus,old-code/teaching-modules/teaching-system/src/main/java/com/teaching/system/controller/OrderInfoController.java,425,
backend_endpoint,支付,修改/状态变更、支付/退款、查询/查看,GET /order/updateRefundCancelStatus,old-code/teaching-modules/teaching-system/src/main/java/com/teaching/system/controller/OrderInfoController.java,434,
backend_endpoint,支付,支付/退款、查询/查看,GET /order/getPayAndRefundOrderInfo,old-code/teaching-modules/teaching-system/src/main/java/com/teaching/system/controller/OrderInfoController.java,444,
backend_endpoint,支付,修改/状态变更、支付/退款、查询/查看,GET /order/checkTeamChangePayOrder,old-code/teaching-modules/teaching-system/src/main/java/com/teaching/system/controller/OrderInfoController.java,449,
backend_endpoint,系统用户与权限,支付/退款、查询/查看,GET /record/list,old-code/teaching-modules/teaching-system/src/main/java/com/teaching/system/controller/OrderStatementRecordController.java,42,system:record:list
backend_endpoint,系统用户与权限,导出、支付/退款,POST /record/export,old-code/teaching-modules/teaching-system/src/main/java/com/teaching/system/controller/OrderStatementRecordController.java,55,system:record:export
backend_endpoint,系统用户与权限,支付/退款、查询/查看,GET /record/{id},old-code/teaching-modules/teaching-system/src/main/java/com/teaching/system/controller/OrderStatementRecordController.java,67,system:record:query
backend_endpoint,系统用户与权限,支付/退款,POST /record/,old-code/teaching-modules/teaching-system/src/main/java/com/teaching/system/controller/OrderStatementRecordController.java,78,system:record:add
backend_endpoint,系统用户与权限,支付/退款,PUT /record/,old-code/teaching-modules/teaching-system/src/main/java/com/teaching/system/controller/OrderStatementRecordController.java,89,system:record:edit
backend_endpoint,系统用户与权限,删除/作废、支付/退款,DELETE /record/{ids},old-code/teaching-modules/teaching-system/src/main/java/com/teaching/system/controller/OrderStatementRecordController.java,100,system:record:remove
backend_endpoint,系统用户与权限,修改/状态变更、查询/查看,POST /personalCenter/updateUserInfo,old-code/teaching-modules/teaching-system/src/main/java/com/teaching/system/controller/PersonalCenterController.java,86,
backend_endpoint,系统用户与权限,修改/状态变更、查询/查看,POST /personalCenter/updateUserInfoPhoneOrEmail,old-code/teaching-modules/teaching-system/src/main/java/com/teaching/system/controller/PersonalCenterController.java,104,
backend_endpoint,系统用户与权限,修改/状态变更,POST /personalCenter/updatePwd,old-code/teaching-modules/teaching-system/src/main/java/com/teaching/system/controller/PersonalCenterController.java,188,
backend_endpoint,系统用户与权限,查询/查看,GET /personalCenter/getUserCenterInfo,old-code/teaching-modules/teaching-system/src/main/java/com/teaching/system/controller/PersonalCenterController.java,215,
backend_endpoint,系统用户与权限,查询/查看,GET /personalCenter/getInnerUserCenterInfo,old-code/teaching-modules/teaching-system/src/main/java/com/teaching/system/controller/PersonalCenterController.java,233,
backend_endpoint,系统用户与权限,查询/查看,POST /personalCenter/getUserCenterInfoList,old-code/teaching-modules/teaching-system/src/main/java/com/teaching/system/controller/PersonalCenterController.java,244,
backend_endpoint,系统用户与权限,查询/查看,GET /personalCenter/list,old-code/teaching-modules/teaching-system/src/main/java/com/teaching/system/controller/PersonalCenterController.java,250,
backend_endpoint,系统用户与权限,查询/查看,GET /personalCenter/teacherList,old-code/teaching-modules/teaching-system/src/main/java/com/teaching/system/controller/PersonalCenterController.java,259,
backend_endpoint,系统用户与权限,查询/查看,GET /personalCenter/pc/getTeachers,old-code/teaching-modules/teaching-system/src/main/java/com/teaching/system/controller/PersonalCenterController.java,270,
backend_endpoint,系统用户与权限,新增/创建,POST /personalCenter/saveUserAuthorization,old-code/teaching-modules/teaching-system/src/main/java/com/teaching/system/controller/PersonalCenterController.java,277,
backend_endpoint,系统用户与权限,查询/查看,GET /processRelation/list,old-code/teaching-modules/teaching-system/src/main/java/com/teaching/system/controller/ProcessedRelationController.java,36,system:relation:list
backend_endpoint,系统用户与权限,导出,POST /processRelation/export,old-code/teaching-modules/teaching-system/src/main/java/com/teaching/system/controller/ProcessedRelationController.java,48,system:relation:export
backend_endpoint,系统用户与权限,查询/查看,GET /processRelation/{id},old-code/teaching-modules/teaching-system/src/main/java/com/teaching/system/controller/ProcessedRelationController.java,59,system:relation:query
backend_endpoint,系统用户与权限,业务操作,POST /processRelation/,old-code/teaching-modules/teaching-system/src/main/java/com/teaching/system/controller/ProcessedRelationController.java,69,system:relation:add
backend_endpoint,系统用户与权限,业务操作,PUT /processRelation/,old-code/teaching-modules/teaching-system/src/main/java/com/teaching/system/controller/ProcessedRelationController.java,79,system:relation:edit
backend_endpoint,系统用户与权限,删除/作废,DELETE /processRelation/{ids},old-code/teaching-modules/teaching-system/src/main/java/com/teaching/system/controller/ProcessedRelationController.java,89,system:relation:remove
backend_endpoint,系统用户与权限,查询/查看,GET /processRelation/list/byLoginUser,old-code/teaching-modules/teaching-system/src/main/java/com/teaching/system/controller/ProcessedRelationController.java,94,
backend_endpoint,系统用户与权限,业务操作,PUT /processRelation/,old-code/teaching-modules/teaching-system/src/main/java/com/teaching/system/controller/ProcessedRelationController.java,109,
backend_endpoint,系统用户与权限,查询/查看,POST /processRelation/lastPage,old-code/teaching-modules/teaching-system/src/main/java/com/teaching/system/controller/ProcessedRelationController.java,122,
backend_endpoint,系统用户与权限,查询/查看,GET /reviewSpecialistGroupInfo/list,old-code/teaching-modules/teaching-system/src/main/java/com/teaching/system/controller/ReviewSpecialistGroupInfoController.java,44,system:group:list
backend_endpoint,系统用户与权限,导出、查询/查看,POST /reviewSpecialistGroupInfo/export,old-code/teaching-modules/teaching-system/src/main/java/com/teaching/system/controller/ReviewSpecialistGroupInfoController.java,56,system:group:export
backend_endpoint,系统用户与权限,查询/查看,GET /reviewSpecialistGroupInfo/{groupId},old-code/teaching-modules/teaching-system/src/main/java/com/teaching/system/controller/ReviewSpecialistGroupInfoController.java,67,system:group:query
backend_endpoint,系统用户与权限,新增/创建、查询/查看,POST /reviewSpecialistGroupInfo/addReviewSpecialistGroupInfo,old-code/teaching-modules/teaching-system/src/main/java/com/teaching/system/controller/ReviewSpecialistGroupInfoController.java,77,system:group:add
backend_endpoint,系统用户与权限,修改/状态变更、查询/查看,POST /reviewSpecialistGroupInfo/editReviewSpecialistGroupInfo,old-code/teaching-modules/teaching-system/src/main/java/com/teaching/system/controller/ReviewSpecialistGroupInfoController.java,87,system:group:edit
backend_endpoint,系统用户与权限,删除/作废、查询/查看,GET /reviewSpecialistGroupInfo/remove/{groupId},old-code/teaching-modules/teaching-system/src/main/java/com/teaching/system/controller/ReviewSpecialistGroupInfoController.java,97,system:group:remove
backend_endpoint,系统用户与权限,删除/作废、查询/查看,POST /reviewSpecialistGroupInfo/remove/specialist,old-code/teaching-modules/teaching-system/src/main/java/com/teaching/system/controller/ReviewSpecialistGroupInfoController.java,107,system:group:remove
backend_endpoint,系统用户与权限,查询/查看,POST /reviewSpecialistGroupInfo/getSpecialistInfo,old-code/teaching-modules/teaching-system/src/main/java/com/teaching/system/controller/ReviewSpecialistGroupInfoController.java,121,system:group:list
backend_endpoint,系统用户与权限,查询/查看,GET /reviewTaskAllotGroup/list,old-code/teaching-modules/teaching-system/src/main/java/com/teaching/system/controller/ReviewTaskAllotGroupController.java,41,system:allotGroup:query
backend_endpoint,系统用户与权限,导出,POST /reviewTaskAllotGroup/export,old-code/teaching-modules/teaching-system/src/main/java/com/teaching/system/controller/ReviewTaskAllotGroupController.java,52,system:allotGroup:export
backend_endpoint,系统用户与权限,查询/查看,GET /reviewTaskAllotGroup/getReviewTaskAllotGroup/{reviewGroupId},old-code/teaching-modules/teaching-system/src/main/java/com/teaching/system/controller/ReviewTaskAllotGroupController.java,63,system:allotGroup:query
backend_endpoint,系统用户与权限,新增/创建,POST /reviewTaskAllotGroup/addReviewTaskAllotGroup,old-code/teaching-modules/teaching-system/src/main/java/com/teaching/system/controller/ReviewTaskAllotGroupController.java,73,system:allotGroup:add
backend_endpoint,系统用户与权限,修改/状态变更,POST /reviewTaskAllotGroup/editReviewTaskAllotGroup,old-code/teaching-modules/teaching-system/src/main/java/com/teaching/system/controller/ReviewTaskAllotGroupController.java,83,system:allotGroup:edit
backend_endpoint,系统用户与权限,删除/作废、查询/查看,GET /reviewTaskAllotGroup/remove/{reviewGroupId},old-code/teaching-modules/teaching-system/src/main/java/com/teaching/system/controller/ReviewTaskAllotGroupController.java,93,system:allotGroup:remove
backend_endpoint,系统用户与权限,删除/作废,POST /reviewTaskAllotGroup/remove/groupRelation,old-code/teaching-modules/teaching-system/src/main/java/com/teaching/system/controller/ReviewTaskAllotGroupController.java,103,system:allotGroup:remove
backend_endpoint,系统用户与权限,查询/查看,GET /reviewTaskInfo/list,old-code/teaching-modules/teaching-system/src/main/java/com/teaching/system/controller/ReviewTaskInfoController.java,38,system:reviewTask:list
backend_endpoint,系统用户与权限,导出、查询/查看,POST /reviewTaskInfo/export,old-code/teaching-modules/teaching-system/src/main/java/com/teaching/system/controller/ReviewTaskInfoController.java,50,system:reviewTask:export
backend_endpoint,系统用户与权限,查询/查看,GET /reviewTaskInfo/{reviewId},old-code/teaching-modules/teaching-system/src/main/java/com/teaching/system/controller/ReviewTaskInfoController.java,61,system:reviewTask:query
backend_endpoint,系统用户与权限,新增/创建、查询/查看,POST /reviewTaskInfo/saveReviewTaskInfo,old-code/teaching-modules/teaching-system/src/main/java/com/teaching/system/controller/ReviewTaskInfoController.java,71,system:reviewTask:add
backend_endpoint,系统用户与权限,新增/创建、查询/查看,POST /reviewTaskInfo/saveSpecialistReviewTaskInfo,old-code/teaching-modules/teaching-system/src/main/java/com/teaching/system/controller/ReviewTaskInfoController.java,81,system:reviewTask:add
backend_endpoint,系统用户与权限,新增/创建、查询/查看,POST /reviewTaskInfo/saveSpecialistGroupReviewTaskInfo,old-code/teaching-modules/teaching-system/src/main/java/com/teaching/system/controller/ReviewTaskInfoController.java,96,system:reviewTask:add
backend_endpoint,系统用户与权限,查询/查看,PUT /reviewTaskInfo/,old-code/teaching-modules/teaching-system/src/main/java/com/teaching/system/controller/ReviewTaskInfoController.java,111,system:reviewTask:edit
backend_endpoint,系统用户与权限,删除/作废、查询/查看,DELETE /reviewTaskInfo/{reviewIds},old-code/teaching-modules/teaching-system/src/main/java/com/teaching/system/controller/ReviewTaskInfoController.java,121,system:reviewTask:remove
backend_endpoint,系统用户与权限,查询/查看,GET /reviewTaskInfo/getExpertList,old-code/teaching-modules/teaching-system/src/main/java/com/teaching/system/controller/ReviewTaskInfoController.java,132,
backend_endpoint,流程审批,查询/查看,GET /reviewTaskInfo/getTaskInfoByProcessedId,old-code/teaching-modules/teaching-system/src/main/java/com/teaching/system/controller/ReviewTaskInfoController.java,149,
backend_endpoint,系统用户与权限,查询/查看,GET /discipline/list,old-code/teaching-modules/teaching-system/src/main/java/com/teaching/system/controller/SchoolSpecialtyInfoController.java,34,system:major:list
backend_endpoint,系统用户与权限,导出、查询/查看,POST /discipline/export,old-code/teaching-modules/teaching-system/src/main/java/com/teaching/system/controller/SchoolSpecialtyInfoController.java,46,system:major:export
backend_endpoint,系统用户与权限,查询/查看,GET /discipline/{id},old-code/teaching-modules/teaching-system/src/main/java/com/teaching/system/controller/SchoolSpecialtyInfoController.java,57,system:major:query
backend_endpoint,系统用户与权限,查询/查看,GET /discipline/pc/list,old-code/teaching-modules/teaching-system/src/main/java/com/teaching/system/controller/SchoolSpecialtyInfoController.java,67,
backend_endpoint,系统用户与权限,查询/查看,POST /discipline/,old-code/teaching-modules/teaching-system/src/main/java/com/teaching/system/controller/SchoolSpecialtyInfoController.java,77,system:major:add
backend_endpoint,系统用户与权限,查询/查看,PUT /discipline/,old-code/teaching-modules/teaching-system/src/main/java/com/teaching/system/controller/SchoolSpecialtyInfoController.java,87,system:major:edit
backend_endpoint,系统用户与权限,删除/作废、查询/查看,DELETE /discipline/{ids},old-code/teaching-modules/teaching-system/src/main/java/com/teaching/system/controller/SchoolSpecialtyInfoController.java,97,system:major:remove
backend_endpoint,系统用户与权限,查询/查看,GET /suggBack/list,old-code/teaching-modules/teaching-system/src/main/java/com/teaching/system/controller/SuggBackController.java,44,system:suggBack:list
backend_endpoint,系统用户与权限,导出,POST /suggBack/export,old-code/teaching-modules/teaching-system/src/main/java/com/teaching/system/controller/SuggBackController.java,60,system:suggBack:export
backend_endpoint,系统用户与权限,查询/查看,GET /suggBack/{suggBackId},old-code/teaching-modules/teaching-system/src/main/java/com/teaching/system/controller/SuggBackController.java,72,system:suggBack:query
backend_endpoint,系统用户与权限,业务操作,POST /suggBack/,old-code/teaching-modules/teaching-system/src/main/java/com/teaching/system/controller/SuggBackController.java,83,system:suggBack:add
backend_endpoint,系统用户与权限,业务操作,PUT /suggBack/,old-code/teaching-modules/teaching-system/src/main/java/com/teaching/system/controller/SuggBackController.java,101,system:suggBack:edit
backend_endpoint,系统用户与权限,删除/作废,DELETE /suggBack/{suggBackIds},old-code/teaching-modules/teaching-system/src/main/java/com/teaching/system/controller/SuggBackController.java,113,system:suggBack:remove
backend_endpoint,系统用户与权限,业务操作,PUT /suggBack/reply,old-code/teaching-modules/teaching-system/src/main/java/com/teaching/system/controller/SuggBackController.java,124,system:suggBack:reply
backend_endpoint,系统用户与权限,业务操作,PUT /suggBack/transfer,old-code/teaching-modules/teaching-system/src/main/java/com/teaching/system/controller/SuggBackController.java,137,system:suggBack:transfer
backend_endpoint,系统用户与权限,修改/状态变更,PUT /suggBack/changeStatus,old-code/teaching-modules/teaching-system/src/main/java/com/teaching/system/controller/SuggBackController.java,149,system:suggBack:edit
backend_endpoint,系统用户与权限,查询/查看,GET /auditlog/list,old-code/teaching-modules/teaching-system/src/main/java/com/teaching/system/controller/SysAuditLogController.java,43,system:auditlog:list
backend_endpoint,系统用户与权限,查询/查看,GET /auditlog/{auditId},old-code/teaching-modules/teaching-system/src/main/java/com/teaching/system/controller/SysAuditLogController.java,55,system:auditlog:query
backend_endpoint,系统用户与权限,导出,POST /auditlog/export,old-code/teaching-modules/teaching-system/src/main/java/com/teaching/system/controller/SysAuditLogController.java,66,system:auditlog:export
backend_endpoint,系统用户与权限,业务操作,PUT /auditlog/audit,old-code/teaching-modules/teaching-system/src/main/java/com/teaching/system/controller/SysAuditLogController.java,79,system:auditlog:edit
backend_endpoint,系统用户与权限,业务操作,PUT /auditlog/ignore,old-code/teaching-modules/teaching-system/src/main/java/com/teaching/system/controller/SysAuditLogController.java,93,system:auditlog:edit
backend_endpoint,系统用户与权限,删除/作废,DELETE /auditlog/{auditIds},old-code/teaching-modules/teaching-system/src/main/java/com/teaching/system/controller/SysAuditLogController.java,107,system:auditlog:remove
backend_endpoint,系统用户与权限,删除/作废,DELETE /auditlog/clean,old-code/teaching-modules/teaching-system/src/main/java/com/teaching/system/controller/SysAuditLogController.java,118,system:auditlog:remove
backend_endpoint,系统用户与权限,查询/查看,GET /auditlog/statistics/byType,old-code/teaching-modules/teaching-system/src/main/java/com/teaching/system/controller/SysAuditLogController.java,129,system:auditlog:list
backend_endpoint,系统用户与权限,查询/查看,GET /auditlog/statistics/byRiskLevel,old-code/teaching-modules/teaching-system/src/main/java/com/teaching/system/controller/SysAuditLogController.java,139,system:auditlog:list
backend_endpoint,系统用户与权限,查询/查看,GET /auditlog/statistics/abnormalBehavior,old-code/teaching-modules/teaching-system/src/main/java/com/teaching/system/controller/SysAuditLogController.java,149,system:auditlog:list
backend_endpoint,系统用户与权限,业务操作,POST /auditlog/,old-code/teaching-modules/teaching-system/src/main/java/com/teaching/system/controller/SysAuditLogController.java,159,
backend_endpoint,系统用户与权限,查询/查看,GET /audit/list,old-code/teaching-modules/teaching-system/src/main/java/com/teaching/system/controller/SysAuditMainConfigController.java,36,system:audit:list
backend_endpoint,系统用户与权限,导出,POST /audit/export,old-code/teaching-modules/teaching-system/src/main/java/com/teaching/system/controller/SysAuditMainConfigController.java,48,system:audit:export
backend_endpoint,系统用户与权限,查询/查看,GET /audit/{auditId},old-code/teaching-modules/teaching-system/src/main/java/com/teaching/system/controller/SysAuditMainConfigController.java,59,system:audit:query
backend_endpoint,系统用户与权限,业务操作,POST /audit/,old-code/teaching-modules/teaching-system/src/main/java/com/teaching/system/controller/SysAuditMainConfigController.java,69,system:audit:add
backend_endpoint,系统用户与权限,查询/查看,GET /audit/copy/{auditId},old-code/teaching-modules/teaching-system/src/main/java/com/teaching/system/controller/SysAuditMainConfigController.java,79,system:audit:add
backend_endpoint,系统用户与权限,业务操作,PUT /audit/,old-code/teaching-modules/teaching-system/src/main/java/com/teaching/system/controller/SysAuditMainConfigController.java,89,system:audit:edit
backend_endpoint,系统用户与权限,业务操作,PUT /audit/enableOrDeactivate,old-code/teaching-modules/teaching-system/src/main/java/com/teaching/system/controller/SysAuditMainConfigController.java,100,system:audit:edit
backend_endpoint,系统用户与权限,删除/作废,DELETE /audit/{auditIds},old-code/teaching-modules/teaching-system/src/main/java/com/teaching/system/controller/SysAuditMainConfigController.java,111,system:audit:remove
backend_endpoint,系统用户与权限,查询/查看,GET /task/list,old-code/teaching-modules/teaching-system/src/main/java/com/teaching/system/controller/SysAuditTaskController.java,44,
backend_endpoint,系统用户与权限,查询/查看,GET /task/finish,old-code/teaching-modules/teaching-system/src/main/java/com/teaching/system/controller/SysAuditTaskController.java,58,
backend_endpoint,系统用户与权限,导出,POST /task/export,old-code/teaching-modules/teaching-system/src/main/java/com/teaching/system/controller/SysAuditTaskController.java,71,system:task:export
backend_endpoint,系统用户与权限,查询/查看,GET /task/{taskId},old-code/teaching-modules/teaching-system/src/main/java/com/teaching/system/controller/SysAuditTaskController.java,84,
backend_endpoint,系统用户与权限,查询/查看,GET /task/pic/{taskId},old-code/teaching-modules/teaching-system/src/main/java/com/teaching/system/controller/SysAuditTaskController.java,95,
backend_endpoint,系统用户与权限,业务操作,POST /task/,old-code/teaching-modules/teaching-system/src/main/java/com/teaching/system/controller/SysAuditTaskController.java,108,
backend_endpoint,系统用户与权限,业务操作,POST /task/pc/realName,old-code/teaching-modules/teaching-system/src/main/java/com/teaching/system/controller/SysAuditTaskController.java,120,
backend_endpoint,系统用户与权限,查询/查看,GET /task/getCheckOpinion/{auditType}/{businessId},old-code/teaching-modules/teaching-system/src/main/java/com/teaching/system/controller/SysAuditTaskController.java,133,
backend_endpoint,系统用户与权限,业务操作,PUT /task/audit,old-code/teaching-modules/teaching-system/src/main/java/com/teaching/system/controller/SysAuditTaskController.java,146,
backend_endpoint,系统用户与权限,业务操作,PUT /task/audits,old-code/teaching-modules/teaching-system/src/main/java/com/teaching/system/controller/SysAuditTaskController.java,157,
backend_endpoint,系统用户与权限,业务操作,PUT /task/videoAudit,old-code/teaching-modules/teaching-system/src/main/java/com/teaching/system/controller/SysAuditTaskController.java,168,
backend_endpoint,系统用户与权限,业务操作,PUT /task/,old-code/teaching-modules/teaching-system/src/main/java/com/teaching/system/controller/SysAuditTaskController.java,178,system:task:edit
backend_endpoint,系统用户与权限,删除/作废,DELETE /task/{taskIds},old-code/teaching-modules/teaching-system/src/main/java/com/teaching/system/controller/SysAuditTaskController.java,188,system:task:remove
backend_endpoint,系统用户与权限,新增/创建、查询/查看,GET /task/addAuditTask/{auditType}/{businessId},old-code/teaching-modules/teaching-system/src/main/java/com/teaching/system/controller/SysAuditTaskController.java,201,
backend_endpoint,系统用户与权限,查询/查看,GET /task/getUser/{type},old-code/teaching-modules/teaching-system/src/main/java/com/teaching/system/controller/SysAuditTaskController.java,213,
backend_endpoint,系统用户与权限,查询/查看,GET /config/list,old-code/teaching-modules/teaching-system/src/main/java/com/teaching/system/controller/SysConfigController.java,42,system:config:list
backend_endpoint,系统用户与权限,导出,POST /config/export,old-code/teaching-modules/teaching-system/src/main/java/com/teaching/system/controller/SysConfigController.java,52,system:config:export
backend_endpoint,系统用户与权限,查询/查看,GET /config/{configId},old-code/teaching-modules/teaching-system/src/main/java/com/teaching/system/controller/SysConfigController.java,63,
backend_endpoint,系统用户与权限,查询/查看,GET /config/configKey/{configKey},old-code/teaching-modules/teaching-system/src/main/java/com/teaching/system/controller/SysConfigController.java,72,
backend_endpoint,系统用户与权限,业务操作,POST /config/,old-code/teaching-modules/teaching-system/src/main/java/com/teaching/system/controller/SysConfigController.java,83,system:config:add
backend_endpoint,系统用户与权限,业务操作,PUT /config/,old-code/teaching-modules/teaching-system/src/main/java/com/teaching/system/controller/SysConfigController.java,99,system:config:edit
backend_endpoint,系统用户与权限,删除/作废,DELETE /config/{configIds},old-code/teaching-modules/teaching-system/src/main/java/com/teaching/system/controller/SysConfigController.java,115,system:config:remove
backend_endpoint,系统用户与权限,删除/作废,DELETE /config/refreshCache,old-code/teaching-modules/teaching-system/src/main/java/com/teaching/system/controller/SysConfigController.java,127,system:config:remove
backend_endpoint,系统用户与权限,查询/查看,GET /dict/data/list,old-code/teaching-modules/teaching-system/src/main/java/com/teaching/system/controller/SysDictDataController.java,45,system:dict:list
backend_endpoint,系统用户与权限,导出,POST /dict/data/export,old-code/teaching-modules/teaching-system/src/main/java/com/teaching/system/controller/SysDictDataController.java,55,system:dict:export
backend_endpoint,系统用户与权限,查询/查看,GET /dict/data/{dictCode},old-code/teaching-modules/teaching-system/src/main/java/com/teaching/system/controller/SysDictDataController.java,67,system:dict:query
backend_endpoint,系统用户与权限,查询/查看,GET /dict/data/type/{dictType},old-code/teaching-modules/teaching-system/src/main/java/com/teaching/system/controller/SysDictDataController.java,76,
backend_endpoint,系统用户与权限,业务操作,POST /dict/data/,old-code/teaching-modules/teaching-system/src/main/java/com/teaching/system/controller/SysDictDataController.java,92,system:dict:add
backend_endpoint,系统用户与权限,业务操作,PUT /dict/data/,old-code/teaching-modules/teaching-system/src/main/java/com/teaching/system/controller/SysDictDataController.java,104,system:dict:edit
backend_endpoint,系统用户与权限,删除/作废,DELETE /dict/data/{dictCodes},old-code/teaching-modules/teaching-system/src/main/java/com/teaching/system/controller/SysDictDataController.java,116,system:dict:remove
backend_endpoint,系统用户与权限,查询/查看,GET /dict/type/list,old-code/teaching-modules/teaching-system/src/main/java/com/teaching/system/controller/SysDictTypeController.java,39,system:dict:list
backend_endpoint,系统用户与权限,导出,POST /dict/type/export,old-code/teaching-modules/teaching-system/src/main/java/com/teaching/system/controller/SysDictTypeController.java,49,system:dict:export
backend_endpoint,系统用户与权限,查询/查看,GET /dict/type/{dictId},old-code/teaching-modules/teaching-system/src/main/java/com/teaching/system/controller/SysDictTypeController.java,61,system:dict:query
backend_endpoint,系统用户与权限,业务操作,POST /dict/type/,old-code/teaching-modules/teaching-system/src/main/java/com/teaching/system/controller/SysDictTypeController.java,72,system:dict:add
backend_endpoint,系统用户与权限,业务操作,PUT /dict/type/,old-code/teaching-modules/teaching-system/src/main/java/com/teaching/system/controller/SysDictTypeController.java,88,system:dict:edit
backend_endpoint,系统用户与权限,删除/作废,DELETE /dict/type/{dictIds},old-code/teaching-modules/teaching-system/src/main/java/com/teaching/system/controller/SysDictTypeController.java,104,system:dict:remove
backend_endpoint,系统用户与权限,删除/作废,DELETE /dict/type/refreshCache,old-code/teaching-modules/teaching-system/src/main/java/com/teaching/system/controller/SysDictTypeController.java,116,system:dict:remove
backend_endpoint,系统用户与权限,查询/查看,GET /dict/type/optionselect,old-code/teaching-modules/teaching-system/src/main/java/com/teaching/system/controller/SysDictTypeController.java,126,
backend_endpoint,系统用户与权限,查询/查看,GET /errorlog/list,old-code/teaching-modules/teaching-system/src/main/java/com/teaching/system/controller/SysErrorLogController.java,43,system:errorlog:list
backend_endpoint,系统用户与权限,查询/查看,GET /errorlog/{errorId},old-code/teaching-modules/teaching-system/src/main/java/com/teaching/system/controller/SysErrorLogController.java,55,system:errorlog:query
backend_endpoint,系统用户与权限,导出,POST /errorlog/export,old-code/teaching-modules/teaching-system/src/main/java/com/teaching/system/controller/SysErrorLogController.java,66,system:errorlog:export
backend_endpoint,系统用户与权限,业务操作,PUT /errorlog/handle,old-code/teaching-modules/teaching-system/src/main/java/com/teaching/system/controller/SysErrorLogController.java,79,system:errorlog:edit
backend_endpoint,系统用户与权限,业务操作,PUT /errorlog/ignore,old-code/teaching-modules/teaching-system/src/main/java/com/teaching/system/controller/SysErrorLogController.java,93,system:errorlog:edit
backend_endpoint,系统用户与权限,删除/作废,DELETE /errorlog/{errorIds},old-code/teaching-modules/teaching-system/src/main/java/com/teaching/system/controller/SysErrorLogController.java,107,system:errorlog:remove
backend_endpoint,系统用户与权限,删除/作废,DELETE /errorlog/clean,old-code/teaching-modules/teaching-system/src/main/java/com/teaching/system/controller/SysErrorLogController.java,118,system:errorlog:remove
backend_endpoint,系统用户与权限,业务操作,POST /errorlog/,old-code/teaching-modules/teaching-system/src/main/java/com/teaching/system/controller/SysErrorLogController.java,129,
backend_endpoint,系统用户与权限,查询/查看,GET /logininfor/list,old-code/teaching-modules/teaching-system/src/main/java/com/teaching/system/controller/SysLogininforController.java,42,system:logininfor:list
backend_endpoint,系统用户与权限,导出、查询/查看,POST /logininfor/export,old-code/teaching-modules/teaching-system/src/main/java/com/teaching/system/controller/SysLogininforController.java,52,system:logininfor:export
backend_endpoint,系统用户与权限,删除/作废、查询/查看,DELETE /logininfor/{infoIds},old-code/teaching-modules/teaching-system/src/main/java/com/teaching/system/controller/SysLogininforController.java,62,system:logininfor:remove
backend_endpoint,系统用户与权限,删除/作废、查询/查看,DELETE /logininfor/clean,old-code/teaching-modules/teaching-system/src/main/java/com/teaching/system/controller/SysLogininforController.java,70,system:logininfor:remove
backend_endpoint,系统用户与权限,查询/查看,GET /logininfor/unlock/{userName},old-code/teaching-modules/teaching-system/src/main/java/com/teaching/system/controller/SysLogininforController.java,79,system:logininfor:unlock
backend_endpoint,系统用户与权限,查询/查看,POST /logininfor/,old-code/teaching-modules/teaching-system/src/main/java/com/teaching/system/controller/SysLogininforController.java,87,
backend_endpoint,系统用户与权限,查询/查看,GET /menu/list,old-code/teaching-modules/teaching-system/src/main/java/com/teaching/system/controller/SysMenuController.java,36,system:menu:list
backend_endpoint,系统用户与权限,查询/查看,GET /menu/pc/list,old-code/teaching-modules/teaching-system/src/main/java/com/teaching/system/controller/SysMenuController.java,49,
backend_endpoint,系统用户与权限,查询/查看,GET /menu/{menuId},old-code/teaching-modules/teaching-system/src/main/java/com/teaching/system/controller/SysMenuController.java,58,system:menu:query
backend_endpoint,系统用户与权限,查询/查看,GET /menu/pc/{menuId},old-code/teaching-modules/teaching-system/src/main/java/com/teaching/system/controller/SysMenuController.java,69,
backend_endpoint,系统用户与权限,查询/查看,GET /menu/pc/detail/{detailId},old-code/teaching-modules/teaching-system/src/main/java/com/teaching/system/controller/SysMenuController.java,81,
backend_endpoint,系统用户与权限,查询/查看,GET /menu/treeselect,old-code/teaching-modules/teaching-system/src/main/java/com/teaching/system/controller/SysMenuController.java,89,
backend_endpoint,系统用户与权限,查询/查看,GET /menu/treeselectNoPc,old-code/teaching-modules/teaching-system/src/main/java/com/teaching/system/controller/SysMenuController.java,102,
backend_endpoint,系统用户与权限,查询/查看,GET /menu/pcTreeselect,old-code/teaching-modules/teaching-system/src/main/java/com/teaching/system/controller/SysMenuController.java,111,
backend_endpoint,系统用户与权限,查询/查看,GET /menu/roleMenuTreeselect/{roleId},old-code/teaching-modules/teaching-system/src/main/java/com/teaching/system/controller/SysMenuController.java,121,
backend_endpoint,系统用户与权限,查询/查看,GET /menu/roleMenuATreeSelect/{roleId},old-code/teaching-modules/teaching-system/src/main/java/com/teaching/system/controller/SysMenuController.java,143,
backend_endpoint,系统用户与权限,业务操作,POST /menu/,old-code/teaching-modules/teaching-system/src/main/java/com/teaching/system/controller/SysMenuController.java,169,system:menu:add
backend_endpoint,系统用户与权限,业务操作,PUT /menu/,old-code/teaching-modules/teaching-system/src/main/java/com/teaching/system/controller/SysMenuController.java,185,system:menu:edit
backend_endpoint,系统用户与权限,删除/作废,DELETE /menu/{menuId},old-code/teaching-modules/teaching-system/src/main/java/com/teaching/system/controller/SysMenuController.java,203,system:menu:remove
backend_endpoint,系统用户与权限,查询/查看,GET /menu/getRouters,old-code/teaching-modules/teaching-system/src/main/java/com/teaching/system/controller/SysMenuController.java,219,
backend_endpoint,系统用户与权限,查询/查看,GET /notice/list,old-code/teaching-modules/teaching-system/src/main/java/com/teaching/system/controller/SysNoticeController.java,40,system:notice:list
backend_endpoint,系统用户与权限,查询/查看,GET /notice/{noticeId},old-code/teaching-modules/teaching-system/src/main/java/com/teaching/system/controller/SysNoticeController.java,52,system:notice:query
backend_endpoint,系统用户与权限,业务操作,POST /notice/,old-code/teaching-modules/teaching-system/src/main/java/com/teaching/system/controller/SysNoticeController.java,63,system:notice:add
backend_endpoint,系统用户与权限,业务操作,PUT /notice/,old-code/teaching-modules/teaching-system/src/main/java/com/teaching/system/controller/SysNoticeController.java,75,system:notice:edit
backend_endpoint,系统用户与权限,删除/作废,DELETE /notice/{noticeIds},old-code/teaching-modules/teaching-system/src/main/java/com/teaching/system/controller/SysNoticeController.java,87,system:notice:remove
backend_endpoint,系统用户与权限,查询/查看,GET /operlog/list,old-code/teaching-modules/teaching-system/src/main/java/com/teaching/system/controller/SysOperlogController.java,37,system:operlog:list
backend_endpoint,系统用户与权限,导出,POST /operlog/export,old-code/teaching-modules/teaching-system/src/main/java/com/teaching/system/controller/SysOperlogController.java,47,system:operlog:export
backend_endpoint,系统用户与权限,删除/作废,DELETE /operlog/{operIds},old-code/teaching-modules/teaching-system/src/main/java/com/teaching/system/controller/SysOperlogController.java,57,system:operlog:remove
backend_endpoint,系统用户与权限,删除/作废,DELETE /operlog/clean,old-code/teaching-modules/teaching-system/src/main/java/com/teaching/system/controller/SysOperlogController.java,65,system:operlog:remove
backend_endpoint,系统用户与权限,业务操作,POST /operlog/,old-code/teaching-modules/teaching-system/src/main/java/com/teaching/system/controller/SysOperlogController.java,73,
backend_endpoint,系统用户与权限,查询/查看,GET /org/list,old-code/teaching-modules/teaching-system/src/main/java/com/teaching/system/controller/SysOrgController.java,37,system:org:list
backend_endpoint,系统用户与权限,查询/查看,GET /org/lists,old-code/teaching-modules/teaching-system/src/main/java/com/teaching/system/controller/SysOrgController.java,44,
backend_endpoint,系统用户与权限,查询/查看,GET /org/getList,old-code/teaching-modules/teaching-system/src/main/java/com/teaching/system/controller/SysOrgController.java,57,system:org:list
backend_endpoint,系统用户与权限,查询/查看,GET /org/list/exclude/{orgId},old-code/teaching-modules/teaching-system/src/main/java/com/teaching/system/controller/SysOrgController.java,69,system:org:list
backend_endpoint,系统用户与权限,查询/查看,GET /org/getOrgDetail/{orgId},old-code/teaching-modules/teaching-system/src/main/java/com/teaching/system/controller/SysOrgController.java,80,system:org:query
backend_endpoint,系统用户与权限,新增/创建、查询/查看,POST /org/saveOrgInfo,old-code/teaching-modules/teaching-system/src/main/java/com/teaching/system/controller/SysOrgController.java,91,system:org:add
backend_endpoint,系统用户与权限,修改/状态变更、查询/查看,POST /org/updateOrgInfo,old-code/teaching-modules/teaching-system/src/main/java/com/teaching/system/controller/SysOrgController.java,105,system:org:edit
backend_endpoint,系统用户与权限,删除/作废、查询/查看,GET /org/remove/{orgId},old-code/teaching-modules/teaching-system/src/main/java/com/teaching/system/controller/SysOrgController.java,125,system:org:remove
backend_endpoint,系统用户与权限,查询/查看,GET /post/list,old-code/teaching-modules/teaching-system/src/main/java/com/teaching/system/controller/SysPostController.java,42,system:post:list
backend_endpoint,系统用户与权限,导出,POST /post/export,old-code/teaching-modules/teaching-system/src/main/java/com/teaching/system/controller/SysPostController.java,52,system:post:export
backend_endpoint,系统用户与权限,查询/查看,GET /post/{postId},old-code/teaching-modules/teaching-system/src/main/java/com/teaching/system/controller/SysPostController.java,64,system:post:query
backend_endpoint,系统用户与权限,业务操作,POST /post/,old-code/teaching-modules/teaching-system/src/main/java/com/teaching/system/controller/SysPostController.java,75,system:post:add
backend_endpoint,系统用户与权限,业务操作,PUT /post/,old-code/teaching-modules/teaching-system/src/main/java/com/teaching/system/controller/SysPostController.java,95,system:post:edit
backend_endpoint,系统用户与权限,删除/作废,DELETE /post/{postIds},old-code/teaching-modules/teaching-system/src/main/java/com/teaching/system/controller/SysPostController.java,115,system:post:remove
backend_endpoint,系统用户与权限,查询/查看,GET /post/optionselect,old-code/teaching-modules/teaching-system/src/main/java/com/teaching/system/controller/SysPostController.java,124,
backend_endpoint,系统用户与权限,查询/查看,GET /user/profile/,old-code/teaching-modules/teaching-system/src/main/java/com/teaching/system/controller/SysProfileController.java,52,
backend_endpoint,系统用户与权限,业务操作,PUT /user/profile/,old-code/teaching-modules/teaching-system/src/main/java/com/teaching/system/controller/SysProfileController.java,67,
backend_endpoint,系统用户与权限,修改/状态变更,PUT /user/profile/updatePwd,old-code/teaching-modules/teaching-system/src/main/java/com/teaching/system/controller/SysProfileController.java,97,
backend_endpoint,系统用户与权限,业务操作,POST /user/profile/avatar,old-code/teaching-modules/teaching-system/src/main/java/com/teaching/system/controller/SysProfileController.java,129,
backend_endpoint,系统用户与权限,查询/查看,GET /role/list,old-code/teaching-modules/teaching-system/src/main/java/com/teaching/system/controller/SysRoleController.java,57,
backend_endpoint,系统用户与权限,导出,POST /role/export,old-code/teaching-modules/teaching-system/src/main/java/com/teaching/system/controller/SysRoleController.java,67,system:role:export
backend_endpoint,系统用户与权限,查询/查看,GET /role/{roleId},old-code/teaching-modules/teaching-system/src/main/java/com/teaching/system/controller/SysRoleController.java,79,system:role:query
backend_endpoint,系统用户与权限,查询/查看,GET /role/byId/{roleId},old-code/teaching-modules/teaching-system/src/main/java/com/teaching/system/controller/SysRoleController.java,86,
backend_endpoint,系统用户与权限,业务操作,POST /role/,old-code/teaching-modules/teaching-system/src/main/java/com/teaching/system/controller/SysRoleController.java,97,system:role:add
backend_endpoint,系统用户与权限,业务操作,PUT /role/,old-code/teaching-modules/teaching-system/src/main/java/com/teaching/system/controller/SysRoleController.java,122,system:role:edit
backend_endpoint,系统用户与权限,业务操作,PUT /role/dataScope,old-code/teaching-modules/teaching-system/src/main/java/com/teaching/system/controller/SysRoleController.java,152,system:role:edit
backend_endpoint,系统用户与权限,修改/状态变更,PUT /role/changeStatus,old-code/teaching-modules/teaching-system/src/main/java/com/teaching/system/controller/SysRoleController.java,165,system:role:edit
backend_endpoint,系统用户与权限,删除/作废,DELETE /role/{roleIds},old-code/teaching-modules/teaching-system/src/main/java/com/teaching/system/controller/SysRoleController.java,179,system:role:remove
backend_endpoint,系统用户与权限,查询/查看,GET /role/optionselect,old-code/teaching-modules/teaching-system/src/main/java/com/teaching/system/controller/SysRoleController.java,189,system:role:query
backend_endpoint,系统用户与权限,查询/查看,GET /role/authUser/allocatedList,old-code/teaching-modules/teaching-system/src/main/java/com/teaching/system/controller/SysRoleController.java,198,system:role:list
backend_endpoint,系统用户与权限,查询/查看,GET /role/authUser/unallocatedList,old-code/teaching-modules/teaching-system/src/main/java/com/teaching/system/controller/SysRoleController.java,210,system:role:list
backend_endpoint,系统用户与权限,业务操作,PUT /role/authUser/cancel,old-code/teaching-modules/teaching-system/src/main/java/com/teaching/system/controller/SysRoleController.java,223,system:role:edit
backend_endpoint,系统用户与权限,业务操作,PUT /role/authUser/cancelAll,old-code/teaching-modules/teaching-system/src/main/java/com/teaching/system/controller/SysRoleController.java,239,system:role:edit
backend_endpoint,系统用户与权限,查询/查看,PUT /role/authUser/selectAll,old-code/teaching-modules/teaching-system/src/main/java/com/teaching/system/controller/SysRoleController.java,260,system:role:edit
backend_endpoint,系统用户与权限,查询/查看,GET /role/orgTree/{roleId},old-code/teaching-modules/teaching-system/src/main/java/com/teaching/system/controller/SysRoleController.java,297,system:role:query
backend_endpoint,系统用户与权限,查询/查看,GET /sysSenderMessageLog/list,old-code/teaching-modules/teaching-system/src/main/java/com/teaching/system/controller/SysSenderMessageLogController.java,42,system:sysSenderMessageLog:list
backend_endpoint,系统用户与权限,导出,POST /sysSenderMessageLog/export,old-code/teaching-modules/teaching-system/src/main/java/com/teaching/system/controller/SysSenderMessageLogController.java,55,system:sysSenderMessageLog:export
backend_endpoint,系统用户与权限,查询/查看,GET /sysSenderMessageLog/getSysSenderMessageLogBySendId/{sendId},old-code/teaching-modules/teaching-system/src/main/java/com/teaching/system/controller/SysSenderMessageLogController.java,67,system:sysSenderMessageLog:query
backend_endpoint,系统用户与权限,新增/创建,POST /sysSenderMessageLog/saveSysSenderMessageLog,old-code/teaching-modules/teaching-system/src/main/java/com/teaching/system/controller/SysSenderMessageLogController.java,78,system:sysSenderMessageLog:add
backend_endpoint,系统用户与权限,修改/状态变更,POST /sysSenderMessageLog/updateSysSenderMessageLog,old-code/teaching-modules/teaching-system/src/main/java/com/teaching/system/controller/SysSenderMessageLogController.java,89,system:sysSenderMessageLog:edit
backend_endpoint,系统用户与权限,删除/作废、查询/查看,GET /sysSenderMessageLog/deleteSysSenderMessageLog/{sendIds},old-code/teaching-modules/teaching-system/src/main/java/com/teaching/system/controller/SysSenderMessageLogController.java,100,system:sysSenderMessageLog:remove
backend_endpoint,系统用户与权限,查询/查看,GET /user/list,old-code/teaching-modules/teaching-system/src/main/java/com/teaching/system/controller/SysUserController.java,79,system:user:list
backend_endpoint,系统用户与权限,查询/查看,GET /user/userList,old-code/teaching-modules/teaching-system/src/main/java/com/teaching/system/controller/SysUserController.java,93,system:user:list
backend_endpoint,系统用户与权限,查询/查看,GET /user/getUserList,old-code/teaching-modules/teaching-system/src/main/java/com/teaching/system/controller/SysUserController.java,97,
backend_endpoint,系统用户与权限,导出,POST /user/export,old-code/teaching-modules/teaching-system/src/main/java/com/teaching/system/controller/SysUserController.java,106,system:user:export
backend_endpoint,系统用户与权限,导入,POST /user/importData,old-code/teaching-modules/teaching-system/src/main/java/com/teaching/system/controller/SysUserController.java,115,system:user:import
backend_endpoint,系统用户与权限,导入,POST /user/importTemplate,old-code/teaching-modules/teaching-system/src/main/java/com/teaching/system/controller/SysUserController.java,124,
backend_endpoint,系统用户与权限,查询/查看,GET /user/info/{username},old-code/teaching-modules/teaching-system/src/main/java/com/teaching/system/controller/SysUserController.java,134,
backend_endpoint,系统用户与权限,查询/查看,GET /user/byNick/{nickName},old-code/teaching-modules/teaching-system/src/main/java/com/teaching/system/controller/SysUserController.java,154,
backend_endpoint,系统用户与权限,查询/查看,GET /user/byId/{userId},old-code/teaching-modules/teaching-system/src/main/java/com/teaching/system/controller/SysUserController.java,159,
backend_endpoint,系统用户与权限,查询/查看,GET /user/selectUserByIds/{userIds},old-code/teaching-modules/teaching-system/src/main/java/com/teaching/system/controller/SysUserController.java,168,
backend_endpoint,系统用户与权限,业务操作,POST /user/register,old-code/teaching-modules/teaching-system/src/main/java/com/teaching/system/controller/SysUserController.java,181,
backend_endpoint,系统用户与权限,新增/创建、查询/查看,POST /user/saveStudentUserInfo,old-code/teaching-modules/teaching-system/src/main/java/com/teaching/system/controller/SysUserController.java,195,
backend_endpoint,系统用户与权限,业务操作,PUT /user/recordlogin,old-code/teaching-modules/teaching-system/src/main/java/com/teaching/system/controller/SysUserController.java,204,
backend_endpoint,系统用户与权限,查询/查看,GET /user/getInfo,old-code/teaching-modules/teaching-system/src/main/java/com/teaching/system/controller/SysUserController.java,214,
backend_endpoint,系统用户与权限,查询/查看,GET /user/,old-code/teaching-modules/teaching-system/src/main/java/com/teaching/system/controller/SysUserController.java,263,system:user:query
backend_endpoint,系统用户与权限,业务操作,POST /user/,old-code/teaching-modules/teaching-system/src/main/java/com/teaching/system/controller/SysUserController.java,284,system:user:add
backend_endpoint,系统用户与权限,业务操作,PUT /user/,old-code/teaching-modules/teaching-system/src/main/java/com/teaching/system/controller/SysUserController.java,306,system:user:edit
backend_endpoint,系统用户与权限,删除/作废,DELETE /user/{userIds},old-code/teaching-modules/teaching-system/src/main/java/com/teaching/system/controller/SysUserController.java,328,system:user:remove
backend_endpoint,系统用户与权限,修改/状态变更、查询/查看,POST /user/updateApplyInfoUser,old-code/teaching-modules/teaching-system/src/main/java/com/teaching/system/controller/SysUserController.java,351,
backend_endpoint,系统用户与权限,修改/状态变更、新增/创建、查询/查看,POST /user/updateAddApplyInfoUser,old-code/teaching-modules/teaching-system/src/main/java/com/teaching/system/controller/SysUserController.java,357,
backend_endpoint,系统用户与权限,业务操作,PUT /user/resetPwd,old-code/teaching-modules/teaching-system/src/main/java/com/teaching/system/controller/SysUserController.java,367,system:user:edit
backend_endpoint,系统用户与权限,修改/状态变更,PUT /user/changeStatus,old-code/teaching-modules/teaching-system/src/main/java/com/teaching/system/controller/SysUserController.java,381,system:user:edit
backend_endpoint,系统用户与权限,查询/查看,GET /user/authRole/{userId},old-code/teaching-modules/teaching-system/src/main/java/com/teaching/system/controller/SysUserController.java,393,system:user:query
backend_endpoint,系统用户与权限,查询/查看,GET /user/authRole/{userId}/{exclusionFlag},old-code/teaching-modules/teaching-system/src/main/java/com/teaching/system/controller/SysUserController.java,407,system:user:query
backend_endpoint,系统用户与权限,业务操作,PUT /user/authRole,old-code/teaching-modules/teaching-system/src/main/java/com/teaching/system/controller/SysUserController.java,423,system:user:edit
backend_endpoint,系统用户与权限,查询/查看,GET /user/orgTree,old-code/teaching-modules/teaching-system/src/main/java/com/teaching/system/controller/SysUserController.java,437,system:user:list
backend_endpoint,系统用户与权限,查询/查看,GET /user/getUserList/{orgId}/{roleId},old-code/teaching-modules/teaching-system/src/main/java/com/teaching/system/controller/SysUserController.java,449,
backend_endpoint,系统用户与权限,查询/查看,GET /user/group/list,old-code/teaching-modules/teaching-system/src/main/java/com/teaching/system/controller/SysUserController.java,461,
backend_endpoint,系统用户与权限,查询/查看,POST /user/selectUserByPhoneCheck,old-code/teaching-modules/teaching-system/src/main/java/com/teaching/system/controller/SysUserController.java,474,
backend_endpoint,系统用户与权限,业务操作,POST /user/registerWxSysUser,old-code/teaching-modules/teaching-system/src/main/java/com/teaching/system/controller/SysUserController.java,484,
backend_endpoint,系统用户与权限,查询/查看,GET /user/queryWxSysUser,old-code/teaching-modules/teaching-system/src/main/java/com/teaching/system/controller/SysUserController.java,493,
backend_endpoint,系统用户与权限,修改/状态变更、查询/查看,GET /user/updateNoRegisterUser,old-code/teaching-modules/teaching-system/src/main/java/com/teaching/system/controller/SysUserController.java,500,
backend_endpoint,系统用户与权限,查询/查看,GET /userGroup/list,old-code/teaching-modules/teaching-system/src/main/java/com/teaching/system/controller/SysUserGroupController.java,45,
backend_endpoint,系统用户与权限,导出,POST /userGroup/export,old-code/teaching-modules/teaching-system/src/main/java/com/teaching/system/controller/SysUserGroupController.java,59,system:userGroup:export
backend_endpoint,系统用户与权限,查询/查看,GET /userGroup/{id},old-code/teaching-modules/teaching-system/src/main/java/com/teaching/system/controller/SysUserGroupController.java,70,system:userGroup:query
backend_endpoint,系统用户与权限,业务操作,POST /userGroup/,old-code/teaching-modules/teaching-system/src/main/java/com/teaching/system/controller/SysUserGroupController.java,80,system:userGroup:add
backend_endpoint,系统用户与权限,业务操作,PUT /userGroup/,old-code/teaching-modules/teaching-system/src/main/java/com/teaching/system/controller/SysUserGroupController.java,91,system:userGroup:edit
backend_endpoint,系统用户与权限,删除/作废,DELETE /userGroup/{ids},old-code/teaching-modules/teaching-system/src/main/java/com/teaching/system/controller/SysUserGroupController.java,102,system:userGroup:remove
backend_endpoint,系统用户与权限,修改/状态变更、查询/查看,GET /userGroup/updateUserIdsByUserGroup,old-code/teaching-modules/teaching-system/src/main/java/com/teaching/system/controller/SysUserGroupController.java,108,
backend_endpoint,系统用户与权限,查询/查看,GET /userGroup/pc/getUsers/{groupId},old-code/teaching-modules/teaching-system/src/main/java/com/teaching/system/controller/SysUserGroupController.java,120,
backend_endpoint,系统用户与权限,查询/查看,GET /userGroup/getGroupNames/ids,old-code/teaching-modules/teaching-system/src/main/java/com/teaching/system/controller/SysUserGroupController.java,132,
backend_endpoint,系统用户与权限,查询/查看,GET /online/list,old-code/teaching-modules/teaching-system/src/main/java/com/teaching/system/controller/SysUserOnlineController.java,46,monitor:online:list
backend_endpoint,系统用户与权限,删除/作废,DELETE /online/{tokenId},old-code/teaching-modules/teaching-system/src/main/java/com/teaching/system/controller/SysUserOnlineController.java,90,monitor:online:forceLogout
backend_endpoint,系统用户与权限,查询/查看,GET /teacherTmpInfo/list,old-code/teaching-modules/teaching-system/src/main/java/com/teaching/system/controller/TeacherTmpInfoController.java,42,system:info:list
backend_endpoint,系统用户与权限,导出、查询/查看,POST /teacherTmpInfo/export,old-code/teaching-modules/teaching-system/src/main/java/com/teaching/system/controller/TeacherTmpInfoController.java,55,system:info:export
backend_endpoint,系统用户与权限,查询/查看,GET /teacherTmpInfo/{id},old-code/teaching-modules/teaching-system/src/main/java/com/teaching/system/controller/TeacherTmpInfoController.java,67,system:info:query
backend_endpoint,系统用户与权限,查询/查看,POST /teacherTmpInfo/,old-code/teaching-modules/teaching-system/src/main/java/com/teaching/system/controller/TeacherTmpInfoController.java,78,system:info:add
backend_endpoint,系统用户与权限,新增/创建、查询/查看,POST /teacherTmpInfo/insertTeacherTmpInfo,old-code/teaching-modules/teaching-system/src/main/java/com/teaching/system/controller/TeacherTmpInfoController.java,84,
backend_endpoint,系统用户与权限,查询/查看,PUT /teacherTmpInfo/,old-code/teaching-modules/teaching-system/src/main/java/com/teaching/system/controller/TeacherTmpInfoController.java,95,system:info:edit
backend_endpoint,系统用户与权限,删除/作废、查询/查看,DELETE /teacherTmpInfo/{ids},old-code/teaching-modules/teaching-system/src/main/java/com/teaching/system/controller/TeacherTmpInfoController.java,106,system:info:remove
backend_endpoint,系统用户与权限,业务操作,POST /auth/pc/sendCode,old-code/teaching-modules/teaching-system/src/main/java/com/teaching/system/controller/UserAuthController.java,96,
backend_endpoint,系统用户与权限,业务操作,POST /auth/pc/captcha,old-code/teaching-modules/teaching-system/src/main/java/com/teaching/system/controller/UserAuthController.java,116,
backend_endpoint,系统用户与权限,查询/查看,POST /auth/pc/checkRegisterInfo,old-code/teaching-modules/teaching-system/src/main/java/com/teaching/system/controller/UserAuthController.java,232,
backend_endpoint,系统用户与权限,业务操作,POST /auth/pc/register,old-code/teaching-modules/teaching-system/src/main/java/com/teaching/system/controller/UserAuthController.java,276,
backend_endpoint,系统用户与权限,业务操作,POST /auth/pc/resetPwd,old-code/teaching-modules/teaching-system/src/main/java/com/teaching/system/controller/UserAuthController.java,372,
backend_endpoint,系统用户与权限,业务操作,POST /auth/pc/wechat/register,old-code/teaching-modules/teaching-system/src/main/java/com/teaching/system/controller/UserAuthController.java,443,
backend_endpoint,系统用户与权限,查询/查看,GET /auth/pc/getIdentityInfoList,old-code/teaching-modules/teaching-system/src/main/java/com/teaching/system/controller/UserAuthController.java,516,
backend_endpoint,系统用户与权限,查询/查看,GET /auth/pc/checkUserAccount,old-code/teaching-modules/teaching-system/src/main/java/com/teaching/system/controller/UserAuthController.java,527,
backend_endpoint,系统用户与权限,业务操作,POST /auth/pc/login,old-code/teaching-modules/teaching-system/src/main/java/com/teaching/system/controller/UserAuthController.java,540,
backend_endpoint,系统用户与权限,查询/查看,POST /auth/pc/userInfoLogin,old-code/teaching-modules/teaching-system/src/main/java/com/teaching/system/controller/UserAuthController.java,593,
backend_endpoint,系统用户与权限,删除/作废,DELETE /auth/logout,old-code/teaching-modules/teaching-system/src/main/java/com/teaching/system/controller/UserAuthController.java,668,
backend_endpoint,系统用户与权限,查询/查看,GET /auth/info,old-code/teaching-modules/teaching-system/src/main/java/com/teaching/system/controller/UserAuthController.java,682,
backend_endpoint,系统用户与权限,业务操作,POST /auth/refresh,old-code/teaching-modules/teaching-system/src/main/java/com/teaching/system/controller/UserAuthController.java,703,
backend_endpoint,系统用户与权限,查询/查看,GET /user/dict/data/{dictCode},old-code/teaching-modules/teaching-system/src/main/java/com/teaching/system/controller/UserDictDataController.java,42,
backend_endpoint,系统用户与权限,查询/查看,GET /user/dict/data/type/{dictType},old-code/teaching-modules/teaching-system/src/main/java/com/teaching/system/controller/UserDictDataController.java,51,
backend_endpoint,系统用户与权限,查询/查看,GET /wechatIntegration/list,old-code/teaching-modules/teaching-system/src/main/java/com/teaching/system/controller/WechatIntegrationController.java,40,system:wechatIntegration:list
backend_endpoint,系统用户与权限,查询/查看,GET /wechatIntegration/{id},old-code/teaching-modules/teaching-system/src/main/java/com/teaching/system/controller/WechatIntegrationController.java,52,system:wechatIntegration:query
backend_endpoint,系统用户与权限,业务操作,POST /wechatIntegration/,old-code/teaching-modules/teaching-system/src/main/java/com/teaching/system/controller/WechatIntegrationController.java,63,system:wechatIntegration:add
backend_endpoint,系统用户与权限,业务操作,PUT /wechatIntegration/,old-code/teaching-modules/teaching-system/src/main/java/com/teaching/system/controller/WechatIntegrationController.java,75,system:wechatIntegration:edit
backend_endpoint,系统用户与权限,删除/作废,DELETE /wechatIntegration/{ids},old-code/teaching-modules/teaching-system/src/main/java/com/teaching/system/controller/WechatIntegrationController.java,87,system:wechatIntegration:remove
backend_endpoint,系统用户与权限,业务操作,POST /wechatIntegration/reset,old-code/teaching-modules/teaching-system/src/main/java/com/teaching/system/controller/WechatIntegrationController.java,98,system:wechatIntegration:list
backend_endpoint,系统用户与权限,支付/退款、查询/查看,GET /workOrder/list,old-code/teaching-modules/teaching-system/src/main/java/com/teaching/system/controller/WorkOrderController.java,36,system:workOrder:list
backend_endpoint,系统用户与权限,支付/退款、查询/查看,GET /workOrder/transferList,old-code/teaching-modules/teaching-system/src/main/java/com/teaching/system/controller/WorkOrderController.java,49,system:workOrder:list
backend_endpoint,系统用户与权限,导出、支付/退款,POST /workOrder/export,old-code/teaching-modules/teaching-system/src/main/java/com/teaching/system/controller/WorkOrderController.java,61,system:workOrder:export
backend_endpoint,系统用户与权限,支付/退款、查询/查看,GET /workOrder/{orderId},old-code/teaching-modules/teaching-system/src/main/java/com/teaching/system/controller/WorkOrderController.java,72,system:workOrder:query
backend_endpoint,系统用户与权限,支付/退款,POST /workOrder/,old-code/teaching-modules/teaching-system/src/main/java/com/teaching/system/controller/WorkOrderController.java,82,system:workOrder:add
backend_endpoint,系统用户与权限,支付/退款,PUT /workOrder/,old-code/teaching-modules/teaching-system/src/main/java/com/teaching/system/controller/WorkOrderController.java,92,system:workOrder:edit
backend_endpoint,系统用户与权限,删除/作废、支付/退款,DELETE /workOrder/{orderIds},old-code/teaching-modules/teaching-system/src/main/java/com/teaching/system/controller/WorkOrderController.java,102,system:workOrder:remove
backend_endpoint,系统用户与权限,支付/退款,POST /workOrder/transferOrder,old-code/teaching-modules/teaching-system/src/main/java/com/teaching/system/controller/WorkOrderController.java,114,system:workOrder:query
backend_endpoint,系统用户与权限,支付/退款,POST /workOrder/dispose,old-code/teaching-modules/teaching-system/src/main/java/com/teaching/system/controller/WorkOrderController.java,126,system:workOrder:query
backend_endpoint,扫码/小程序,业务操作,POST /wxAuth/wx-login,old-code/teaching-modules/teaching-wxApp/src/main/java/com/teaching/wxApp/controller/WxAuthController.java,51,
backend_endpoint,扫码/小程序,扫码/确认,POST /wxAuth/wx-scanCode,old-code/teaching-modules/teaching-wxApp/src/main/java/com/teaching/wxApp/controller/WxAuthController.java,71,
backend_endpoint,扫码/小程序,业务操作,POST /wxAuth/wx-retry,old-code/teaching-modules/teaching-wxApp/src/main/java/com/teaching/wxApp/controller/WxAuthController.java,83,
backend_endpoint,扫码/小程序,查询/查看,POST /wxAuth/wx-info,old-code/teaching-modules/teaching-wxApp/src/main/java/com/teaching/wxApp/controller/WxAuthController.java,96,
backend_endpoint,扫码/小程序,业务操作,POST /wxAuth/wx-ruler,old-code/teaching-modules/teaching-wxApp/src/main/java/com/teaching/wxApp/controller/WxAuthController.java,110,
backend_endpoint,扫码/小程序,查询/查看,GET /wxClean/redisKey,old-code/teaching-modules/teaching-wxApp/src/main/java/com/teaching/wxApp/controller/WxCleanRedisKeyController.java,24,
backend_endpoint,扫码/小程序,查询/查看,GET /wxQcCodeConfig/list,old-code/teaching-modules/teaching-wxApp/src/main/java/com/teaching/wxApp/controller/WxQcCodeConfigController.java,33,wxApp:wxQcCodeConfig:list
backend_endpoint,扫码/小程序,导出、查询/查看,GET /wxQcCodeConfig/export,old-code/teaching-modules/teaching-wxApp/src/main/java/com/teaching/wxApp/controller/WxQcCodeConfigController.java,45,wxApp:wxQcCodeConfig:export
backend_endpoint,扫码/小程序,查询/查看,GET /wxQcCodeConfig/{codeConfigId},old-code/teaching-modules/teaching-wxApp/src/main/java/com/teaching/wxApp/controller/WxQcCodeConfigController.java,55,wxApp:wxQcCodeConfig:query
backend_endpoint,扫码/小程序,业务操作,POST /wxQcCodeConfig/,old-code/teaching-modules/teaching-wxApp/src/main/java/com/teaching/wxApp/controller/WxQcCodeConfigController.java,65,wxApp:wxQcCodeConfig:add
backend_endpoint,扫码/小程序,业务操作,PUT /wxQcCodeConfig/,old-code/teaching-modules/teaching-wxApp/src/main/java/com/teaching/wxApp/controller/WxQcCodeConfigController.java,75,wxApp:wxQcCodeConfig:edit
backend_endpoint,扫码/小程序,删除/作废,DELETE /wxQcCodeConfig/{codeConfigIds},old-code/teaching-modules/teaching-wxApp/src/main/java/com/teaching/wxApp/controller/WxQcCodeConfigController.java,85,wxApp:wxQcCodeConfig:remove
backend_endpoint,扫码/小程序,查询/查看,GET /wxQcCodeRecord/list,old-code/teaching-modules/teaching-wxApp/src/main/java/com/teaching/wxApp/controller/WxQcCodeRecordController.java,53,wxApp:wxQcCodeRecord:list
backend_endpoint,扫码/小程序,导出、查询/查看,GET /wxQcCodeRecord/export,old-code/teaching-modules/teaching-wxApp/src/main/java/com/teaching/wxApp/controller/WxQcCodeRecordController.java,65,wxApp:wxQcCodeRecord:export
backend_endpoint,扫码/小程序,查询/查看,GET /wxQcCodeRecord/{recordId},old-code/teaching-modules/teaching-wxApp/src/main/java/com/teaching/wxApp/controller/WxQcCodeRecordController.java,75,wxApp:wxQcCodeRecord:query
backend_endpoint,扫码/小程序,查询/查看,GET /wxQcCodeRecord/codeBase/{recordId},old-code/teaching-modules/teaching-wxApp/src/main/java/com/teaching/wxApp/controller/WxQcCodeRecordController.java,85,
backend_endpoint,扫码/小程序,新增/创建,POST /wxQcCodeRecord/addWxQcCodeRecord,old-code/teaching-modules/teaching-wxApp/src/main/java/com/teaching/wxApp/controller/WxQcCodeRecordController.java,96,wxApp:wxQcCodeRecord:add
backend_endpoint,扫码/小程序,业务操作,PUT /wxQcCodeRecord/,old-code/teaching-modules/teaching-wxApp/src/main/java/com/teaching/wxApp/controller/WxQcCodeRecordController.java,159,wxApp:wxQcCodeRecord:edit
backend_endpoint,扫码/小程序,删除/作废,DELETE /wxQcCodeRecord/{recordIds},old-code/teaching-modules/teaching-wxApp/src/main/java/com/teaching/wxApp/controller/WxQcCodeRecordController.java,169,wxApp:wxQcCodeRecord:remove
backend_endpoint,扫码/小程序,查询/查看,GET /wxQcCodeRecordUser/list,old-code/teaching-modules/teaching-wxApp/src/main/java/com/teaching/wxApp/controller/WxQcCodeRecordUserController.java,38,
backend_endpoint,扫码/小程序,查询/查看,GET /wxQcCodeRecordUser/wxQcCodeRecordList,old-code/teaching-modules/teaching-wxApp/src/main/java/com/teaching/wxApp/controller/WxQcCodeRecordUserController.java,48,
backend_endpoint,扫码/小程序,查询/查看,GET /wxSignInInfo/list2,old-code/teaching-modules/teaching-wxApp/src/main/java/com/teaching/wxApp/controller/WxSignInInfoController.java,53,wxApp:wxSignInInfo:list
backend_endpoint,扫码/小程序,查询/查看,GET /wxSignInInfo/list,old-code/teaching-modules/teaching-wxApp/src/main/java/com/teaching/wxApp/controller/WxSignInInfoController.java,61,wxApp:wxSignInInfo:list
backend_endpoint,扫码/小程序,导出、查询/查看,GET /wxSignInInfo/export,old-code/teaching-modules/teaching-wxApp/src/main/java/com/teaching/wxApp/controller/WxSignInInfoController.java,71,wxApp:wxSignInInfo:export
backend_endpoint,扫码/小程序,导出、查询/查看,POST /wxSignInInfo/export,old-code/teaching-modules/teaching-wxApp/src/main/java/com/teaching/wxApp/controller/WxSignInInfoController.java,79,wxApp:wxSignInInfo:export
backend_endpoint,扫码/小程序,查询/查看,GET /wxSignInInfo/{signId},old-code/teaching-modules/teaching-wxApp/src/main/java/com/teaching/wxApp/controller/WxSignInInfoController.java,111,wxApp:wxSignInInfo:query
backend_endpoint,扫码/小程序,查询/查看,POST /wxSignInInfo/,old-code/teaching-modules/teaching-wxApp/src/main/java/com/teaching/wxApp/controller/WxSignInInfoController.java,121,wxApp:wxSignInInfo:add
backend_endpoint,扫码/小程序,查询/查看,PUT /wxSignInInfo/,old-code/teaching-modules/teaching-wxApp/src/main/java/com/teaching/wxApp/controller/WxSignInInfoController.java,131,wxApp:wxSignInInfo:edit
backend_endpoint,扫码/小程序,删除/作废、查询/查看,DELETE /wxSignInInfo/{signIds},old-code/teaching-modules/teaching-wxApp/src/main/java/com/teaching/wxApp/controller/WxSignInInfoController.java,141,wxApp:wxSignInInfo:remove
frontend_api,系统用户与权限,业务操作,/system/task,old-code-admin/src/api/business/index.js,11,
frontend_api,现场证件,查询/查看,/competition/competition/certConfigInfo/list,old-code-admin/src/api/certInterconnect/certConfig.js,6,
frontend_api,现场证件,查询/查看,/competition/competition/certConfigInfo/getCertConfigInfo/${id},old-code-admin/src/api/certInterconnect/certConfig.js,15,
frontend_api,现场证件,新增/创建、查询/查看,/competition/competition/certConfigInfo/addCertConfigInfo,old-code-admin/src/api/certInterconnect/certConfig.js,23,
frontend_api,现场证件,修改/状态变更、查询/查看,/competition/competition/certConfigInfo/updateCertConfigInfo,old-code-admin/src/api/certInterconnect/certConfig.js,32,
frontend_api,现场证件,查询/查看,/competition/competition/certConfigInfo/${ids},old-code-admin/src/api/certInterconnect/certConfig.js,41,
frontend_api,现场证件,导出、查询/查看,/competition/competition/certConfigInfo/export,old-code-admin/src/api/certInterconnect/certConfig.js,49,
frontend_api,赛事主数据,查询/查看,/competition/competitionManager/selectAllCompetitionDetailInfo,old-code-admin/src/api/certInterconnect/certConfig.js,58,
frontend_api,系统用户与权限,查询/查看,/system/user/group/list,old-code-admin/src/api/certInterconnect/certConfig.js,67,
frontend_api,现场证件,查询/查看,/competition/competition/certOrgInfo/list,old-code-admin/src/api/certInterconnect/certConfig.js,78,
frontend_api,报名与团队,查询/查看,/competition/competition/certConfigInfo/cert/getCompetitionApplyInfo,old-code-admin/src/api/certInterconnect/certConfig.js,89,
frontend_api,现场证件,查询/查看,/competition/competition/candidateCertInfo/list,old-code-admin/src/api/certInterconnect/certConfig.js,99,
frontend_api,现场证件,新增/创建、查询/查看,/competition/competition/candidateCertInfo/saveCandidateCertInfo,old-code-admin/src/api/certInterconnect/certConfig.js,108,
frontend_api,现场证件,新增/创建、查询/查看,/competition/competition/candidateCertInfo/batchInsertCandidateCertInfo/${certConfigId},old-code-admin/src/api/certInterconnect/certConfig.js,116,
frontend_api,导入中间表,导入、查询/查看,/competition/competition/candidateCertInfo/importCandidateCertInfo,old-code-admin/src/api/certInterconnect/certConfig.js,125,
frontend_api,现场证件,导出、查询/查看,/competition/competition/candidateCertInfo/export,old-code-admin/src/api/certInterconnect/certConfig.js,140,
frontend_api,现场证件,新增/创建、查询/查看,/competition/competition/candidateCertInfo/insertCandidateCertInfoFromAwards,old-code-admin/src/api/certInterconnect/certConfig.js,149,
frontend_api,现场证件,查询/查看,/competition/competition/competitionGradeInfo/list,old-code-admin/src/api/certInterconnect/gradesManagement.js,7,
frontend_api,现场证件,查询/查看,/competition/competition/competitionGradeInfo/${gradeId},old-code-admin/src/api/certInterconnect/gradesManagement.js,17,
frontend_api,现场证件,修改/状态变更、查询/查看,/competition/competition/competitionGradeInfo/updateCompetitionGradeInfo,old-code-admin/src/api/certInterconnect/gradesManagement.js,25,
frontend_api,现场证件,删除/作废、查询/查看,/competition/competition/competitionGradeInfo/removeCompetitionGradeInfo/${gradeId},old-code-admin/src/api/certInterconnect/gradesManagement.js,34,
frontend_api,导入中间表,导入、查询/查看,/competition/competition/competitionGradeInfo/importGradeInfo,old-code-admin/src/api/certInterconnect/gradesManagement.js,42,
frontend_api,现场证件,修改/状态变更、查询/查看,/competition/competition/competitionGradeInfo/updateGradeInfo,old-code-admin/src/api/certInterconnect/gradesManagement.js,57,
frontend_api,现场证件,修改/状态变更、查询/查看,/competition/competition/competitionCertExchangeRule/list,old-code-admin/src/api/certInterconnect/interconnectConfig.js,6,
frontend_api,现场证件,修改/状态变更,/competition/competition/competitionCertExchangeRule/${ruleId},old-code-admin/src/api/certInterconnect/interconnectConfig.js,15,
frontend_api,现场证件,修改/状态变更、新增/创建,/competition/competition/competitionCertExchangeRule/saveCompetitionCertExchangeRule,old-code-admin/src/api/certInterconnect/interconnectConfig.js,23,
frontend_api,现场证件,修改/状态变更,/competition/competition/competitionCertExchangeRule/updateCompetitionCertExchangeRule,old-code-admin/src/api/certInterconnect/interconnectConfig.js,32,
frontend_api,现场证件,修改/状态变更,/competition/competition/competitionCertExchangeRule/updateCompetitionCertExchangeRuleMain,old-code-admin/src/api/certInterconnect/interconnectConfig.js,41,
frontend_api,现场证件,修改/状态变更、删除/作废,/competition/competition/competitionCertExchangeRule/remove/${ruleId},old-code-admin/src/api/certInterconnect/interconnectConfig.js,50,
frontend_api,现场证件,查询/查看,/competition/competition/userCertificate/list,old-code-admin/src/api/certInterconnect/userCert.js,6,
frontend_api,现场证件,查询/查看,/competition/competition/userCertificate/getCertInfo,old-code-admin/src/api/certInterconnect/userCert.js,15,
frontend_api,现场证件,新增/创建,/competition/competition/userCertificate/batchSaveUserCertificate,old-code-admin/src/api/certInterconnect/userCert.js,24,
frontend_api,现场证件,业务操作,/competition/competition/userCertificate,old-code-admin/src/api/certInterconnect/userCert.js,33,
frontend_api,现场证件,查询/查看,/competition/competition/userCertificateOrigin/list,old-code-admin/src/api/certInterconnect/userCert.js,43,
frontend_api,现场证件,导出,/competition/competition/userCertificate/export,old-code-admin/src/api/certInterconnect/userCert.js,52,
frontend_api,现场证件,删除/作废,/competition/competition/userCertificate/remove,old-code-admin/src/api/certInterconnect/userCert.js,61,
frontend_api,系统用户与权限,修改/状态变更、查询/查看,/competition/competition/competitionCertExchangeApply/list,old-code-admin/src/api/certInterconnect/userCertInterconnect.js,6,
frontend_api,系统用户与权限,修改/状态变更、导出,/competition/competition/competitionCertExchangeApply/export,old-code-admin/src/api/certInterconnect/userCertInterconnect.js,15,
frontend_api,内容管理,查询/查看,/content/bannerInfo/list,old-code-admin/src/api/content/bannerInfo.js,6,
frontend_api,内容管理,查询/查看,/content/bannerInfo/,old-code-admin/src/api/content/bannerInfo.js,15,
frontend_api,内容管理,查询/查看,/content/bannerInfo,old-code-admin/src/api/content/bannerInfo.js,23,
frontend_api,内容管理,查询/查看,/content/bannerInfo,old-code-admin/src/api/content/bannerInfo.js,32,
frontend_api,内容管理,查询/查看,/content/bannerInfo/,old-code-admin/src/api/content/bannerInfo.js,41,
frontend_api,内容管理,查询/查看,/content/contentColumn/list,old-code-admin/src/api/content/column.js,6,
frontend_api,内容管理,业务操作,/content/contentColumn/,old-code-admin/src/api/content/column.js,15,
frontend_api,系统用户与权限,查询/查看,/content/contentColumn/getByMenuId/,old-code-admin/src/api/content/column.js,23,
frontend_api,内容管理,业务操作,/content/contentColumn/tree,old-code-admin/src/api/content/column.js,31,
frontend_api,内容管理,业务操作,/content/contentColumn,old-code-admin/src/api/content/column.js,40,
frontend_api,内容管理,业务操作,/content/contentColumn,old-code-admin/src/api/content/column.js,49,
frontend_api,内容管理,业务操作,/content/contentColumn/,old-code-admin/src/api/content/column.js,58,
frontend_api,内容管理,业务操作,/content/contentColumn/,old-code-admin/src/api/content/column.js,66,
frontend_api,内容管理,查询/查看,/content/subassembly/list,old-code-admin/src/api/content/content.js,6,
frontend_api,内容管理,查询/查看,/content/subassembly/getList,old-code-admin/src/api/content/content.js,14,
frontend_api,内容管理,业务操作,/content/subassembly/,old-code-admin/src/api/content/content.js,22,
frontend_api,内容管理,业务操作,/content/subassembly,old-code-admin/src/api/content/content.js,30,
frontend_api,内容管理,业务操作,/content/subassembly,old-code-admin/src/api/content/content.js,39,
frontend_api,内容管理,业务操作,/content/subassembly/,old-code-admin/src/api/content/content.js,48,
frontend_api,内容管理,查询/查看,/content/contentDetail/list,old-code-admin/src/api/content/detail.js,6,
frontend_api,内容管理,查询/查看,/content/contentDetail/,old-code-admin/src/api/content/detail.js,15,
frontend_api,内容管理,查询/查看,/content/contentDetail/getByColumnId/,old-code-admin/src/api/content/detail.js,23,
frontend_api,内容管理,查询/查看,/content/contentDetail,old-code-admin/src/api/content/detail.js,31,
frontend_api,内容管理,查询/查看,/content/contentDetail,old-code-admin/src/api/content/detail.js,40,
frontend_api,内容管理,查询/查看,/content/contentDetail/,old-code-admin/src/api/content/detail.js,49,
frontend_api,内容管理,查询/查看,/content/contentDetail/,old-code-admin/src/api/content/detail.js,57,
frontend_api,内容管理,查询/查看,/content/contentFile/list,old-code-admin/src/api/content/file.js,6,
frontend_api,内容管理,业务操作,/content/contentFile/,old-code-admin/src/api/content/file.js,15,
frontend_api,内容管理,查询/查看,/content/contentFile/getByColumnId/,old-code-admin/src/api/content/file.js,23,
frontend_api,内容管理,新增/创建,/content/contentFile/add,old-code-admin/src/api/content/file.js,31,
frontend_api,内容管理,业务操作,/content/contentFile,old-code-admin/src/api/content/file.js,40,
frontend_api,内容管理,业务操作,/content/contentFile/,old-code-admin/src/api/content/file.js,49,
frontend_api,内容管理,业务操作,/content/contentFile/,old-code-admin/src/api/content/file.js,57,
frontend_api,文件,业务操作,/file/upload,old-code-admin/src/api/content/file.js,65,
frontend_api,内容管理,查询/查看,/content/contentFile/getFileByColumnId/,old-code-admin/src/api/content/file.js,74,
frontend_api,内容管理,业务操作,/content/contentFile,old-code-admin/src/api/content/file.js,82,
frontend_api,内容管理,查询/查看,/content/newsInfo/list,old-code-admin/src/api/content/newsInfo.js,6,
frontend_api,内容管理,查询/查看,/content/newsInfo/,old-code-admin/src/api/content/newsInfo.js,15,
frontend_api,内容管理,查询/查看,/content/newsInfo,old-code-admin/src/api/content/newsInfo.js,23,
frontend_api,内容管理,查询/查看,/content/newsInfo,old-code-admin/src/api/content/newsInfo.js,32,
frontend_api,内容管理,查询/查看,/content/newsInfo/,old-code-admin/src/api/content/newsInfo.js,41,
frontend_api,内容管理,查询/查看,/content/newsInfo/publish/,old-code-admin/src/api/content/newsInfo.js,49,
frontend_api,内容管理,查询/查看,/content/newsInfo/offline/,old-code-admin/src/api/content/newsInfo.js,57,
frontend_api,内容管理,查询/查看,/content/newsInfo/submitAudit/,old-code-admin/src/api/content/newsInfo.js,65,
frontend_api,内容管理,查询/查看,/content/newsInfo/increaseReading/,old-code-admin/src/api/content/newsInfo.js,73,
frontend_api,内容管理,查询/查看,/content/newsInfo/increaseLikes/,old-code-admin/src/api/content/newsInfo.js,81,
frontend_api,内容管理,查询/查看,/content/noticeInfo/list,old-code-admin/src/api/content/noticeInfo.js,6,
frontend_api,内容管理,查询/查看,/content/noticeInfo/,old-code-admin/src/api/content/noticeInfo.js,15,
frontend_api,内容管理,查询/查看,/content/noticeInfo,old-code-admin/src/api/content/noticeInfo.js,23,
frontend_api,内容管理,查询/查看,/content/noticeInfo,old-code-admin/src/api/content/noticeInfo.js,32,
frontend_api,内容管理,查询/查看,/content/noticeInfo/,old-code-admin/src/api/content/noticeInfo.js,41,
frontend_api,内容管理,查询/查看,/content/noticeInfo/publish/,old-code-admin/src/api/content/noticeInfo.js,49,
frontend_api,内容管理,查询/查看,/content/noticeInfo/offline/,old-code-admin/src/api/content/noticeInfo.js,57,
frontend_api,内容管理,查询/查看,/content/noticeInfo/submitAudit/,old-code-admin/src/api/content/noticeInfo.js,65,
frontend_api,内容管理,查询/查看,/content/page/list,old-code-admin/src/api/content/page.js,6,
frontend_api,内容管理,查询/查看,/content/page/,old-code-admin/src/api/content/page.js,15,
frontend_api,内容管理,查询/查看,/content/page,old-code-admin/src/api/content/page.js,23,
frontend_api,内容管理,查询/查看,/content/page,old-code-admin/src/api/content/page.js,32,
frontend_api,内容管理,查询/查看,/content/page,old-code-admin/src/api/content/page.js,41,
frontend_api,内容管理,修改/状态变更、查询/查看,/content/page/editContent,old-code-admin/src/api/content/page.js,58,
frontend_api,内容管理,查询/查看,/content/page/,old-code-admin/src/api/content/page.js,71,
frontend_api,内容管理,查询/查看,/content/page/copy/,old-code-admin/src/api/content/page.js,84,
frontend_api,内容管理,查询/查看,/content/questions/list,old-code-admin/src/api/content/questions.js,6,
frontend_api,内容管理,业务操作,/content/questions/,old-code-admin/src/api/content/questions.js,15,
frontend_api,内容管理,业务操作,/content/questions,old-code-admin/src/api/content/questions.js,23,
frontend_api,内容管理,业务操作,/content/questions,old-code-admin/src/api/content/questions.js,32,
frontend_api,内容管理,业务操作,/content/questions/,old-code-admin/src/api/content/questions.js,41,
frontend_api,内容管理,查询/查看,/content/source/list,old-code-admin/src/api/content/source.js,6,
frontend_api,内容管理,业务操作,/content/source/,old-code-admin/src/api/content/source.js,15,
frontend_api,内容管理,业务操作,/content/source,old-code-admin/src/api/content/source.js,23,
frontend_api,内容管理,业务操作,/content/source,old-code-admin/src/api/content/source.js,32,
frontend_api,内容管理,业务操作,/content/source/,old-code-admin/src/api/content/source.js,41,
frontend_api,其他,查询/查看,/course/courseInfo/list,old-code-admin/src/api/course/chapterVideo.js,6,
frontend_api,其他,查询/查看,/course/courseInfo/,old-code-admin/src/api/course/chapterVideo.js,15,
frontend_api,其他,查询/查看,/course/courseInfo,old-code-admin/src/api/course/chapterVideo.js,23,
frontend_api,其他,查询/查看,/course/courseInfo,old-code-admin/src/api/course/chapterVideo.js,32,
frontend_api,其他,业务操作,/course/chapterVideo/,old-code-admin/src/api/course/chapterVideo.js,41,
frontend_api,其他,查询/查看,/course/chapterVideo/getInfoByChapterId/,old-code-admin/src/api/course/chapterVideo.js,49,
frontend_api,其他,业务操作,/course/chapterVideo,old-code-admin/src/api/course/chapterVideo.js,57,
frontend_api,其他,业务操作,/course/chapterVideo,old-code-admin/src/api/course/chapterVideo.js,66,
frontend_api,其他,业务操作,/course/chapterVideo/,old-code-admin/src/api/course/chapterVideo.js,79,
frontend_api,其他,导出,/course/chapterVideo/export,old-code-admin/src/api/course/chapterVideo.js,87,
frontend_api,文件,业务操作,/file/uploadVideo,old-code-admin/src/api/course/chapterVideo.js,96,
frontend_api,其他,查询/查看,/course/courseInfo/list,old-code-admin/src/api/course/courseInfo.js,6,
frontend_api,其他,查询/查看,/course/courseInfo/,old-code-admin/src/api/course/courseInfo.js,15,
frontend_api,其他,查询/查看,/course/courseInfo,old-code-admin/src/api/course/courseInfo.js,23,
frontend_api,其他,查询/查看,/course/courseInfo,old-code-admin/src/api/course/courseInfo.js,32,
frontend_api,其他,查询/查看,/course/courseInfo/,old-code-admin/src/api/course/courseInfo.js,41,
frontend_api,其他,导出、查询/查看,/course/courseInfo/export,old-code-admin/src/api/course/courseInfo.js,49,
frontend_api,其他,修改/状态变更、查询/查看,/course/courseInfo/updateStatus,old-code-admin/src/api/course/courseInfo.js,58,
frontend_api,其他,查询/查看,/course/classify/list,old-code-admin/src/api/course/coursetype.js,6,
frontend_api,其他,查询/查看,/course/classify/getList,old-code-admin/src/api/course/coursetype.js,14,
frontend_api,其他,业务操作,/course/classify/,old-code-admin/src/api/course/coursetype.js,24,
frontend_api,其他,业务操作,/course/classify,old-code-admin/src/api/course/coursetype.js,32,
frontend_api,其他,业务操作,/course/classify,old-code-admin/src/api/course/coursetype.js,41,
frontend_api,其他,业务操作,/course/classify/,old-code-admin/src/api/course/coursetype.js,50,
frontend_api,其他,查询/查看,/course/recommendInfo/list,old-code-admin/src/api/course/recommendInfo.js,6,
frontend_api,其他,查询/查看,/course/recommendInfo/,old-code-admin/src/api/course/recommendInfo.js,15,
frontend_api,其他,查询/查看,/course/recommendInfo,old-code-admin/src/api/course/recommendInfo.js,23,
frontend_api,其他,查询/查看,/course/recommendInfo,old-code-admin/src/api/course/recommendInfo.js,32,
frontend_api,其他,查询/查看,/course/recommendInfo/,old-code-admin/src/api/course/recommendInfo.js,41,
frontend_api,其他,导出、查询/查看,/course/recommendInfo/export,old-code-admin/src/api/course/recommendInfo.js,49,
frontend_api,系统用户与权限,查询/查看,/system/user/group/list,old-code-admin/src/api/fileTask/index.js,6,
frontend_api,系统用户与权限,查询/查看,/competition/competitionManager/selectAllCompetitionDetailInfoForUserGroup,old-code-admin/src/api/fileTask/index.js,15,
frontend_api,系统用户与权限,业务操作,/system/userGroup,old-code-admin/src/api/fileTask/index.js,24,
frontend_api,系统用户与权限,业务操作,/system/userGroup,old-code-admin/src/api/fileTask/index.js,33,
frontend_api,系统用户与权限,查询/查看,/system/userGroup/list,old-code-admin/src/api/fileTask/index.js,42,
frontend_api,系统用户与权限,业务操作,/system/userGroup/,old-code-admin/src/api/fileTask/index.js,51,
frontend_api,系统用户与权限,业务操作,/system/userGroup/,old-code-admin/src/api/fileTask/index.js,59,
frontend_api,文件,查询/查看,/system/fileUploadRecord/list,old-code-admin/src/api/fileTask/index.js,67,
frontend_api,文件,查询/查看,/system/fileUploadManager/list,old-code-admin/src/api/fileTask/index.js,76,
frontend_api,文件,导出,/system/fileUploadRecord/exportFiles,old-code-admin/src/api/fileTask/index.js,85,
frontend_api,文件,导出,/system/fileUploadRecord/export,old-code-admin/src/api/fileTask/index.js,93,
frontend_api,文件,导出,/system/fileUploadManager/export,old-code-admin/src/api/fileTask/index.js,102,
frontend_api,文件,导出,/system/fileUploadManager/exportFiles,old-code-admin/src/api/fileTask/index.js,111,
frontend_api,文件,导出、查询/查看,/system/fileUploadManager/selectExportFiles,old-code-admin/src/api/fileTask/index.js,120,
frontend_api,文件,业务操作,/file/oss/presignedUrl,old-code-admin/src/api/fileTask/index.js,128,
frontend_api,文件,业务操作,/file/oss/temporaryVoucher,old-code-admin/src/api/fileTask/index.js,136,
frontend_api,系统用户与权限,查询/查看,/system/fileDistributeTask/list,old-code-admin/src/api/fileTask/task.js,6,
frontend_api,系统用户与权限,新增/创建,/system/fileDistributeTask/saveFileTask,old-code-admin/src/api/fileTask/task.js,16,
frontend_api,系统用户与权限,修改/状态变更,/system/fileDistributeTask/editFileTask,old-code-admin/src/api/fileTask/task.js,25,
frontend_api,系统用户与权限,删除/作废,/system/fileDistributeTask/remove/${id},old-code-admin/src/api/fileTask/task.js,33,
frontend_api,系统用户与权限,修改/状态变更,/system/fileDistributeTask/updateTaskStatus,old-code-admin/src/api/fileTask/task.js,41,
frontend_api,系统用户与权限,导出、查询/查看,/system/exportManage/list,old-code-admin/src/api/fileTask/task.js,50,
frontend_api,文件,查询/查看,/system/downLoadRecord/list,old-code-admin/src/api/fileTask/task.js,59,
frontend_api,支付,支付/退款、查询/查看,/system/order/list,old-code-admin/src/api/iPayment/index.js,5,
frontend_api,支付,支付/退款,/system/order/${id},old-code-admin/src/api/iPayment/index.js,12,
frontend_api,支付,支付/退款,/system/order/cancelOrder/${id},old-code-admin/src/api/iPayment/index.js,19,
frontend_api,支付,支付/退款,/system/order/proofAudit,old-code-admin/src/api/iPayment/index.js,26,
frontend_api,支付,支付/退款、查询/查看,/system/invoice/list?pageNum=${pam}&pageSize=${psise},old-code-admin/src/api/iPayment/index.js,34,
frontend_api,支付,支付/退款,/system/invoice/apply,old-code-admin/src/api/iPayment/index.js,42,
frontend_api,支付,支付/退款,/system/invoice/reInvoice,old-code-admin/src/api/iPayment/index.js,50,
frontend_api,支付,支付/退款、查询/查看,/system/invoice/queryInvoiceResult,old-code-admin/src/api/iPayment/index.js,58,
frontend_api,支付,支付/退款、查询/查看,/system/merchantParamConfig/merSelect,old-code-admin/src/api/iPayment/index.js,68,
frontend_api,支付,支付/退款、查询/查看,/system/order/commodityNameList,old-code-admin/src/api/iPayment/index.js,75,
frontend_api,支付,支付/退款、查询/查看,/system/merchantParamConfig/list,old-code-admin/src/api/iPayment/merchant.js,5,
frontend_api,支付,支付/退款,/system/merchantParamConfig/${id},old-code-admin/src/api/iPayment/merchant.js,13,
frontend_api,支付,支付/退款,/system/merchantParamConfig/${id},old-code-admin/src/api/iPayment/merchant.js,20,
frontend_api,支付,支付/退款,/system/merchantParamConfig,old-code-admin/src/api/iPayment/merchant.js,27,
frontend_api,支付,支付/退款,/system/merchantParamConfig,old-code-admin/src/api/iPayment/merchant.js,36,
frontend_api,支付,修改/状态变更、支付/退款,/system/merchantParamConfig/changeStatus/${id},old-code-admin/src/api/iPayment/merchant.js,44,
frontend_api,支付,支付/退款、查询/查看,/system/invoice/getSecondList,old-code-admin/src/api/iPayment/merchant.js,53,
frontend_api,系统用户与权限,业务操作,/auth/login,old-code-admin/src/api/login.js,6,
frontend_api,系统用户与权限,业务操作,/auth/register,old-code-admin/src/api/login.js,19,
frontend_api,系统用户与权限,业务操作,/auth/refresh,old-code-admin/src/api/login.js,31,
frontend_api,系统用户与权限,查询/查看,/system/user/getInfo,old-code-admin/src/api/login.js,39,
frontend_api,系统用户与权限,业务操作,/auth/logout,old-code-admin/src/api/login.js,47,
frontend_api,系统用户与权限,业务操作,/code,old-code-admin/src/api/login.js,55,
frontend_api,系统用户与权限,查询/查看,/system/menu/getRouters,old-code-admin/src/api/menu.js,6,
frontend_api,其他,业务操作,/monitor/cache,old-code-admin/src/api/monitor/cache.js,6,
frontend_api,其他,查询/查看,/monitor/cache/getNames,old-code-admin/src/api/monitor/cache.js,14,
frontend_api,其他,查询/查看,/monitor/cache/getKeys/,old-code-admin/src/api/monitor/cache.js,22,
frontend_api,其他,查询/查看,/monitor/cache/getValue/,old-code-admin/src/api/monitor/cache.js,30,
frontend_api,其他,业务操作,/monitor/cache/clearCacheName/,old-code-admin/src/api/monitor/cache.js,38,
frontend_api,其他,业务操作,/monitor/cache/clearCacheKey/,old-code-admin/src/api/monitor/cache.js,46,
frontend_api,其他,业务操作,/monitor/cache/clearCacheAll,old-code-admin/src/api/monitor/cache.js,54,
frontend_api,其他,查询/查看,/schedule/job/list,old-code-admin/src/api/monitor/job.js,6,
frontend_api,其他,业务操作,/schedule/job/,old-code-admin/src/api/monitor/job.js,15,
frontend_api,其他,业务操作,/schedule/job,old-code-admin/src/api/monitor/job.js,23,
frontend_api,其他,业务操作,/schedule/job,old-code-admin/src/api/monitor/job.js,32,
frontend_api,其他,业务操作,/schedule/job/,old-code-admin/src/api/monitor/job.js,41,
frontend_api,其他,修改/状态变更,/schedule/job/changeStatus,old-code-admin/src/api/monitor/job.js,53,
frontend_api,其他,业务操作,/schedule/job/run,old-code-admin/src/api/monitor/job.js,67,
frontend_api,现场 operation_log,查询/查看,/schedule/job/log/list,old-code-admin/src/api/monitor/jobLog.js,6,
frontend_api,其他,业务操作,/schedule/job/log/,old-code-admin/src/api/monitor/jobLog.js,15,
frontend_api,其他,业务操作,/schedule/job/log/clean,old-code-admin/src/api/monitor/jobLog.js,23,
frontend_api,系统用户与权限,查询/查看,/monitor/logininfor/list,old-code-admin/src/api/monitor/logininfor.js,6,
frontend_api,系统用户与权限,查询/查看,/monitor/logininfor/,old-code-admin/src/api/monitor/logininfor.js,15,
frontend_api,系统用户与权限,查询/查看,/monitor/logininfor/unlock/,old-code-admin/src/api/monitor/logininfor.js,23,
frontend_api,系统用户与权限,查询/查看,/monitor/logininfor/clean,old-code-admin/src/api/monitor/logininfor.js,31,
frontend_api,系统用户与权限,查询/查看,/system/online/list,old-code-admin/src/api/monitor/online.js,6,
frontend_api,系统用户与权限,业务操作,/system/online/,old-code-admin/src/api/monitor/online.js,15,
frontend_api,现场 operation_log,查询/查看,/monitor/operlog/list,old-code-admin/src/api/monitor/operlog.js,6,
frontend_api,其他,业务操作,/monitor/operlog/,old-code-admin/src/api/monitor/operlog.js,15,
frontend_api,其他,业务操作,/monitor/operlog/clean,old-code-admin/src/api/monitor/operlog.js,23,
frontend_api,其他,业务操作,/monitor/server,old-code-admin/src/api/monitor/server.js,6,
frontend_api,评审任务,查询/查看,/competition/review/activity/list,old-code-admin/src/api/review/activity.js,5,
frontend_api,评审任务,业务操作,/competition/review/activity/${id},old-code-admin/src/api/review/activity.js,13,
frontend_api,评审任务,业务操作,/competition/review/activity,old-code-admin/src/api/review/activity.js,20,
frontend_api,评审任务,业务操作,/competition/review/activity/${id},old-code-admin/src/api/review/activity.js,28,
frontend_api,评审任务,业务操作,/competition/review/activity/${id},old-code-admin/src/api/review/activity.js,36,
frontend_api,评审任务,业务操作,/competition/review/activity/${activityId}/close-submission,old-code-admin/src/api/review/activity.js,43,
frontend_api,评审任务,查询/查看,/competition/review/assignment/list,old-code-admin/src/api/review/assignment.js,5,
frontend_api,评审任务,业务操作,/competition/review/assignment/${id},old-code-admin/src/api/review/assignment.js,13,
frontend_api,评审任务,业务操作,/competition/review/assignment,old-code-admin/src/api/review/assignment.js,20,
frontend_api,评审任务,业务操作,/competition/review/assignment/batch,old-code-admin/src/api/review/assignment.js,28,
frontend_api,评审任务,业务操作,/competition/review/assignment/${id},old-code-admin/src/api/review/assignment.js,36,
frontend_api,评审任务,业务操作,/competition/review/assignment/${id},old-code-admin/src/api/review/assignment.js,44,
frontend_api,其他,查询/查看,/competition/review/criteria/list,old-code-admin/src/api/review/criteria.js,5,
frontend_api,其他,业务操作,/competition/review/criteria/${id},old-code-admin/src/api/review/criteria.js,13,
frontend_api,其他,业务操作,/competition/review/criteria,old-code-admin/src/api/review/criteria.js,20,
frontend_api,其他,业务操作,/competition/review/criteria/${id},old-code-admin/src/api/review/criteria.js,28,
frontend_api,其他,业务操作,/competition/review/criteria/${id},old-code-admin/src/api/review/criteria.js,36,
frontend_api,文件,业务操作,/file/oss/previewUrl,old-code-admin/src/api/review/materialPreview.js,5,
frontend_api,评审任务,业务操作,/competition/review/my-review/activity-rounds,old-code-admin/src/api/review/myReview.js,5,
frontend_api,其他,查询/查看,/competition/review/my-review/list,old-code-admin/src/api/review/myReview.js,12,
frontend_api,其他,业务操作,/competition/review/my-review/session/${sessionId}/current-object,old-code-admin/src/api/review/myReview.js,20,
frontend_api,其他,业务操作,/competition/review/my-review/${assignmentId},old-code-admin/src/api/review/myReview.js,27,
frontend_api,其他,业务操作,/competition/review/my-review/${assignmentId}/criteria,old-code-admin/src/api/review/myReview.js,34,
frontend_api,其他,业务操作,/competition/review/my-review/${assignmentId}/draft,old-code-admin/src/api/review/myReview.js,41,
frontend_api,其他,业务操作,/competition/review/my-review/${assignmentId}/submit,old-code-admin/src/api/review/myReview.js,49,
frontend_api,其他,查询/查看,/competition/review/object/list,old-code-admin/src/api/review/object.js,5,
frontend_api,其他,业务操作,/competition/review/object/${id},old-code-admin/src/api/review/object.js,13,
frontend_api,其他,业务操作,/competition/review/object,old-code-admin/src/api/review/object.js,20,
frontend_api,其他,业务操作,/competition/review/object/${id},old-code-admin/src/api/review/object.js,28,
frontend_api,其他,业务操作,/competition/review/object/${id},old-code-admin/src/api/review/object.js,36,
frontend_api,导入中间表,导入,/competition/review/object/import-preview,old-code-admin/src/api/review/object.js,43,
frontend_api,导入中间表,导入,/competition/review/object/import-from-business,old-code-admin/src/api/review/object.js,51,
frontend_api,评审材料,业务操作,/competition/review/object/sync-file-task-materials,old-code-admin/src/api/review/object.js,59,
frontend_api,其他,业务操作,/competition/review/object/${id}/members,old-code-admin/src/api/review/object.js,67,
frontend_api,其他,业务操作,/competition/review/object/${id}/permissions,old-code-admin/src/api/review/object.js,74,
frontend_api,现场证件,业务操作,/competition/review/object/${id}/certificates,old-code-admin/src/api/review/object.js,81,
frontend_api,其他,业务操作,/competition/review/object/${id}/external-refs,old-code-admin/src/api/review/object.js,88,
frontend_api,现场证件,业务操作,/competition/review/object/certificate/resolve,old-code-admin/src/api/review/object.js,95,
frontend_api,其他,查询/查看,/competition/review/panel/list,old-code-admin/src/api/review/panel.js,5,
frontend_api,其他,业务操作,/competition/review/panel,old-code-admin/src/api/review/panel.js,13,
frontend_api,其他,业务操作,/competition/review/panel/${id},old-code-admin/src/api/review/panel.js,21,
frontend_api,其他,业务操作,/competition/review/panel/${id},old-code-admin/src/api/review/panel.js,29,
frontend_api,其他,查询/查看,/competition/review/panel-member/list,old-code-admin/src/api/review/panel.js,36,
frontend_api,其他,业务操作,/competition/review/panel-member,old-code-admin/src/api/review/panel.js,44,
frontend_api,其他,业务操作,/competition/review/panel-member/${id},old-code-admin/src/api/review/panel.js,52,
frontend_api,评审评分,查询/查看,/competition/review/result/list,old-code-admin/src/api/review/result.js,5,
frontend_api,评审评分,业务操作,/competition/review/result/generate,old-code-admin/src/api/review/result.js,13,
frontend_api,评审评分,业务操作,/competition/review/result/${id}/conclusion,old-code-admin/src/api/review/result.js,21,
frontend_api,评审评分,业务操作,/competition/review/result/${id}/publish,old-code-admin/src/api/review/result.js,29,
frontend_api,评审评分,业务操作,/competition/review/result/${id}/revoke,old-code-admin/src/api/review/result.js,37,
frontend_api,评审评分,业务操作,/competition/review/result/records,old-code-admin/src/api/review/result.js,45,
frontend_api,评审评分,查询/查看,/competition/review/result/record/${recordId}/details,old-code-admin/src/api/review/result.js,53,
frontend_api,其他,查询/查看,/competition/review/round/list,old-code-admin/src/api/review/round.js,5,
frontend_api,其他,业务操作,/competition/review/round/${id},old-code-admin/src/api/review/round.js,13,
frontend_api,其他,业务操作,/competition/review/round,old-code-admin/src/api/review/round.js,20,
frontend_api,其他,业务操作,/competition/review/round/${id},old-code-admin/src/api/review/round.js,28,
frontend_api,其他,业务操作,/competition/review/round/${id},old-code-admin/src/api/review/round.js,36,
frontend_api,其他,业务操作,/competition/review/round/${roundId}/bind-rule,old-code-admin/src/api/review/round.js,43,
frontend_api,其他,查询/查看,/competition/review/rule/list,old-code-admin/src/api/review/rule.js,5,
frontend_api,其他,业务操作,/competition/review/rule/${id},old-code-admin/src/api/review/rule.js,13,
frontend_api,其他,业务操作,/competition/review/rule,old-code-admin/src/api/review/rule.js,20,
frontend_api,其他,业务操作,/competition/review/rule/${id},old-code-admin/src/api/review/rule.js,28,
frontend_api,其他,业务操作,/competition/review/rule/${id},old-code-admin/src/api/review/rule.js,36,
frontend_api,其他,业务操作,/competition/review/rule/${id}/validate,old-code-admin/src/api/review/rule.js,43,
frontend_api,其他,业务操作,/competition/review/rule/${id}/enable,old-code-admin/src/api/review/rule.js,50,
frontend_api,其他,业务操作,/competition/review/rule/${id}/disable,old-code-admin/src/api/review/rule.js,57,
frontend_api,其他,业务操作,/competition/review/rule/${id}/copy,old-code-admin/src/api/review/rule.js,64,
frontend_api,评审任务,业务操作,/competition/review/secretary/session/${sessionId},old-code-admin/src/api/review/secretary.js,5,
frontend_api,评审任务,业务操作,/competition/review/secretary/session/${sessionId}/objects,old-code-admin/src/api/review/secretary.js,12,
frontend_api,评审任务,业务操作,/competition/review/secretary/session/${sessionId}/current-object,old-code-admin/src/api/review/secretary.js,19,
frontend_api,评审任务,业务操作,/competition/review/secretary/session/${sessionId}/next-object,old-code-admin/src/api/review/secretary.js,27,
frontend_api,评审任务,修改/状态变更,/competition/review/secretary/session-object/${sessionObjectId}/status,old-code-admin/src/api/review/secretary.js,34,
frontend_api,其他,查询/查看,/competition/review/session/list,old-code-admin/src/api/review/session.js,5,
frontend_api,其他,业务操作,/competition/review/session/${id},old-code-admin/src/api/review/session.js,13,
frontend_api,其他,业务操作,/competition/review/session,old-code-admin/src/api/review/session.js,20,
frontend_api,其他,业务操作,/competition/review/session/${id},old-code-admin/src/api/review/session.js,28,
frontend_api,其他,业务操作,/competition/review/session/${id},old-code-admin/src/api/review/session.js,36,
frontend_api,其他,业务操作,/competition/review/session/${sessionId}/current-object,old-code-admin/src/api/review/session.js,43,
frontend_api,其他,业务操作,/competition/review/session/${sessionId}/current-object,old-code-admin/src/api/review/session.js,50,
frontend_api,其他,业务操作,/competition/review/session/object,old-code-admin/src/api/review/session.js,58,
frontend_api,其他,业务操作,/competition/review/session/object/${id},old-code-admin/src/api/review/session.js,66,
frontend_api,其他,业务操作,/competition/review/session/object/${id},old-code-admin/src/api/review/session.js,74,
frontend_api,其他,查询/查看,/competition/review/session/object/list,old-code-admin/src/api/review/session.js,81,
frontend_api,现场 operation_log,查询/查看,/competition/review/session/event-log/list,old-code-admin/src/api/review/session.js,89,
frontend_api,评审材料,查询/查看,/competition/review/submission/my-list,old-code-admin/src/api/review/submission.js,5,
frontend_api,评审材料,业务操作,/competition/review/submission/${objectId},old-code-admin/src/api/review/submission.js,13,
frontend_api,评审材料,业务操作,/competition/review/submission/${objectId}/draft,old-code-admin/src/api/review/submission.js,20,
frontend_api,评审材料,业务操作,/competition/review/submission/${objectId}/material,old-code-admin/src/api/review/submission.js,28,
frontend_api,评审材料,业务操作,/competition/review/submission/${objectId}/materials,old-code-admin/src/api/review/submission.js,36,
frontend_api,评审材料,业务操作,/competition/review/submission/material/${materialId},old-code-admin/src/api/review/submission.js,43,
frontend_api,评审材料,业务操作,/competition/review/submission/${objectId}/submit,old-code-admin/src/api/review/submission.js,50,
frontend_api,评审材料,业务操作,/competition/review/submission/${objectId}/withdraw-request,old-code-admin/src/api/review/submission.js,57,
frontend_api,评审材料,业务操作,/competition/review/submission/${objectId}/withdraw-approve,old-code-admin/src/api/review/submission.js,65,
frontend_api,评审材料,业务操作,/competition/review/submission/${objectId}/withdraw-reject,old-code-admin/src/api/review/submission.js,73,
frontend_api,评审材料,业务操作,/competition/review/submission/${objectId}/result,old-code-admin/src/api/review/submission.js,81,
frontend_api,系统用户与权限,查询/查看,/system/auditlog/list,old-code-admin/src/api/system/auditlog.js,6,
frontend_api,系统用户与权限,业务操作,/system/auditlog/,old-code-admin/src/api/system/auditlog.js,15,
frontend_api,系统用户与权限,业务操作,/system/auditlog/audit,old-code-admin/src/api/system/auditlog.js,23,
frontend_api,系统用户与权限,业务操作,/system/auditlog/ignore,old-code-admin/src/api/system/auditlog.js,32,
frontend_api,系统用户与权限,业务操作,/system/auditlog/,old-code-admin/src/api/system/auditlog.js,41,
frontend_api,系统用户与权限,业务操作,/system/auditlog/clean,old-code-admin/src/api/system/auditlog.js,49,
frontend_api,系统用户与权限,导出,/system/auditlog/export,old-code-admin/src/api/system/auditlog.js,57,
frontend_api,系统用户与权限,业务操作,/system/auditlog/statistics/byType,old-code-admin/src/api/system/auditlog.js,66,
frontend_api,系统用户与权限,业务操作,/system/auditlog/statistics/byRiskLevel,old-code-admin/src/api/system/auditlog.js,74,
frontend_api,系统用户与权限,业务操作,/system/auditlog/statistics/abnormalBehavior,old-code-admin/src/api/system/auditlog.js,82,
frontend_api,系统用户与权限,查询/查看,/system/config/list,old-code-admin/src/api/system/config.js,6,
frontend_api,系统用户与权限,业务操作,/system/config/,old-code-admin/src/api/system/config.js,15,
frontend_api,系统用户与权限,业务操作,/system/config/configKey/,old-code-admin/src/api/system/config.js,23,
frontend_api,系统用户与权限,业务操作,/system/config,old-code-admin/src/api/system/config.js,31,
frontend_api,系统用户与权限,业务操作,/system/config,old-code-admin/src/api/system/config.js,40,
frontend_api,系统用户与权限,业务操作,/system/config/,old-code-admin/src/api/system/config.js,49,
frontend_api,系统用户与权限,业务操作,/system/config/refreshCache,old-code-admin/src/api/system/config.js,57,
frontend_api,系统用户与权限,查询/查看,/competition/competitionWorks/list,old-code-admin/src/api/system/config.js,66,
frontend_api,系统用户与权限,业务操作,/competition/competitionWorks/${worksId} ,old-code-admin/src/api/system/config.js,74,
frontend_api,系统用户与权限,修改/状态变更,/competition/competitionWorks/updateCompetitionWorks,old-code-admin/src/api/system/config.js,83,
frontend_api,系统用户与权限,新增/创建、查询/查看,/competition/competitionWorkLink/saveCompetitionWorkLinkInfo,old-code-admin/src/api/system/config.js,91,
frontend_api,系统用户与权限,查询/查看,/competition/competitionWorks/getSpecialistList,old-code-admin/src/api/system/config.js,99,
frontend_api,系统用户与权限,修改/状态变更,/competition/competitionWorks/updateCompetitionWorksScore,old-code-admin/src/api/system/config.js,108,
frontend_api,系统用户与权限,查询/查看,/competition/competitionWorks/getLinkCompetitionWorksInfo/${worksId} ,old-code-admin/src/api/system/config.js,117,
frontend_api,系统用户与权限,查询/查看,/competition/competitionWorkLink/list,old-code-admin/src/api/system/config.js,126,
frontend_api,系统用户与权限,修改/状态变更、查询/查看,/competition/competitionWorkLink/updateCompetitionWorkLinkInfo,old-code-admin/src/api/system/config.js,135,
frontend_api,系统用户与权限,查询/查看,/system/org/list,old-code-admin/src/api/system/dept.js,6,
frontend_api,系统用户与权限,查询/查看,/system/org/lists,old-code-admin/src/api/system/dept.js,14,
frontend_api,系统用户与权限,查询/查看,/system/org/list/exclude/,old-code-admin/src/api/system/dept.js,23,
frontend_api,系统用户与权限,查询/查看,/system/org/getOrgDetail/,old-code-admin/src/api/system/dept.js,31,
frontend_api,系统用户与权限,新增/创建、查询/查看,/system/org/saveOrgInfo,old-code-admin/src/api/system/dept.js,39,
frontend_api,系统用户与权限,修改/状态变更、查询/查看,/system/org/updateOrgInfo,old-code-admin/src/api/system/dept.js,48,
frontend_api,系统用户与权限,删除/作废,/system/org/remove/,old-code-admin/src/api/system/dept.js,57,
frontend_api,系统用户与权限,查询/查看,/system/org/getList,old-code-admin/src/api/system/dept.js,65,
frontend_api,系统用户与权限,查询/查看,/system/dict/data/list,old-code-admin/src/api/system/dict/data.js,6,
frontend_api,系统用户与权限,业务操作,/system/dict/data/,old-code-admin/src/api/system/dict/data.js,15,
frontend_api,系统用户与权限,业务操作,/system/dict/data/type/,old-code-admin/src/api/system/dict/data.js,23,
frontend_api,系统用户与权限,业务操作,/system/dict/data,old-code-admin/src/api/system/dict/data.js,31,
frontend_api,系统用户与权限,业务操作,/system/dict/data,old-code-admin/src/api/system/dict/data.js,40,
frontend_api,系统用户与权限,业务操作,/system/dict/data/,old-code-admin/src/api/system/dict/data.js,49,
frontend_api,系统用户与权限,查询/查看,/system/dict/type/list,old-code-admin/src/api/system/dict/type.js,6,
frontend_api,系统用户与权限,业务操作,/system/dict/type/,old-code-admin/src/api/system/dict/type.js,15,
frontend_api,系统用户与权限,业务操作,/system/dict/type,old-code-admin/src/api/system/dict/type.js,23,
frontend_api,系统用户与权限,业务操作,/system/dict/type,old-code-admin/src/api/system/dict/type.js,32,
frontend_api,系统用户与权限,业务操作,/system/dict/type/,old-code-admin/src/api/system/dict/type.js,41,
frontend_api,系统用户与权限,业务操作,/system/dict/type/refreshCache,old-code-admin/src/api/system/dict/type.js,49,
frontend_api,系统用户与权限,查询/查看,/system/dict/type/optionselect,old-code-admin/src/api/system/dict/type.js,57,
frontend_api,系统用户与权限,查询/查看,/system/errorlog/list,old-code-admin/src/api/system/errorlog.js,6,
frontend_api,系统用户与权限,业务操作,/system/errorlog/,old-code-admin/src/api/system/errorlog.js,15,
frontend_api,系统用户与权限,业务操作,/system/errorlog/handle,old-code-admin/src/api/system/errorlog.js,23,
frontend_api,系统用户与权限,业务操作,/system/errorlog/ignore,old-code-admin/src/api/system/errorlog.js,32,
frontend_api,系统用户与权限,业务操作,/system/errorlog/,old-code-admin/src/api/system/errorlog.js,41,
frontend_api,系统用户与权限,业务操作,/system/errorlog/clean,old-code-admin/src/api/system/errorlog.js,49,
frontend_api,系统用户与权限,导出,/system/errorlog/export,old-code-admin/src/api/system/errorlog.js,57,
frontend_api,系统用户与权限,查询/查看,/system/logininfor/list,old-code-admin/src/api/system/logininfor.js,6,
frontend_api,系统用户与权限,查询/查看,/system/logininfor/,old-code-admin/src/api/system/logininfor.js,15,
frontend_api,系统用户与权限,查询/查看,/system/logininfor/unlock/,old-code-admin/src/api/system/logininfor.js,23,
frontend_api,系统用户与权限,查询/查看,/system/logininfor/clean,old-code-admin/src/api/system/logininfor.js,30,
frontend_api,系统用户与权限,查询/查看,/system/discipline/list,old-code-admin/src/api/system/major.js,6,
frontend_api,系统用户与权限,业务操作,/system/discipline/,old-code-admin/src/api/system/major.js,15,
frontend_api,系统用户与权限,业务操作,/system/discipline,old-code-admin/src/api/system/major.js,23,
frontend_api,系统用户与权限,业务操作,/system/discipline,old-code-admin/src/api/system/major.js,32,
frontend_api,系统用户与权限,业务操作,/system/discipline/,old-code-admin/src/api/system/major.js,41,
frontend_api,系统用户与权限,查询/查看,/system/menu/list,old-code-admin/src/api/system/menu.js,6,
frontend_api,系统用户与权限,业务操作,/system/menu/,old-code-admin/src/api/system/menu.js,15,
frontend_api,系统用户与权限,查询/查看,/system/menu/treeselect,old-code-admin/src/api/system/menu.js,23,
frontend_api,系统用户与权限,查询/查看,/system/menu/treeselectNoPc,old-code-admin/src/api/system/menu.js,32,
frontend_api,系统用户与权限,查询/查看,/system/menu/roleMenuTreeselect/,old-code-admin/src/api/system/menu.js,41,
frontend_api,系统用户与权限,查询/查看,/system/menu/roleMenuATreeSelect/,old-code-admin/src/api/system/menu.js,49,
frontend_api,系统用户与权限,业务操作,/system/menu,old-code-admin/src/api/system/menu.js,57,
frontend_api,系统用户与权限,业务操作,/system/menu,old-code-admin/src/api/system/menu.js,66,
frontend_api,系统用户与权限,业务操作,/system/menu/,old-code-admin/src/api/system/menu.js,75,
frontend_api,系统用户与权限,查询/查看,/system/menu/pcTreeselect,old-code-admin/src/api/system/menu.js,83,
frontend_api,系统用户与权限,查询/查看,/system/notice/list,old-code-admin/src/api/system/notice.js,6,
frontend_api,系统用户与权限,业务操作,/system/notice/,old-code-admin/src/api/system/notice.js,15,
frontend_api,系统用户与权限,业务操作,/system/notice,old-code-admin/src/api/system/notice.js,23,
frontend_api,系统用户与权限,业务操作,/system/notice,old-code-admin/src/api/system/notice.js,32,
frontend_api,系统用户与权限,业务操作,/system/notice/,old-code-admin/src/api/system/notice.js,41,
frontend_api,系统用户与权限,查询/查看,/system/operlog/list,old-code-admin/src/api/system/operlog.js,6,
frontend_api,系统用户与权限,业务操作,/system/operlog/,old-code-admin/src/api/system/operlog.js,15,
frontend_api,系统用户与权限,业务操作,/system/operlog/clean,old-code-admin/src/api/system/operlog.js,23,
frontend_api,系统用户与权限,查询/查看,/system/post/list,old-code-admin/src/api/system/post.js,6,
frontend_api,系统用户与权限,业务操作,/system/post/,old-code-admin/src/api/system/post.js,15,
frontend_api,系统用户与权限,业务操作,/system/post,old-code-admin/src/api/system/post.js,23,
frontend_api,系统用户与权限,业务操作,/system/post,old-code-admin/src/api/system/post.js,32,
frontend_api,系统用户与权限,业务操作,/system/post/,old-code-admin/src/api/system/post.js,41,
frontend_api,系统用户与权限,查询/查看,/system/discipline/pc/list,old-code-admin/src/api/system/post.js,49,
frontend_api,系统用户与权限,查询/查看,/system/audit/list,old-code-admin/src/api/system/process.js,6,
frontend_api,系统用户与权限,业务操作,/system/audit,old-code-admin/src/api/system/process.js,15,
frontend_api,系统用户与权限,业务操作,/system/audit/,old-code-admin/src/api/system/process.js,23,
frontend_api,系统用户与权限,查询/查看,/system/task/getUser/,old-code-admin/src/api/system/process.js,30,
frontend_api,系统用户与权限,业务操作,/system/audit,old-code-admin/src/api/system/process.js,37,
frontend_api,系统用户与权限,业务操作,/system/audit/enableOrDeactivate,old-code-admin/src/api/system/process.js,46,
frontend_api,系统用户与权限,业务操作,/system/audit/,old-code-admin/src/api/system/process.js,54,
frontend_api,流程审批,查询/查看,/system/task/list,old-code-admin/src/api/system/process.js,61,
frontend_api,流程审批,业务操作,/system/task/finish,old-code-admin/src/api/system/process.js,69,
frontend_api,流程审批,业务操作,/system/task/${params},old-code-admin/src/api/system/process.js,78,
frontend_api,流程审批,业务操作,/system/task/audit,old-code-admin/src/api/system/process.js,85,
frontend_api,流程审批,业务操作,/system/task/videoAudit,old-code-admin/src/api/system/process.js,93,
frontend_api,系统用户与权限,业务操作,/system/audit/copy/${auditId},old-code-admin/src/api/system/process.js,101,
frontend_api,系统用户与权限,查询/查看,/system/user/getUserList/${orgId}/${roleId},old-code-admin/src/api/system/process.js,109,
frontend_api,系统用户与权限,查询/查看,/system/identityInfo/list,old-code-admin/src/api/system/process.js,117,
frontend_api,系统用户与权限,查询/查看,/system/identityInfo/getIdentityInfoDetail/${authId} ,old-code-admin/src/api/system/process.js,126,
frontend_api,系统用户与权限,查询/查看,/system/school/pc/list,old-code-admin/src/api/system/process.js,134,
frontend_api,系统用户与权限,查询/查看,/system/personalCenter/pc/getTeachers,old-code-admin/src/api/system/process.js,143,
frontend_api,流程审批,业务操作,/system/task/pic/,old-code-admin/src/api/system/process.js,151,
frontend_api,流程审批,业务操作,/system/task/audits,old-code-admin/src/api/system/process.js,158,
frontend_api,系统用户与权限,查询/查看,/system/role/list,old-code-admin/src/api/system/role.js,6,
frontend_api,系统用户与权限,业务操作,/system/role/,old-code-admin/src/api/system/role.js,15,
frontend_api,系统用户与权限,业务操作,/system/role,old-code-admin/src/api/system/role.js,23,
frontend_api,系统用户与权限,业务操作,/system/role,old-code-admin/src/api/system/role.js,32,
frontend_api,系统用户与权限,业务操作,/system/role/dataScope,old-code-admin/src/api/system/role.js,41,
frontend_api,系统用户与权限,修改/状态变更,/system/role/changeStatus,old-code-admin/src/api/system/role.js,54,
frontend_api,系统用户与权限,业务操作,/system/role/,old-code-admin/src/api/system/role.js,63,
frontend_api,系统用户与权限,查询/查看,/system/role/authUser/allocatedList,old-code-admin/src/api/system/role.js,71,
frontend_api,系统用户与权限,查询/查看,/system/role/authUser/unallocatedList,old-code-admin/src/api/system/role.js,80,
frontend_api,系统用户与权限,业务操作,/system/role/authUser/cancel,old-code-admin/src/api/system/role.js,89,
frontend_api,系统用户与权限,业务操作,/system/role/authUser/cancelAll,old-code-admin/src/api/system/role.js,98,
frontend_api,系统用户与权限,查询/查看,/system/role/authUser/selectAll,old-code-admin/src/api/system/role.js,107,
frontend_api,系统用户与权限,业务操作,/system/role/deptTree/,old-code-admin/src/api/system/role.js,116,
frontend_api,系统用户与权限,查询/查看,/system/school/list,old-code-admin/src/api/system/school.js,6,
frontend_api,系统用户与权限,业务操作,/system/school/,old-code-admin/src/api/system/school.js,15,
frontend_api,系统用户与权限,业务操作,/system/school,old-code-admin/src/api/system/school.js,23,
frontend_api,系统用户与权限,业务操作,/system/school,old-code-admin/src/api/system/school.js,32,
frontend_api,系统用户与权限,业务操作,/system/school/,old-code-admin/src/api/system/school.js,41,
frontend_api,系统用户与权限,查询/查看,/system/suggBack/list,old-code-admin/src/api/system/suggback.js,6,
frontend_api,系统用户与权限,业务操作,/system/suggBack/,old-code-admin/src/api/system/suggback.js,15,
frontend_api,系统用户与权限,业务操作,/system/suggBack,old-code-admin/src/api/system/suggback.js,23,
frontend_api,系统用户与权限,业务操作,/system/suggBack,old-code-admin/src/api/system/suggback.js,32,
frontend_api,系统用户与权限,业务操作,/system/suggBack/,old-code-admin/src/api/system/suggback.js,41,
frontend_api,系统用户与权限,业务操作,/system/suggBack/reply,old-code-admin/src/api/system/suggback.js,49,
frontend_api,系统用户与权限,业务操作,/system/suggBack/transfer,old-code-admin/src/api/system/suggback.js,58,
frontend_api,系统用户与权限,修改/状态变更,/system/suggBack/changeStatus,old-code-admin/src/api/system/suggback.js,67,
frontend_api,系统用户与权限,查询/查看,/system/user/userList,old-code-admin/src/api/system/user.js,7,
frontend_api,系统用户与权限,业务操作,/system/user/,old-code-admin/src/api/system/user.js,16,
frontend_api,系统用户与权限,业务操作,/system/user,old-code-admin/src/api/system/user.js,24,
frontend_api,系统用户与权限,业务操作,/system/user,old-code-admin/src/api/system/user.js,33,
frontend_api,系统用户与权限,业务操作,/system/user/,old-code-admin/src/api/system/user.js,42,
frontend_api,系统用户与权限,业务操作,/system/user/resetPwd,old-code-admin/src/api/system/user.js,54,
frontend_api,系统用户与权限,修改/状态变更,/system/user/changeStatus,old-code-admin/src/api/system/user.js,67,
frontend_api,系统用户与权限,业务操作,/system/user/profile,old-code-admin/src/api/system/user.js,76,
frontend_api,系统用户与权限,业务操作,/system/user/profile,old-code-admin/src/api/system/user.js,84,
frontend_api,系统用户与权限,修改/状态变更,/system/user/profile/updatePwd,old-code-admin/src/api/system/user.js,97,
frontend_api,系统用户与权限,业务操作,/system/user/profile/avatar,old-code-admin/src/api/system/user.js,106,
frontend_api,系统用户与权限,业务操作,/system/user/authRole/,old-code-admin/src/api/system/user.js,116,
frontend_api,系统用户与权限,业务操作,/system/user/authRole,old-code-admin/src/api/system/user.js,124,
frontend_api,系统用户与权限,业务操作,/system/user/deptTree,old-code-admin/src/api/system/user.js,133,
frontend_api,系统用户与权限,查询/查看,/system/user/selectAllDeptTreeList,old-code-admin/src/api/system/user.js,140,
frontend_api,系统用户与权限,业务操作,/system/user/deptTree,old-code-admin/src/api/system/user.js,148,
frontend_api,系统用户与权限,查询/查看,/system/user/getUserList,old-code-admin/src/api/system/user.js,156,
frontend_api,系统用户与权限,查询/查看,/system/wechatIntegration/list,old-code-admin/src/api/system/wechatIntegration.js,6,
frontend_api,系统用户与权限,业务操作,/system/wechatIntegration/,old-code-admin/src/api/system/wechatIntegration.js,15,
frontend_api,系统用户与权限,业务操作,/system/wechatIntegration,old-code-admin/src/api/system/wechatIntegration.js,23,
frontend_api,系统用户与权限,业务操作,/system/wechatIntegration,old-code-admin/src/api/system/wechatIntegration.js,32,
frontend_api,系统用户与权限,业务操作,/system/wechatIntegration/,old-code-admin/src/api/system/wechatIntegration.js,41,
frontend_api,系统用户与权限,业务操作,/system/wechatIntegration/reset,old-code-admin/src/api/system/wechatIntegration.js,49,
frontend_api,其他,查询/查看,/code/gen/list,old-code-admin/src/api/tool/gen.js,6,
frontend_api,其他,查询/查看,/code/gen/db/list,old-code-admin/src/api/tool/gen.js,14,
frontend_api,其他,业务操作,/code/gen/,old-code-admin/src/api/tool/gen.js,23,
frontend_api,其他,业务操作,/code/gen,old-code-admin/src/api/tool/gen.js,31,
frontend_api,导入中间表,导入,/code/gen/importTable,old-code-admin/src/api/tool/gen.js,40,
frontend_api,其他,业务操作,/code/gen/preview/,old-code-admin/src/api/tool/gen.js,49,
frontend_api,其他,业务操作,/code/gen/,old-code-admin/src/api/tool/gen.js,57,
frontend_api,其他,业务操作,/code/gen/genCode/,old-code-admin/src/api/tool/gen.js,65,
frontend_api,其他,业务操作,/code/gen/synchDb/,old-code-admin/src/api/tool/gen.js,73,
frontend_api,其他,新增/创建,/code/gen/createTable,old-code-admin/src/api/tool/gen.js,81,
frontend_api,其他,查询/查看,/competition/publicity/list,old-code-admin/src/api/tournament/awardPublicity.js,8,
frontend_api,其他,业务操作,/competition/publicity/${id},old-code-admin/src/api/tournament/awardPublicity.js,17,
frontend_api,导入中间表,导入,/competition/publicity/importData,old-code-admin/src/api/tournament/awardPublicity.js,25,
frontend_api,其他,业务操作,/competition/publicity,old-code-admin/src/api/tournament/awardPublicity.js,35,
frontend_api,其他,查询/查看,/competition/publicity/tipInfo,old-code-admin/src/api/tournament/awardPublicity.js,44,
frontend_api,其他,查询/查看,/competition/details/awardDetailsList,old-code-admin/src/api/tournament/awardPublicity.js,53,
frontend_api,其他,业务操作,/competition/publicity/${ids},old-code-admin/src/api/tournament/awardPublicity.js,62,
frontend_api,其他,修改/状态变更、查询/查看,/competition/details/editAwardDetails,old-code-admin/src/api/tournament/awardPublicity.js,70,
frontend_api,其他,导出、查询/查看,/competition/details/export,old-code-admin/src/api/tournament/awardPublicity.js,79,
frontend_api,其他,删除/作废、查询/查看,/competition/details/remove/${id},old-code-admin/src/api/tournament/awardPublicity.js,88,
frontend_api,赛事主数据,查询/查看,/competition/competitionManager/list,old-code-admin/src/api/tournament/competition.js,6,
frontend_api,赛事主数据,查询/查看,/competition/competitionManager/getCompetitionDetailInfoById,old-code-admin/src/api/tournament/competition.js,15,
frontend_api,赛事主数据,查询/查看,/competition/competitionManager/queryNowCompetitionStageConfig,old-code-admin/src/api/tournament/competition.js,23,
frontend_api,赛事主数据,新增/创建、查询/查看,/competition/competitionManager/saveCompetitionInfo,old-code-admin/src/api/tournament/competition.js,32,
frontend_api,赛事主数据,修改/状态变更、查询/查看,/competition/competitionManager/updateCompetitionInfo,old-code-admin/src/api/tournament/competition.js,41,
frontend_api,赛事主数据,删除/作废、查询/查看,/competition/competitionManager/removeCompetitionMainInfo,old-code-admin/src/api/tournament/competition.js,50,
frontend_api,赛事主数据,修改/状态变更、查询/查看,/competition/competitionManager/updateCompetitionInfoStatus,old-code-admin/src/api/tournament/competition.js,58,
frontend_api,系统用户与权限,新增/创建、查询/查看,/competition/userGradeInfo/saveUserGradeCompetitionStageConfig,old-code-admin/src/api/tournament/competition.js,67,
frontend_api,系统用户与权限,新增/创建、查询/查看,/competition/userGradeInfo/createAdvanceUserGradeInfo,old-code-admin/src/api/tournament/competition.js,76,
frontend_api,系统用户与权限,新增/创建、查询/查看,/competition/userGradeInfo/saveAdvanceUserGradeInfo,old-code-admin/src/api/tournament/competition.js,85,
frontend_api,赛事主数据,查询/查看,/competition/competitionTrackInfo/list,old-code-admin/src/api/tournament/competition.js,94,
frontend_api,赛事主数据,查询/查看,/competition/competitionTrackConfig/getCompetitionTrackConfigInfo/${id},old-code-admin/src/api/tournament/competition.js,103,
frontend_api,赛事主数据,新增/创建、查询/查看,/competition/competitionTrackInfo/saveCompetitionTrackInfo,old-code-admin/src/api/tournament/competition.js,111,
frontend_api,赛事主数据,新增/创建,/competition/competitionTrackConfig/saveCompetitionTrackRuleConfig,old-code-admin/src/api/tournament/competition.js,120,
frontend_api,赛事主数据,删除/作废,/competition/competitionTrackConfig/removeCompetitionTrackConfig/${id},old-code-admin/src/api/tournament/competition.js,129,
frontend_api,赛事主数据,删除/作废、查询/查看,/competition/competitionTrackInfo/removeCompetitionTrack/${id},old-code-admin/src/api/tournament/competition.js,137,
frontend_api,赛事主数据,查询/查看,/competition/competitionManager/pullDownList,old-code-admin/src/api/tournament/competition.js,145,
frontend_api,赛事主数据,查询/查看,/competition/checkPackage/getList,old-code-admin/src/api/tournament/competition.js,154,
frontend_api,赛事主数据,查询/查看,/competition/competitionOperationConfig/operationConfigList/${competitionSeriesId},old-code-admin/src/api/tournament/competition.js,163,
frontend_api,赛事主数据,新增/创建,/competition/competitionOperationConfig/saveCompetitionOperationConfig,old-code-admin/src/api/tournament/competition.js,171,
frontend_api,赛事主数据,修改/状态变更,/competition/competitionOperationConfig/updateCompetitionOperationConfig,old-code-admin/src/api/tournament/competition.js,179,
frontend_api,扫码/小程序,查询/查看,/wxApp/wxSignInInfo/list,old-code-admin/src/api/tournament/competition.js,188,
frontend_api,扫码/小程序,导出、查询/查看,/wxApp/wxSignInInfo/export,old-code-admin/src/api/tournament/competition.js,197,
frontend_api,其他,查询/查看,/competition/competitionWorks/list,old-code-admin/src/api/tournament/prize.js,8,
frontend_api,其他,查询/查看,/competition/competitionAwardsConfig/list,old-code-admin/src/api/tournament/prize.js,17,
frontend_api,其他,新增/创建,/competition/competitionAwardsConfig/addCompetitionAwardsConfig,old-code-admin/src/api/tournament/prize.js,25,
frontend_api,其他,修改/状态变更,/competition/competitionAwardsConfig/updateCompetitionAwardsConfig,old-code-admin/src/api/tournament/prize.js,33,
frontend_api,其他,查询/查看,/competition/promotedInfo/list,old-code-admin/src/api/tournament/promote.js,7,
frontend_api,其他,查询/查看,/competition/promotedInfo/getDetailInfo/${promotedId},old-code-admin/src/api/tournament/promote.js,16,
frontend_api,导入中间表,导入、查询/查看,/competition/promotedApplyInfo/import,old-code-admin/src/api/tournament/promote.js,24,
frontend_api,其他,修改/状态变更、查询/查看,/competition/promotedInfo/editCompetitionPromotedInfo,old-code-admin/src/api/tournament/promote.js,34,
frontend_api,报名与团队,查询/查看,/competition/promotedApplyInfo/list,old-code-admin/src/api/tournament/promote.js,43,
frontend_api,其他,删除/作废、查询/查看,/competition/promotedInfo/remove/${promotedId},old-code-admin/src/api/tournament/promote.js,52,
frontend_api,报名与团队,查询/查看,/competition/promotedApplyInfo,old-code-admin/src/api/tournament/promote.js,60,
frontend_api,报名与团队,导出、查询/查看,/competition/promotedApplyInfo/export,old-code-admin/src/api/tournament/promote.js,69,
frontend_api,报名与团队,查询/查看,/competition/promotedApplyInfo/${competitionSeriesId}/${teamCodes},old-code-admin/src/api/tournament/promote.js,78,
frontend_api,系统用户与权限,查询/查看,/system/reviewTaskInfo/list,old-code-admin/src/api/tournament/reviewManage.js,8,
frontend_api,系统用户与权限,查询/查看,/system/school/selectAllProvince,old-code-admin/src/api/tournament/reviewManage.js,18,
frontend_api,系统用户与权限,查询/查看,/system/reviewTaskAllotGroup/list,old-code-admin/src/api/tournament/reviewManage.js,26,
frontend_api,系统用户与权限,查询/查看,/system/reviewTaskAllotGroup/getReviewTaskAllotGroup/${reviewGroupId},old-code-admin/src/api/tournament/reviewManage.js,34,
frontend_api,系统用户与权限,删除/作废,/system/reviewTaskAllotGroup/remove/groupRelation,old-code-admin/src/api/tournament/reviewManage.js,42,
frontend_api,系统用户与权限,新增/创建、查询/查看,/system/reviewTaskInfo/saveReviewTaskInfo,old-code-admin/src/api/tournament/reviewManage.js,51,
frontend_api,系统用户与权限,新增/创建、查询/查看,/system/reviewTaskInfo/saveReviewTaskInfo,old-code-admin/src/api/tournament/reviewManage.js,60,
frontend_api,系统用户与权限,新增/创建、查询/查看,/system/reviewTaskInfo/saveReviewTaskInfo,old-code-admin/src/api/tournament/reviewManage.js,69,
frontend_api,系统用户与权限,新增/创建、查询/查看,/system/reviewTaskInfo/saveSpecialistReviewTaskInfo,old-code-admin/src/api/tournament/reviewManage.js,83,
frontend_api,系统用户与权限,新增/创建,/system/reviewTaskAllotGroup/addReviewTaskAllotGroup,old-code-admin/src/api/tournament/reviewManage.js,92,
frontend_api,系统用户与权限,查询/查看,/system/reviewSpecialistGroupInfo/getSpecialistInfo,old-code-admin/src/api/tournament/reviewManage.js,103,
frontend_api,系统用户与权限,查询/查看,/system/reviewSpecialistGroupInfo/list,old-code-admin/src/api/tournament/reviewManage.js,112,
frontend_api,系统用户与权限,新增/创建、查询/查看,/system/reviewSpecialistGroupInfo/addReviewSpecialistGroupInfo,old-code-admin/src/api/tournament/reviewManage.js,121,
frontend_api,系统用户与权限,删除/作废、查询/查看,/system/reviewSpecialistGroupInfo/remove/${groupIds},old-code-admin/src/api/tournament/reviewManage.js,130,
frontend_api,系统用户与权限,修改/状态变更、查询/查看,/system/reviewSpecialistGroupInfo/editReviewSpecialistGroupInfo,old-code-admin/src/api/tournament/reviewManage.js,138,
frontend_api,系统用户与权限,删除/作废、查询/查看,/system/reviewSpecialistGroupInfo/remove/specialist,old-code-admin/src/api/tournament/reviewManage.js,152,
frontend_api,系统用户与权限,查询/查看,/system/reviewTaskInfo/getExpertList,old-code-admin/src/api/tournament/reviewManage.js,161,
frontend_api,流程审批,查询/查看,/system/reviewTaskInfo/getTaskInfoByProcessedId,old-code-admin/src/api/tournament/reviewManage.js,170,
frontend_api,系统用户与权限,业务操作,/system/processRelation,old-code-admin/src/api/tournament/reviewManage.js,179,
frontend_api,系统用户与权限,查询/查看,/system/notes/getList,old-code-admin/src/api/tournament/reviewManage.js,190,
frontend_api,系统用户与权限,业务操作,/system/notes,old-code-admin/src/api/tournament/reviewManage.js,199,
frontend_api,系统用户与权限,业务操作,/system/notes/${fileId}/${ids},old-code-admin/src/api/tournament/reviewManage.js,208,
frontend_api,文件,业务操作,/file/oss/previewUrl,old-code-admin/src/api/tournament/reviewManage.js,216,
frontend_api,系统用户与权限,查询/查看,/system/processRelation/lastPage,old-code-admin/src/api/tournament/reviewManage.js,225,
frontend_api,现场证件,查询/查看,/competition/sceneCredential/competitionList,old-code-admin/src/api/tournament/sceneCredentialCompetition.js,5,
frontend_api,现场证件,业务操作,/competition/sceneCredential/${credentialId},old-code-admin/src/api/tournament/sceneCredentialCompetition.js,13,
frontend_api,现场证件,业务操作,/competition/sceneCredential/competitionDirectIssue,old-code-admin/src/api/tournament/sceneCredentialCompetition.js,20,
frontend_api,现场证件,业务操作,/competition/sceneCredential,old-code-admin/src/api/tournament/sceneCredentialCompetition.js,28,
frontend_api,现场证件,业务操作,/competition/sceneCredential/${credentialIds},old-code-admin/src/api/tournament/sceneCredentialCompetition.js,36,
frontend_api,内容管理,查询/查看,/competition/sceneNotice/list,old-code-admin/src/api/tournament/sceneNotice.js,28,
frontend_api,内容管理,业务操作,/competition/sceneNotice/${noticeId},old-code-admin/src/api/tournament/sceneNotice.js,36,
frontend_api,内容管理,业务操作,/competition/sceneNotice,old-code-admin/src/api/tournament/sceneNotice.js,43,
frontend_api,内容管理,业务操作,/competition/sceneNotice,old-code-admin/src/api/tournament/sceneNotice.js,51,
frontend_api,内容管理,业务操作,/competition/sceneNotice/${noticeIds},old-code-admin/src/api/tournament/sceneNotice.js,59,
frontend_api,内容管理,修改/状态变更,/competition/sceneNotice/changeStatus,old-code-admin/src/api/tournament/sceneNotice.js,66,
frontend_api,内容管理,业务操作,/competition/sceneNotice/publish/${noticeId},old-code-admin/src/api/tournament/sceneNotice.js,74,
frontend_api,资源台账,查询/查看,/competition/sceneResource/list,old-code-admin/src/api/tournament/sceneResource.js,5,
frontend_api,资源台账,业务操作,/competition/sceneResource/${resourceId},old-code-admin/src/api/tournament/sceneResource.js,13,
frontend_api,其他,业务操作,/competition/sceneResource,old-code-admin/src/api/tournament/sceneResource.js,20,
frontend_api,其他,业务操作,/competition/sceneResource,old-code-admin/src/api/tournament/sceneResource.js,28,
frontend_api,资源台账,业务操作,/competition/sceneResource/${resourceIds},old-code-admin/src/api/tournament/sceneResource.js,36,
frontend_api,资源台账,修改/状态变更,/competition/sceneResource/changeStatus,old-code-admin/src/api/tournament/sceneResource.js,43,
frontend_api,资源预约,查询/查看、预约,/competition/sceneResourceReservation/list,old-code-admin/src/api/tournament/sceneResourceReservation.js,5,
frontend_api,资源预约,预约,/competition/sceneResourceReservation/${reservationId},old-code-admin/src/api/tournament/sceneResourceReservation.js,13,
frontend_api,其他,查询/查看,/competition/sceneResourceScheduleScope/list,old-code-admin/src/api/tournament/sceneResourceScheduleScope.js,5,
frontend_api,其他,新增/创建,/competition/sceneResourceScheduleScope/add,old-code-admin/src/api/tournament/sceneResourceScheduleScope.js,13,
frontend_api,其他,删除/作废,/competition/sceneResourceScheduleScope/remove,old-code-admin/src/api/tournament/sceneResourceScheduleScope.js,21,
frontend_api,其他,业务操作,/competition/sceneResourceScheduleScope/ensure,old-code-admin/src/api/tournament/sceneResourceScheduleScope.js,29,
frontend_api,其他,业务操作,/competition/sceneResourceScheduleScope/batchEnsure,old-code-admin/src/api/tournament/sceneResourceScheduleScope.js,37,
frontend_api,资源时段,查询/查看,/competition/sceneResourceSlot/list,old-code-admin/src/api/tournament/sceneResourceSlot.js,5,
frontend_api,资源时段,业务操作,/competition/sceneResourceSlot/${slotId},old-code-admin/src/api/tournament/sceneResourceSlot.js,13,
frontend_api,资源时段,业务操作,/competition/sceneResourceSlot,old-code-admin/src/api/tournament/sceneResourceSlot.js,20,
frontend_api,资源时段,业务操作,/competition/sceneResourceSlot/batch,old-code-admin/src/api/tournament/sceneResourceSlot.js,28,
frontend_api,资源时段,业务操作,/competition/sceneResourceSlot,old-code-admin/src/api/tournament/sceneResourceSlot.js,36,
frontend_api,资源时段,业务操作,/competition/sceneResourceSlot/${slotIds},old-code-admin/src/api/tournament/sceneResourceSlot.js,44,
frontend_api,资源时段,修改/状态变更,/competition/sceneResourceSlot/changeStatus,old-code-admin/src/api/tournament/sceneResourceSlot.js,51,
frontend_api,资源时段,查询/查看,/competition/sceneResourceSlotGroupScope/listBySlot,old-code-admin/src/api/tournament/sceneResourceSlotGroupScope.js,5,
frontend_api,资源时段,业务操作,/competition/sceneResourceSlotGroupScope/replace,old-code-admin/src/api/tournament/sceneResourceSlotGroupScope.js,13,
frontend_api,资源时段,业务操作,/competition/sceneResourceSlotGroupScope/batchReplace,old-code-admin/src/api/tournament/sceneResourceSlotGroupScope.js,21,
frontend_api,资源时段,业务操作,/competition/sceneResourceSlotGroupScope/groupOptions,old-code-admin/src/api/tournament/sceneResourceSlotGroupScope.js,29,
frontend_api,赛场安排,查询/查看,/competition/sceneSchedule/list,old-code-admin/src/api/tournament/sceneSchedule.js,7,
frontend_api,赛场安排,业务操作,/competition/sceneSchedule/${scheduleId},old-code-admin/src/api/tournament/sceneSchedule.js,15,
frontend_api,赛场安排,业务操作,/competition/sceneSchedule,old-code-admin/src/api/tournament/sceneSchedule.js,22,
frontend_api,赛场安排,业务操作,/competition/sceneSchedule,old-code-admin/src/api/tournament/sceneSchedule.js,30,
frontend_api,赛场安排,业务操作,/competition/sceneSchedule/${scheduleIds},old-code-admin/src/api/tournament/sceneSchedule.js,38,
frontend_api,赛场安排,业务操作,/competition/sceneSchedule/match/${scheduleId},old-code-admin/src/api/tournament/sceneSchedule.js,45,
frontend_api,赛场安排,查询/查看,/competition/sceneSchedule/target/list,old-code-admin/src/api/tournament/sceneSchedule.js,54,
frontend_api,赛场安排,查询/查看,/competition/sceneSchedule/target,old-code-admin/src/api/tournament/sceneSchedule.js,62,
frontend_api,赛场安排,查询/查看,/competition/sceneSchedule/target,old-code-admin/src/api/tournament/sceneSchedule.js,70,
frontend_api,赛场安排,查询/查看,/competition/sceneSchedule/target/${targetIds},old-code-admin/src/api/tournament/sceneSchedule.js,78,
frontend_api,赛场安排,查询/查看,/competition/scene/schedule/${scheduleId}/targets/review-objects,old-code-admin/src/api/tournament/sceneSchedule.js,85,
frontend_api,赛场安排,查询/查看,/competition/scene/schedule/${scheduleId}/targets/teams,old-code-admin/src/api/tournament/sceneSchedule.js,93,
frontend_api,赛场安排,查询/查看,/competition/scene/schedule/${scheduleId}/targets/persons,old-code-admin/src/api/tournament/sceneSchedule.js,101,
frontend_api,赛场安排,查询/查看,/competition/scene/schedule/${scheduleId}/targets/manual,old-code-admin/src/api/tournament/sceneSchedule.js,109,
frontend_api,赛场安排,查询/查看,/competition/scene/schedule/${scheduleId}/targets/sequence,old-code-admin/src/api/tournament/sceneSchedule.js,117,
frontend_api,赛场安排,查询/查看,/competition/scene/schedule/${scheduleId}/targets/sequence/auto-generate,old-code-admin/src/api/tournament/sceneSchedule.js,125,
frontend_api,赛场安排,查询/查看,/competition/scene/schedule/${scheduleId}/targets/sequence/by-name,old-code-admin/src/api/tournament/sceneSchedule.js,133,
frontend_api,赛场安排,查询/查看,/competition/scene/schedule/${scheduleId}/targets/sync-review-session,old-code-admin/src/api/tournament/sceneSchedule.js,141,
frontend_api,赛场安排,查询/查看,/competition/sceneCredential/list,old-code-admin/src/api/tournament/sceneSchedule.js,151,
frontend_api,赛场安排,业务操作,/competition/sceneCredential/generate,old-code-admin/src/api/tournament/sceneSchedule.js,159,
frontend_api,赛场安排,业务操作,/competition/sceneCredential,old-code-admin/src/api/tournament/sceneSchedule.js,167,
frontend_api,赛场安排,业务操作,/competition/sceneCredential/${credentialIds},old-code-admin/src/api/tournament/sceneSchedule.js,175,
frontend_api,赛场安排,扫码/确认、查询/查看,/competition/sceneVerify/log/list,old-code-admin/src/api/tournament/sceneSchedule.js,184,
frontend_api,赛场安排,查询/查看,/competition/sceneScheduleResource/list,old-code-admin/src/api/tournament/sceneScheduleResource.js,5,
frontend_api,赛场安排,业务操作,/competition/sceneScheduleResource/${scheduleResourceId},old-code-admin/src/api/tournament/sceneScheduleResource.js,13,
frontend_api,赛场安排,业务操作,/competition/sceneScheduleResource,old-code-admin/src/api/tournament/sceneScheduleResource.js,20,
frontend_api,赛场安排,业务操作,/competition/sceneScheduleResource,old-code-admin/src/api/tournament/sceneScheduleResource.js,28,
frontend_api,赛场安排,业务操作,/competition/sceneScheduleResource/${scheduleResourceIds},old-code-admin/src/api/tournament/sceneScheduleResource.js,36,
frontend_api,赛场安排,修改/状态变更、预约,/competition/sceneScheduleResource/changeBookingStatus,old-code-admin/src/api/tournament/sceneScheduleResource.js,43,
frontend_api,扫码/小程序,查询/查看,/wxApp/wxQcCodeConfig/list,old-code-admin/src/api/tournament/signInQrCode.js,8,
frontend_api,扫码/小程序,业务操作,/wxApp/wxQcCodeConfig,old-code-admin/src/api/tournament/signInQrCode.js,17,
frontend_api,系统用户与权限,修改/状态变更,/system/signInQrCode/edit,old-code-admin/src/api/tournament/signInQrCode.js,26,
frontend_api,扫码/小程序,业务操作,/wxApp/wxQcCodeConfig/${codeConfigIds},old-code-admin/src/api/tournament/signInQrCode.js,35,
frontend_api,系统用户与权限,查询/查看,/system/signInQrCode/getInfo/${id},old-code-admin/src/api/tournament/signInQrCode.js,43,
frontend_api,扫码/小程序,业务操作,/wxApp/wxQcCodeConfig,old-code-admin/src/api/tournament/signInQrCode.js,54,
frontend_api,系统用户与权限,业务操作,/system/signInQrCode/promptConfig/${id},old-code-admin/src/api/tournament/signInQrCode.js,65,
frontend_api,扫码/小程序,查询/查看,/wxApp/wxQcCodeRecord/list,old-code-admin/src/api/tournament/signInQrCode.js,75,
frontend_api,扫码/小程序,业务操作,/wxApp/wxQcCodeRecord/codeBase/${recordId},old-code-admin/src/api/tournament/signInQrCode.js,84,
frontend_api,其他,查询/查看,/competition/sponsoringEnterprise/list,old-code-admin/src/api/tournament/sponsoringEnterprise.js,6,
frontend_api,其他,新增/创建、查询/查看,/competition/sponsoringEnterprise/saveSponsoringEnterpriseInfo,old-code-admin/src/api/tournament/sponsoringEnterprise.js,15,
frontend_api,其他,修改/状态变更、查询/查看,/competition/sponsoringEnterprise/updateSponsoringEnterpriseInfo,old-code-admin/src/api/tournament/sponsoringEnterprise.js,24,
frontend_api,其他,查询/查看,/competition/sponsoringEnterprise/getSponsoringEnterpriseDetailInfo/${id},old-code-admin/src/api/tournament/sponsoringEnterprise.js,33,
frontend_api,其他,删除/作废、查询/查看,/competition/sponsoringEnterprise/removeSponsoringEnterpriseInfo/${id},old-code-admin/src/api/tournament/sponsoringEnterprise.js,42,
frontend_api,报名与团队,查询/查看,/competition/competitionApply/list,old-code-admin/src/api/tournament/tournament.js,6,
frontend_api,报名与团队,查询/查看,/competition/teamManager/list,old-code-admin/src/api/tournament/tournament.js,17,
frontend_api,报名与团队,修改/状态变更、查询/查看,/competition/teamManager/updateTeamManagerInfo,old-code-admin/src/api/tournament/tournament.js,27,
frontend_api,其他,查询/查看,/competition/log//list,old-code-admin/src/api/tournament/tournament.js,36,
frontend_api,系统用户与权限,查询/查看,/system/sysSenderMessageLog/list,old-code-admin/src/api/tournament/tournament.js,45,
frontend_api,报名与团队,导出,/competition/competitionApply/export,old-code-admin/src/api/tournament/tournament.js,54,
frontend_api,系统用户与权限,查询/查看,/system/user/deptTreeSecondary,old-code-admin/src/api/userSelect.js,6,
frontend_api,系统用户与权限,查询/查看,/system/user/getUserList,old-code-admin/src/api/userSelect.js,15,
frontend_api,系统用户与权限,查询/查看,/system/user/getUserWhere,old-code-admin/src/api/userSelect.js,24,
frontend_api,系统用户与权限,查询/查看,/system/user/selectUserByIds/,old-code-admin/src/api/userSelect.js,33,
frontend_api,流程审批,查询/查看,/workflow/category/list,old-code-admin/src/api/workflow/category.js,6,
frontend_api,流程审批,查询/查看,/workflow/category/listAll,old-code-admin/src/api/workflow/category.js,15,
frontend_api,流程审批,业务操作,/workflow/category/,old-code-admin/src/api/workflow/category.js,24,
frontend_api,流程审批,业务操作,/workflow/category,old-code-admin/src/api/workflow/category.js,32,
frontend_api,流程审批,业务操作,/workflow/category,old-code-admin/src/api/workflow/category.js,41,
frontend_api,流程审批,业务操作,/workflow/category/,old-code-admin/src/api/workflow/category.js,50,
frontend_api,流程审批,查询/查看,/workflow/process/runList,old-code-admin/src/api/workflow/control.js,6,
frontend_api,流程审批,查询/查看,/workflow/process/finishList,old-code-admin/src/api/workflow/control.js,15,
frontend_api,流程审批,业务操作,/workflow/process/suspend/${id},old-code-admin/src/api/workflow/control.js,24,
frontend_api,流程审批,业务操作,/workflow/process/activate/${id},old-code-admin/src/api/workflow/control.js,32,
frontend_api,流程审批,业务操作,/workflow/task/stop,old-code-admin/src/api/workflow/control.js,40,
frontend_api,流程审批,查询/查看,/workflow/deploy/list,old-code-admin/src/api/workflow/deploy.js,6,
frontend_api,流程审批,查询/查看,/workflow/deploy/publishList,old-code-admin/src/api/workflow/deploy.js,14,
frontend_api,流程审批,业务操作,/workflow/deploy/bpmnXml/,old-code-admin/src/api/workflow/deploy.js,23,
frontend_api,流程审批,修改/状态变更,/workflow/deploy/changeState,old-code-admin/src/api/workflow/deploy.js,31,
frontend_api,流程审批,业务操作,/workflow/deploy/,old-code-admin/src/api/workflow/deploy.js,40,
frontend_api,流程审批,业务操作,/workflow/deploy/form/,old-code-admin/src/api/workflow/deploy.js,48,
frontend_api,流程审批,修改/状态变更,/workflow/deploy/makeItOnline/${deployIds}/${status}/${category},old-code-admin/src/api/workflow/deploy.js,56,
frontend_api,流程审批,业务操作,/workflow/task/revokeProcess,old-code-admin/src/api/workflow/finished.js,6,
frontend_api,流程审批,查询/查看,/workflow/form/list,old-code-admin/src/api/workflow/form.js,6,
frontend_api,流程审批,业务操作,/workflow/form/,old-code-admin/src/api/workflow/form.js,15,
frontend_api,流程审批,业务操作,/workflow/form,old-code-admin/src/api/workflow/form.js,23,
frontend_api,流程审批,业务操作,/workflow/form,old-code-admin/src/api/workflow/form.js,32,
frontend_api,流程审批,新增/创建,/workflow/form/addDeployForm,old-code-admin/src/api/workflow/form.js,40,
frontend_api,流程审批,业务操作,/workflow/form/,old-code-admin/src/api/workflow/form.js,49,
frontend_api,流程审批,查询/查看,/workflow/instance/detail,old-code-admin/src/api/workflow/instance.js,6,
frontend_api,流程审批,删除/作废、查询/查看,/workflow/model/list,old-code-admin/src/api/workflow/model.js,6,
frontend_api,流程审批,删除/作废、查询/查看,/workflow/model/historyList,old-code-admin/src/api/workflow/model.js,15,
frontend_api,流程审批,删除/作废,/workflow/model/,old-code-admin/src/api/workflow/model.js,23,
frontend_api,流程审批,删除/作废,/workflow/model,old-code-admin/src/api/workflow/model.js,31,
frontend_api,流程审批,删除/作废,/workflow/model,old-code-admin/src/api/workflow/model.js,40,
frontend_api,流程审批,删除/作废、新增/创建,/workflow/model/save,old-code-admin/src/api/workflow/model.js,49,
frontend_api,流程审批,删除/作废,/workflow/model/latest,old-code-admin/src/api/workflow/model.js,57,
frontend_api,流程审批,删除/作废,/workflow/model/,old-code-admin/src/api/workflow/model.js,65,
frontend_api,流程审批,删除/作废,/workflow/model/deploy,old-code-admin/src/api/workflow/model.js,72,
frontend_api,流程审批,删除/作废,/workflow/model/bpmnXml/,old-code-admin/src/api/workflow/model.js,81,
frontend_api,流程审批,删除/作废、查询/查看,/workflow/process/getFlowModel,old-code-admin/src/api/workflow/model.js,89,
frontend_api,流程审批,查询/查看,/workflow/process/list,old-code-admin/src/api/workflow/process.js,6,
frontend_api,流程审批,查询/查看,/workflow/process/getProcessForm,old-code-admin/src/api/workflow/process.js,15,
frontend_api,流程审批,业务操作,/workflow/process/start/,old-code-admin/src/api/workflow/process.js,24,
frontend_api,流程审批,业务操作,/workflow/process/instance/,old-code-admin/src/api/workflow/process.js,33,
frontend_api,流程审批,业务操作,/workflow/process/bpmnXml/,old-code-admin/src/api/workflow/process.js,41,
frontend_api,流程审批,查询/查看,/workflow/process/detail,old-code-admin/src/api/workflow/process.js,48,
frontend_api,流程审批,查询/查看,/workflow/process/ownList,old-code-admin/src/api/workflow/process.js,57,
frontend_api,流程审批,查询/查看,/workflow/process/todoList,old-code-admin/src/api/workflow/process.js,66,
frontend_api,流程审批,查询/查看,/workflow/process/waitingList,old-code-admin/src/api/workflow/process.js,75,
frontend_api,流程审批,查询/查看,/workflow/process/claimList,old-code-admin/src/api/workflow/process.js,85,
frontend_api,流程审批,查询/查看,/workflow/process/finishedList,old-code-admin/src/api/workflow/process.js,94,
frontend_api,流程审批,查询/查看,/workflow/process/copyList,old-code-admin/src/api/workflow/process.js,103,
frontend_api,流程审批,业务操作,/workflow/task/stopProcess,old-code-admin/src/api/workflow/process.js,112,
frontend_api,流程审批,业务操作,/workflow/process/hasten,old-code-admin/src/api/workflow/process.js,121,
frontend_api,系统用户与权限,查询/查看,/system/user/getStartUserList,old-code-admin/src/api/workflow/process.js,130,
frontend_api,系统用户与权限,查询/查看,/system/user/getUserList/sjwgcy,old-code-admin/src/api/workflow/process.js,138,
frontend_api,流程审批,业务操作,/workflow/task/complete,old-code-admin/src/api/workflow/task.js,6,
frontend_api,流程审批,删除/作废,/workflow/task/delegate,old-code-admin/src/api/workflow/task.js,15,
frontend_api,流程审批,业务操作,/workflow/task/transfer,old-code-admin/src/api/workflow/task.js,24,
frontend_api,流程审批,业务操作,/workflow/task/return,old-code-admin/src/api/workflow/task.js,33,
frontend_api,流程审批,业务操作,/workflow/task/reject,old-code-admin/src/api/workflow/task.js,42,
frontend_api,流程审批,业务操作,/workflow/task/claim,old-code-admin/src/api/workflow/task.js,51,
frontend_api,流程审批,查询/查看,/workflow/task/returnList,old-code-admin/src/api/workflow/task.js,60,
frontend_api,流程审批,业务操作,/workflow/task/designatedPerson,old-code-admin/src/api/workflow/task.js,69,
frontend_api,内容管理,查询/查看,/content/bannerInfo/pc/list,old-code-mini/api/home.js,6,
frontend_api,内容管理,查询/查看,/content/noticeInfo/getList,old-code-mini/api/home.js,18,
frontend_api,内容管理,查询/查看,/content/noticeInfo/public/${id},old-code-mini/api/home.js,30,
frontend_api,扫码/小程序,业务操作,/wxApp/wxAuth/wx-login,old-code-mini/api/login.js,6,
frontend_api,扫码/小程序,查询/查看,/wxApp/wxAuth/wx-info,old-code-mini/api/login.js,18,
frontend_api,评审任务,查询/查看,/competition/review/secretary/session/my-list,old-code-mini/api/reviewSecretary.js,5,
frontend_api,评审任务,业务操作,/competition/review/secretary/session/${sessionId},old-code-mini/api/reviewSecretary.js,16,
frontend_api,评审任务,业务操作,/competition/review/secretary/session/${sessionId}/objects,old-code-mini/api/reviewSecretary.js,23,
frontend_api,现场证件,业务操作,/competition/review/object/certificate/resolve,old-code-mini/api/reviewSecretary.js,30,
frontend_api,评审任务,业务操作,/competition/review/secretary/session/${sessionId}/current-object,old-code-mini/api/reviewSecretary.js,38,
frontend_api,评审任务,业务操作,/competition/review/secretary/session/${sessionId}/next-object,old-code-mini/api/reviewSecretary.js,46,
frontend_api,评审任务,修改/状态变更,/competition/review/secretary/session-object/${sessionObjectId}/status,old-code-mini/api/reviewSecretary.js,53,
frontend_api,扫码/小程序,扫码/确认,/wxApp/wxAuth/wx-scanCode,old-code-mini/api/scan.js,6,
frontend_api,扫码/小程序,扫码/确认,/wxApp/wxAuth/wx-ruler,old-code-mini/api/scan.js,19,
frontend_api,扫码/小程序,扫码/确认,/wxApp/wxAuth/wx-retry,old-code-mini/api/scan.js,28,
frontend_api,扫码/小程序,扫码/确认,/competition/sceneVerify/scan,old-code-mini/api/scan.js,37,
frontend_api,扫码/小程序,扫码/确认,/competition/sceneVerify/confirm,old-code-mini/api/scan.js,46,
frontend_api,现场证件,查询/查看,/competition/userCompetition/sceneCredential/myList,old-code-mini/api/sceneCredential.js,5,
frontend_api,内容管理,查询/查看,/competition/sceneNotice/myList,old-code-mini/api/sceneNotice.js,5,
frontend_api,资源台账,查询/查看、预约,/competition/userCompetition/sceneResource/bookableList,old-code-mini/api/sceneResource.js,5,
frontend_api,资源台账,业务操作,/competition/userCompetition/sceneResource/${scheduleResourceId},old-code-mini/api/sceneResource.js,13,
frontend_api,资源时段,查询/查看,/competition/userCompetition/sceneResourceSlot/list,old-code-mini/api/sceneResource.js,20,
frontend_api,资源预约,预约,/competition/userCompetition/sceneResourceReservation,old-code-mini/api/sceneResource.js,28,
frontend_api,资源预约,查询/查看、预约,/competition/userCompetition/sceneResourceReservation/myList,old-code-mini/api/sceneResource.js,36,
frontend_api,资源预约,预约,/competition/userCompetition/sceneResourceReservation/cancel,old-code-mini/api/sceneResource.js,43,
frontend_api,内容管理,查询/查看,/pages/notice/detail?id=${item.noticeId},old-code-mini/pages/index/index.vue,86,
frontend_api,内容管理,查询/查看,/pages/notice/list,old-code-mini/pages/index/index.vue,93,
frontend_api,系统用户与权限,查询/查看,/pages/index/index,old-code-mini/pages/login.vue,127,
frontend_api,系统用户与权限,查询/查看,/pages/agreement/index?type=${type},old-code-mini/pages/login.vue,159,
frontend_api,系统用户与权限,查询/查看,/pages/mine/index,old-code-mini/pages/login.vue,174,
frontend_api,系统用户与权限,查询/查看,/pages/index/index,old-code-mini/pages/login.vue,179,
frontend_api,系统用户与权限,查询/查看,/pages/login,old-code-mini/pages/mine/index.vue,128,
frontend_api,内容管理,查询/查看,/pages/index/index,old-code-mini/pages/mine/index.vue,132,
frontend_api,内容管理,查询/查看,/pages/scene-resource/index,old-code-mini/pages/mine/index.vue,136,
frontend_api,内容管理,查询/查看,/pages/my-credential/index,old-code-mini/pages/mine/index.vue,140,
frontend_api,内容管理,查询/查看,/pages/review-secretary/index,old-code-mini/pages/mine/index.vue,144,
frontend_api,内容管理,扫码/确认、查询/查看,/pages/scan/result?scene=rid_,old-code-mini/pages/scan/query.vue,184,
frontend_api,系统用户与权限,扫码/确认、查询/查看,/pages/login,old-code-mini/pages/scan/result.vue,465,
frontend_api,内容管理,扫码/确认、查询/查看,/pages/index/index,old-code-mini/pages/scan/result.vue,467,
frontend_api,内容管理,扫码/确认、查询/查看,/pages/index/index,old-code-mini/pages/scan/result.vue,487,
frontend_api,内容管理,扫码/确认、查询/查看,/pages/scan/query?rid=,old-code-mini/pages/scan/result.vue,491,
frontend_api,系统用户与权限,修改/状态变更、查询/查看,/system/personalCenter/updateUserInfo,old-code-pc/src/api/accountmanagement/index.js,6,
frontend_api,系统用户与权限,修改/状态变更、查询/查看,/system/personalCenter/updateUserInfoPhoneOrEmail,old-code-pc/src/api/accountmanagement/index.js,15,
frontend_api,系统用户与权限,修改/状态变更,/system/personalCenter/updatePwd,old-code-pc/src/api/accountmanagement/index.js,26,
frontend_api,系统用户与权限,查询/查看,/system/personalCenter/list,old-code-pc/src/api/accountmanagement/index.js,34,
frontend_api,系统用户与权限,新增/创建、查询/查看,/system/identityInfo/saveIdentityInfo,old-code-pc/src/api/accountmanagement/index.js,43,
frontend_api,系统用户与权限,修改/状态变更、查询/查看,/system/identityInfo/updateIdentityInfo,old-code-pc/src/api/accountmanagement/index.js,52,
frontend_api,系统用户与权限,新增/创建、查询/查看,/system/authInfo/saveAuthInfo,old-code-pc/src/api/accountmanagement/index.js,62,
frontend_api,系统用户与权限,业务操作,/system/task/pc/realName,old-code-pc/src/api/accountmanagement/index.js,72,
frontend_api,系统用户与权限,查询/查看,/system/school/pc/list,old-code-pc/src/api/accountmanagement/index.js,83,
frontend_api,系统用户与权限,查询/查看,/system/discipline/pc/list,old-code-pc/src/api/accountmanagement/index.js,91,
frontend_api,系统用户与权限,查询/查看,/system/personalCenter/pc/getTeachers,old-code-pc/src/api/accountmanagement/index.js,99,
frontend_api,系统用户与权限,查询/查看,/competition/awardDetailsUser/awardPublicityList,old-code-pc/src/api/awardPublicity/index.js,6,
frontend_api,系统用户与权限,查询/查看,/competition/awardDetailsUser/awardDetailsList,old-code-pc/src/api/awardPublicity/index.js,14,
frontend_api,系统用户与权限,修改/状态变更、查询/查看,/competition/awardDetailsUser/updateAwardDetailsList,old-code-pc/src/api/awardPublicity/index.js,23,
frontend_api,现场证件,修改/状态变更、查询/查看,/competition/competition/competitionCertExchangeRule/getList,old-code-pc/src/api/certInterconnect/index.js,6,
frontend_api,系统用户与权限,修改/状态变更、查询/查看,/competition/user/competitionCertExchangeRule/queryUserCertExchangeApplyDetail/${ruleId},old-code-pc/src/api/certInterconnect/index.js,15,
frontend_api,系统用户与权限,修改/状态变更、查询/查看,/competition/user/competitionCertExchangeRule/queryUserCertExchangeApplyDetail,old-code-pc/src/api/certInterconnect/index.js,23,
frontend_api,系统用户与权限,修改/状态变更、新增/创建,/competition/user/competitionCertExchangeRule/saveUserCertExchangeApply,old-code-pc/src/api/certInterconnect/index.js,32,
frontend_api,系统用户与权限,修改/状态变更、新增/创建,/competition/user/competitionCertExchangeRule/saveUserCertExchangeApplyCheck,old-code-pc/src/api/certInterconnect/index.js,41,
frontend_api,系统用户与权限,修改/状态变更、查询/查看,/competition/user/competitionCertExchangeRule/queryUserCertExchangeApplyDetailNoAuth/${ruleId},old-code-pc/src/api/certInterconnect/index.js,50,
frontend_api,系统用户与权限,修改/状态变更、查询/查看,/competition/user/competitionCertExchangeRule/list,old-code-pc/src/api/certInterconnect/index.js,57,
frontend_api,现场证件,修改/状态变更、查询/查看,/competition/user/competitionCertExchangeRule/getCompetitionCertificateList,old-code-pc/src/api/certInterconnect/index.js,66,
frontend_api,内容管理,查询/查看,/content/questions/pc/list,old-code-pc/src/api/content/index.js,6,
frontend_api,扫码/小程序,查询/查看,/wxApp/wxQcCodeRecordUser/list,old-code-pc/src/api/exam/index.js,6,
frontend_api,扫码/小程序,查询/查看,/wxApp/wxQcCodeRecordUser/wxQcCodeRecordList,old-code-pc/src/api/exam/index.js,15,
frontend_api,扫码/小程序,新增/创建,/wxApp/wxQcCodeRecord/addWxQcCodeRecord,old-code-pc/src/api/exam/index.js,24,
frontend_api,扫码/小程序,业务操作,/wxApp/wxQcCodeRecord,old-code-pc/src/api/exam/index.js,33,
frontend_api,扫码/小程序,业务操作,/wxApp/wxQcCodeRecord/codeBase/${recordId},old-code-pc/src/api/exam/index.js,42,
frontend_api,系统用户与权限,业务操作,/system/auth/pc/register,old-code-pc/src/api/index.js,5,
frontend_api,系统用户与权限,业务操作,/system/auth/pc/resetPwd,old-code-pc/src/api/index.js,13,
frontend_api,系统用户与权限,业务操作,/system/auth/pc/sendCode,old-code-pc/src/api/index.js,21,
frontend_api,系统用户与权限,业务操作,/system/auth/pc/captcha,old-code-pc/src/api/index.js,29,
frontend_api,系统用户与权限,业务操作,/system/auth/pc/sendCode,old-code-pc/src/api/index.js,38,
frontend_api,系统用户与权限,业务操作,/system/auth/pc/login,old-code-pc/src/api/index.js,46,
frontend_api,系统用户与权限,查询/查看,/system/auth/pc/userInfoLogin,old-code-pc/src/api/index.js,54,
frontend_api,系统用户与权限,业务操作,/system/auth/pc/checkUserAccount,old-code-pc/src/api/index.js,62,
frontend_api,系统用户与权限,查询/查看,/system/auth/info,old-code-pc/src/api/index.js,73,
frontend_api,系统用户与权限,查询/查看,/system/personalCenter/getUserCenterInfo,old-code-pc/src/api/index.js,81,
frontend_api,系统用户与权限,查询/查看,/competition/userGradeInfo/list,old-code-pc/src/api/index.js,92,
frontend_api,其他,新增/创建,/competition/competitionWorks/saveCompetitionWorks,old-code-pc/src/api/index.js,100,
frontend_api,系统用户与权限,查询/查看,/system/personalCenter/getUserCenterInfo,old-code-pc/src/api/index.js,109,
frontend_api,系统用户与权限,查询/查看,/system/auth/pc/checkRegisterInfo,old-code-pc/src/api/index.js,118,
frontend_api,系统用户与权限,查询/查看,/system/menu/pc/list,old-code-pc/src/api/index.js,127,
frontend_api,系统用户与权限,业务操作,/system/menu/pc/${menuId},old-code-pc/src/api/index.js,135,
frontend_api,系统用户与权限,查询/查看,/system/menu/pc/detail/${menuId},old-code-pc/src/api/index.js,142,
frontend_api,内容管理,查询/查看,/content/contentDetail/pc/getNotices,old-code-pc/src/api/index.js,149,
frontend_api,系统用户与权限,业务操作,/auth/logout,old-code-pc/src/api/index.js,155,
frontend_api,系统用户与权限,业务操作,/system/fileDistributeUserTask/unReadCount,old-code-pc/src/api/index.js,163,
frontend_api,系统用户与权限,查询/查看,/competition/userCompetition/getSystemDate,old-code-pc/src/api/index.js,171,
frontend_api,支付,支付/退款、查询/查看,/system/order/getPaymentUrl,old-code-pc/src/api/pay.js,5,
frontend_api,支付,支付/退款,/system/order/regeneratePaymentUrl/${id},old-code-pc/src/api/pay.js,14,
frontend_api,支付,支付/退款,/system/order/personal/${id},old-code-pc/src/api/pay.js,22,
frontend_api,支付,修改/状态变更、支付/退款,/system/order/updatePayMethod,old-code-pc/src/api/pay.js,32,
frontend_api,支付,支付/退款、查询/查看,/system/order/getOfflineBankInfo/${id},old-code-pc/src/api/pay.js,42,
frontend_api,系统用户与权限,查询/查看,/competition/userCompetition/list,old-code-pc/src/api/personal/index.js,8,
frontend_api,现场证件,查询/查看,/competition/userCompetition/sceneCredential/myList,old-code-pc/src/api/personal/index.js,17,
frontend_api,内容管理,查询/查看,/competition/sceneNotice/myList,old-code-pc/src/api/personal/index.js,25,
frontend_api,系统用户与权限,业务操作,/competition/userCompetition/teacher/studentCredentials,old-code-pc/src/api/personal/index.js,33,
frontend_api,系统用户与权限,业务操作,/competition/userCompetition/teacher/studentCredential/${credentialId},old-code-pc/src/api/personal/index.js,42,
frontend_api,系统用户与权限,支付/退款、查询/查看,/system/order/personalList,old-code-pc/src/api/personal/index.js,49,
frontend_api,系统用户与权限,支付/退款,/system/order/cancelOrder/${id},old-code-pc/src/api/personal/index.js,57,
frontend_api,支付,支付/退款,/system/order/cancelRepaymentOrder/${id},old-code-pc/src/api/personal/index.js,64,
frontend_api,支付,修改/状态变更、支付/退款,/system/order/updatePaymentProof,old-code-pc/src/api/personal/index.js,71,
frontend_api,系统用户与权限,支付/退款,/system/order/personal/${id},old-code-pc/src/api/personal/index.js,79,
frontend_api,系统用户与权限,查询/查看,/system/invoice/personalList?pageNum=${params.pageNum}&pageSize=${params.pageSize},old-code-pc/src/api/personal/index.js,87,
frontend_api,系统用户与权限,查询/查看,/competition/competitionWorks/getUserList,old-code-pc/src/api/personal/index.js,97,
frontend_api,系统用户与权限,支付/退款、查询/查看,/system/order/getOrderByUserIdAndCommodityId,old-code-pc/src/api/personal/index.js,105,
frontend_api,系统用户与权限,修改/状态变更、支付/退款,/system/order/perStatusCount,old-code-pc/src/api/personal/index.js,113,
frontend_api,系统用户与权限,业务操作,/system/invoice/apply,old-code-pc/src/api/personal/index.js,121,
frontend_api,系统用户与权限,查询/查看,/system/invoice/queryInvoiceResult,old-code-pc/src/api/personal/index.js,130,
frontend_api,系统用户与权限,支付/退款、查询/查看,/system/invoice/queryTeamAndUserByOrderId,old-code-pc/src/api/personal/index.js,140,
frontend_api,系统用户与权限,查询/查看,/system/invoice/queryInvoiceAmount,old-code-pc/src/api/personal/index.js,150,
frontend_api,系统用户与权限,业务操作,/system/invoice/applyNew,old-code-pc/src/api/personal/index.js,157,
frontend_api,报名与团队,查询/查看,/competition/userCompetition/selectCompetitionApplyInfoListByTeamCode,old-code-pc/src/api/personal/index.js,167,
frontend_api,系统用户与权限,查询/查看,/system/invoicePerInfo/selectInvoicePerInfo,old-code-pc/src/api/personal/index.js,178,
frontend_api,系统用户与权限,查询/查看,/system/fileDistributeUserTask/list,old-code-pc/src/api/personal/myfile.js,5,
frontend_api,文件,新增/创建,/system/fileDistributeUserTask/saveFileUploadRecordUser,old-code-pc/src/api/personal/myfile.js,13,
frontend_api,系统用户与权限,业务操作,/system/fileDistributeUserTask/fileDownloadRecord,old-code-pc/src/api/personal/myfile.js,21,
frontend_api,文件,业务操作,/system/downLoadRecord,old-code-pc/src/api/personal/myfile.js,29,
frontend_api,系统用户与权限,业务操作,/system/fileDistributeUserTask/fileTaskReadRecord,old-code-pc/src/api/personal/myfile.js,37,
frontend_api,系统用户与权限,查询/查看,/system/fileDistributeUserTask/getSystemDate,old-code-pc/src/api/personal/myfile.js,45,
frontend_api,文件,新增/创建,/system/fileDistributeUserTask/saveFileUploadManagerUser,old-code-pc/src/api/personal/myfile.js,52,
frontend_api,系统用户与权限,修改/状态变更,/system/fileDistributeUserTask/updateSubmitStatus,old-code-pc/src/api/personal/myfile.js,60,
frontend_api,文件,业务操作,/file/oss/presignedUrl,old-code-pc/src/api/personal/myfile.js,68,
frontend_api,文件,业务操作,/file/oss/temporaryVoucher,old-code-pc/src/api/personal/myfile.js,76,
frontend_api,资源台账,查询/查看、预约,/competition/userCompetition/sceneResource/bookableList,old-code-pc/src/api/personal/sceneResource.js,5,
frontend_api,资源台账,业务操作,/competition/userCompetition/sceneResource/${scheduleResourceId},old-code-pc/src/api/personal/sceneResource.js,13,
frontend_api,资源时段,查询/查看,/competition/userCompetition/sceneResourceSlot/list,old-code-pc/src/api/personal/sceneResource.js,20,
frontend_api,资源预约,预约,/competition/userCompetition/sceneResourceReservation,old-code-pc/src/api/personal/sceneResource.js,28,
frontend_api,资源预约,查询/查看、预约,/competition/userCompetition/sceneResourceReservation/myList,old-code-pc/src/api/personal/sceneResource.js,36,
frontend_api,资源预约,预约,/competition/userCompetition/sceneResourceReservation/cancel,old-code-pc/src/api/personal/sceneResource.js,43,
frontend_api,其他,查询/查看,/competition/promotedInfo/pcList,old-code-pc/src/api/promotion/index.js,6,
frontend_api,系统用户与权限,查询/查看,/competition/awardDetailsUser/awardPublicityList,old-code-pc/src/api/promotion/index.js,14,
frontend_api,报名与团队,查询/查看,/competition/promotedApplyInfo/pcList,old-code-pc/src/api/promotion/index.js,22,
frontend_api,系统用户与权限,查询/查看,/competition/awardDetailsUser/awardDetailsList,old-code-pc/src/api/promotion/index.js,31,
frontend_api,报名与团队,修改/状态变更、查询/查看,/competition/promotedApplyInfo/pcEdit,old-code-pc/src/api/promotion/index.js,40,
frontend_api,报名与团队,查询/查看,/competition/promotedApplyInfo/pcApply,old-code-pc/src/api/promotion/index.js,49,
frontend_api,系统用户与权限,修改/状态变更、查询/查看,/competition/awardDetailsUser/updateAwardDetailsList,old-code-pc/src/api/promotion/index.js,58,
frontend_api,系统用户与权限,查询/查看,/system/notification/sender/unread/list,old-code-pc/src/api/site/index.js,6,
frontend_api,系统用户与权限,查询/查看,/system/notification/sender/inbox/list,old-code-pc/src/api/site/index.js,15,
frontend_api,系统用户与权限,业务操作,/system/notification/sender/view/${ids},old-code-pc/src/api/site/index.js,24,
frontend_api,系统用户与权限,业务操作,/system/notification/sender/${ids},old-code-pc/src/api/site/index.js,33,
frontend_api,系统用户与权限,业务操作,/system/notification/sender/inbox/read-all,old-code-pc/src/api/site/index.js,42,
frontend_api,系统用户与权限,删除/作废,/system/notification/sender/inbox/delete-all,old-code-pc/src/api/site/index.js,51,
frontend_api,系统用户与权限,查询/查看,/system/dict/data/list,old-code-pc/src/api/system/dict/data.js,6,
frontend_api,系统用户与权限,业务操作,/system/dict/data/,old-code-pc/src/api/system/dict/data.js,15,
frontend_api,系统用户与权限,业务操作,/system/user/dict/data/type/,old-code-pc/src/api/system/dict/data.js,23,
frontend_api,系统用户与权限,业务操作,/system/dict/data,old-code-pc/src/api/system/dict/data.js,31,
frontend_api,系统用户与权限,业务操作,/system/dict/data,old-code-pc/src/api/system/dict/data.js,40,
frontend_api,系统用户与权限,业务操作,/system/dict/data/,old-code-pc/src/api/system/dict/data.js,49,
frontend_api,报名与团队,新增/创建,/competition/userCompetition/saveApplyCompetitionData,old-code-pc/src/api/teacher.js,5,
frontend_api,报名与团队,查询/查看,/competition/userCompetition/getTeamCompetitionInfo,old-code-pc/src/api/teacher.js,14,
frontend_api,报名与团队,删除/作废,/competition/userCompetition/deleteTeam,old-code-pc/src/api/teacher.js,23,
frontend_api,系统用户与权限,业务操作,/competition/userCompetition/settlement,old-code-pc/src/api/teacher.js,32,
frontend_api,系统用户与权限,扫码/确认、支付/退款,/competition/userCompetition/confirmOrder,old-code-pc/src/api/teacher.js,41,
frontend_api,报名与团队,查询/查看,/competition/userCompetition/teamList?pageNum=,old-code-pc/src/api/team.js,5,
frontend_api,报名与团队,查询/查看,/competition/userCompetition/getUserCompetitionApplyInfo,old-code-pc/src/api/team.js,13,
frontend_api,报名与团队,修改/状态变更、查询/查看,/competition/userCompetition/changeCompetitionApplyInfo,old-code-pc/src/api/team.js,21,
frontend_api,报名与团队,查询/查看,/competition/userCompetition/selectCompetitionTrackConfigInfo,old-code-pc/src/api/team.js,29,
frontend_api,报名与团队,查询/查看,/competition/userCompetition/selectCompetitionOperationConfigInfo/${competitionSeriesId},old-code-pc/src/api/team.js,37,
frontend_api,流程审批,业务操作,/workflow/process/startProcess,old-code-pc/src/api/team.js,44,
frontend_api,报名与团队,修改/状态变更,/competition/userCompetition/checkChangeOperator,old-code-pc/src/api/team.js,52,
frontend_api,报名与团队,修改/状态变更、查询/查看,/competition/userCompetition/checkChangeCompetitionApplyInfo,old-code-pc/src/api/team.js,61,
frontend_api,支付,修改/状态变更、支付/退款、新增/创建,/system/order/createPayOrderByTeamChange,old-code-pc/src/api/team.js,70,
frontend_api,报名与团队,修改/状态变更、查询/查看,/competition/userCompetition/updateApplyInfoSequence,old-code-pc/src/api/team.js,79,
frontend_api,内容管理,查询/查看,/content/page/pc,old-code-pc/src/api/visualization/index.js,6,
frontend_api,内容管理,查询/查看,/content/page/pc/${id},old-code-pc/src/api/visualization/index.js,14,
frontend_api,系统用户与权限,查询/查看,/competition/userCompetition/pc/getUserCompetitionDetailInfoById,old-code-pc/src/api/visualization/index.js,22,
frontend_api,系统用户与权限,业务操作,/competition/userCompetition/shareCompetition,old-code-pc/src/api/visualization/index.js,31,
frontend_api,系统用户与权限,新增/创建,/competition/collect/saveUserCollect,old-code-pc/src/api/visualization/index.js,40,
frontend_api,系统用户与权限,删除/作废,/competition/collect/removeUserCollect,old-code-pc/src/api/visualization/index.js,49,
frontend_api,其他,业务操作,/competition/collect/checkCollect,old-code-pc/src/api/visualization/index.js,58,
frontend_api,报名与团队,查询/查看,/competition/userCompetition/getTeamMemberList,old-code-pc/src/api/visualization/index.js,67,
frontend_api,系统用户与权限,查询/查看,/system/personalCenter/teacherList,old-code-pc/src/api/visualization/index.js,76,
frontend_api,报名与团队,新增/创建、查询/查看,/competition/userCompetition/saveTeamManagerInfo,old-code-pc/src/api/visualization/index.js,85,
frontend_api,报名与团队,修改/状态变更、查询/查看,/competition/userCompetition/updateTeamManagerInfo,old-code-pc/src/api/visualization/index.js,94,
frontend_api,报名与团队,查询/查看,/competition/userCompetition/teamList,old-code-pc/src/api/visualization/index.js,103,
frontend_api,报名与团队,查询/查看,/competition/userCompetition/getCompetitionTeamList,old-code-pc/src/api/visualization/index.js,112,
frontend_api,报名与团队,业务操作,/competition/userCompetition/applyJoinTeam,old-code-pc/src/api/visualization/index.js,149,
frontend_api,报名与团队,业务操作,/competition/userCompetition/userJoinTeam,old-code-pc/src/api/visualization/index.js,158,
frontend_api,报名与团队,业务操作,/competition/userCompetition/agreeJoinTeam,old-code-pc/src/api/visualization/index.js,168,
frontend_api,报名与团队,新增/创建、查询/查看,/competition/userCompetition/userSaveApplyCompetitionInfo,old-code-pc/src/api/visualization/index.js,178,
frontend_api,报名与团队,修改/状态变更,/competition/userCompetition/checkCompetitionApplyStatusByUser,old-code-pc/src/api/visualization/index.js,187,
frontend_api,文件,业务操作,/competition/competitionWorks/uploadCompetitionWorks/${competitionId},old-code-pc/src/api/visualization/index.js,197,
frontend_api,其他,新增/创建,/competition/competitionWorks/saveCompetitionWorks,old-code-pc/src/api/visualization/index.js,206,
frontend_api,其他,修改/状态变更,/competition/competitionWorks/updateCompetitionWorks,old-code-pc/src/api/visualization/index.js,215,
frontend_api,内容管理,查询/查看,/content/newsInfo/public/${newsId},old-code-pc/src/api/visualization/index.js,224,
frontend_api,内容管理,查询/查看,/content/noticeInfo/public/${noticeId},old-code-pc/src/api/visualization/index.js,232,
frontend_api,赛事主数据,查询/查看,/competition/competitionTrackInfo/list,old-code-pc/src/api/visualization/index.js,240,
frontend_api,流程审批,查询/查看,/workflow/category/list,old-code-pc/src/api/workflow/category.js,6,
frontend_api,流程审批,查询/查看,/workflow/category/listAll,old-code-pc/src/api/workflow/category.js,15,
frontend_api,流程审批,业务操作,/workflow/category/,old-code-pc/src/api/workflow/category.js,24,
frontend_api,流程审批,业务操作,/workflow/category,old-code-pc/src/api/workflow/category.js,32,
frontend_api,流程审批,业务操作,/workflow/category,old-code-pc/src/api/workflow/category.js,41,
frontend_api,流程审批,业务操作,/workflow/category/,old-code-pc/src/api/workflow/category.js,50,
frontend_api,流程审批,查询/查看,/workflow/process/runList,old-code-pc/src/api/workflow/control.js,6,
frontend_api,流程审批,查询/查看,/workflow/process/finishList,old-code-pc/src/api/workflow/control.js,15,
frontend_api,流程审批,业务操作,/workflow/process/suspend/${id},old-code-pc/src/api/workflow/control.js,24,
frontend_api,流程审批,业务操作,/workflow/process/activate/${id},old-code-pc/src/api/workflow/control.js,32,
frontend_api,流程审批,业务操作,/workflow/task/stop,old-code-pc/src/api/workflow/control.js,40,
frontend_api,流程审批,查询/查看,/workflow/deploy/list,old-code-pc/src/api/workflow/deploy.js,6,
frontend_api,流程审批,查询/查看,/workflow/deploy/publishList,old-code-pc/src/api/workflow/deploy.js,14,
frontend_api,流程审批,业务操作,/workflow/deploy/bpmnXml/,old-code-pc/src/api/workflow/deploy.js,23,
frontend_api,流程审批,修改/状态变更,/workflow/deploy/changeState,old-code-pc/src/api/workflow/deploy.js,31,
frontend_api,流程审批,业务操作,/workflow/deploy/,old-code-pc/src/api/workflow/deploy.js,40,
frontend_api,流程审批,业务操作,/workflow/deploy/form/,old-code-pc/src/api/workflow/deploy.js,48,
frontend_api,流程审批,修改/状态变更,/workflow/deploy/makeItOnline/${deployIds}/${status},old-code-pc/src/api/workflow/deploy.js,56,
frontend_api,流程审批,业务操作,/workflow/task/revokeProcess,old-code-pc/src/api/workflow/finished.js,6,
frontend_api,流程审批,查询/查看,/workflow/form/list,old-code-pc/src/api/workflow/form.js,6,
frontend_api,流程审批,业务操作,/workflow/form/,old-code-pc/src/api/workflow/form.js,15,
frontend_api,流程审批,业务操作,/workflow/form,old-code-pc/src/api/workflow/form.js,23,
frontend_api,流程审批,业务操作,/workflow/form,old-code-pc/src/api/workflow/form.js,32,
frontend_api,流程审批,新增/创建,/workflow/form/addDeployForm,old-code-pc/src/api/workflow/form.js,40,
frontend_api,流程审批,业务操作,/workflow/form/,old-code-pc/src/api/workflow/form.js,49,
frontend_api,流程审批,查询/查看,/workflow/instance/detail,old-code-pc/src/api/workflow/instance.js,6,
frontend_api,流程审批,删除/作废、查询/查看,/workflow/model/list,old-code-pc/src/api/workflow/model.js,6,
frontend_api,流程审批,删除/作废、查询/查看,/workflow/model/historyList,old-code-pc/src/api/workflow/model.js,15,
frontend_api,流程审批,删除/作废,/workflow/model/,old-code-pc/src/api/workflow/model.js,23,
frontend_api,流程审批,删除/作废,/workflow/model,old-code-pc/src/api/workflow/model.js,31,
frontend_api,流程审批,删除/作废,/workflow/model,old-code-pc/src/api/workflow/model.js,40,
frontend_api,流程审批,删除/作废、新增/创建,/workflow/model/save,old-code-pc/src/api/workflow/model.js,49,
frontend_api,流程审批,删除/作废,/workflow/model/latest,old-code-pc/src/api/workflow/model.js,57,
frontend_api,流程审批,删除/作废,/workflow/model/,old-code-pc/src/api/workflow/model.js,65,
frontend_api,流程审批,删除/作废,/workflow/model/deploy,old-code-pc/src/api/workflow/model.js,72,
frontend_api,流程审批,删除/作废,/workflow/model/bpmnXml/,old-code-pc/src/api/workflow/model.js,81,
frontend_api,流程审批,删除/作废、查询/查看,/workflow/process/getFlowModel,old-code-pc/src/api/workflow/model.js,89,
frontend_api,流程审批,查询/查看,/workflow/process/list,old-code-pc/src/api/workflow/process.js,6,
frontend_api,流程审批,查询/查看,/workflow/process/getProcessForm,old-code-pc/src/api/workflow/process.js,15,
frontend_api,流程审批,业务操作,/workflow/process/start/,old-code-pc/src/api/workflow/process.js,24,
frontend_api,流程审批,业务操作,/workflow/process/instance/,old-code-pc/src/api/workflow/process.js,33,
frontend_api,流程审批,业务操作,/workflow/process/bpmnXml/,old-code-pc/src/api/workflow/process.js,41,
frontend_api,流程审批,查询/查看,/workflow/process/detail,old-code-pc/src/api/workflow/process.js,48,
frontend_api,流程审批,查询/查看,/workflow/process/ownList,old-code-pc/src/api/workflow/process.js,57,
frontend_api,流程审批,查询/查看,/workflow/process/todoList,old-code-pc/src/api/workflow/process.js,66,
frontend_api,流程审批,查询/查看,/workflow/process/waitingList,old-code-pc/src/api/workflow/process.js,75,
frontend_api,流程审批,查询/查看,/workflow/process/claimList,old-code-pc/src/api/workflow/process.js,85,
frontend_api,流程审批,查询/查看,/workflow/process/finishedList,old-code-pc/src/api/workflow/process.js,94,
frontend_api,流程审批,查询/查看,/workflow/process/copyList,old-code-pc/src/api/workflow/process.js,103,
frontend_api,流程审批,业务操作,/workflow/task/stopProcess,old-code-pc/src/api/workflow/process.js,112,
frontend_api,流程审批,业务操作,/workflow/process/hasten,old-code-pc/src/api/workflow/process.js,121,
frontend_api,系统用户与权限,查询/查看,/system/user/getStartUserList,old-code-pc/src/api/workflow/process.js,130,
frontend_api,系统用户与权限,查询/查看,/system/user/getUserList/sjwgcy,old-code-pc/src/api/workflow/process.js,138,
frontend_api,流程审批,业务操作,/workflow/task/complete,old-code-pc/src/api/workflow/task.js,6,
frontend_api,流程审批,删除/作废,/workflow/task/delegate,old-code-pc/src/api/workflow/task.js,15,
frontend_api,流程审批,业务操作,/workflow/task/transfer,old-code-pc/src/api/workflow/task.js,24,
frontend_api,流程审批,业务操作,/workflow/task/return,old-code-pc/src/api/workflow/task.js,33,
frontend_api,流程审批,业务操作,/workflow/task/reject,old-code-pc/src/api/workflow/task.js,42,
frontend_api,流程审批,业务操作,/workflow/task/claim,old-code-pc/src/api/workflow/task.js,51,
frontend_api,流程审批,查询/查看,/workflow/task/returnList,old-code-pc/src/api/workflow/task.js,60,
frontend_api,流程审批,业务操作,/workflow/task/designatedPerson,old-code-pc/src/api/workflow/task.js,69,
frontend_route,其他,业务操作,/redirect,old-code-admin/src/router/index.js,30,
frontend_route,其他,业务操作,/redirect/:path(.*),old-code-admin/src/router/index.js,35,
frontend_route,系统用户与权限,业务操作,/login,old-code-admin/src/router/index.js,41,
frontend_route,系统用户与权限,业务操作,/register,old-code-admin/src/router/index.js,46,
frontend_route,其他,业务操作,/:pathMatch(.*)*,old-code-admin/src/router/index.js,51,
frontend_route,其他,业务操作,/401,old-code-admin/src/router/index.js,56,
frontend_route,其他,业务操作,/evaluation,old-code-admin/src/router/index.js,62,
frontend_route,其他,业务操作,/index,old-code-admin/src/router/index.js,72,
frontend_route,系统用户与权限,业务操作,/user,old-code-admin/src/router/index.js,80,
frontend_route,文件,业务操作,profile/:activeTab?,old-code-admin/src/router/index.js,86,
frontend_route,流程审批,业务操作,/workflow/process,old-code-admin/src/router/index.js,94,
frontend_route,其他,业务操作,start/:deployId([\\w|\\-]+),old-code-admin/src/router/index.js,99,
frontend_route,其他,查询/查看,detail/:procInsId([\\w|\\-]+),old-code-admin/src/router/index.js,105,
frontend_route,流程审批,业务操作,/wentiflow/process,old-code-admin/src/router/index.js,113,
frontend_route,其他,业务操作,start/:deployId([\\w|\\-]+),old-code-admin/src/router/index.js,118,
frontend_route,其他,查询/查看,detail/:procInsId([\\w|\\-]+),old-code-admin/src/router/index.js,124,
frontend_route,系统用户与权限,业务操作,/system/user-auth,old-code-admin/src/router/index.js,136,
frontend_route,系统用户与权限,业务操作,role/:userId(\\d+),old-code-admin/src/router/index.js,142,
frontend_route,系统用户与权限,业务操作,/system/role-auth,old-code-admin/src/router/index.js,150,
frontend_route,系统用户与权限,业务操作,user/:roleId(\\d+),old-code-admin/src/router/index.js,156,
frontend_route,系统用户与权限,业务操作,/system/dict-data,old-code-admin/src/router/index.js,164,
frontend_route,系统用户与权限,业务操作,index/:dictId(\\d+),old-code-admin/src/router/index.js,170,
frontend_route,评审评分,业务操作,/tournament/score-data,old-code-admin/src/router/index.js,178,
frontend_route,其他,查询/查看,Selectevent,old-code-admin/src/router/index.js,184,
frontend_route,其他,查询/查看,/review/object-detail,old-code-admin/src/router/index.js,192,
frontend_route,其他,业务操作,index/:id(\\d+),old-code-admin/src/router/index.js,198,
frontend_route,其他,查询/查看,/review/my-submission-detail,old-code-admin/src/router/index.js,206,
frontend_route,其他,业务操作,index/:id(\\d+),old-code-admin/src/router/index.js,212,
frontend_route,评审任务,业务操作,/review/secretary/session,old-code-admin/src/router/index.js,220,
frontend_route,其他,业务操作,index/:sessionId(\\d+),old-code-admin/src/router/index.js,226,
frontend_route,其他,业务操作,:sessionId(\\d+),old-code-admin/src/router/index.js,232,
frontend_route,评审评分,业务操作,/tournament/score-prize,old-code-admin/src/router/index.js,240,
frontend_route,其他,业务操作,prizes,old-code-admin/src/router/index.js,246,
frontend_route,其他,业务操作,/monitor/job-log,old-code-admin/src/router/index.js,254,
frontend_route,其他,业务操作,index/:jobId(\\d+),old-code-admin/src/router/index.js,260,
frontend_route,其他,修改/状态变更,/tool/gen-edit,old-code-admin/src/router/index.js,269,
frontend_route,其他,业务操作,index/:tableId(\\d+),old-code-admin/src/router/index.js,275,
frontend_route,现场证件,业务操作,/certManage/certIssue,old-code-admin/src/router/index.js,283,
frontend_route,现场证件,业务操作,index/:certConfigId(\\d+),old-code-admin/src/router/index.js,289,
frontend_route,现场证件,查询/查看,select/:certConfigId(\\d+),old-code-admin/src/router/index.js,296,
frontend_route,现场证件,业务操作,/certManage/actionInterconnectConfig,old-code-admin/src/router/index.js,305,
frontend_route,其他,业务操作,index,old-code-admin/src/router/index.js,311,
frontend_route,内容管理,查询/查看,pages/index/index,old-code-mini/pages.json,3,
frontend_route,系统用户与权限,查询/查看,pages/login,old-code-mini/pages.json,8,
frontend_route,内容管理,查询/查看,pages/match/index,old-code-mini/pages.json,14,
frontend_route,内容管理,扫码/确认、查询/查看,pages/scan/index,old-code-mini/pages.json,19,
frontend_route,内容管理,扫码/确认、查询/查看,pages/scan/result,old-code-mini/pages.json,25,
frontend_route,内容管理,扫码/确认、查询/查看,pages/scan/rule,old-code-mini/pages.json,30,
frontend_route,内容管理,扫码/确认、查询/查看,pages/scan/query,old-code-mini/pages.json,35,
frontend_route,内容管理,查询/查看,pages/news/index,old-code-mini/pages.json,40,
frontend_route,内容管理,查询/查看,pages/mine/index,old-code-mini/pages.json,45,
frontend_route,内容管理,查询/查看,pages/scene-resource/index,old-code-mini/pages.json,50,
frontend_route,内容管理,查询/查看,pages/my-credential/index,old-code-mini/pages.json,55,
frontend_route,内容管理,查询/查看,pages/review-secretary/index,old-code-mini/pages.json,60,
frontend_route,内容管理,查询/查看,pages/agreement/index,old-code-mini/pages.json,66,
frontend_route,内容管理,查询/查看,pages/notice/detail,old-code-mini/pages.json,71,
frontend_route,系统用户与权限,业务操作,/login,old-code-pc/src/router/index.js,7,
frontend_route,系统用户与权限,业务操作,/register,old-code-pc/src/router/index.js,23,
frontend_route,其他,业务操作,/password,old-code-pc/src/router/index.js,37,
frontend_route,流程审批,业务操作,/workflow/process,old-code-pc/src/router/index.js,49,
frontend_route,其他,业务操作,start/:deployId([\\w|\\-]+),old-code-pc/src/router/index.js,54,
frontend_route,其他,查询/查看,detail/:procInsId([\\w|\\-]+),old-code-pc/src/router/index.js,64,
frontend_route,其他,业务操作,category,old-code-pc/src/router/index.js,70,
frontend_route,其他,业务操作,/404,old-code-pc/src/router/index.js,80,
frontend_route,其他,业务操作,/:pathMatch(.*)*,old-code-pc/src/router/index.js,105,
frontend_route,其他,业务操作,/,old-code-pc/src/router/webGroups.js,4,
frontend_route,其他,业务操作,home,old-code-pc/src/router/webGroups.js,12,
frontend_route,其他,业务操作,event,old-code-pc/src/router/webGroups.js,18,
frontend_route,其他,业务操作,browse,old-code-pc/src/router/webGroups.js,24,
frontend_route,其他,查询/查看,detail,old-code-pc/src/router/webGroups.js,30,
frontend_route,报名与团队,业务操作,team,old-code-pc/src/router/webGroups.js,40,
frontend_route,报名与团队,业务操作,apply,old-code-pc/src/router/webGroups.js,46,
frontend_route,报名与团队,业务操作,teacherApply,old-code-pc/src/router/webGroups.js,52,
frontend_route,其他,业务操作,shopping,old-code-pc/src/router/webGroups.js,64,
frontend_route,支付,支付/退款,order,old-code-pc/src/router/webGroups.js,70,
frontend_route,其他,业务操作,learn,old-code-pc/src/router/webGroups.js,82,
frontend_route,其他,查询/查看,information,old-code-pc/src/router/webGroups.js,88,
frontend_route,其他,查询/查看,detail,old-code-pc/src/router/webGroups.js,99,
frontend_route,其他,业务操作,personal,old-code-pc/src/router/webGroups.js,107,
frontend_route,其他,查询/查看,list,old-code-pc/src/router/webGroups.js,113,
frontend_route,报名与团队,查询/查看,TeamDetails,old-code-pc/src/router/webGroups.js,119,
frontend_route,其他,业务操作,accountmanagement,old-code-pc/src/router/webGroups.js,126,
frontend_route,支付,支付/退款,paymentrecords,old-code-pc/src/router/webGroups.js,132,
frontend_route,支付,支付/退款,payment,old-code-pc/src/router/webGroups.js,143,
frontend_route,支付,支付/退款、查询/查看,OrderDetails,old-code-pc/src/router/webGroups.js,150,
frontend_route,支付,业务操作,invoiceIssuance,old-code-pc/src/router/webGroups.js,157,
frontend_route,支付,业务操作,invoice-preparation,old-code-pc/src/router/webGroups.js,164,
frontend_route,其他,业务操作,feedback,old-code-pc/src/router/webGroups.js,175,
frontend_route,其他,业务操作,qa,old-code-pc/src/router/webGroups.js,181,
frontend_route,其他,业务操作,customize,old-code-pc/src/router/webGroups.js,187,
frontend_route,其他,业务操作,site,old-code-pc/src/router/webGroups.js,193,
frontend_route,其他,查询/查看,list,old-code-pc/src/router/webGroups.js,198,
frontend_route,其他,查询/查看,detail,old-code-pc/src/router/webGroups.js,203,
frontend_route,现场证件,业务操作,certInterconnect,old-code-pc/src/router/webGroups.js,210,
frontend_route,其他,业务操作,description,old-code-pc/src/router/webGroups.js,222,
frontend_route,其他,查询/查看,details/:ruleId(\\d+),old-code-pc/src/router/webGroups.js,228,
frontend_route,现场证件,业务操作,myCert,old-code-pc/src/router/webGroups.js,234,
frontend_route,其他,业务操作,inquiry,old-code-pc/src/router/webGroups.js,240,
frontend_route,其他,业务操作,exam,old-code-pc/src/router/webGroups.js,248,
frontend_route,其他,业务操作,awardPublicity,old-code-pc/src/router/webGroups.js,254,
frontend_route,其他,业务操作,promotion,old-code-pc/src/router/webGroups.js,260,
table,现场证件,competition_scene_schedule,competition_scene_schedule,db/competition_scene_credential_resource_merged_20260705.sql,27,
table,赛场安排,competition_scene_schedule_target,competition_scene_schedule_target,db/competition_scene_credential_resource_merged_20260705.sql,70,
table,现场证件,competition_scene_credential,competition_scene_credential,db/competition_scene_credential_resource_merged_20260705.sql,124,
table,现场证件,competition_scene_operation_log,competition_scene_operation_log,db/competition_scene_credential_resource_merged_20260705.sql,223,
table,现场证件,competition_scene_resource,competition_scene_resource,db/competition_scene_credential_resource_merged_20260705.sql,291,
table,现场证件,competition_scene_schedule_resource,competition_scene_schedule_resource,db/competition_scene_credential_resource_merged_20260705.sql,323,
table,现场证件,competition_scene_resource_slot,competition_scene_resource_slot,db/competition_scene_credential_resource_merged_20260705.sql,356,
table,现场证件,competition_scene_resource_reservation,competition_scene_resource_reservation,db/competition_scene_credential_resource_merged_20260705.sql,384,
table,现场证件,competition_scene_subject_operation_state,competition_scene_subject_operation_state,db/competition_scene_credential_resource_merged_20260705.sql,495,
table,现场证件,competition_scene_credential_scope_grant,competition_scene_credential_scope_grant,db/competition_scene_credential_resource_merged_20260705.sql,587,
table,现场证件,competition_scene_schedule,competition_scene_schedule,db/migration/20260629_competition_scene_credential.sql,8,
table,赛场安排,competition_scene_schedule_target,competition_scene_schedule_target,db/migration/20260629_competition_scene_credential.sql,51,
table,现场证件,competition_scene_credential,competition_scene_credential,db/migration/20260629_competition_scene_credential.sql,105,
table,现场证件,competition_scene_operation_log,competition_scene_operation_log,db/migration/20260629_competition_scene_credential.sql,204,
table,其他,competition_scene_resource,competition_scene_resource,db/migration/20260701_competition_scene_resource_p1_001.sql,7,
table,其他,competition_scene_schedule_resource,competition_scene_schedule_resource,db/migration/20260701_competition_scene_resource_p1_001.sql,39,
table,资源时段,competition_scene_resource_slot,competition_scene_resource_slot,db/migration/20260701_competition_scene_resource_p1_001.sql,72,
table,资源预约,competition_scene_resource_reservation,competition_scene_resource_reservation,db/migration/20260701_competition_scene_resource_p1_001.sql,100,
table,现场证件,competition_scene_subject_operation_state,competition_scene_subject_operation_state,db/migration/20260702_competition_scene_credential_scope_p1.sql,41,
table,其他,review_activity,review_activity,db/migration/20260703_review_module_phase1.sql,6,
table,其他,review_round,review_round,db/migration/20260703_review_module_phase1.sql,35,
table,其他,review_rule,review_rule,db/migration/20260703_review_module_phase1.sql,57,
table,其他,review_criteria,review_criteria,db/migration/20260703_review_module_phase1.sql,77,
table,其他,review_object,review_object,db/migration/20260703_review_module_phase1.sql,101,
table,其他,review_object_member,review_object_member,db/migration/20260703_review_module_phase1.sql,141,
table,评审材料,review_object_material,review_object_material,db/migration/20260703_review_module_phase1.sql,171,
table,其他,review_submission_permission,review_submission_permission,db/migration/20260703_review_module_phase1.sql,197,
table,其他,review_object_external_ref,review_object_external_ref,db/migration/20260703_review_module_phase1.sql,221,
table,现场证件,review_object_certificate_ref,review_object_certificate_ref,db/migration/20260703_review_module_phase1.sql,244,
table,文件,reviewer_profile,reviewer_profile,db/migration/20260703_review_module_phase1.sql,274,
table,系统用户与权限,review_activity_user_role,review_activity_user_role,db/migration/20260703_review_module_phase1.sql,299,
table,其他,review_panel,review_panel,db/migration/20260703_review_module_phase1.sql,318,
table,其他,review_panel_member,review_panel_member,db/migration/20260703_review_module_phase1.sql,338,
table,其他,review_assignment,review_assignment,db/migration/20260703_review_module_phase1.sql,358,
table,其他,review_record,review_record,db/migration/20260703_review_module_phase1.sql,383,
table,评审评分,review_score_detail,review_score_detail,db/migration/20260703_review_module_phase1.sql,413,
table,其他,review_session,review_session,db/migration/20260703_review_module_phase1.sql,438,
table,其他,review_session_object,review_session_object,db/migration/20260703_review_module_phase1.sql,463,
table,其他,review_session_event_log,review_session_event_log,db/migration/20260703_review_module_phase1.sql,486,
table,其他,review_result,review_result,db/migration/20260703_review_module_phase1.sql,508,
table,其他,review_result_publish_log,review_result_publish_log,db/migration/20260703_review_module_phase1.sql,539,
table,其他,review_audit_log,review_audit_log,db/migration/20260703_review_module_phase1.sql,560,
table,其他,review_object_submit_log,review_object_submit_log,db/migration/20260703_review_module_phase4_submission.sql,6,
table,现场证件,competition_scene_credential_scope_grant,competition_scene_credential_scope_grant,db/migration/20260705_competition_scene_credential_scope_grant_pilot_p1.sql,7,
table,资源预约,competition_scene_resource_schedule_scope,competition_scene_resource_schedule_scope,db/migration/20260706_competition_scene_resource_reservation_scope_group_capacity.sql,8,
table,资源时段,competition_scene_resource_slot_group_scope,competition_scene_resource_slot_group_scope,db/migration/20260706_competition_scene_resource_reservation_scope_group_capacity.sql,26,
table,内容管理,competition_scene_notice,competition_scene_notice,db/migration/20260710_competition_scene_notice.sql,6,
table,内容管理,competition_scene_notice_schedule,competition_scene_notice_schedule,db/migration/20260710_competition_scene_notice.sql,39,
